n,dt_s,theta,lambda_real_s_inv,lambda_imag_rad_s,amplification_abs,amplification_phase_rad,discrete_decay_s_inv,continuous_decay_s_inv,discrete_frequency_rad_s,continuous_frequency_rad_s
20,15.0,0.5,-0.020334296892159168,0.0,0.7353470361673367,0.0,0.020494182210002702,0.020334296892159168,0.0,0.0
20,15.0,0.5,-0.001561260584738977,0.0,0.9768521400392487,0.0,0.0015613319461106633,0.001561260584738977,0.0,0.0
20,15.0,0.5,-0.010982892698753324,0.012874758035514,0.8491027538628012,0.19381927911464766,0.010905004713962378,0.010982892698753324,0.012921285274309845,0.012874758035514
20,15.0,0.5,-0.010982892698753324,-0.012874758035514,0.8491027538628012,-0.19381927911464766,0.010905004713962378,0.010982892698753324,-0.012921285274309845,-0.012874758035514
20,15.0,0.5,-0.010985795200348956,0.02585935128359389,0.8529024153032717,0.385594440096205,0.010607342652633444,0.010985795200348956,0.025706296006413668,0.02585935128359389
20,15.0,0.5,-0.010985795200348956,-0.02585935128359389,0.8529024153032717,-0.385594440096205,0.010607342652633444,0.010985795200348956,-0.025706296006413668,-0.02585935128359389
20,15.0,0.5,-0.010986594817258995,0.037519102564095234,0.8581865831345014,0.5518990977939793,0.010195582685004739,0.010986594817258995,0.03679327318626528,0.037519102564095234
20,15.0,0.5,-0.010986594817258995,-0.037519102564095234,0.8581865831345014,-0.5518990977939793,0.010195582685004739,0.010986594817258995,-0.03679327318626528,-0.037519102564095234
20,15.0,0.5,-0.010986926003487425,0.04862569413192003,0.8644932209617451,0.7032831600429426,0.009707454364045482,0.010986926003487425,0.046885544002862836,0.04862569413192003
20,15.0,0.5,-0.010986926003487425,-0.04862569413192003,0.8644932209617451,-0.7032831600429426,0.009707454364045482,0.010986926003487425,-0.046885544002862836,-0.04862569413192003
20,15.0,0.5,-0.010987096467864523,0.059291360142166925,0.8713730414976834,0.8410763476056566,0.009179006851863137,0.010987096467864523,0.056071756507043775,0.059291360142166925
20,15.0,0.5,-0.010987096467864523,-0.059291360142166925,0.8713730414976834,-0.8410763476056566,0.009179006851863137,0.010987096467864523,-0.056071756507043775,-0.059291360142166925
20,15.0,0.5,-0.010987197956110181,0.0695151863451052,0.8784316627895427,0.9655753694421112,0.008641144193046839,0.010987197956110181,0.06437169129614075,0.0695151863451052
20,15.0,0.5,-0.010987197956110181,-0.0695151863451052,0.8784316627895427,-0.9655753694421112,0.008641144193046839,0.010987197956110181,-0.06437169129614075,-0.0695151863451052
20,15.0,0.5,-0.011026877968395049,0.14350076124402514,0.9263140385912777,1.647377984226831,0.0051027978187509395,0.011026877968395049,0.1098251989484554,0.14350076124402514
20,15.0,0.5,-0.011026877968395049,-0.14350076124402514,0.9263140385912777,-1.647377984226831,0.0051027978187509395,0.011026877968395049,-0.1098251989484554,-0.14350076124402514
20,15.0,0.5,-0.010991876765002025,0.14261622294180637,0.9260689608239384,1.641212464019028,0.005120438358448302,0.010991876765002025,0.1094141642679352,0.14261622294180637
20,15.0,0.5,-0.010991876765002025,-0.14261622294180637,0.9260689608239384,-1.641212464019028,0.005120438358448302,0.010991876765002025,-0.1094141642679352,-0.14261622294180637
20,15.0,0.5,-0.010988984570555626,0.1408412717660904,0.9251361818407032,1.6287552722347771,0.0051876219129648755,0.010988984570555626,0.10858368481565181,0.1408412717660904
20,15.0,0.5,-0.010988984570555626,-0.1408412717660904,0.9251361818407032,-1.6287552722347771,0.0051876219129648755,0.010988984570555626,-0.10858368481565181,-0.1408412717660904
20,15.0,0.5,-0.010988174008791093,0.13819277471577082,0.9236986794215059,1.6098578645329917,0.005291291003084999,0.010988174008791093,0.10732385763553279,0.13819277471577082
20,15.0,0.5,-0.010988174008791093,-0.13819277471577082,0.9236986794215059,-1.6098578645329917,0.005291291003084999,0.010988174008791093,-0.10732385763553279,-0.13819277471577082
20,15.0,0.5,-0.01098783752292104,0.13468649026762267,0.9217481422044621,1.584254699704849,0.005432217158602759,0.01098783752292104,0.10561697998032327,0.13468649026762267
20,15.0,0.5,-0.01098783752292104,-0.13468649026762267,0.9217481422044621,-1.584254699704849,0.005432217158602759,0.01098783752292104,-0.10561697998032327,-0.13468649026762267
20,15.0,0.5,-0.010987664319082479,0.1303435268133187,0.9192632672862019,1.5515913469682,0.005612181745055455,0.010987664319082479,0.10343942313121332,0.1303435268133187
20,15.0,0.5,-0.010987664319082479,-0.1303435268133187,0.9192632672862019,-1.5515913469682,0.005612181745055455,0.010987664319082479,-0.10343942313121332,-0.1303435268133187
20,15.0,0.5,-0.01098756129793816,0.12518999413636325,0.9162182058021807,1.511421054199609,0.00583338178237824,0.01098756129793816,0.10076140361330727,0.12518999413636325
20,15.0,0.5,-0.01098756129793816,-0.12518999413636325,0.9162182058021807,-1.511421054199609,0.00583338178237824,0.01098756129793816,-0.10076140361330727,-0.12518999413636325
20,15.0,0.5,-0.010987492508449617,0.11925676040162958,0.9125862194640839,1.4632045143901842,0.006098180727012417,0.010987492508449617,0.09754696762601228,0.11925676040162958
20,15.0,0.5,-0.010987492508449617,-0.11925676040162958,0.9125862194640839,-1.4632045143901842,0.006098180727012417,0.010987492508449617,-0.09754696762601228,-0.11925676040162958
20,15.0,0.5,-0.01098726585701854,0.07926359960676663,0.8853572180969391,1.0771154120717366,0.008117605276378947,0.01098726585701854,0.07180769413811577,0.07926359960676663
20,15.0,0.5,-0.01098726585701854,-0.07926359960676663,0.8853572180969391,-1.0771154120717366,0.008117605276378947,0.01098726585701854,-0.07180769413811577,-0.07926359960676663
20,15.0,0.5,-0.01098744134100952,0.11257916304145923,0.9083440402800333,1.4063131704466871,0.0064088048772078,0.01098744134100952,0.09375421136311247,0.11257916304145923
20,15.0,0.5,-0.01098744134100952,-0.11257916304145923,0.9083440402800333,-1.4063131704466871,0.0064088048772078,0.01098744134100952,-0.09375421136311247,-0.11257916304145923
20,15.0,0.5,-0.010987316526691281,0.08849194145392733,0.891926049379977,1.1762292776738916,0.0076248036080943105,0.010987316526691281,0.07841528517825944,0.08849194145392733
20,15.0,0.5,-0.010987316526691281,-0.08849194145392733,0.891926049379977,-1.1762292776738916,0.0076248036080943105,0.010987316526691281,-0.07841528517825944,-0.08849194145392733
20,15.0,0.5,-0.010987398775508722,0.10519664001498989,0.9034781251459002,1.3400384518924238,0.006766892032105199,0.010987398775508722,0.08933589679282825,0.10519664001498989
20,15.0,0.5,-0.010987398775508722,-0.10519664001498989,0.9034781251459002,-1.3400384518924238,0.006766892032105199,0.010987398775508722,-0.08933589679282825,-0.10519664001498989
20,15.0,0.5,-0.01098735886715645,0.0971522409412672,0.8979935484437348,1.2636103302033064,0.00717282633778948,0.01098735886715645,0.08424068868022043,0.0971522409412672
20,15.0,0.5,-0.01098735886715645,-0.0971522409412672,0.8979935484437348,-1.2636103302033064,0.00717282633778948,0.01098735886715645,-0.08424068868022043,-0.0971522409412672
20,15.0,0.65,-0.020334296892159168,0.0,0.7454520659451033,0.0,0.019584296313659853,0.020334296892159168,0.0,0.0
20,15.0,0.65,-0.001561260584738977,0.0,0.9769322354467717,0.0,0.0015558659449440532,0.001561260584738977,0.0,0.0
20,15.0,0.65,-0.010982892698753324,0.012874758035514,0.8479449173906085,0.18451054756987242,0.010995973413817438,0.010982892698753324,0.012300703171324829,0.012874758035514
20,15.0,0.65,-0.010982892698753324,-0.012874758035514,0.8479449173906085,-0.18451054756987242,0.010995973413817438,0.010982892698753324,-0.012300703171324829,-0.012874758035514
20,15.0,0.65,-0.010985795200348956,0.02585935128359389,0.838475789226848,0.36700305216056595,0.011744638136351742,0.010985795200348956,0.02446687014403773,0.02585935128359389
20,15.0,0.65,-0.010985795200348956,-0.02585935128359389,0.838475789226848,-0.36700305216056595,0.011744638136351742,0.010985795200348956,-0.02446687014403773,-0.02585935128359389
20,15.0,0.65,-0.010986594817258995,0.037519102564095234,0.8256399731090794,0.5251888130685275,0.012773097892391314,0.010986594817258995,0.03501258753790183,0.037519102564095234
20,15.0,0.65,-0.010986594817258995,-0.037519102564095234,0.8256399731090794,-0.5251888130685275,0.012773097892391314,0.010986594817258995,-0.03501258753790183,-0.037519102564095234
20,15.0,0.65,-0.010986926003487425,0.04862569413192003,0.8106241790180254,0.6691624914690782,0.013996715779231434,0.010986926003487425,0.044610832764605216,0.04862569413192003
20,15.0,0.65,-0.010986926003487425,-0.04862569413192003,0.8106241790180254,-0.6691624914690782,0.013996715779231434,0.010986926003487425,-0.044610832764605216,-0.04862569413192003
20,15.0,0.65,-0.010987096467864523,0.059291360142166925,0.7945780747857906,0.8002631243892759,0.015329601916751876,0.010987096467864523,0.05335087495928506,0.059291360142166925
20,15.0,0.65,-0.010987096467864523,-0.059291360142166925,0.7945780747857906,-0.8002631243892759,0.015329601916751876,0.010987096467864523,-0.05335087495928506,-0.059291360142166925
20,15.0,0.65,-0.010987197956110181,0.0695151863451052,0.7784529925449869,0.9188419603149058,0.016696444774567998,0.010987197956110181,0.061256130687660386,0.0695151863451052
20,15.0,0.65,-0.010987197956110181,-0.0695151863451052,0.7784529925449869,-0.9188419603149058,0.016696444774567998,0.010987197956110181,-0.061256130687660386,-0.0695151863451052
20,15.0,0.65,-0.011026877968395049,0.14350076124402514,0.6760155372687588,1.5757579423476673,0.026102614605194734,0.011026877968395049,0.10505052948984449,0.14350076124402514
20,15.0,0.65,-0.011026877968395049,-0.14350076124402514,0.6760155372687588,-1.5757579423476673,0.026102614605194734,0.011026877968395049,-0.10505052948984449,-0.14350076124402514
20,15.0,0.65,-0.010991876765002025,0.14261622294180637,0.6771174751981777,1.569788247376755,0.025994033195694283,0.010991876765002025,0.104652549825117,0.14261622294180637
20,15.0,0.65,-0.010991876765002025,-0.14261622294180637,0.6771174751981777,-1.569788247376755,0.025994033195694283,0.010991876765002025,-0.104652549825117,-0.14261622294180637
20,15.0,0.65,-0.010988984570555626,0.1408412717660904,0.6790414747761813,1.5575905552997458,0.02580487140961882,0.010988984570555626,0.10383937035331639,0.1408412717660904
20,15.0,0.65,-0.010988984570555626,-0.1408412717660904,0.6790414747761813,-1.5575905552997458,0.02580487140961882,0.010988984570555626,-0.10383937035331639,-0.1408412717660904
20,15.0,0.65,-0.010988174008791093,0.13819277471577082,0.6819504665732609,1.5390994127062838,0.02551988356228744,0.010988174008791093,0.10260662751375225,0.13819277471577082
20,15.0,0.65,-0.010988174008791093,-0.13819277471577082,0.6819504665732609,-1.5390994127062838,0.02551988356228744,0.010988174008791093,-0.10260662751375225,-0.13819277471577082
20,15.0,0.65,-0.01098783752292104,0.13468649026762267,0.6858990599405558,1.5140829175884056,0.025134987001775536,0.01098783752292104,0.10093886117256037,0.13468649026762267
20,15.0,0.65,-0.01098783752292104,-0.13468649026762267,0.6858990599405558,-1.5140829175884056,0.025134987001775536,0.01098783752292104,-0.10093886117256037,-0.13468649026762267
20,15.0,0.65,-0.010987664319082479,0.1303435268133187,0.6909498359412087,1.4822284322574955,0.024645870278141753,0.010987664319082479,0.09881522881716637,0.1303435268133187
20,15.0,0.65,-0.010987664319082479,-0.1303435268133187,0.6909498359412087,-1.4822284322574955,0.024645870278141753,0.010987664319082479,-0.09881522881716637,-0.1303435268133187
20,15.0,0.65,-0.01098756129793816,0.12518999413636325,0.6971762641355477,1.443141918466932,0.02404780069812089,0.01098756129793816,0.0962094612311288,0.12518999413636325
20,15.0,0.65,-0.01098756129793816,-0.12518999413636325,0.6971762641355477,-1.443141918466932,0.02404780069812089,0.01098756129793816,-0.0962094612311288,-0.12518999413636325
20,15.0,0.65,-0.010987492508449617,0.11925676040162958,0.7046593669329656,1.396348109816998,0.02333605069359026,0.010987492508449617,0.09308987398779987,0.11925676040162958
20,15.0,0.65,-0.010987492508449617,-0.11925676040162958,0.7046593669329656,-1.396348109816998,0.02333605069359026,0.010987492508449617,-0.09308987398779987,-0.11925676040162958
20,15.0,0.65,-0.01098726585701854,0.07926359960676663,0.7629449580477761,1.0252630976919743,0.01803795927749945,0.01098726585701854,0.06835087317946495,0.07926359960676663
20,15.0,0.65,-0.01098726585701854,-0.07926359960676663,0.7629449580477761,-1.0252630976919743,0.01803795927749945,0.01098726585701854,-0.06835087317946495,-0.07926359960676663
20,15.0,0.65,-0.01098744134100952,0.11257916304145923,0.7134807863595527,1.3412931527801524,0.022506651409736445,0.01098744134100952,0.08941954351867683,0.11257916304145923
20,15.0,0.65,-0.01098744134100952,-0.11257916304145923,0.7134807863595527,-1.3412931527801524,0.022506651409736445,0.01098744134100952,-0.08941954351867683,-0.11257916304145923
20,15.0,0.65,-0.010987316526691281,0.08849194145392733,0.7485063323048473,1.1200477093070627,0.019311707677674907,0.010987316526691281,0.0746698472871375,0.08849194145392733
20,15.0,0.65,-0.010987316526691281,-0.08849194145392733,0.7485063323048473,-1.1200477093070627,0.019311707677674907,0.010987316526691281,-0.0746698472871375,-0.08849194145392733
20,15.0,0.65,-0.010987398775508722,0.10519664001498989,0.7237111132477511,1.2773517357023263,0.021557532071680093,0.010987398775508722,0.08515678238015509,0.10519664001498989
20,15.0,0.65,-0.010987398775508722,-0.10519664001498989,0.7237111132477511,-1.2773517357023263,0.021557532071680093,0.010987398775508722,-0.08515678238015509,-0.10519664001498989
20,15.0,0.65,-0.01098735886715645,0.0971522409412672,0.7353915081289345,1.203841434066608,0.020490150497565085,0.01098735886715645,0.08025609560444052,0.0971522409412672
20,15.0,0.65,-0.01098735886715645,-0.0971522409412672,0.7353915081289345,-1.203841434066608,0.020490150497565085,0.01098735886715645,-0.08025609560444052,-0.0971522409412672
20,15.0,1.0,-0.020334296892159168,0.0,0.7662750381102377,0.0,0.017747607740141853,0.020334296892159168,0.0,0.0
20,15.0,1.0,-0.001561260584738977,0.0,0.9771169864359788,0.0,0.0015432595760639066,0.001561260584738977,0.0,0.0
20,15.0,1.0,-0.010982892698753324,0.012874758035514,0.8469945256304793,0.16431109509384592,0.011070736506477129,0.010982892698753324,0.010954073006256395,0.012874758035514
20,15.0,1.0,-0.010982892698753324,-0.012874758035514,0.8469945256304793,-0.16431109509384592,0.011070736506477129,0.010982892698753324,-0.010954073006256395,-0.012874758035514
20,15.0,1.0,-0.010985795200348956,0.02585935128359389,0.8145474071854357,0.3214630613423691,0.013674843240009477,0.010985795200348956,0.021430870756157943,0.02585935128359389
20,15.0,1.0,-0.010985795200348956,-0.02585935128359389,0.8145474071854357,-0.3214630613423691,0.013674843240009477,0.010985795200348956,-0.021430870756157943,-0.02585935128359389
20,15.0,1.0,-0.010986594817258995,0.037519102564095234,0.7730170265331123,0.450086672561597,0.01716361360496056,0.010986594817258995,0.030005778170773136,0.037519102564095234
20,15.0,1.0,-0.010986594817258995,-0.037519102564095234,0.7730170265331123,-0.450086672561597,0.01716361360496056,0.010986594817258995,-0.030005778170773136,-0.037519102564095234
20,15.0,1.0,-0.010986926003487425,0.04862569413192003,0.7276295468281391,0.55945265411982,0.021197548303190854,0.010986926003487425,0.037296843607988,0.04862569413192003
20,15.0,1.0,-0.010986926003487425,-0.04862569413192003,0.7276295468281391,-0.55945265411982,0.021197548303190854,0.010986926003487425,-0.037296843607988,-0.04862569413192003
20,15.0,1.0,-0.010987096467864523,0.059291360142166925,0.6823508782449377,0.6521073337518783,0.025480751280679764,0.010987096467864523,0.04347382225012522,0.059291360142166925
20,15.0,1.0,-0.010987096467864523,-0.059291360142166925,0.6823508782449377,-0.6521073337518783,0.025480751280679764,0.010987096467864523,-0.04347382225012522,-0.059291360142166925
20,15.0,1.0,-0.010987197956110181,0.0695151863451052,0.6396526001301925,0.7301528745508292,0.02978867082006149,0.010987197956110181,0.048676858303388616,0.0695151863451052
20,15.0,1.0,-0.010987197956110181,-0.0695151863451052,0.6396526001301925,-0.7301528745508292,0.02978867082006149,0.010987197956110181,-0.048676858303388616,-0.0695151863451052
20,15.0,1.0,-0.011026877968395049,0.14350076124402514,0.4085387982800998,1.074567740038046,0.059677892784152343,0.011026877968395049,0.07163784933586974,0.14350076124402514
20,15.0,1.0,-0.011026877968395049,-0.14350076124402514,0.4085387982800998,-1.074567740038046,0.059677892784152343,0.011026877968395049,-0.07163784933586974,-0.14350076124402514
20,15.0,1.0,-0.010991876765002025,0.14261622294180637,0.41053645635122,1.0721638816332,0.05935270296050745,0.010991876765002025,0.07147759210888,0.14261622294180637
20,15.0,1.0,-0.010991876765002025,-0.14261622294180637,0.41053645635122,-1.0721638816332,0.05935270296050745,0.010991876765002025,-0.07147759210888,-0.14261622294180637
20,15.0,1.0,-0.010988984570555626,0.1408412717660904,0.4145133574973508,1.0669019051964865,0.058710005290628774,0.010988984570555626,0.07112679367976577,0.1408412717660904
20,15.0,1.0,-0.010988984570555626,-0.1408412717660904,0.4145133574973508,-1.0669019051964865,0.058710005290628774,0.010988984570555626,-0.07112679367976577,-0.1408412717660904
20,15.0,1.0,-0.010988174008791093,0.13819277471577082,0.42056579761686813,1.0588390077487864,0.05774362247312683,0.010988174008791093,0.07058926718325242,0.13819277471577082
20,15.0,1.0,-0.010988174008791093,-0.13819277471577082,0.42056579761686813,-1.0588390077487864,0.05774362247312683,0.010988174008791093,-0.07058926718325242,-0.13819277471577082
20,15.0,1.0,-0.01098783752292104,0.13468649026762267,0.42880947436374844,1.0477923429095304,0.05644950496032835,0.01098783752292104,0.06985282286063536,0.13468649026762267
20,15.0,1.0,-0.01098783752292104,-0.13468649026762267,0.42880947436374844,-1.0477923429095304,0.05644950496032835,0.01098783752292104,-0.06985282286063536,-0.13468649026762267
20,15.0,1.0,-0.010987664319082479,0.1303435268133187,0.4393995123064562,1.0334953717745579,0.054823081929344784,0.010987664319082479,0.06889969145163719,0.1303435268133187
20,15.0,1.0,-0.010987664319082479,-0.1303435268133187,0.4393995123064562,-1.0334953717745579,0.054823081929344784,0.010987664319082479,-0.06889969145163719,-0.1303435268133187
20,15.0,1.0,-0.01098756129793816,0.12518999413636325,0.4525345266167532,1.015590419918634,0.05285941445583484,0.01098756129793816,0.0677060279945756,0.12518999413636325
20,15.0,1.0,-0.01098756129793816,-0.12518999413636325,0.4525345266167532,-1.015590419918634,0.05285941445583484,0.01098756129793816,-0.0677060279945756,-0.12518999413636325
20,15.0,1.0,-0.010987492508449617,0.11925676040162958,0.4684584749604818,0.9936123906205883,0.0505538543502892,0.010987492508449617,0.06624082604137255,0.11925676040162958
20,15.0,1.0,-0.010987492508449617,-0.11925676040162958,0.4684584749604818,-0.9936123906205883,0.0505538543502892,0.010987492508449617,-0.06624082604137255,-0.11925676040162958
20,15.0,1.0,-0.01098726585701854,0.07926359960676663,0.6007993039305628,0.7956558484654359,0.033966289140256706,0.01098726585701854,0.05304372323102906,0.07926359960676663
20,15.0,1.0,-0.01098726585701854,-0.07926359960676663,0.6007993039305628,-0.7956558484654359,0.033966289140256706,0.01098726585701854,-0.05304372323102906,-0.07926359960676663
20,15.0,1.0,-0.01098744134100952,0.11257916304145923,0.4874598403551726,0.966966901829857,0.04790315804641145,0.01098744134100952,0.06446446012199046,0.11257916304145923
20,15.0,1.0,-0.01098744134100952,-0.11257916304145923,0.4874598403551726,-0.966966901829857,0.04790315804641145,0.01098744134100952,-0.06446446012199046,-0.11257916304145923
20,15.0,1.0,-0.010987316526691281,0.08849194145392733,0.5662549487170447,0.8505374378522838,0.0379140575177955,0.010987316526691281,0.05670249585681892,0.08849194145392733
20,15.0,1.0,-0.010987316526691281,-0.08849194145392733,0.5662549487170447,-0.8505374378522838,0.0379140575177955,0.010987316526691281,-0.05670249585681892,-0.08849194145392733
20,15.0,1.0,-0.010987398775508722,0.10519664001498989,0.5098651183552643,0.9349029759854102,0.044907270803755964,0.010987398775508722,0.06232686506569401,0.10519664001498989
20,15.0,1.0,-0.010987398775508722,-0.10519664001498989,0.5098651183552643,-0.9349029759854102,0.044907270803755964,0.010987398775508722,-0.06232686506569401,-0.10519664001498989
20,15.0,1.0,-0.01098735886715645,0.0971522409412672,0.5360209373837634,0.8964808563578907,0.04157213709274036,0.01098735886715645,0.05976539042385938,0.0971522409412672
20,15.0,1.0,-0.01098735886715645,-0.0971522409412672,0.5360209373837634,-0.8964808563578907,0.04157213709274036,0.01098735886715645,-0.05976539042385938,-0.0971522409412672
20,60.0,0.5,-0.020334296892159168,0.0,0.24221372150320009,0.0,0.023632246597710245,0.020334296892159168,0.0,0.0
20,60.0,0.5,-0.001561260584738977,0.0,0.9105156180694005,0.0,0.0015624037778807895,0.001561260584738977,0.0,0.0
20,60.0,0.5,-0.010982892698753324,0.012874758035514,0.5589222029151623,0.8053530425001473,0.0096957497899892,0.010982892698753324,0.013422550708335788,0.012874758035514
20,60.0,0.5,-0.010982892698753324,-0.012874758035514,0.5589222029151623,-0.8053530425001473,0.0096957497899892,0.010982892698753324,-0.013422550708335788,-0.012874758035514
20,60.0,0.5,-0.010985795200348956,0.02585935128359389,0.6660809241312869,1.3863027974148037,0.006772401801976268,0.010985795200348956,0.02310504662358006,0.02585935128359389
20,60.0,0.5,-0.010985795200348956,-0.02585935128359389,0.6660809241312869,-1.3863027974148037,0.006772401801976268,0.010985795200348956,-0.02310504662358006,-0.02585935128359389
20,60.0,0.5,-0.010986594817258995,0.037519102564095234,0.75204234162791,1.736099933160636,0.004749377521018685,0.010986594817258995,0.028934998886010598,0.037519102564095234
20,60.0,0.5,-0.010986594817258995,-0.037519102564095234,0.75204234162791,-1.736099933160636,0.004749377521018685,0.010986594817258995,-0.028934998886010598,-0.037519102564095234
20,60.0,0.5,-0.010986926003487425,0.04862569413192003,0.8133770898455045,1.9717080781286471,0.003442674196995643,0.010986926003487425,0.03286180130214412,0.04862569413192003
20,60.0,0.5,-0.010986926003487425,-0.04862569413192003,0.8133770898455045,-1.9717080781286471,0.003442674196995643,0.010986926003487425,-0.03286180130214412,-0.04862569413192003
20,60.0,0.5,-0.010987096467864523,0.059291360142166925,0.855957143073772,2.1392665838729705,0.0025922495099394483,0.010987096467864523,0.035654443064549506,0.059291360142166925
20,60.0,0.5,-0.010987096467864523,-0.059291360142166925,0.855957143073772,-2.1392665838729705,0.0025922495099394483,0.010987096467864523,-0.035654443064549506,-0.059291360142166925
20,60.0,0.5,-0.010987197956110181,0.0695151863451052,0.8856970216852958,2.2629840353064012,0.0020230058139977625,0.010987197956110181,0.03771640058844002,0.0695151863451052
20,60.0,0.5,-0.010987197956110181,-0.0695151863451052,0.8856970216852958,-2.2629840353064012,0.0020230058139977625,0.010987197956110181,-0.03771640058844002,-0.0695151863451052
20,60.0,0.5,-0.011026877968395049,0.14350076124402514,0.9668661664750772,2.687571349374542,0.0005615865642795319,0.011026877968395049,0.04479285582290903,0.14350076124402514
20,60.0,0.5,-0.011026877968395049,-0.14350076124402514,0.9668661664750772,-2.687571349374542,0.0005615865642795319,0.011026877968395049,-0.04479285582290903,-0.14350076124402514
20,60.0,0.5,-0.010991876765002025,0.14261622294180637,0.966587232520851,2.684865261332185,0.0005663954717730042,0.010991876765002025,0.04474775435553642,0.14261622294180637
20,60.0,0.5,-0.010991876765002025,-0.14261622294180637,0.966587232520851,-2.684865261332185,0.0005663954717730042,0.010991876765002025,-0.04474775435553642,-0.14261622294180637
20,60.0,0.5,-0.010988984570555626,0.1408412717660904,0.9658112346584882,2.679369693214646,0.0005797812186786462,0.010988984570555626,0.044656161553577434,0.1408412717660904
20,60.0,0.5,-0.010988984570555626,-0.1408412717660904,0.9658112346584882,-2.679369693214646,0.0005797812186786462,0.010988984570555626,-0.044656161553577434,-0.1408412717660904
20,60.0,0.5,-0.010988174008791093,0.13819277471577082,0.9645921384425603,2.670926552064969,0.0006008320241732037,0.010988174008791093,0.04451544253441615,0.13819277471577082
20,60.0,0.5,-0.010988174008791093,-0.13819277471577082,0.9645921384425603,-2.670926552064969,0.0006008320241732037,0.010988174008791093,-0.04451544253441615,-0.13819277471577082
20,60.0,0.5,-0.01098783752292104,0.13468649026762267,0.9628757198375375,2.6592748319879487,0.0006305155119566725,0.01098783752292104,0.044321247199799144,0.13468649026762267
20,60.0,0.5,-0.01098783752292104,-0.13468649026762267,0.9628757198375375,-2.6592748319879487,0.0006305155119566725,0.01098783752292104,-0.044321247199799144,-0.13468649026762267
20,60.0,0.5,-0.010987664319082479,0.1303435268133187,0.9605756495620318,2.644039066491724,0.0006703756544835315,0.010987664319082479,0.044067317774862065,0.1303435268133187
20,60.0,0.5,-0.010987664319082479,-0.1303435268133187,0.9605756495620318,-2.644039066491724,0.0006703756544835315,0.010987664319082479,-0.044067317774862065,-0.1303435268133187
20,60.0,0.5,-0.01098756129793816,0.12518999413636325,0.9575671992114418,2.6246983347061024,0.0007226563074318136,0.01098756129793816,0.0437449722451017,0.12518999413636325
20,60.0,0.5,-0.01098756129793816,-0.12518999413636325,0.9575671992114418,-2.6246983347061024,0.0007226563074318136,0.01098756129793816,-0.0437449722451017,-0.12518999413636325
20,60.0,0.5,-0.010987492508449617,0.11925676040162958,0.9536732138148811,2.6005411465804427,0.0007905701564357939,0.010987492508449617,0.043342352443007374,0.11925676040162958
20,60.0,0.5,-0.010987492508449617,-0.11925676040162958,0.9536732138148811,-2.6005411465804427,0.0007905701564357939,0.010987492508449617,-0.043342352443007374,-0.11925676040162958
20,60.0,0.5,-0.01098726585701854,0.07926359960676663,0.9068429621909919,2.3569591189314583,0.00162976639448172,0.01098726585701854,0.03928265198219097,0.07926359960676663
20,60.0,0.5,-0.01098726585701854,-0.07926359960676663,0.9068429621909919,-2.3569591189314583,0.00162976639448172,0.01098726585701854,-0.03928265198219097,-0.07926359960676663
20,60.0,0.5,-0.01098744134100952,0.11257916304145923,0.9486418101434478,2.5705980311026644,0.0008787331813180499,0.01098744134100952,0.04284330051837774,0.11257916304145923
20,60.0,0.5,-0.01098744134100952,-0.11257916304145923,0.9486418101434478,-2.5705980311026644,0.0008787331813180499,0.01098744134100952,-0.04284330051837774,-0.11257916304145923
20,60.0,0.5,-0.010987316526691281,0.08849194145392733,0.9221922720498161,2.429920790228558,0.0013500256525264603,0.010987316526691281,0.04049867983714263,0.08849194145392733
20,60.0,0.5,-0.010987316526691281,-0.08849194145392733,0.9221922720498161,-2.429920790228558,0.0013500256525264603,0.010987316526691281,-0.04049867983714263,-0.08849194145392733
20,60.0,0.5,-0.010987398775508722,0.10519664001498989,0.9421113980470239,2.533539473289911,0.0009938625741240724,0.010987398775508722,0.04222565788816519,0.10519664001498989
20,60.0,0.5,-0.010987398775508722,-0.10519664001498989,0.9421113980470239,-2.533539473289911,0.0009938625741240724,0.010987398775508722,-0.04222565788816519,-0.10519664001498989
20,60.0,0.5,-0.01098735886715645,0.0971522409412672,0.9335552230045285,2.4875183831563614,0.0011459193468158345,0.01098735886715645,0.04145863971927269,0.0971522409412672
20,60.0,0.5,-0.01098735886715645,-0.0971522409412672,0.9335552230045285,-2.4875183831563614,0.0011459193468158345,0.01098735886715645,-0.04145863971927269,-0.0971522409412672
20,60.0,0.65,-0.020334296892159168,0.0,0.31955814648903136,0.0,0.019013600493036083,0.020334296892159168,0.0,0.0
20,60.0,0.65,-0.001561260584738977,0.0,0.9117008275994871,0.0,0.0015407230439585108,0.001561260584738977,0.0,0.0
20,60.0,0.65,-0.010982892698753324,0.012874758035514,0.5386216615256211,0.6759869995673407,0.01031236468679352,0.010982892698753324,0.01126644999278901,0.012874758035514
20,60.0,0.65,-0.010982892698753324,-0.012874758035514,0.5386216615256211,-0.6759869995673407,0.01031236468679352,0.010982892698753324,-0.01126644999278901,-0.012874758035514
20,60.0,0.65,-0.010985795200348956,0.02585935128359389,0.5385246397646637,1.2294299410013605,0.010315367118964018,0.010985795200348956,0.020490499016689343,0.02585935128359389
20,60.0,0.65,-0.010985795200348956,-0.02585935128359389,0.5385246397646637,-1.2294299410013605,0.010315367118964018,0.010985795200348956,-0.020490499016689343,-0.02585935128359389
20,60.0,0.65,-0.010986594817258995,0.037519102564095234,0.5384962056925752,1.5947756587284105,0.010316247141302646,0.010986594817258995,0.026579594312140176,0.037519102564095234
20,60.0,0.65,-0.010986594817258995,-0.037519102564095234,0.5384962056925752,-1.5947756587284105,0.010316247141302646,0.010986594817258995,-0.026579594312140176,-0.037519102564095234
20,60.0,0.65,-0.010986926003487425,0.04862569413192003,0.5384837308017747,1.8503652190234336,0.010316633248489304,0.010986926003487425,0.030839420317057227,0.04862569413192003
20,60.0,0.65,-0.010986926003487425,-0.04862569413192003,0.5384837308017747,-1.8503652190234336,0.010316633248489304,0.010986926003487425,-0.030839420317057227,-0.04862569413192003
20,60.0,0.65,-0.010987096467864523,0.059291360142166925,0.5384770873824686,2.0347866481125694,0.010316838870928362,0.010987096467864523,0.03391311080187616,0.059291360142166925
20,60.0,0.65,-0.010987096467864523,-0.059291360142166925,0.5384770873824686,-2.0347866481125694,0.010316838870928362,0.010987096467864523,-0.03391311080187616,-0.059291360142166925
20,60.0,0.65,-0.010987197956110181,0.0695151863451052,0.5384731224275964,2.171666091385596,0.010316961592630076,0.010987197956110181,0.0361944348564266,0.0695151863451052
20,60.0,0.65,-0.010987197956110181,-0.0695151863451052,0.5384731224275964,-2.171666091385596,0.010316961592630076,0.010987197956110181,-0.0361944348564266,-0.0695151863451052
20,60.0,0.65,-0.011026877968395049,0.14350076124402514,0.5383934406970305,2.6417460789701197,0.010319428061347117,0.011026877968395049,0.04402910131616866,0.14350076124402514
20,60.0,0.65,-0.011026877968395049,-0.14350076124402514,0.5383934406970305,-2.6417460789701197,0.010319428061347117,0.011026877968395049,-0.04402910131616866,-0.14350076124402514
20,60.0,0.65,-0.010991876765002025,0.14261622294180637,0.5384563243546873,2.638774505969064,0.010317481529906707,0.010991876765002025,0.0439795750994844,0.14261622294180637
20,60.0,0.65,-0.010991876765002025,-0.14261622294180637,0.5384563243546873,-2.638774505969064,0.010317481529906707,0.010991876765002025,-0.0439795750994844,-0.14261622294180637
20,60.0,0.65,-0.010988984570555626,0.1408412717660904,0.5384615876704834,2.632706156212342,0.010317318616969785,0.010988984570555626,0.043878435936872365,0.1408412717660904
20,60.0,0.65,-0.010988984570555626,-0.1408412717660904,0.5384615876704834,-2.632706156212342,0.010317318616969785,0.010988984570555626,-0.043878435936872365,-0.1408412717660904
20,60.0,0.65,-0.010988174008791093,0.13819277471577082,0.538463153854492,2.623380146699891,0.010317270139920641,0.010988174008791093,0.04372300244499818,0.13819277471577082
20,60.0,0.65,-0.010988174008791093,-0.13819277471577082,0.538463153854492,-2.623380146699891,0.010317270139920641,0.010988174008791093,-0.04372300244499818,-0.13819277471577082
20,60.0,0.65,-0.01098783752292104,0.13468649026762267,0.5384639145101021,2.6105074798409413,0.010317246595905683,0.01098783752292104,0.04350845799734902,0.13468649026762267
20,60.0,0.65,-0.01098783752292104,-0.13468649026762267,0.5384639145101021,-2.6105074798409413,0.010317246595905683,0.01098783752292104,-0.04350845799734902,-0.13468649026762267
20,60.0,0.65,-0.010987664319082479,0.1303435268133187,0.5384644364296364,2.5936712767455545,0.010317230441332545,0.010987664319082479,0.04322785461242591,0.1303435268133187
20,60.0,0.65,-0.010987664319082479,-0.1303435268133187,0.5384644364296364,-2.5936712767455545,0.010317230441332545,0.010987664319082479,-0.04322785461242591,-0.1303435268133187
20,60.0,0.65,-0.01098756129793816,0.12518999413636325,0.5384648995885016,2.572292724070412,0.010317216105546227,0.01098756129793816,0.042871545401173536,0.12518999413636325
20,60.0,0.65,-0.01098756129793816,-0.12518999413636325,0.5384648995885016,-2.572292724070412,0.010317216105546227,0.01098756129793816,-0.042871545401173536,-0.12518999413636325
20,60.0,0.65,-0.010987492508449617,0.11925676040162958,0.538465387155966,2.5455808074007926,0.010317201014273362,0.010987492508449617,0.04242634679001321,0.11925676040162958
20,60.0,0.65,-0.010987492508449617,-0.11925676040162958,0.538465387155966,-2.5455808074007926,0.010317201014273362,0.010987492508449617,-0.04242634679001321,-0.11925676040162958
20,60.0,0.65,-0.01098726585701854,0.07926359960676663,0.5384705675488571,2.2758030584633167,0.010317040670696493,0.01098726585701854,0.03793005097438861,0.07926359960676663
20,60.0,0.65,-0.01098726585701854,-0.07926359960676663,0.5384705675488571,-2.2758030584633167,0.010317040670696493,0.01098726585701854,-0.03793005097438861,-0.07926359960676663
20,60.0,0.65,-0.01098744134100952,0.11257916304145923,0.538465956274697,2.512457144056455,0.010317183398828813,0.01098744134100952,0.04187428573427425,0.11257916304145923
20,60.0,0.65,-0.01098744134100952,-0.11257916304145923,0.538465956274697,-2.512457144056455,0.010317183398828813,0.01098744134100952,-0.04187428573427425,-0.11257916304145923
20,60.0,0.65,-0.010987316526691281,0.08849194145392733,0.5384688257376814,2.3566676641023108,0.010317094583082729,0.010987316526691281,0.03927779440170518,0.08849194145392733
20,60.0,0.65,-0.010987316526691281,-0.08849194145392733,0.5384688257376814,-2.3566676641023108,0.010317094583082729,0.010987316526691281,-0.03927779440170518,-0.08849194145392733
20,60.0,0.65,-0.010987398775508722,0.10519664001498989,0.5384666640251704,2.471442333175095,0.010317161492460668,0.010987398775508722,0.041190705552918254,0.10519664001498989
20,60.0,0.65,-0.010987398775508722,-0.10519664001498989,0.5384666640251704,-2.471442333175095,0.010317161492460668,0.010987398775508722,-0.041190705552918254,-0.10519664001498989
20,60.0,0.65,-0.01098735886715645,0.0971522409412672,0.5384675840001387,2.420481131304138,0.010317133017340357,0.01098735886715645,0.0403413521884023,0.0971522409412672
20,60.0,0.65,-0.01098735886715645,-0.0971522409412672,0.5384675840001387,-2.420481131304138,0.010317133017340357,0.01098735886715645,-0.0403413521884023,-0.0971522409412672
20,60.0,1.0,-0.020334296892159168,0.0,0.45043872006655267,0.0,0.013292220627925427,0.020334296892159168,0.0,0.0
20,60.0,1.0,-0.001561260584738977,0.0,0.9143478815114,0.0,0.0014924027599696004,0.001561260584738977,0.0,0.0
20,60.0,1.0,-0.010982892698753324,0.012874758035514,0.5464458765185245,0.43578427410289894,0.010072000213876912,0.010982892698753324,0.007263071235048315,0.012874758035514
20,60.0,1.0,-0.010982892698753324,-0.012874758035514,0.5464458765185245,-0.43578427410289894,0.010072000213876912,0.010982892698753324,-0.007263071235048315,-0.012874758035514
20,60.0,1.0,-0.010985795200348956,0.02585935128359389,0.44022063695296604,0.7519020097640667,0.013674653835538285,0.010985795200348956,0.012531700162734445,0.02585935128359389
20,60.0,1.0,-0.010985795200348956,-0.02585935128359389,0.44022063695296604,-0.7519020097640667,0.013674653835538285,0.010985795200348956,-0.012531700162734445,-0.02585935128359389
20,60.0,1.0,-0.010986594817258995,0.037519102564095234,0.35758579576896643,0.9356381994362152,0.017139665957928114,0.010986594817258995,0.015593969990603586,0.037519102564095234
20,60.0,1.0,-0.010986594817258995,-0.037519102564095234,0.35758579576896643,-0.9356381994362152,0.017139665957928114,0.010986594817258995,-0.015593969990603586,-0.037519102564095234
20,60.0,1.0,-0.010986926003487425,0.04862569413192003,0.2979432316756105,1.053707060435912,0.02018087180594302,0.010986926003487425,0.017561784340598532,0.04862569413192003
20,60.0,1.0,-0.010986926003487425,-0.04862569413192003,0.2979432316756105,-1.053707060435912,0.02018087180594302,0.010986926003487425,-0.017561784340598532,-0.04862569413192003
20,60.0,1.0,-0.010987096467864523,0.059291360142166925,0.2547516004280677,1.1343843889900802,0.022791105409189525,0.010987096467864523,0.018906406483168003,0.059291360142166925
20,60.0,1.0,-0.010987096467864523,-0.059291360142166925,0.2547516004280677,-1.1343843889900802,0.022791105409189525,0.010987096467864523,-0.018906406483168003,-0.059291360142166925
20,60.0,1.0,-0.010987197956110181,0.0695151863451052,0.22277544449278552,1.1921789532456575,0.02502651650385007,0.010987197956110181,0.019869649220760958,0.0695151863451052
20,60.0,1.0,-0.010987197956110181,-0.0695151863451052,0.22277544449278552,-1.1921789532456575,0.02502651650385007,0.010987197956110181,-0.019869649220760958,-0.0695151863451052
20,60.0,1.0,-0.011026877968395049,0.14350076124402514,0.11403921420089262,1.3801546309193087,0.036186881758638205,0.011026877968395049,0.02300257718198848,0.14350076124402514
20,60.0,1.0,-0.011026877968395049,-0.14350076124402514,0.11403921420089262,-1.3801546309193087,0.036186881758638205,0.011026877968395049,-0.02300257718198848,-0.14350076124402514
20,60.0,1.0,-0.010991876765002025,0.14261622294180637,0.11472615252932558,1.3792374420033437,0.036086787878908004,0.010991876765002025,0.02298729070005573,0.14261622294180637
20,60.0,1.0,-0.010991876765002025,-0.14261622294180637,0.11472615252932558,-1.3792374420033437,0.036086787878908004,0.010991876765002025,-0.02298729070005573,-0.14261622294180637
20,60.0,1.0,-0.010988984570555626,0.1408412717660904,0.11611907198556555,1.3769028002066184,0.03588565219524399,0.010988984570555626,0.02294838000344364,0.1408412717660904
20,60.0,1.0,-0.010988984570555626,-0.1408412717660904,0.11611907198556555,-1.3769028002066184,0.03588565219524399,0.010988984570555626,-0.02294838000344364,-0.1408412717660904
20,60.0,1.0,-0.010988174008791093,0.13819277471577082,0.11825973402665826,1.3732874541971647,0.03558119896079678,0.010988174008791093,0.02288812423661941,0.13819277471577082
20,60.0,1.0,-0.010988174008791093,-0.13819277471577082,0.11825973402665826,-1.3732874541971647,0.03558119896079678,0.010988174008791093,-0.02288812423661941,-0.13819277471577082
20,60.0,1.0,-0.01098783752292104,0.13468649026762267,0.1212154158715998,1.3682858530545232,0.03516976699625477,0.01098783752292104,0.022804764217575386,0.13468649026762267
20,60.0,1.0,-0.01098783752292104,-0.13468649026762267,0.1212154158715998,-1.3682858530545232,0.03516976699625477,0.01098783752292104,-0.022804764217575386,-0.13468649026762267
20,60.0,1.0,-0.010987664319082479,0.1303435268133187,0.1250829837188794,1.3617315067195142,0.034646298203214076,0.010987664319082479,0.022695525111991903,0.1303435268133187
20,60.0,1.0,-0.010987664319082479,-0.1303435268133187,0.1250829837188794,-1.3617315067195142,0.034646298203214076,0.010987664319082479,-0.022695525111991903,-0.1303435268133187
20,60.0,1.0,-0.01098756129793816,0.12518999413636325,0.1299970892824466,1.353389574297145,0.0340040536485374,0.01098756129793816,0.022556492904952416,0.12518999413636325
20,60.0,1.0,-0.01098756129793816,-0.12518999413636325,0.1299970892824466,-1.353389574297145,0.0340040536485374,0.01098756129793816,-0.022556492904952416,-0.12518999413636325
20,60.0,1.0,-0.010987492508449617,0.11925676040162958,0.13614210069703975,1.3429359548107291,0.0332342680110645,0.010987492508449617,0.022382265913512153,0.11925676040162958
20,60.0,1.0,-0.010987492508449617,-0.11925676040162958,0.13614210069703975,-1.3429359548107291,0.0332342680110645,0.010987492508449617,-0.022382265913512153,-0.11925676040162958
20,60.0,1.0,-0.01098726585701854,0.07926359960676663,0.19853290395269077,1.2351145909564216,0.026946673826770167,0.01098726585701854,0.020585243182607026,0.07926359960676663
20,60.0,1.0,-0.01098726585701854,-0.07926359960676663,0.19853290395269077,-1.2351145909564216,0.026946673826770167,0.01098726585701854,-0.020585243182607026,-0.07926359960676663
20,60.0,1.0,-0.01098744134100952,0.11257916304145923,0.14376998228478133,1.3299240236011114,0.032325676696113394,0.01098744134100952,0.022165400393351856,0.11257916304145923
20,60.0,1.0,-0.01098744134100952,-0.11257916304145923,0.14376998228478133,-1.3299240236011114,0.032325676696113394,0.01098744134100952,-0.022165400393351856,-0.11257916304145923
20,60.0,1.0,-0.010987316526691281,0.08849194145392733,0.17976763196104764,1.267908869321417,0.028601503260236492,0.010987316526691281,0.021131814488690285,0.08849194145392733
20,60.0,1.0,-0.010987316526691281,-0.08849194145392733,0.17976763196104764,-1.267908869321417,0.028601503260236492,0.010987316526691281,-0.021131814488690285,-0.08849194145392733
20,60.0,1.0,-0.010987398775508722,0.10519664001498989,0.1532274403040201,1.3137327685731335,0.03126386539097806,0.010987398775508722,0.02189554614288556,0.10519664001498989
20,60.0,1.0,-0.010987398775508722,-0.10519664001498989,0.1532274403040201,-1.3137327685731335,0.03126386539097806,0.010987398775508722,-0.02189554614288556,-0.10519664001498989
20,60.0,1.0,-0.01098735886715645,0.0971522409412672,0.16499787717177877,1.2934843327993109,0.030030377846498375,0.01098735886715645,0.021558072213321847,0.0971522409412672
20,60.0,1.0,-0.01098735886715645,-0.0971522409412672,0.16499787717177877,-1.2934843327993109,0.030030377846498375,0.01098735886715645,-0.021558072213321847,-0.0971522409412672
20,120.0,0.5,-0.020334296892159168,0.0,0.09912255986689467,3.141592653589793,0.0192616518004795,0.020334296892159168,0.02617993877991494,0.0
20,120.0,0.5,-0.001561260584738977,0.0,0.8286957630228,0.0,0.0015658515328334796,0.001561260584738977,0.0,0.0
20,120.0,0.5,-0.010982892698753324,0.012874758035514,0.46142585211774134,1.5908457807381626,0.006445282542344987,0.010982892698753324,0.013257048172818022,0.012874758035514
20,120.0,0.5,-0.010982892698753324,-0.012874758035514,0.46142585211774134,-1.5908457807381626,0.006445282542344987,0.010982892698753324,-0.013257048172818022,-0.012874758035514
20,120.0,0.5,-0.010985795200348956,0.02585935128359389,0.6993167820191101,2.1064499893327846,0.0029804287187412087,0.010985795200348956,0.017553749911106538,0.02585935128359389
20,120.0,0.5,-0.010985795200348956,-0.02585935128359389,0.6993167820191101,-2.1064499893327846,0.0029804287187412087,0.010985795200348956,-0.017553749911106538,-0.02585935128359389
20,120.0,0.5,-0.010986594817258995,0.037519102564095234,0.8141504245093165,2.3561840126115823,0.001713417777982588,0.010986594817258995,0.019634866771763185,0.037519102564095234
20,120.0,0.5,-0.010986594817258995,-0.037519102564095234,0.8141504245093165,-2.3561840126115823,0.001713417777982588,0.010986594817258995,-0.019634866771763185,-0.037519102564095234
20,120.0,0.5,-0.010986926003487425,0.04862569413192003,0.8751715788670691,2.508224952827842,0.0011111276809490562,0.010986926003487425,0.020901874606898685,0.04862569413192003
20,120.0,0.5,-0.010986926003487425,-0.04862569413192003,0.8751715788670691,-2.508224952827842,0.0011111276809490562,0.010986926003487425,-0.020901874606898685,-0.04862569413192003
20,120.0,0.5,-0.010987096467864523,0.059291360142166925,0.9104225736890875,2.6096812449894,0.0007820535047065154,0.010987096467864523,0.021747343708245,0.059291360142166925
20,120.0,0.5,-0.010987096467864523,-0.059291360142166925,0.9104225736890875,-2.6096812449894,0.0007820535047065154,0.010987096467864523,-0.021747343708245,-0.059291360142166925
20,120.0,0.5,-0.010987197956110181,0.0695151863451052,0.9322725952398803,2.6814552205638833,0.0005844168574894871,0.010987197956110181,0.022345460171365693,0.0695151863451052
20,120.0,0.5,-0.010987197956110181,-0.0695151863451052,0.9322725952398803,-2.6814552205638833,0.0005844168574894871,0.010987197956110181,-0.022345460171365693,-0.0695151863451052
20,120.0,0.5,-0.011026877968395049,0.14350076124402514,0.9826408606328629,2.9116697191331515,0.0001459297992856789,0.011026877968395049,0.024263914326109595,0.14350076124402514
20,120.0,0.5,-0.011026877968395049,-0.14350076124402514,0.9826408606328629,-2.9116697191331515,0.0001459297992856789,0.011026877968395049,-0.024263914326109595,-0.14350076124402514
20,120.0,0.5,-0.010991876765002025,0.14261622294180637,0.9824854923632901,2.9102641151643556,0.00014724751158493894,0.010991876765002025,0.024252200959702964,0.14261622294180637
20,120.0,0.5,-0.010991876765002025,-0.14261622294180637,0.9824854923632901,-2.9102641151643556,0.00014724751158493894,0.010991876765002025,-0.024252200959702964,-0.14261622294180637
20,120.0,0.5,-0.010988984570555626,0.1408412717660904,0.9820584708139585,2.907408313061896,0.0001508702484987872,0.010988984570555626,0.024228402608849134,0.1408412717660904
20,120.0,0.5,-0.010988984570555626,-0.1408412717660904,0.9820584708139585,-2.907408313061896,0.0001508702484987872,0.010988984570555626,-0.024228402608849134,-0.1408412717660904
20,120.0,0.5,-0.010988174008791093,0.13819277471577082,0.9813859235820274,2.9030157881121847,0.00015657915525599714,0.010988174008791093,0.024191798234268206,0.13819277471577082
20,120.0,0.5,-0.010988174008791093,-0.13819277471577082,0.9813859235820274,-2.9030157881121847,0.00015657915525599714,0.010988174008791093,-0.024191798234268206,-0.13819277471577082
20,120.0,0.5,-0.01098783752292104,0.13468649026762267,0.980435057463963,2.89694382174975,0.00016465724700264717,0.01098783752292104,0.02414119851458125,0.13468649026762267
20,120.0,0.5,-0.01098783752292104,-0.13468649026762267,0.980435057463963,-2.89694382174975,0.00016465724700264717,0.01098783752292104,-0.02414119851458125,-0.13468649026762267
20,120.0,0.5,-0.010987664319082479,0.1303435268133187,0.9791534776577075,2.8889858710730527,0.00017555732428932989,0.010987664319082479,0.024074882258942106,0.1303435268133187
20,120.0,0.5,-0.010987664319082479,-0.1303435268133187,0.9791534776577075,-2.8889858710730527,0.00017555732428932989,0.010987664319082479,-0.024074882258942106,-0.1303435268133187
20,120.0,0.5,-0.01098756129793816,0.12518999413636325,0.9774642944939339,2.8788530886203314,0.0001899459596807628,0.01098756129793816,0.02399044240516943,0.12518999413636325
20,120.0,0.5,-0.01098756129793816,-0.12518999413636325,0.9774642944939339,-2.8788530886203314,0.0001899459596807628,0.01098756129793816,-0.02399044240516943,-0.12518999413636325
20,120.0,0.5,-0.010987492508449617,0.11925676040162958,0.9752559173686428,2.8661468290243426,0.00020879469227928546,0.010987492508449617,0.02388455690853619,0.11925676040162958
20,120.0,0.5,-0.010987492508449617,-0.11925676040162958,0.9752559173686428,-2.8661468290243426,0.00020879469227928546,0.010987492508449617,-0.02388455690853619,-0.11925676040162958
20,120.0,0.5,-0.01098726585701854,0.07926359960676663,0.9466065877783972,2.734381094672605,0.00045726418436053766,0.01098726585701854,0.022786509122271707,0.07926359960676663
20,120.0,0.5,-0.01098726585701854,-0.07926359960676663,0.9466065877783972,-2.734381094672605,0.00045726418436053766,0.01098726585701854,-0.022786509122271707,-0.07926359960676663
20,120.0,0.5,-0.01098744134100952,0.11257916304145923,0.9723651617617498,2.850316572973277,0.00023353220206020426,0.01098744134100952,0.02375263810811064,0.11257916304145923
20,120.0,0.5,-0.01098744134100952,-0.11257916304145923,0.9723651617617498,-2.850316572973277,0.00023353220206020426,0.01098744134100952,-0.02375263810811064,-0.11257916304145923
20,120.0,0.5,-0.010987316526691281,0.08849194145392733,0.9564429268124046,2.7746138048695825,0.0003711180055132144,0.010987316526691281,0.023121781707246523,0.08849194145392733
20,120.0,0.5,-0.010987316526691281,-0.08849194145392733,0.9564429268124046,-2.7746138048695825,0.0003711180055132144,0.010987316526691281,-0.023121781707246523,-0.08849194145392733
20,120.0,0.5,-0.010987398775508722,0.10519664001498989,0.9685491078891165,2.8305942938788733,0.00026630076933989726,0.010987398775508722,0.023588285782323946,0.10519664001498989
20,120.0,0.5,-0.010987398775508722,-0.10519664001498989,0.9685491078891165,-2.8305942938788733,0.00026630076933989726,0.010987398775508722,-0.023588285782323946,-0.10519664001498989
20,120.0,0.5,-0.01098735886715645,0.0971522409412672,0.9634367879797485,2.8058892972675955,0.00031040333286162764,0.01098735886715645,0.023382410810563296,0.0971522409412672
20,120.0,0.5,-0.01098735886715645,-0.0971522409412672,0.9634367879797485,-2.8058892972675955,0.00031040333286162764,0.01098735886715645,-0.023382410810563296,-0.0971522409412672
20,120.0,0.65,-0.020334296892159168,0.0,0.05644056016741067,0.0,0.023954726891995834,0.020334296892159168,0.0,0.0
20,120.0,0.65,-0.001561260584738977,0.0,0.8329872614833598,0.0,0.0015228077439093865,0.001561260584738977,0.0,0.0
20,120.0,0.65,-0.010982892698753324,0.012874758035514,0.3616048887019604,1.283084133082746,0.008476692757626065,0.010982892698753324,0.01069236777568955,0.012874758035514
20,120.0,0.65,-0.010982892698753324,-0.012874758035514,0.3616048887019604,-1.283084133082746,0.008476692757626065,0.010982892698753324,-0.01069236777568955,-0.012874758035514
20,120.0,0.65,-0.010985795200348956,0.02585935128359389,0.4421864201056299,1.9371436477286725,0.006800197673978404,0.010985795200348956,0.016142863731072273,0.02585935128359389
20,120.0,0.65,-0.010985795200348956,-0.02585935128359389,0.4421864201056299,-1.9371436477286725,0.006800197673978404,0.010985795200348956,-0.016142863731072273,-0.02585935128359389
20,120.0,0.65,-0.010986594817258995,0.037519102564095234,0.4804762258769467,2.2468426750685215,0.006108146080661886,0.010986594817258995,0.018723688958904347,0.037519102564095234
20,120.0,0.65,-0.010986594817258995,-0.037519102564095234,0.4804762258769467,-2.2468426750685215,0.006108146080661886,0.010986594817258995,-0.018723688958904347,-0.037519102564095234
20,120.0,0.65,-0.010986926003487425,0.04862569413192003,0.5001404205503432,2.4284639606991894,0.005773886490731157,0.010986926003487425,0.020237199672493246,0.04862569413192003
20,120.0,0.65,-0.010986926003487425,-0.04862569413192003,0.5001404205503432,-2.4284639606991894,0.005773886490731157,0.010986926003487425,-0.020237199672493246,-0.04862569413192003
20,120.0,0.65,-0.010987096467864523,0.059291360142166925,0.5112352372763341,2.5467815007245154,0.00559104539820958,0.010987096467864523,0.021223179172704294,0.059291360142166925
20,120.0,0.65,-0.010987096467864523,-0.059291360142166925,0.5112352372763341,-2.5467815007245154,0.00559104539820958,0.010987096467864523,-0.021223179172704294,-0.059291360142166925
20,120.0,0.65,-0.010987197956110181,0.0695151863451052,0.5180075333298841,2.6292274931926127,0.005481379114337662,0.010987197956110181,0.02191022910993844,0.0695151863451052
20,120.0,0.65,-0.010987197956110181,-0.0695151863451052,0.5180075333298841,-2.6292274931926127,0.005481379114337662,0.010987197956110181,-0.02191022910993844,-0.0695151863451052
20,120.0,0.65,-0.011026877968395049,0.14350076124402514,0.5332800030993798,2.8880718695100827,0.005239238821756576,0.011026877968395049,0.02406726557925069,0.14350076124402514
20,120.0,0.65,-0.011026877968395049,-0.14350076124402514,0.5332800030993798,-2.8880718695100827,0.005239238821756576,0.011026877968395049,-0.02406726557925069,-0.14350076124402514
20,120.0,0.65,-0.010991876765002025,0.14261622294180637,0.5332498995345989,2.886516226063808,0.005239709250272997,0.010991876765002025,0.024054301883865068,0.14261622294180637
20,120.0,0.65,-0.010991876765002025,-0.14261622294180637,0.5332498995345989,-2.886516226063808,0.005239709250272997,0.010991876765002025,-0.024054301883865068,-0.14261622294180637
20,120.0,0.65,-0.010988984570555626,0.1408412717660904,0.5331235301678106,2.883345920018884,0.00524168431460256,0.010988984570555626,0.024027882666824034,0.1408412717660904
20,120.0,0.65,-0.010988984570555626,-0.1408412717660904,0.5331235301678106,-2.883345920018884,0.00524168431460256,0.010988984570555626,-0.024027882666824034,-0.1408412717660904
20,120.0,0.65,-0.010988174008791093,0.13819277471577082,0.5329226843018396,2.878467619070567,0.005244824357776754,0.010988174008791093,0.02398723015892139,0.13819277471577082
20,120.0,0.65,-0.010988174008791093,-0.13819277471577082,0.5329226843018396,-2.878467619070567,0.005244824357776754,0.010988174008791093,-0.02398723015892139,-0.13819277471577082
20,120.0,0.65,-0.01098783752292104,0.13468649026762267,0.5326382028252136,2.871720887269334,0.00524927399375129,0.01098783752292104,0.023931007393911116,0.13468649026762267
20,120.0,0.65,-0.01098783752292104,-0.13468649026762267,0.5326382028252136,-2.871720887269334,0.00524927399375129,0.01098783752292104,-0.023931007393911116,-0.13468649026762267
20,120.0,0.65,-0.010987664319082479,0.1303435268133187,0.5322543846252854,2.8628728731744952,0.00525528114447353,0.010987664319082479,0.023857273943120795,0.1303435268133187
20,120.0,0.65,-0.010987664319082479,-0.1303435268133187,0.5322543846252854,-2.8628728731744952,0.00525528114447353,0.010987664319082479,-0.023857273943120795,-0.1303435268133187
20,120.0,0.65,-0.01098756129793816,0.12518999413636325,0.5317479758430782,2.851597153770411,0.005263213595867442,0.01098756129793816,0.023763309614753425,0.12518999413636325
20,120.0,0.65,-0.01098756129793816,-0.12518999413636325,0.5317479758430782,-2.851597153770411,0.005263213595867442,0.01098756129793816,-0.023763309614753425,-0.12518999413636325
20,120.0,0.65,-0.010987492508449617,0.11925676040162958,0.5310850973734358,2.8374418687432432,0.005273608432276813,0.010987492508449617,0.023645348906193693,0.11925676040162958
20,120.0,0.65,-0.010987492508449617,-0.11925676040162958,0.5310850973734358,-2.8374418687432432,0.005273608432276813,0.010987492508449617,-0.023645348906193693,-0.11925676040162958
20,120.0,0.65,-0.01098726585701854,0.07926359960676663,0.5224052244544535,2.6894257546965914,0.005410930834999919,0.01098726585701854,0.02241188128913826,0.07926359960676663
20,120.0,0.65,-0.01098726585701854,-0.07926359960676663,0.5224052244544535,-2.6894257546965914,0.005410930834999919,0.01098726585701854,-0.02241188128913826,-0.07926359960676663
20,120.0,0.65,-0.01098744134100952,0.11257916304145923,0.5302160290753909,2.819780586036876,0.005287256278783926,0.01098744134100952,0.0234981715503073,0.11257916304145923
20,120.0,0.65,-0.01098744134100952,-0.11257916304145923,0.5302160290753909,-2.819780586036876,0.005287256278783926,0.01098744134100952,-0.0234981715503073,-0.11257916304145923
20,120.0,0.65,-0.010987316526691281,0.08849194145392733,0.5254019829454968,2.7348808195743963,0.005363263563119428,0.010987316526691281,0.022790673496453303,0.08849194145392733
20,120.0,0.65,-0.010987316526691281,-0.08849194145392733,0.5254019829454968,-2.7348808195743963,0.005363263563119428,0.010987316526691281,-0.022790673496453303,-0.08849194145392733
20,120.0,0.65,-0.010987398775508722,0.10519664001498989,0.5290664407493809,2.797734978599843,0.00530534381775607,0.010987398775508722,0.023314458154998694,0.10519664001498989
20,120.0,0.65,-0.010987398775508722,-0.10519664001498989,0.5290664407493809,-2.797734978599843,0.00530534381775607,0.010987398775508722,-0.023314458154998694,-0.10519664001498989
20,120.0,0.65,-0.01098735886715645,0.0971522409412672,0.5275222045477502,2.770049543326633,0.0053297026715704654,0.01098735886715645,0.023083746194388608,0.0971522409412672
20,120.0,0.65,-0.01098735886715645,-0.0971522409412672,0.5275222045477502,-2.770049543326633,0.0053297026715704654,0.01098735886715645,-0.023083746194388608,-0.0971522409412672
20,120.0,1.0,-0.020334296892159168,0.0,0.29068790366644853,0.0,0.010295875694479994,0.020334296892159168,0.0,0.0
20,120.0,1.0,-0.001561260584738977,0.0,0.8422107468314227,0.0,0.0014310416909079728,0.001561260584738977,0.0,0.0
20,120.0,1.0,-0.010982892698753324,0.012874758035514,0.35898337812868764,0.5879048958528359,0.008537326600357931,0.010982892698753324,0.004899207465440299,0.012874758035514
20,120.0,1.0,-0.010982892698753324,-0.012874758035514,0.35898337812868764,-0.5879048958528359,0.008537326600357931,0.010982892698753324,-0.004899207465440299,-0.012874758035514
20,120.0,1.0,-0.010985795200348956,0.02585935128359389,0.25816566789113654,0.9291635519411384,0.011284614804371802,0.010985795200348956,0.0077430295995094866,0.02585935128359389
20,120.0,1.0,-0.010985795200348956,-0.02585935128359389,0.25816566789113654,-0.9291635519411384,0.011284614804371802,0.010985795200348956,-0.0077430295995094866,-0.02585935128359389
20,120.0,1.0,-0.010986594817258995,0.037519102564095234,0.19746666111482084,1.0952716172437786,0.013518212611433005,0.010986594817258995,0.009127263477031489,0.037519102564095234
20,120.0,1.0,-0.010986594817258995,-0.037519102564095234,0.19746666111482084,-1.0952716172437786,0.013518212611433005,0.010986594817258995,-0.009127263477031489,-0.037519102564095234
20,120.0,1.0,-0.010986926003487425,0.04862569413192003,0.1592661210137993,1.1925971248893654,0.015309822989978992,0.010986926003487425,0.009938309374078046,0.04862569413192003
20,120.0,1.0,-0.010986926003487425,-0.04862569413192003,0.1592661210137993,-1.1925971248893654,0.015309822989978992,0.010986926003487425,-0.009938309374078046,-0.04862569413192003
20,120.0,1.0,-0.010987096467864523,0.059291360142166925,0.13363310358280797,1.255790638506562,0.01677214389386556,0.010987096467864523,0.010464921987554684,0.059291360142166925
20,120.0,1.0,-0.010987096467864523,-0.059291360142166925,0.13363310358280797,-1.255790638506562,0.01677214389386556,0.010987096467864523,-0.010464921987554684,-0.059291360142166925
20,120.0,1.0,-0.010987197956110181,0.0695151863451052,0.11549987629776005,1.2997058197094207,0.017987381833632726,0.010987197956110181,0.010830881830911838,0.0695151863451052
20,120.0,1.0,-0.010987197956110181,-0.0695151863451052,0.11549987629776005,-1.2997058197094207,0.017987381833632726,0.010987197956110181,-0.010830881830911838,-0.0695151863451052
20,120.0,1.0,-0.011026877968395049,0.14350076124402514,0.05755030660214554,1.4366924054532748,0.023792465135415726,0.011026877968395049,0.011972436712110623,0.14350076124402514
20,120.0,1.0,-0.011026877968395049,-0.14350076124402514,0.05755030660214554,-1.4366924054532748,0.023792465135415726,0.011026877968395049,-0.011972436712110623,-0.14350076124402514
20,120.0,1.0,-0.010991876765002025,0.14261622294180637,0.057902700038137994,1.436111679182292,0.023741593855895186,0.010991876765002025,0.011967597326519102,0.14261622294180637
20,120.0,1.0,-0.010991876765002025,-0.14261622294180637,0.057902700038137994,-1.436111679182292,0.023741593855895186,0.010991876765002025,-0.011967597326519102,-0.14261622294180637
20,120.0,1.0,-0.010988984570555626,0.1408412717660904,0.05861917814985653,1.434455307436758,0.023639111364659807,0.010988984570555626,0.01195379422863965,0.1408412717660904
20,120.0,1.0,-0.010988984570555626,-0.1408412717660904,0.05861917814985653,-1.434455307436758,0.023639111364659807,0.010988984570555626,-0.01195379422863965,-0.1408412717660904
20,120.0,1.0,-0.010988174008791093,0.13819277471577082,0.059721332919172414,1.4318812335615838,0.02348388322569269,0.010988174008791093,0.011932343613013199,0.13819277471577082
20,120.0,1.0,-0.010988174008791093,-0.13819277471577082,0.059721332919172414,-1.4318812335615838,0.02348388322569269,0.010988174008791093,-0.011932343613013199,-0.13819277471577082
20,120.0,1.0,-0.01098783752292104,0.13468649026762267,0.061245115652710194,1.4283154554032675,0.023273926476521715,0.01098783752292104,0.01190262879502723,0.13468649026762267
20,120.0,1.0,-0.01098783752292104,-0.13468649026762267,0.061245115652710194,-1.4283154554032675,0.023273926476521715,0.01098783752292104,-0.01190262879502723,-0.13468649026762267
20,120.0,1.0,-0.010987664319082479,0.1303435268133187,0.06324259384468287,1.4236365520988072,0.023006477096626402,0.010987664319082479,0.011863637934156727,0.1303435268133187
20,120.0,1.0,-0.010987664319082479,-0.1303435268133187,0.06324259384468287,-1.4236365520988072,0.023006477096626402,0.010987664319082479,-0.011863637934156727,-0.1303435268133187
20,120.0,1.0,-0.01098756129793816,0.12518999413636325,0.06578662988375863,1.417671855065583,0.022677822121278,0.01098756129793816,0.011813932125546524,0.12518999413636325
20,120.0,1.0,-0.01098756129793816,-0.12518999413636325,0.06578662988375863,-1.417671855065583,0.022677822121278,0.01098756129793816,-0.011813932125546524,-0.12518999413636325
20,120.0,1.0,-0.010987492508449617,0.11925676040162958,0.06897786109130441,1.4101815418590902,0.022283080663488886,0.010987492508449617,0.011751512848825751,0.11925676040162958
20,120.0,1.0,-0.010987492508449617,-0.11925676040162958,0.06897786109130441,-1.4101815418590902,0.022283080663488886,0.010987492508449617,-0.011751512848825751,-0.11925676040162958
20,120.0,1.0,-0.01098726585701854,0.07926359960676663,0.10214379141332795,1.331707459135099,0.019011447822344697,0.01098726585701854,0.011097562159459158,0.07926359960676663
20,120.0,1.0,-0.01098726585701854,-0.07926359960676663,0.10214379141332795,-1.331707459135099,0.019011447822344697,0.01098726585701854,-0.011097562159459158,-0.07926359960676663
20,120.0,1.0,-0.01098744134100952,0.11257916304145923,0.07295539722806176,1.4008326240493691,0.021815891845368918,0.01098744134100952,0.01167360520041141,0.11257916304145923
20,120.0,1.0,-0.01098744134100952,-0.11257916304145923,0.07295539722806176,-1.4008326240493691,0.021815891845368918,0.01098744134100952,-0.01167360520041141,-0.11257916304145923
20,120.0,1.0,-0.010987316526691281,0.08849194145392733,0.09200321091036741,1.355837278902303,0.019882765011187364,0.010987316526691281,0.011298643990852526,0.08849194145392733
20,120.0,1.0,-0.010987316526691281,-0.08849194145392733,0.09200321091036741,-1.355837278902303,0.019882765011187364,0.010987316526691281,-0.011298643990852526,-0.08849194145392733
20,120.0,1.0,-0.010987398775508722,0.10519664001498989,0.07791353039349913,1.3891576096933873,0.021267963766048375,0.010987398775508722,0.01157631341411156,0.10519664001498989
20,120.0,1.0,-0.010987398775508722,-0.10519664001498989,0.07791353039349913,-1.3891576096933873,0.021267963766048375,0.010987398775508722,-0.01157631341411156,-0.10519664001498989
20,120.0,1.0,-0.01098735886715645,0.0971522409412672,0.08412854323029217,1.3744872832629258,0.02062841144389792,0.01098735886715645,0.011454060693857715,0.0971522409412672
20,120.0,1.0,-0.01098735886715645,-0.0971522409412672,0.08412854323029217,-1.3744872832629258,0.02062841144389792,0.01098735886715645,-0.011454060693857715,-0.0971522409412672
40,15.0,0.5,-0.011027108185272945,0.2878042150589062,0.9712215912594986,2.2748322897554822,0.0019467084931019784,0.011027108185272945,0.15165548598369882,0.2878042150589062
40,15.0,0.5,-0.011027108185272945,-0.2878042150589062,0.9712215912594986,-2.2748322897554822,0.0019467084931019784,0.011027108185272945,-0.15165548598369882,-0.2878042150589062
40,15.0,0.5,-0.010991720842899691,0.28736664662496075,0.9712415866675516,2.2736683493941556,0.001945335980903316,0.010991720842899691,0.15157788995961038,0.28736664662496075
40,15.0,0.5,-0.010991720842899691,-0.28736664662496075,0.9712415866675516,-2.2736683493941556,0.001945335980903316,0.010991720842899691,-0.15157788995961038,-0.28736664662496075
40,15.0,0.5,-0.010989008123198737,0.28647734319749857,0.9711038548402157,2.2713053705127018,0.001954790655279523,0.010989008123198737,0.1514203580341801,0.28647734319749857
40,15.0,0.5,-0.010989008123198737,-0.28647734319749857,0.9711038548402157,-2.2713053705127018,0.001954790655279523,0.010989008123198737,-0.1514203580341801,-0.28647734319749857
40,15.0,0.5,-0.01098760980252756,0.2785241179178487,0.9697675559503227,2.249629904114148,0.0020465912828131886,0.01098760980252756,0.1499753269409432,0.2785241179178487
40,15.0,0.5,-0.01098760980252756,-0.2785241179178487,0.9697675559503227,-2.249629904114148,0.0020465912828131886,0.01098760980252756,-0.1499753269409432,-0.2785241179178487
40,15.0,0.5,-0.010987707064384775,0.2811669101546066,0.9702218733463766,2.2569433332892235,0.0020153665488018705,0.010987707064384775,0.15046288888594822,0.2811669101546066
40,15.0,0.5,-0.010987707064384775,-0.2811669101546066,0.9702218733463766,-2.2569433332892235,0.0020153665488018705,0.010987707064384775,-0.15046288888594822,-0.2811669101546066
40,15.0,0.5,-0.01098787578574855,0.28337549142446294,0.9705941272889199,2.2629698048303557,0.0019897928418671665,0.01098787578574855,0.15086465365535703,0.28337549142446294
40,15.0,0.5,-0.01098787578574855,-0.28337549142446294,0.9705941272889199,-2.2629698048303557,0.0019897928418671665,0.01098787578574855,-0.15086465365535703,-0.28337549142446294
40,15.0,0.5,-0.010987548596305595,0.2754511578453082,0.9692270645852872,2.240983105551227,0.002083757717645626,0.010987548596305595,0.14939887370341512,0.2754511578453082
40,15.0,0.5,-0.010987548596305595,-0.2754511578453082,0.9692270645852872,-2.240983105551227,0.002083757717645626,0.010987548596305595,-0.14939887370341512,-0.2754511578453082
40,15.0,0.5,-0.010987507506631064,0.27195273872626713,0.9685953756272102,2.2309472913262764,0.002127221553983667,0.010987507506631064,0.14872981942175176,0.27195273872626713
40,15.0,0.5,-0.010987507506631064,-0.27195273872626713,0.9685953756272102,-2.2309472913262764,0.002127221553983667,0.010987507506631064,-0.14872981942175176,-0.27195273872626713
40,15.0,0.5,-0.010987478500053285,0.26803422329550936,0.9678665003889952,2.2194568094579603,0.002177407602512902,0.010987478500053285,0.14796378729719736,0.26803422329550936
40,15.0,0.5,-0.010987478500053285,-0.26803422329550936,0.9678665003889952,-2.2194568094579603,0.002177407602512902,0.010987478500053285,-0.14796378729719736,-0.26803422329550936
40,15.0,0.5,-0.010987428181534885,0.25382131684505777,0.9650204476366577,2.175430436957988,0.002373732573790342,0.010987428181534885,0.1450286957971992,0.25382131684505777
40,15.0,0.5,-0.010987428181534885,-0.25382131684505777,0.9650204476366577,-2.175430436957988,0.002373732573790342,0.010987428181534885,-0.1450286957971992,-0.25382131684505777
40,15.0,0.5,-0.010987440929513618,0.25896156209159804,0.966087876589261,2.1917935713591445,0.0023000319568665085,0.010987440929513618,0.14611957142394297,0.25896156209159804
40,15.0,0.5,-0.010987440929513618,-0.25896156209159804,0.966087876589261,-2.1917935713591445,0.0023000319568665085,0.010987440929513618,-0.14611957142394297,-0.25896156209159804
40,15.0,0.5,-0.010987417888707905,0.2482887524668941,0.9638201971068,2.157229150057373,0.002456701286147628,0.010987417888707905,0.14381527667049152,0.2482887524668941
40,15.0,0.5,-0.010987417888707905,-0.2482887524668941,0.9638201971068,-2.157229150057373,0.002456701286147628,0.010987417888707905,-0.14381527667049152,-0.2482887524668941
40,15.0,0.5,-0.01098740935172847,0.24237233480857376,0.962474610645753,2.137056750362,0.002549839447865655,0.01098740935172847,0.14247045002413333,0.24237233480857376
40,15.0,0.5,-0.01098740935172847,-0.24237233480857376,0.962474610645753,-2.137056750362,0.002549839447865655,0.01098740935172847,-0.14247045002413333,-0.24237233480857376
40,15.0,0.5,-0.010987402080621524,0.23608111046259947,0.960969391758662,2.1147618919757587,0.0026541813950866056,0.010987402080621524,0.14098412613171724,0.23608111046259947
40,15.0,0.5,-0.010987402080621524,-0.23608111046259947,0.960969391758662,-2.1147618919757587,0.0026541813950866056,0.010987402080621524,-0.14098412613171724,-0.23608111046259947
40,15.0,0.5,-0.010987395718862938,0.2294246905927266,0.9592882630950258,2.09017259276472,0.0027709108064678752,0.010987395718862938,0.139344839517648,0.2294246905927266
40,15.0,0.5,-0.010987395718862938,-0.2294246905927266,0.9592882630950258,-2.09017259276472,0.0027709108064678752,0.010987395718862938,-0.139344839517648,-0.2294246905927266
40,15.0,0.5,-0.020333570681230834,0.0,0.735355237204445,0.0,0.02049343870696048,0.020333570681230834,0.0,0.0
40,15.0,0.5,-0.0015619228395637424,0.0,0.9768424348805592,0.0,0.0015619942917890612,0.0015619228395637424,0.0,0.0
40,15.0,0.5,-0.010982859686005044,0.012913439136441973,0.8491109799967401,0.19439785611606278,0.010904358848346842,0.010982859686005044,0.012959857074404186,0.012913439136441973
40,15.0,0.5,-0.010982859686005044,-0.012913439136441973,0.8491109799967401,-0.19439785611606278,0.010904358848346842,0.010982859686005044,-0.012959857074404186,-0.012913439136441973
40,15.0,0.5,-0.010985760806976816,0.026007048946082727,0.852959759263948,0.3877411146575233,0.010602860542917682,0.010985760806976816,0.025849407643834886,0.026007048946082727
40,15.0,0.5,-0.010985760806976816,-0.026007048946082727,0.852959759263948,-0.3877411146575233,0.010602860542917682,0.010985760806976816,-0.025849407643834886,-0.026007048946082727
40,15.0,0.5,-0.01098738999628013,0.2224132333144416,0.9574127581771715,2.0630936690379533,0.0029013784169174927,0.01098738999628013,0.13753957793586355,0.2224132333144416
40,15.0,0.5,-0.01098738999628013,-0.2224132333144416,0.9574127581771715,-2.0630936690379533,0.0029013784169174927,0.01098738999628013,-0.13753957793586355,-0.2224132333144416
40,15.0,0.5,-0.010986558191656014,0.03790684184676116,0.8583886621923055,0.557308193751368,0.010179886388223284,0.010986558191656014,0.03715387958342453,0.03790684184676116
40,15.0,0.5,-0.010986558191656014,-0.03790684184676116,0.8583886621923055,-0.557308193751368,0.010179886388223284,0.010986558191656014,-0.03715387958342453,-0.03790684184676116
40,15.0,0.5,-0.01098688618369676,0.04943397694618333,0.8649912123655757,0.7139965561125191,0.009669062081120216,0.01098688618369676,0.047599770407501275,0.04943397694618333
40,15.0,0.5,-0.01098688618369676,-0.04943397694618333,0.8649912123655757,-0.7139965561125191,0.009669062081120216,0.01098688618369676,-0.047599770407501275,-0.04943397694618333
40,15.0,0.5,-0.010987379645428943,0.2073684564922979,0.9529925778557069,2.0005524474454783,0.003209877569829855,0.010987379645428943,0.13337016316303188,0.2073684564922979
40,15.0,0.5,-0.010987379645428943,-0.2073684564922979,0.9529925778557069,-2.0005524474454783,0.003209877569829855,0.010987379645428943,-0.13337016316303188,-0.2073684564922979
40,15.0,0.5,-0.010987374676545862,0.1993580052293327,0.9503982652106874,1.9645559270499822,0.0033916103800585118,0.010987374676545862,0.13097039513666547,0.1993580052293327
40,15.0,0.5,-0.010987374676545862,-0.1993580052293327,0.9503982652106874,-1.9645559270499822,0.0033916103800585118,0.010987374676545862,-0.13097039513666547,-0.1993580052293327
40,15.0,0.5,-0.010987052294435262,0.060749657446928194,0.872359090699039,0.8592981399721238,0.009103609238643997,0.010987052294435262,0.05728654266480825,0.060749657446928194
40,15.0,0.5,-0.010987052294435262,-0.060749657446928194,0.872359090699039,-0.8592981399721238,0.009103609238643997,0.010987052294435262,-0.05728654266480825,-0.060749657446928194
40,15.0,0.5,-0.010987369637247904,0.1910382038814525,0.9475100934916055,1.9249938553596262,0.0035945126213804634,0.010987369637247904,0.12833292369064175,0.1910382038814525
40,15.0,0.5,-0.010987369637247904,-0.1910382038814525,0.9475100934916055,-1.9249938553596262,0.0035945126213804634,0.010987369637247904,-0.12833292369064175,-0.1910382038814525
40,15.0,0.5,-0.010987147971506746,0.07190026488717018,0.8801168650058354,0.9935160318789554,0.008513371945612084,0.010987147971506746,0.0662344021252637,0.07190026488717018
40,15.0,0.5,-0.010987147971506746,-0.07190026488717018,0.8801168650058354,-0.9935160318789554,0.008513371945612084,0.010987147971506746,-0.0662344021252637,-0.07190026488717018
40,15.0,0.5,-0.010987364367433652,0.18242161366869658,0.9442963713613978,1.881504878536785,0.0038210139597421168,0.010987364367433652,0.125433658569119,0.18242161366869658
40,15.0,0.5,-0.010987364367433652,-0.18242161366869658,0.9442963713613978,-1.881504878536785,0.0038210139597421168,0.010987364367433652,-0.125433658569119,-0.18242161366869658
40,15.0,0.5,-0.01098729808719301,0.1149206626518863,0.9098508071314778,1.4265858038968355,0.006298309407958999,0.01098729808719301,0.09510572025978904,0.1149206626518863
40,15.0,0.5,-0.01098729808719301,-0.1149206626518863,0.9098508071314778,-1.4265858038968355,0.006298309407958999,0.01098729808719301,-0.09510572025978904,-0.1149206626518863
40,15.0,0.5,-0.010987314072027639,0.12523660947841825,0.9162480159809855,1.511791268012282,0.0058312127434838774,0.010987314072027639,0.10078608453415214,0.12523660947841825
40,15.0,0.5,-0.010987314072027639,-0.12523660947841825,0.9162480159809855,-1.511791268012282,0.0058312127434838774,0.010987314072027639,-0.10078608453415214,-0.12523660947841825
40,15.0,0.5,-0.010987326628390045,0.13535152695673505,0.9221257335861848,1.589162527197188,0.005404912949281399,0.010987326628390045,0.10594416847981254,0.13535152695673505
40,15.0,0.5,-0.010987326628390045,-0.13535152695673505,0.9221257335861848,-1.589162527197188,0.005404912949281399,0.010987326628390045,-0.10594416847981254,-0.13535152695673505
40,15.0,0.5,-0.010987277100824838,0.10441724587418619,0.9029554965190975,1.3328284376085844,0.006805467387443779,0.010987277100824838,0.08885522917390562,0.10441724587418619
40,15.0,0.5,-0.010987277100824838,-0.10441724587418619,0.9029554965190975,-1.3328284376085844,0.006805467387443779,0.010987277100824838,-0.08885522917390562,-0.10441724587418619
40,15.0,0.5,-0.01098733677565054,0.1452514730346464,0.9274877319274283,1.6593993477301345,0.0050183807746964765,0.01098733677565054,0.11062662318200897,0.1452514730346464
40,15.0,0.5,-0.01098733677565054,-0.1452514730346464,0.9274877319274283,-1.6593993477301345,0.0050183807746964765,0.01098733677565054,-0.11062662318200897,-0.1452514730346464
40,15.0,0.5,-0.010987358688725295,0.17352118991179705,0.9407230261545965,1.8336825653815156,0.0040737681748480034,0.010987358688725295,0.12224550435876771,0.17352118991179705
40,15.0,0.5,-0.010987358688725295,-0.17352118991179705,0.9407230261545965,-1.8336825653815156,0.0040737681748480034,0.010987358688725295,-0.12224550435876771,-0.17352118991179705
40,15.0,0.5,-0.01098724857138889,0.09373910433613517,0.8956198050258776,1.229813759435053,0.007349285387088787,0.01098724857138889,0.08198758396233688,0.09373910433613517
40,15.0,0.5,-0.01098724857138889,-0.09373910433613517,0.8956198050258776,-1.229813759435053,0.007349285387088787,0.01098724857138889,-0.08198758396233688,-0.09373910433613517
40,15.0,0.5,-0.010987352389033637,0.16435024190342454,0.9367543061917206,1.7810715212817427,0.00435561629134524,0.010987352389033637,0.11873810141878285,0.16435024190342454
40,15.0,0.5,-0.010987352389033637,-0.16435024190342454,0.9367543061917206,-1.7810715212817427,0.00435561629134524,0.010987352389033637,-0.11873810141878285,-0.16435024190342454
40,15.0,0.5,-0.01098745716913567,0.26370161793644026,0.9670333998015215,2.2064350903156544,0.002234816301114388,0.01098745716913567,0.1470956726877103,0.26370161793644026
40,15.0,0.5,-0.01098745716913567,-0.26370161793644026,0.9670333998015215,-2.2064350903156544,0.002234816301114388,0.01098745716913567,-0.1470956726877103,-0.26370161793644026
40,15.0,0.5,-0.010988208099894627,0.28514650424767574,0.9708874887612496,2.267747162254076,0.0019696459278033805,0.010988208099894627,0.15118314415027173,0.28514650424767574
40,15.0,0.5,-0.010988208099894627,-0.28514650424767574,0.9708874887612496,-2.267747162254076,0.0019696459278033805,0.010988208099894627,-0.15118314415027173,-0.28514650424767574
40,15.0,0.5,-0.010987384698410929,0.21505742445994666,0.9553220135220293,2.033303833853522,0.0030471205601388927,0.010987384698410929,0.1355535889235681,0.21505742445994666
40,15.0,0.5,-0.010987384698410929,-0.21505742445994666,0.9553220135220293,-2.033303833853522,0.0030471205601388927,0.010987384698410929,-0.1355535889235681,-0.21505742445994666
40,15.0,0.5,-0.010987208163541207,0.0828974041906779,0.887950626088737,1.1168910382293016,0.007922609252479746,0.010987208163541207,0.0744594025486201,0.0828974041906779
40,15.0,0.5,-0.010987208163541207,-0.0828974041906779,0.887950626088737,-1.1168910382293016,0.007922609252479746,0.010987208163541207,-0.0744594025486201,-0.0828974041906779
40,15.0,0.5,-0.010987345201766089,0.1549223839079653,0.9323540439855601,1.7231642296770322,0.004669510727333124,0.010987345201766089,0.11487761531180214,0.1549223839079653
40,15.0,0.5,-0.010987345201766089,-0.1549223839079653,0.9323540439855601,-1.7231642296770322,0.004669510727333124,0.010987345201766089,-0.11487761531180214,-0.1549223839079653
40,15.0,0.65,-0.011027108185272945,0.2878042150589062,0.5902455747469488,2.208151118318076,0.03514777335311452,0.011027108185272945,0.1472100745545384,0.2878042150589062
40,15.0,0.65,-0.011027108185272945,-0.2878042150589062,0.5902455747469488,-2.208151118318076,0.03514777335311452,0.011027108185272945,-0.1472100745545384,-0.2878042150589062
40,15.0,0.65,-0.010991720842899691,0.28736664662496075,0.5904335848396354,2.206965820097733,0.0351265414948518,0.010991720842899691,0.14713105467318222,0.28736664662496075
40,15.0,0.65,-0.010991720842899691,-0.28736664662496075,0.5904335848396354,-2.206965820097733,0.0351265414948518,0.010991720842899691,-0.14713105467318222,-0.28736664662496075
40,15.0,0.65,-0.010989008123198737,0.28647734319749857,0.5907049541624877,2.2045130867037908,0.035095907851276406,0.010989008123198737,0.14696753911358604,0.28647734319749857
40,15.0,0.65,-0.010989008123198737,-0.28647734319749857,0.5907049541624877,-2.2045130867037908,0.035095907851276406,0.010989008123198737,-0.14696753911358604,-0.28647734319749857
40,15.0,0.65,-0.01098760980252756,0.2785241179178487,0.5931823123264188,2.1820261440991366,0.03481689910328362,0.01098760980252756,0.14546840960660912,0.2785241179178487
40,15.0,0.65,-0.01098760980252756,-0.2785241179178487,0.5931823123264188,-2.1820261440991366,0.03481689910328362,0.01098760980252756,-0.14546840960660912,-0.2785241179178487
40,15.0,0.65,-0.010987707064384775,0.2811669101546066,0.5923418823999507,2.189608031602681,0.034911420449030214,0.010987707064384775,0.14597386877351207,0.2811669101546066
40,15.0,0.65,-0.010987707064384775,-0.2811669101546066,0.5923418823999507,-2.189608031602681,0.034911420449030214,0.010987707064384775,-0.14597386877351207,-0.2811669101546066
40,15.0,0.65,-0.01098787578574855,0.28337549142446294,0.5916531368713142,2.195859940327906,0.03498898221746274,0.01098787578574855,0.14639066268852707,0.28337549142446294
40,15.0,0.65,-0.01098787578574855,-0.28337549142446294,0.5916531368713142,-2.195859940327906,0.03498898221746274,0.01098787578574855,-0.14639066268852707,-0.28337549142446294
40,15.0,0.65,-0.010987548596305595,0.2754511578453082,0.5941825849607784,2.173069251178344,0.03470457498418902,0.010987548596305595,0.1448712834118896,0.2754511578453082
40,15.0,0.65,-0.010987548596305595,-0.2754511578453082,0.5941825849607784,-2.173069251178344,0.03470457498418902,0.010987548596305595,-0.1448712834118896,-0.2754511578453082
40,15.0,0.65,-0.010987507506631064,0.27195273872626713,0.5953525187379473,2.1626834833476303,0.03457343869396797,0.010987507506631064,0.144178898889842,0.27195273872626713
40,15.0,0.65,-0.010987507506631064,-0.27195273872626713,0.5953525187379473,-2.1626834833476303,0.03457343869396797,0.010987507506631064,-0.144178898889842,-0.27195273872626713
40,15.0,0.65,-0.010987478500053285,0.26803422329550936,0.5967037846685852,2.150805458619119,0.03442229745390527,0.010987478500053285,0.14338703057460794,0.26803422329550936
40,15.0,0.65,-0.010987478500053285,-0.26803422329550936,0.5967037846685852,-2.150805458619119,0.03442229745390527,0.010987478500053285,-0.14338703057460794,-0.26803422329550936
40,15.0,0.65,-0.010987428181534885,0.25382131684505777,0.6019948272081735,2.1054237271330214,0.03383376175917906,0.010987428181534885,0.1403615818088681,0.25382131684505777
40,15.0,0.65,-0.010987428181534885,-0.25382131684505777,0.6019948272081735,-2.1054237271330214,0.03383376175917906,0.010987428181534885,-0.1403615818088681,-0.25382131684505777
40,15.0,0.65,-0.010987440929513618,0.25896156209159804,0.6000075815028445,2.1222666588107812,0.034054199200516534,0.010987440929513618,0.14148444392071874,0.25896156209159804
40,15.0,0.65,-0.010987440929513618,-0.25896156209159804,0.6000075815028445,-2.1222666588107812,0.034054199200516534,0.010987440929513618,-0.14148444392071874,-0.25896156209159804
40,15.0,0.65,-0.010987417888707905,0.2482887524668941,0.604233462580046,2.0867218917112464,0.033586308551960396,0.010987417888707905,0.13911479278074976,0.2482887524668941
40,15.0,0.65,-0.010987417888707905,-0.2482887524668941,0.604233462580046,-2.0867218917112464,0.033586308551960396,0.010987417888707905,-0.13911479278074976,-0.2482887524668941
40,15.0,0.65,-0.01098740935172847,0.24237233480857376,0.606748425623952,2.0660353424147164,0.03330940194318148,0.01098740935172847,0.13773568949431442,0.24237233480857376
40,15.0,0.65,-0.01098740935172847,-0.24237233480857376,0.606748425623952,-2.0660353424147164,0.03330940194318148,0.01098740935172847,-0.13773568949431442,-0.24237233480857376
40,15.0,0.65,-0.010987402080621524,0.23608111046259947,0.6095684330693997,2.0432216177598885,0.03300027059820839,0.010987402080621524,0.13621477451732592,0.23608111046259947
40,15.0,0.65,-0.010987402080621524,-0.23608111046259947,0.6095684330693997,-2.0432216177598885,0.03300027059820839,0.010987402080621524,-0.13621477451732592,-0.23608111046259947
40,15.0,0.65,-0.010987395718862938,0.2294246905927266,0.6127264835830055,2.018119734779968,0.03265577571972634,0.010987395718862938,0.13454131565199787,0.2294246905927266
40,15.0,0.65,-0.010987395718862938,-0.2294246905927266,0.6127264835830055,-2.018119734779968,0.03265577571972634,0.010987395718862938,-0.13454131565199787,-0.2294246905927266
40,15.0,0.65,-0.020333570681230834,0.0,0.745459652680197,0.0,0.01958361782635136,0.020333570681230834,0.0,0.0
40,15.0,0.65,-0.0015619228395637424,0.0,0.976922597348762,0.0,0.0015565236599969147,0.0015619228395637424,0.0,0.0
40,15.0,0.65,-0.010982859686005044,0.012913439136441973,0.8479259907813509,0.18506128691906112,0.010997461468060814,0.010982859686005044,0.012337419127937408,0.012913439136441973
40,15.0,0.65,-0.010982859686005044,-0.012913439136441973,0.8479259907813509,-0.18506128691906112,0.010997461468060814,0.010982859686005044,-0.012337419127937408,-0.012913439136441973
40,15.0,0.65,-0.010985760806976816,0.026007048946082727,0.8383371115196357,0.3690453829800124,0.011755665222913131,0.010985760806976816,0.024603025532000826,0.026007048946082727
40,15.0,0.65,-0.010985760806976816,-0.026007048946082727,0.8383371115196357,-0.3690453829800124,0.011755665222913131,0.010985760806976816,-0.024603025532000826,-0.026007048946082727
40,15.0,0.65,-0.01098738999628013,0.2224132333144416,0.6162604174445685,1.990548076271397,0.032272376612850213,0.01098738999628013,0.1327032050847598,0.2224132333144416
40,15.0,0.65,-0.01098738999628013,-0.2224132333144416,0.6162604174445685,-1.990548076271397,0.032272376612850213,0.01098738999628013,-0.1327032050847598,-0.2224132333144416
40,15.0,0.65,-0.010986558191656014,0.03790684184676116,0.8251560913839023,0.5303332015281076,0.012812180591091916,0.010986558191656014,0.035355546768540504,0.03790684184676116
40,15.0,0.65,-0.010986558191656014,-0.03790684184676116,0.8251560913839023,-0.5303332015281076,0.012812180591091916,0.010986558191656014,-0.035355546768540504,-0.03790684184676116
40,15.0,0.65,-0.01098688618369676,0.04943397694618333,0.8094533873730039,0.6793527562648515,0.014093072634658577,0.01098688618369676,0.0452901837509901,0.04943397694618333
40,15.0,0.65,-0.01098688618369676,-0.04943397694618333,0.8094533873730039,-0.6793527562648515,0.014093072634658577,0.01098688618369676,-0.0452901837509901,-0.04943397694618333
40,15.0,0.65,-0.010987379645428943,0.2073684564922979,0.6246351877114629,1.9271513155354485,0.031372499955090755,0.010987379645428943,0.1284767543690299,0.2073684564922979
40,15.0,0.65,-0.010987379645428943,-0.2073684564922979,0.6246351877114629,-1.9271513155354485,0.031372499955090755,0.010987379645428943,-0.1284767543690299,-0.2073684564922979
40,15.0,0.65,-0.010987374676545862,0.1993580052293327,0.6295815137245737,1.890837180120248,0.03084666294978938,0.010987374676545862,0.12605581200801652,0.1993580052293327
40,15.0,0.65,-0.010987374676545862,-0.1993580052293327,0.6295815137245737,-1.890837180120248,0.03084666294978938,0.010987374676545862,-0.12605581200801652,-0.1993580052293327
40,15.0,0.65,-0.010987052294435262,0.060749657446928194,0.7923075200795205,0.8176088207861942,0.015520378640088846,0.010987052294435262,0.05450725471907961,0.060749657446928194
40,15.0,0.65,-0.010987052294435262,-0.060749657446928194,0.7923075200795205,-0.8176088207861942,0.015520378640088846,0.010987052294435262,-0.05450725471907961,-0.060749657446928194
40,15.0,0.65,-0.010987369637247904,0.1910382038814525,0.6351159153576426,1.8510692018793815,0.030263183525216474,0.010987369637247904,0.12340461345862544,0.1910382038814525
40,15.0,0.65,-0.010987369637247904,-0.1910382038814525,0.6351159153576426,-1.8510692018793815,0.030263183525216474,0.010987369637247904,-0.12340461345862544,-0.1910382038814525
40,15.0,0.65,-0.010987147971506746,0.07190026488717018,0.7746537269217978,0.9454806828825301,0.017022610229820056,0.010987147971506746,0.063032045525502,0.07190026488717018
40,15.0,0.65,-0.010987147971506746,-0.07190026488717018,0.7746537269217978,-0.9454806828825301,0.017022610229820056,0.010987147971506746,-0.063032045525502,-0.07190026488717018
40,15.0,0.65,-0.010987364367433652,0.18242161366869658,0.6413095222251658,1.807522054789396,0.02961620430809171,0.010987364367433652,0.12050147031929306,0.18242161366869658
40,15.0,0.65,-0.010987364367433652,-0.18242161366869658,0.6413095222251658,-1.807522054789396,0.02961620430809171,0.010987364367433652,-0.12050147031929306,-0.18242161366869658
40,15.0,0.65,-0.01098729808719301,0.1149206626518863,0.7103408504822774,1.360893201153146,0.022800690202816075,0.01098729808719301,0.09072621341020974,0.1149206626518863
40,15.0,0.65,-0.01098729808719301,-0.1149206626518863,0.7103408504822774,-1.360893201153146,0.022800690202816075,0.01098729808719301,-0.09072621341020974,-0.1149206626518863
40,15.0,0.65,-0.010987314072027639,0.12523660947841825,0.6971201396615033,1.443502307987731,0.024053167751488864,0.010987314072027639,0.09623348719918207,0.12523660947841825
40,15.0,0.65,-0.010987314072027639,-0.12523660947841825,0.6971201396615033,-1.443502307987731,0.024053167751488864,0.010987314072027639,-0.09623348719918207,-0.12523660947841825
40,15.0,0.65,-0.010987326628390045,0.13535152695673505,0.6851440688548255,1.5188762676537964,0.025208409555857385,0.010987326628390045,0.10125841784358643,0.13535152695673505
40,15.0,0.65,-0.010987326628390045,-0.13535152695673505,0.6851440688548255,-1.5188762676537964,0.025208409555857385,0.010987326628390045,-0.10125841784358643,-0.13535152695673505
40,15.0,0.65,-0.010987277100824838,0.10441724587418619,0.7248200678650829,1.2704074397274174,0.02145545581232218,0.010987277100824838,0.08469382931516116,0.10441724587418619
40,15.0,0.65,-0.010987277100824838,-0.10441724587418619,0.7248200678650829,-1.2704074397274174,0.02145545581232218,0.010987277100824838,-0.08469382931516116,-0.10441724587418619
40,15.0,0.65,-0.01098733677565054,0.1452514730346464,0.6743547926428841,1.5876344058996346,0.02626659386593427,0.01098733677565054,0.1058422937266423,0.1452514730346464
40,15.0,0.65,-0.01098733677565054,-0.1452514730346464,0.6743547926428841,-1.5876344058996346,0.02626659386593427,0.01098733677565054,-0.1058422937266423,-0.1452514730346464
40,15.0,0.65,-0.010987358688725295,0.17352118991179705,0.6482412747704976,1.7598321788527627,0.02889948762143437,0.010987358688725295,0.11732214525685085,0.17352118991179705
40,15.0,0.65,-0.010987358688725295,-0.17352118991179705,0.6482412747704976,-1.7598321788527627,0.02889948762143437,0.010987358688725295,-0.11732214525685085,-0.17352118991179705
40,15.0,0.65,-0.01098724857138889,0.09373910433613517,0.740500146733109,1.171403538054655,0.020028629808013728,0.01098724857138889,0.07809356920364367,0.09373910433613517
40,15.0,0.65,-0.01098724857138889,-0.09373910433613517,0.740500146733109,-1.171403538054655,0.020028629808013728,0.01098724857138889,-0.07809356920364367,-0.09373910433613517
40,15.0,0.65,-0.010987352389033637,0.16435024190342454,0.6559974482400435,1.707594613425814,0.028106558661573074,0.010987352389033637,0.11383964089505426,0.16435024190342454
40,15.0,0.65,-0.010987352389033637,-0.16435024190342454,0.6559974482400435,-1.707594613425814,0.028106558661573074,0.010987352389033637,-0.11383964089505426,-0.16435024190342454
40,15.0,0.65,-0.01098745716913567,0.26370161793644026,0.598250120868163,2.1373614905412843,0.034249756677164275,0.01098745716913567,0.14249076603608563,0.26370161793644026
40,15.0,0.65,-0.01098745716913567,-0.26370161793644026,0.598250120868163,-2.1373614905412843,0.034249756677164275,0.01098745716913567,-0.14249076603608563,-0.26370161793644026
40,15.0,0.65,-0.010988208099894627,0.28514650424767574,0.5911093717292791,2.2008186219469783,0.03505028110334969,0.010988208099894627,0.1467212414631319,0.28514650424767574
40,15.0,0.65,-0.010988208099894627,-0.28514650424767574,0.5911093717292791,-2.2008186219469783,0.03505028110334969,0.010988208099894627,-0.1467212414631319,-0.28514650424767574
40,15.0,0.65,-0.010987384698410929,0.21505742445994666,0.6202135251998485,1.9603020216964158,0.03184609764999235,0.010987384698410929,0.13068680144642772,0.21505742445994666
40,15.0,0.65,-0.010987384698410929,-0.21505742445994666,0.6202135251998485,-1.9603020216964158,0.03184609764999235,0.010987384698410929,-0.13068680144642772,-0.21505742445994666
40,15.0,0.65,-0.010987208163541207,0.0828974041906779,0.7572161393597218,1.0632726719372039,0.0185404363564855,0.010987208163541207,0.0708848447958136,0.0828974041906779
40,15.0,0.65,-0.010987208163541207,-0.0828974041906779,0.7572161393597218,-1.0632726719372039,0.0185404363564855,0.010987208163541207,-0.0708848447958136,-0.0828974041906779
40,15.0,0.65,-0.010987345201766089,0.1549223839079653,0.6646702299343981,1.650360307340817,0.027230950410552162,0.010987345201766089,0.11002402048938781,0.1549223839079653
40,15.0,0.65,-0.010987345201766089,-0.1549223839079653,0.6646702299343981,-1.650360307340817,0.027230950410552162,0.010987345201766089,-0.11002402048938781,-0.1549223839079653
40,15.0,1.0,-0.011027108185272945,0.2878042150589062,0.22363359349607861,1.307127769577134,0.09984975398246458,0.011027108185272945,0.08714185130514226,0.2878042150589062
40,15.0,1.0,-0.011027108185272945,-0.2878042150589062,0.22363359349607861,-1.307127769577134,0.09984975398246458,0.011027108185272945,-0.08714185130514226,-0.2878042150589062
40,15.0,1.0,-0.010991720842899691,0.28736664662496075,0.22395788439287143,1.3068594350016194,0.09975315072717288,0.010991720842899691,0.08712396233344129,0.28736664662496075
40,15.0,1.0,-0.010991720842899691,-0.28736664662496075,0.22395788439287143,-1.3068594350016194,0.09975315072717288,0.010991720842899691,-0.08712396233344129,-0.28736664662496075
40,15.0,1.0,-0.010989008123198737,0.28647734319749857,0.22460612496195234,1.306086614182086,0.09956046443437051,0.010989008123198737,0.0870724409454724,0.28647734319749857
40,15.0,1.0,-0.010989008123198737,-0.28647734319749857,0.22460612496195234,-1.306086614182086,0.09956046443437051,0.010989008123198737,-0.0870724409454724,-0.28647734319749857
40,15.0,1.0,-0.01098760980252756,0.2785241179178487,0.23056339229438486,1.2988948917821754,0.09781529557045249,0.01098760980252756,0.08659299278547836,0.2785241179178487
40,15.0,1.0,-0.01098760980252756,-0.2785241179178487,0.23056339229438486,-1.2988948917821754,0.09781529557045249,0.01098760980252756,-0.08659299278547836,-0.2785241179178487
40,15.0,1.0,-0.010987707064384775,0.2811669101546066,0.2285504889879677,1.3013278044717675,0.09839987564558222,0.010987707064384775,0.0867551869647845,0.2811669101546066
40,15.0,1.0,-0.010987707064384775,-0.2811669101546066,0.2285504889879677,-1.3013278044717675,0.09839987564558222,0.010987707064384775,-0.0867551869647845,-0.2811669101546066
40,15.0,1.0,-0.01098787578574855,0.28337549142446294,0.22689404555771897,1.3033283444028514,0.09888480867497051,0.01098787578574855,0.08688855629352342,0.28337549142446294
40,15.0,1.0,-0.01098787578574855,-0.28337549142446294,0.22689404555771897,-1.3033283444028514,0.09888480867497051,0.01098787578574855,-0.08688855629352342,-0.28337549142446294
40,15.0,1.0,-0.010987548596305595,0.2754511578453082,0.23294718359132927,1.2960113768440893,0.09712956873184934,0.010987548596305595,0.08640075845627262,0.2754511578453082
40,15.0,1.0,-0.010987548596305595,-0.2754511578453082,0.23294718359132927,-1.2960113768440893,0.09712956873184934,0.010987548596305595,-0.08640075845627262,-0.2754511578453082
40,15.0,1.0,-0.010987507506631064,0.27195273872626713,0.23571925803567997,1.2926551242244186,0.09634091777789933,0.010987507506631064,0.08617700828162791,0.27195273872626713
40,15.0,1.0,-0.010987507506631064,-0.27195273872626713,0.23571925803567997,-1.2926551242244186,0.09634091777789933,0.010987507506631064,-0.08617700828162791,-0.27195273872626713
40,15.0,1.0,-0.010987478500053285,0.26803422329550936,0.23890027586128976,1.2887997155636193,0.09544727132910386,0.010987478500053285,0.08591998103757462,0.26803422329550936
40,15.0,1.0,-0.010987478500053285,-0.26803422329550936,0.23890027586128976,-1.2887997155636193,0.09544727132910386,0.010987478500053285,-0.08591998103757462,-0.26803422329550936
40,15.0,1.0,-0.010987428181534885,0.25382131684505777,0.2511606156385096,1.273898935197835,0.09211084277057813,0.010987428181534885,0.08492659567985567,0.25382131684505777
40,15.0,1.0,-0.010987428181534885,-0.25382131684505777,0.2511606156385096,-1.273898935197835,0.09211084277057813,0.010987428181534885,-0.08492659567985567,-0.25382131684505777
40,15.0,1.0,-0.010987440929513618,0.25896156209159804,0.24659033077274425,1.2794612686581146,0.09333512661252867,0.010987440929513618,0.08529741791054098,0.25896156209159804
40,15.0,1.0,-0.010987440929513618,-0.25896156209159804,0.24659033077274425,-1.2794612686581146,0.09333512661252867,0.010987440929513618,-0.08529741791054098,-0.25896156209159804
40,15.0,1.0,-0.010987417888707905,0.2482887524668941,0.2562634749239619,1.2676771965090428,0.09076994432286306,0.010987417888707905,0.08451181310060285,0.2482887524668941
40,15.0,1.0,-0.010987417888707905,-0.2482887524668941,0.2562634749239619,-1.2676771965090428,0.09076994432286306,0.010987417888707905,-0.08451181310060285,-0.2482887524668941
40,15.0,1.0,-0.01098740935172847,0.24237233480857376,0.261942936712829,1.2607381382835547,0.08930857318324273,0.01098740935172847,0.08404920921890364,0.24237233480857376
40,15.0,1.0,-0.01098740935172847,-0.24237233480857376,0.261942936712829,-1.2607381382835547,0.08930857318324273,0.01098740935172847,-0.08404920921890364,-0.24237233480857376
40,15.0,1.0,-0.010987402080621524,0.23608111046259947,0.26824983833358707,1.253014341127983,0.08772243334281347,0.010987402080621524,0.0835342894085322,0.23608111046259947
40,15.0,1.0,-0.010987402080621524,-0.23608111046259947,0.26824983833358707,-1.253014341127983,0.08772243334281347,0.010987402080621524,-0.0835342894085322,-0.23608111046259947
40,15.0,1.0,-0.010987395718862938,0.2294246905927266,0.27524287567058325,1.2444272301965251,0.08600675912244232,0.010987395718862938,0.08296181534643501,0.2294246905927266
40,15.0,1.0,-0.010987395718862938,-0.2294246905927266,0.27524287567058325,-1.2444272301965251,0.08600675912244232,0.010987395718862938,-0.08296181534643501,-0.2294246905927266
40,15.0,1.0,-0.020333570681230834,0.0,0.7662814343836705,0.0,0.01774705126051254,0.020333570681230834,0.0,0.0
40,15.0,1.0,-0.0015619228395637424,0.0,0.9771075021355804,0.0,0.0015439066733620194,0.0015619228395637424,0.0,0.0
40,15.0,1.0,-0.010982859686005044,0.012913439136441973,0.8469266952730524,0.16479594602567152,0.01107607562588253,0.010982859686005044,0.010986396401711434,0.012913439136441973
40,15.0,1.0,-0.010982859686005044,-0.012913439136441973,0.8469266952730524,-0.16479594602567152,0.01107607562588253,0.010982859686005044,-0.010986396401711434,-0.012913439136441973
40,15.0,1.0,-0.010985760806976816,0.026007048946082727,0.8140823713912185,0.3231743764090939,0.01371291498293291,0.010985760806976816,0.02154495842727293,0.026007048946082727
40,15.0,1.0,-0.010985760806976816,-0.026007048946082727,0.8140823713912185,-0.3231743764090939,0.01371291498293291,0.010985760806976816,-0.02154495842727293,-0.026007048946082727
40,15.0,1.0,-0.01098738999628013,0.2224132333144416,0.28298985173076907,1.234885052886944,0.08415628277269736,0.01098738999628013,0.08232567019246292,0.2224132333144416
40,15.0,1.0,-0.01098738999628013,-0.2224132333144416,0.28298985173076907,-1.234885052886944,0.08415628277269736,0.01098738999628013,-0.08232567019246292,-0.2224132333144416
40,15.0,1.0,-0.010986558191656014,0.03790684184676116,0.7715020092846845,0.4541271170561129,0.017294400186344348,0.010986558191656014,0.030275141137074194,0.03790684184676116
40,15.0,1.0,-0.010986558191656014,-0.03790684184676116,0.7715020092846845,-0.4541271170561129,0.017294400186344348,0.010986558191656014,-0.030275141137074194,-0.03790684184676116
40,15.0,1.0,-0.01098688618369676,0.04943397694618333,0.7242188630829771,0.566894916567864,0.021510775680202685,0.01098688618369676,0.037792994437857594,0.04943397694618333
40,15.0,1.0,-0.01098688618369676,-0.04943397694618333,0.7242188630829771,-0.566894916567864,0.021510775680202685,0.01098688618369676,-0.037792994437857594,-0.04943397694618333
40,15.0,1.0,-0.010987379645428943,0.2073684564922979,0.30107153723404795,1.2124870944440278,0.08002715848278484,0.010987379645428943,0.08083247296293519,0.2073684564922979
40,15.0,1.0,-0.010987379645428943,-0.2073684564922979,0.30107153723404795,-1.2124870944440278,0.08002715848278484,0.010987379645428943,-0.08083247296293519,-0.2073684564922979
40,15.0,1.0,-0.010987374676545862,0.1993580052293327,0.31160213598785114,1.1993564670562493,0.07773520734038625,0.010987374676545862,0.07995709780374996,0.1993580052293327
40,15.0,1.0,-0.010987374676545862,-0.1993580052293327,0.31160213598785114,-1.1993564670562493,0.07773520734038625,0.010987374676545862,-0.07995709780374996,-0.1993580052293327
40,15.0,1.0,-0.010987052294435262,0.060749657446928194,0.6761790902520202,0.6638639038714139,0.026086487441177548,0.010987052294435262,0.04425759359142759,0.060749657446928194
40,15.0,1.0,-0.010987052294435262,-0.060749657446928194,0.6761790902520202,-0.6638639038714139,0.026086487441177548,0.010987052294435262,-0.04425759359142759,-0.060749657446928194
40,15.0,1.0,-0.010987369637247904,0.1910382038814525,0.3232829326644006,1.1847125389698385,0.07528182577737573,0.010987369637247904,0.07898083593132257,0.1910382038814525
40,15.0,1.0,-0.010987369637247904,-0.1910382038814525,0.3232829326644006,-1.1847125389698385,0.07528182577737573,0.010987369637247904,-0.07898083593132257,-0.1910382038814525
40,15.0,1.0,-0.010987147971506746,0.07190026488717018,0.6299474529269643,0.7469457602189956,0.030807924741842754,0.010987147971506746,0.04979638401459971,0.07190026488717018
40,15.0,1.0,-0.010987147971506746,-0.07190026488717018,0.6299474529269643,-0.7469457602189956,0.030807924741842754,0.010987147971506746,-0.04979638401459971,-0.07190026488717018
40,15.0,1.0,-0.010987364367433652,0.18242161366869658,0.33625550807214794,1.1683461483986488,0.07265893115443614,0.010987364367433652,0.07788974322657659,0.18242161366869658
40,15.0,1.0,-0.010987364367433652,-0.18242161366869658,0.33625550807214794,-1.1683461483986488,0.07265893115443614,0.010987364367433652,-0.07788974322657659,-0.18242161366869658
40,15.0,1.0,-0.01098729808719301,0.1149206626518863,0.48066359654629326,0.976553538937405,0.048839175802582194,0.01098729808719301,0.06510356926249367,0.1149206626518863
40,15.0,1.0,-0.01098729808719301,-0.1149206626518863,0.48066359654629326,-0.976553538937405,0.048839175802582194,0.01098729808719301,-0.06510356926249367,-0.1149206626518863
40,15.0,1.0,-0.010987314072027639,0.12523660947841825,0.4524132682712619,1.0157585947567804,0.052877280436156505,0.010987314072027639,0.06771723965045202,0.12523660947841825
40,15.0,1.0,-0.010987314072027639,-0.12523660947841825,0.4524132682712619,-1.0157585947567804,0.052877280436156505,0.010987314072027639,-0.06771723965045202,-0.12523660947841825
40,15.0,1.0,-0.010987326628390045,0.13535152695673505,0.4272259912882145,1.0499238924068666,0.05669614347709519,0.010987326628390045,0.06999492616045777,0.13535152695673505
40,15.0,1.0,-0.010987326628390045,-0.13535152695673505,0.4272259912882145,-1.0499238924068666,0.05669614347709519,0.010987326628390045,-0.06999492616045777,-0.13535152695673505
40,15.0,1.0,-0.010987277100824838,0.10441724587418619,0.5123191065520688,0.9313465910241018,0.04458717287338967,0.010987277100824838,0.06208977273494012,0.10441724587418619
40,15.0,1.0,-0.010987277100824838,-0.10441724587418619,0.5123191065520688,-0.9313465910241018,0.04458717287338967,0.010987277100824838,-0.06208977273494012,-0.10441724587418619
40,15.0,1.0,-0.01098733677565054,0.1452514730346464,0.40476110661294107,1.0798396211463508,0.060297216408435744,0.01098733677565054,0.07198930807642338,0.1452514730346464
40,15.0,1.0,-0.01098733677565054,-0.1452514730346464,0.40476110661294107,-1.0798396211463508,0.060297216408435744,0.01098733677565054,-0.07198930807642338,-0.1452514730346464
40,15.0,1.0,-0.010987358688725295,0.17352118991179705,0.35068417065676294,1.1500075360928836,0.0698579506184535,0.010987358688725295,0.0766671690728589,0.17352118991179705
40,15.0,1.0,-0.010987358688725295,-0.17352118991179705,0.35068417065676294,-1.1500075360928836,0.0698579506184535,0.010987358688725295,-0.0766671690728589,-0.17352118991179705
40,15.0,1.0,-0.01098724857138889,0.09373910433613517,0.5476793909075127,0.8789738075605619,0.040137681088862766,0.01098724857138889,0.058598253837370794,0.09373910433613517
40,15.0,1.0,-0.01098724857138889,-0.09373910433613517,0.5476793909075127,-0.8789738075605619,0.040137681088862766,0.01098724857138889,-0.058598253837370794,-0.09373910433613517
40,15.0,1.0,-0.010987352389033637,0.16435024190342454,0.36675933134346544,1.1293970545300585,0.0668699612631171,0.010987352389033637,0.07529313696867056,0.16435024190342454
40,15.0,1.0,-0.010987352389033637,-0.16435024190342454,0.36675933134346544,-1.1293970545300585,0.0668699612631171,0.010987352389033637,-0.07529313696867056,-0.16435024190342454
40,15.0,1.0,-0.01098745716913567,0.26370161793644026,0.24251452072561805,1.2844139571566593,0.09444624607442617,0.01098745716913567,0.08562759714377728,0.26370161793644026
40,15.0,1.0,-0.01098745716913567,-0.26370161793644026,0.24251452072561805,-1.2844139571566593,0.09444624607442617,0.01098745716913567,-0.08562759714377728,-0.26370161793644026
40,15.0,1.0,-0.010988208099894627,0.28514650424767574,0.22558234637175945,1.3049110567855322,0.09927133428788681,0.010988208099894627,0.08699407045236882,0.28514650424767574
40,15.0,1.0,-0.010988208099894627,-0.28514650424767574,0.22558234637175945,-1.3049110567855322,0.09927133428788681,0.010988208099894627,-0.08699407045236882,-0.28514650424767574
40,15.0,1.0,-0.010987384698410929,0.21505742445994666,0.29156915946922624,1.2242803918282006,0.08216520317186889,0.010987384698410929,0.0816186927885467,0.21505742445994666
40,15.0,1.0,-0.010987384698410929,-0.21505742445994666,0.29156915946922624,-1.2242803918282006,0.08216520317186889,0.010987384698410929,-0.0816186927885467,-0.21505742445994666
40,15.0,1.0,-0.010987208163541207,0.0828974041906779,0.5869194116567795,0.8180460890738448,0.03552451713788469,0.010987208163541207,0.05453640593825632,0.0828974041906779
40,15.0,1.0,-0.010987208163541207,-0.0828974041906779,0.5869194116567795,-0.8180460890738448,0.03552451713788469,0.010987208163541207,-0.05453640593825632,-0.0828974041906779
40,15.0,1.0,-0.010987345201766089,0.1549223839079653,0.38470088808871156,1.1061535154301032,0.06368594404691848,0.010987345201766089,0.07374356769534021,0.1549223839079653
40,15.0,1.0,-0.010987345201766089,-0.1549223839079653,0.38470088808871156,-1.1061535154301032,0.06368594404691848,0.010987345201766089,-0.07374356769534021,-0.1549223839079653
40,60.0,0.5,-0.011027108185272945,0.2878042150589062,0.9912928924536708,2.9113118307730135,0.00014575393156105248,0.011027108185272945,0.048521863846216894,0.2878042150589062
40,60.0,0.5,-0.011027108185272945,-0.2878042150589062,0.9912928924536708,-2.9113118307730135,0.00014575393156105248,0.011027108185272945,-0.048521863846216894,-0.2878042150589062
40,60.0,0.5,-0.010991720842899691,0.28736664662496075,0.9912946836159438,2.910963152978872,0.0001457238166698775,0.010991720842899691,0.048516052549647866,0.28736664662496075
40,60.0,0.5,-0.010991720842899691,-0.28736664662496075,0.9912946836159438,-2.910963152978872,0.0001457238166698775,0.010991720842899691,-0.048516052549647866,-0.28736664662496075
40,60.0,0.5,-0.010989008123198737,0.28647734319749857,0.9912437303605264,2.9102554392636275,0.00014658051726929394,0.010989008123198737,0.04850425732106046,0.28647734319749857
40,60.0,0.5,-0.010989008123198737,-0.28647734319749857,0.9912437303605264,-2.9102554392636275,0.00014658051726929394,0.010989008123198737,-0.04850425732106046,-0.28647734319749857
40,60.0,0.5,-0.01098760980252756,0.2785241179178487,0.9907479079521455,2.903730322049221,0.0001549193082298542,0.01098760980252756,0.04839550536748702,0.2785241179178487
40,60.0,0.5,-0.01098760980252756,-0.2785241179178487,0.9907479079521455,-2.903730322049221,0.0001549193082298542,0.01098760980252756,-0.04839550536748702,-0.2785241179178487
40,60.0,0.5,-0.010987707064384775,0.2811669101546066,0.9909175154819884,2.905938753945242,0.00015206636228093487,0.010987707064384775,0.04843231256575404,0.2811669101546066
40,60.0,0.5,-0.010987707064384775,-0.2811669101546066,0.9909175154819884,-2.905938753945242,0.00015206636228093487,0.010987707064384775,-0.04843231256575404,-0.2811669101546066
40,60.0,0.5,-0.01098787578574855,0.28337549142446294,0.9910556560347471,2.907753318630558,0.00014974307901676715,0.01098787578574855,0.048462555310509296,0.28337549142446294
40,60.0,0.5,-0.01098787578574855,-0.28337549142446294,0.9910556560347471,-2.907753318630558,0.00014974307901676715,0.01098787578574855,-0.048462555310509296,-0.28337549142446294
40,60.0,0.5,-0.010987548596305595,0.2754511578453082,0.9905446472830182,2.9011101376277995,0.0001583389726521755,0.010987548596305595,0.04835183562712999,0.2754511578453082
40,60.0,0.5,-0.010987548596305595,-0.2754511578453082,0.9905446472830182,-2.9011101376277995,0.0001583389726521755,0.010987548596305595,-0.04835183562712999,-0.2754511578453082
40,60.0,0.5,-0.010987507506631064,0.27195273872626713,0.990305017147388,2.898056484223813,0.00016237141962181274,0.010987507506631064,0.048300941403730216,0.27195273872626713
40,60.0,0.5,-0.010987507506631064,-0.27195273872626713,0.990305017147388,-2.898056484223813,0.00016237141962181274,0.010987507506631064,-0.048300941403730216,-0.27195273872626713
40,60.0,0.5,-0.010987478500053285,0.26803422329550936,0.9900257000526497,2.894543357761296,0.00016707294235510366,0.010987478500053285,0.0482423892960216,0.26803422329550936
40,60.0,0.5,-0.010987478500053285,-0.26803422329550936,0.9900257000526497,-2.894543357761296,0.00016707294235510366,0.010987478500053285,-0.0482423892960216,-0.26803422329550936
40,60.0,0.5,-0.010987428181534885,0.25382131684505777,0.9889051683201397,2.880909980511939,0.00018594730645699045,0.010987428181534885,0.04801516634186565,0.25382131684505777
40,60.0,0.5,-0.010987428181534885,-0.25382131684505777,0.9889051683201397,-2.880909980511939,0.00018594730645699045,0.010987428181534885,-0.04801516634186565,-0.25382131684505777
40,60.0,0.5,-0.010987440929513618,0.25896156209159804,0.9893311122311893,2.8860097143505787,0.00017877014024721269,0.010987440929513618,0.04810016190584298,0.25896156209159804
40,60.0,0.5,-0.010987440929513618,-0.25896156209159804,0.9893311122311893,-2.8860097143505787,0.00017877014024721269,0.010987440929513618,-0.04810016190584298,-0.25896156209159804
40,60.0,0.5,-0.010987417888707905,0.2482887524668941,0.9884178233861672,2.875190415604091,0.00019416287443930322,0.010987417888707905,0.04791984026006819,0.2482887524668941
40,60.0,0.5,-0.010987417888707905,-0.2482887524668941,0.9884178233861672,-2.875190415604091,0.00019416287443930322,0.010987417888707905,-0.04791984026006819,-0.2482887524668941
40,60.0,0.5,-0.01098740935172847,0.24237233480857376,0.9878605964593878,2.86879194209773,0.000203561464839494,0.01098740935172847,0.047813199034962166,0.24237233480857376
40,60.0,0.5,-0.01098740935172847,-0.24237233480857376,0.9878605964593878,-2.86879194209773,0.000203561464839494,0.01098740935172847,-0.047813199034962166,-0.24237233480857376
40,60.0,0.5,-0.010987402080621524,0.23608111046259947,0.9872232119758044,2.8616450464486105,0.0002143185527663918,0.010987402080621524,0.047694084107476845,0.23608111046259947
40,60.0,0.5,-0.010987402080621524,-0.23608111046259947,0.9872232119758044,-2.8616450464486105,0.0002143185527663918,0.010987402080621524,-0.047694084107476845,-0.23608111046259947
40,60.0,0.5,-0.010987395718862938,0.2294246905927266,0.986493162939986,2.853667719734621,0.0002266480694485699,0.010987395718862938,0.047561128662243685,0.2294246905927266
40,60.0,0.5,-0.010987395718862938,-0.2294246905927266,0.986493162939986,-2.853667719734621,0.0002266480694485699,0.010987395718862938,-0.047561128662243685,-0.2294246905927266
40,60.0,0.5,-0.020333570681230834,0.0,0.24223053091668212,0.0,0.02363108998623192,0.020333570681230834,0.0,0.0
40,60.0,0.5,-0.0015619228395637424,0.0,0.9104793596112426,0.0,0.0015630674893609988,0.0015619228395637424,0.0,0.0
40,60.0,0.5,-0.010982859686005044,0.012913439136441973,0.55921110971466,0.8074558190843499,0.009687137018367552,0.010982859686005044,0.013457596984739166,0.012913439136441973
40,60.0,0.5,-0.010982859686005044,-0.012913439136441973,0.55921110971466,-0.8074558190843499,0.009687137018367552,0.010982859686005044,-0.013457596984739166,-0.012913439136441973
40,60.0,0.5,-0.010985760806976816,0.026007048946082727,0.6672922069157741,1.39160136627135,0.006742120627875076,0.010985760806976816,0.0231933561045225,0.026007048946082727
40,60.0,0.5,-0.010985760806976816,-0.026007048946082727,0.6672922069157741,-1.39160136627135,0.006742120627875076,0.010985760806976816,-0.0231933561045225,-0.026007048946082727
40,60.0,0.5,-0.01098738999628013,0.2224132333144416,0.9856551415109795,2.84476286055621,0.00024081234363210796,0.01098738999628013,0.0474127143426035,0.2224132333144416
40,60.0,0.5,-0.01098738999628013,-0.2224132333144416,0.9856551415109795,-2.84476286055621,0.00024081234363210796,0.01098738999628013,-0.0474127143426035,-0.2224132333144416
40,60.0,0.5,-0.010986558191656014,0.03790684184676116,0.754522524746022,1.745683099983659,0.0046945024558064045,0.010986558191656014,0.029094718333060984,0.03790684184676116
40,60.0,0.5,-0.010986558191656014,-0.03790684184676116,0.754522524746022,-1.745683099983659,0.0046945024558064045,0.010986558191656014,-0.029094718333060984,-0.03790684184676116
40,60.0,0.5,-0.01098688618369676,0.04943397694618333,0.8171097169810867,1.9861304594717704,0.0033663650104676017,0.01098688618369676,0.033102174324529506,0.04943397694618333
40,60.0,0.5,-0.01098688618369676,-0.04943397694618333,0.8171097169810867,-1.9861304594717704,0.0033663650104676017,0.01098688618369676,-0.033102174324529506,-0.04943397694618333
40,60.0,0.5,-0.010987379645428943,0.2073684564922979,0.9835752065251365,2.8236859447810225,0.00027601959708813817,0.010987379645428943,0.047061432413017044,0.2073684564922979
40,60.0,0.5,-0.010987379645428943,-0.2073684564922979,0.9835752065251365,-2.8236859447810225,0.00027601959708813817,0.010987379645428943,-0.047061432413017044,-0.2073684564922979
40,60.0,0.5,-0.010987374676545862,0.1993580052293327,0.9822806084636188,2.8112095564733584,0.0002979709907897681,0.010987374676545862,0.046853492607889305,0.1993580052293327
40,60.0,0.5,-0.010987374676545862,-0.1993580052293327,0.9822806084636188,-2.8112095564733584,0.0002979709907897681,0.010987374676545862,-0.046853492607889305,-0.1993580052293327
40,60.0,0.5,-0.010987052294435262,0.060749657446928194,0.8607783788259852,2.1588229149676317,0.0024986367904156026,0.010987052294435262,0.035980381916127194,0.060749657446928194
40,60.0,0.5,-0.010987052294435262,-0.060749657446928194,0.8607783788259852,-2.1588229149676317,0.0024986367904156026,0.010987052294435262,-0.035980381916127194,-0.060749657446928194
40,60.0,0.5,-0.010987369637247904,0.1910382038814525,0.9807695188483964,2.7971843398485157,0.0003236298688228007,0.010987369637247904,0.04661973899747526,0.1910382038814525
40,60.0,0.5,-0.010987369637247904,-0.1910382038814525,0.9807695188483964,-2.7971843398485157,0.0003236298688228007,0.010987369637247904,-0.04661973899747526,-0.1910382038814525
40,60.0,0.5,-0.010987147971506746,0.07190026488717018,0.8914317647234785,2.2878597759095443,0.0019154397409757043,0.010987147971506746,0.03813099626515907,0.07190026488717018
40,60.0,0.5,-0.010987147971506746,-0.07190026488717018,0.8914317647234785,-2.2878597759095443,0.0019154397409757043,0.010987147971506746,-0.03813099626515907,-0.07190026488717018
40,60.0,0.5,-0.010987364367433652,0.18242161366869658,0.9789947696886304,2.7813640997024045,0.00035381631616417466,0.010987364367433652,0.046356068328373405,0.18242161366869658
40,60.0,0.5,-0.010987364367433652,-0.18242161366869658,0.9789947696886304,-2.7813640997024045,0.00035381631616417466,0.010987364367433652,-0.046356068328373405,-0.18242161366869658
40,60.0,0.5,-0.01098729808719301,0.1149206626518863,0.950492739986107,2.5814556898770395,0.0008462459197109752,0.01098729808719301,0.04302426149795066,0.1149206626518863
40,60.0,0.5,-0.01098729808719301,-0.1149206626518863,0.950492739986107,-2.5814556898770395,0.0008462459197109752,0.01098729808719301,-0.04302426149795066,-0.1149206626518863
40,60.0,0.5,-0.010987314072027639,0.12523660947841825,0.9575968094679729,2.6248796683396187,0.0007221409424047769,0.010987314072027639,0.04374799447232698,0.12523660947841825
40,60.0,0.5,-0.010987314072027639,-0.12523660947841825,0.9575968094679729,-2.6248796683396187,0.0007221409424047769,0.010987314072027639,-0.04374799447232698,-0.12523660947841825
40,60.0,0.5,-0.010987326628390045,0.13535152695673505,0.9632123319997725,2.661527577534257,0.0006246900225605025,0.010987326628390045,0.04435879295890428,0.13535152695673505
40,60.0,0.5,-0.010987326628390045,-0.13535152695673505,0.9632123319997725,-2.661527577534257,0.0006246900225605025,0.010987326628390045,-0.04435879295890428,-0.13535152695673505
40,60.0,0.5,-0.010987277100824838,0.10441724587418619,0.9413541381529223,2.529355030579624,0.0010072644640684461,0.010987277100824838,0.042155917176327065,0.10441724587418619
40,60.0,0.5,-0.010987277100824838,-0.10441724587418619,0.9413541381529223,-2.529355030579624,0.0010072644640684461,0.010987277100824838,-0.042155917176327065,-0.10441724587418619
40,60.0,0.5,-0.01098733677565054,0.1452514730346464,0.9677176195625304,2.6927888058722975,0.0005469158265119556,0.01098733677565054,0.04487981343120496,0.1452514730346464
40,60.0,0.5,-0.01098733677565054,-0.1452514730346464,0.9677176195625304,-2.6927888058722975,0.0005469158265119556,0.01098733677565054,-0.04487981343120496,-0.1452514730346464
40,60.0,0.5,-0.010987358688725295,0.17352118991179705,0.9768955207663496,2.7634452282953648,0.00038959285807303376,0.010987358688725295,0.046057420471589415,0.17352118991179705
40,60.0,0.5,-0.010987358688725295,-0.17352118991179705,0.9768955207663496,-2.7634452282953648,0.00038959285807303376,0.010987358688725295,-0.046057420471589415,-0.17352118991179705
40,60.0,0.5,-0.01098724857138889,0.09373910433613517,0.929376647673711,2.4659161835908314,0.0012206864814278784,0.01098724857138889,0.04109860305984719,0.09373910433613517
40,60.0,0.5,-0.01098724857138889,-0.09373910433613517,0.929376647673711,-2.4659161835908314,0.0012206864814278784,0.01098724857138889,-0.04109860305984719,-0.09373910433613517
40,60.0,0.5,-0.010987352389033637,0.16435024190342454,0.9743923328949086,2.7430494697425045,0.0004323541766194926,0.010987352389033637,0.04571749116237508,0.16435024190342454
40,60.0,0.5,-0.010987352389033637,-0.16435024190342454,0.9743923328949086,-2.7430494697425045,0.0004323541766194926,0.010987352389033637,-0.04571749116237508,-0.16435024190342454
40,60.0,0.5,-0.01098745716913567,0.26370161793644026,0.9897026793161974,2.890539902502439,0.00017251174804658312,0.01098745716913567,0.04817566504170732,0.26370161793644026
40,60.0,0.5,-0.01098745716913567,-0.26370161793644026,0.9897026793161974,-2.890539902502439,0.00017251174804658312,0.01098745716913567,-0.04817566504170732,-0.26370161793644026
40,60.0,0.5,-0.010988208099894627,0.28514650424767574,0.9911640196498869,2.9091884437564763,0.00014792081857178903,0.010988208099894627,0.04848647406260794,0.28514650424767574
40,60.0,0.5,-0.010988208099894627,-0.28514650424767574,0.9911640196498869,-2.9091884437564763,0.00014792081857178903,0.010988208099894627,-0.04848647406260794,-0.28514650424767574
40,60.0,0.5,-0.010987384698410929,0.21505742445994666,0.9846902900870963,2.834814974674129,0.00025713522599800495,0.010987384698410929,0.047246916244568817,0.21505742445994666
40,60.0,0.5,-0.010987384698410929,-0.21505742445994666,0.9846902900870963,-2.834814974674129,0.00025713522599800495,0.010987384698410929,-0.047246916244568817,-0.21505742445994666
40,60.0,0.5,-0.010987208163541207,0.0828974041906779,0.9133514336219895,2.387310944674926,0.001510575843836775,0.010987208163541207,0.0397885157445821,0.0828974041906779
40,60.0,0.5,-0.010987208163541207,-0.0828974041906779,0.9133514336219895,-2.387310944674926,0.001510575843836775,0.010987208163541207,-0.0397885157445821,-0.0828974041906779
40,60.0,0.5,-0.010987345201766089,0.1549223839079653,0.9713800850682793,2.7197001455571486,0.00048395750914385856,0.010987345201766089,0.04532833575928581,0.1549223839079653
40,60.0,0.5,-0.010987345201766089,-0.1549223839079653,0.9713800850682793,-2.7197001455571486,0.00048395750914385856,0.010987345201766089,-0.04532833575928581,-0.1549223839079653
40,60.0,0.65,-0.011027108185272945,0.2878042150589062,0.5384436844872523,2.8884056046743742,0.01031787277227931,0.011027108185272945,0.04814009341123957,0.2878042150589062
40,60.0,0.65,-0.011027108185272945,-0.2878042150589062,0.5384436844872523,-2.8884056046743742,0.01031787277227931,0.011027108185272945,-0.04814009341123957,-0.2878042150589062
40,60.0,0.65,-0.010991720842899691,0.28736664662496075,0.5384602646800286,2.8880241916398046,0.0103173595667209,0.010991720842899691,0.04813373652733008,0.28736664662496075
40,60.0,0.65,-0.010991720842899691,-0.28736664662496075,0.5384602646800286,-2.8880241916398046,0.0103173595667209,0.010991720842899691,-0.04813373652733008,-0.28736664662496075
40,60.0,0.65,-0.010989008123198737,0.28647734319749857,0.5384615398168723,2.8872454930769926,0.010317320098152916,0.010989008123198737,0.04812075821794988,0.28647734319749857
40,60.0,0.65,-0.010989008123198737,-0.28647734319749857,0.5384615398168723,-2.8872454930769926,0.010317320098152916,0.010989008123198737,-0.04812075821794988,-0.28647734319749857
40,60.0,0.65,-0.01098760980252756,0.2785241179178487,0.5384622388601041,2.880064023506571,0.010317298461114599,0.01098760980252756,0.04800106705844285,0.2785241179178487
40,60.0,0.65,-0.01098760980252756,-0.2785241179178487,0.5384622388601041,-2.880064023506571,0.010317298461114599,0.01098760980252756,-0.04800106705844285,-0.2785241179178487
40,60.0,0.65,-0.010987707064384775,0.2811669101546066,0.5384621782510971,2.8824946887775957,0.01031730033710534,0.010987707064384775,0.048041578146293264,0.2811669101546066
40,60.0,0.65,-0.010987707064384775,-0.2811669101546066,0.5384621782510971,-2.8824946887775957,0.01031730033710534,0.010987707064384775,-0.048041578146293264,-0.2811669101546066
40,60.0,0.65,-0.01098787578574855,0.28337549142446294,0.5384620869590391,2.8844917959470644,0.010317303162808782,0.01098787578574855,0.048074863265784404,0.28337549142446294
40,60.0,0.65,-0.01098787578574855,-0.28337549142446294,0.5384620869590391,-2.8844917959470644,0.010317303162808782,0.01098787578574855,-0.048074863265784404,-0.28337549142446294
40,60.0,0.65,-0.010987548596305595,0.2754511578453082,0.5384622855707855,2.877180079709286,0.01031729701530974,0.010987548596305595,0.0479530013284881,0.2754511578453082
40,60.0,0.65,-0.010987548596305595,-0.2754511578453082,0.5384622855707855,-2.877180079709286,0.01031729701530974,0.010987548596305595,-0.0479530013284881,-0.2754511578453082
40,60.0,0.65,-0.010987507506631064,0.27195273872626713,0.5384623260972925,2.873818908501584,0.010317295760919644,0.010987507506631064,0.04789698180835974,0.27195273872626713
40,60.0,0.65,-0.010987507506631064,-0.27195273872626713,0.5384623260972925,-2.873818908501584,0.010317295760919644,0.010987507506631064,-0.04789698180835974,-0.27195273872626713
40,60.0,0.65,-0.010987478500053285,0.26803422329550936,0.5384623645051191,2.8699518284538006,0.010317294572107746,0.010987478500053285,0.04783253047423001,0.26803422329550936
40,60.0,0.65,-0.010987478500053285,-0.26803422329550936,0.5384623645051191,-2.8699518284538006,0.010317294572107746,0.010987478500053285,-0.04783253047423001,-0.26803422329550936
40,60.0,0.65,-0.010987428181534885,0.25382131684505777,0.5384624878464936,2.8549431705925126,0.010317290754404827,0.010987428181534885,0.047582386176541876,0.25382131684505777
40,60.0,0.65,-0.010987428181534885,-0.25382131684505777,0.5384624878464936,-2.8549431705925126,0.010317290754404827,0.010987428181534885,-0.047582386176541876,-0.25382131684505777
40,60.0,0.65,-0.010987440929513618,0.25896156209159804,0.5384624439112055,2.8605576640035197,0.010317292114304261,0.010987440929513618,0.04767596106672533,0.25896156209159804
40,60.0,0.65,-0.010987440929513618,-0.25896156209159804,0.5384624439112055,-2.8605576640035197,0.010317292114304261,0.010987440929513618,-0.04767596106672533,-0.25896156209159804
40,60.0,0.65,-0.010987417888707905,0.2482887524668941,0.5384625361625275,2.8486458198787394,0.010317289258911243,0.010987417888707905,0.047477430331312326,0.2482887524668941
40,60.0,0.65,-0.010987417888707905,-0.2482887524668941,0.5384625361625275,-2.8486458198787394,0.010317289258911243,0.010987417888707905,-0.047477430331312326,-0.2482887524668941
40,60.0,0.65,-0.01098740935172847,0.24237233480857376,0.5384625899694726,2.84160039067356,0.01031728759346135,0.01098740935172847,0.047360006511225995,0.24237233480857376
40,60.0,0.65,-0.01098740935172847,-0.24237233480857376,0.5384625899694726,-2.84160039067356,0.01031728759346135,0.01098740935172847,-0.047360006511225995,-0.24237233480857376
40,60.0,0.65,-0.010987402080621524,0.23608111046259947,0.5384626504489965,2.8337301203794047,0.010317285721479847,0.010987402080621524,0.047228835339656744,0.23608111046259947
40,60.0,0.65,-0.010987402080621524,-0.23608111046259947,0.5384626504489965,-2.8337301203794047,0.010317285721479847,0.010987402080621524,-0.047228835339656744,-0.23608111046259947
40,60.0,0.65,-0.010987395718862938,0.2294246905927266,0.538462718932558,2.8249444213250614,0.010317283601755075,0.010987395718862938,0.047082407022084355,0.2294246905927266
40,60.0,0.65,-0.010987395718862938,-0.2294246905927266,0.538462718932558,-2.8249444213250614,0.010317283601755075,0.010987395718862938,-0.047082407022084355,-0.2294246905927266
40,60.0,0.65,-0.020333570681230834,0.0,0.31957169969714583,0.0,0.019012893635725978,0.020333570681230834,0.0,0.0
40,60.0,0.65,-0.0015619228395637424,0.0,0.9116655234476484,0.0,0.0015413684463817605,0.0015619228395637424,0.0,0.0
40,60.0,0.65,-0.010982859686005044,0.012913439136441973,0.538622419168695,0.677866142687117,0.0103123412429245,0.010982859686005044,0.011297769044785282,0.012913439136441973
40,60.0,0.65,-0.010982859686005044,-0.012913439136441973,0.538622419168695,-0.677866142687117,0.0103123412429245,0.010982859686005044,-0.011297769044785282,-0.012913439136441973
40,60.0,0.65,-0.010985760806976816,0.026007048946082727,0.538525072582545,1.2348017308702948,0.01031535372379521,0.010985760806976816,0.020580028847838248,0.026007048946082727
40,60.0,0.65,-0.010985760806976816,-0.026007048946082727,0.538525072582545,-1.2348017308702948,0.01031535372379521,0.010985760806976816,-0.020580028847838248,-0.026007048946082727
40,60.0,0.65,-0.01098738999628013,0.2224132333144416,0.5384627969797195,2.8151359992018588,0.01031728118601507,0.01098738999628013,0.04691893332003098,0.2224132333144416
40,60.0,0.65,-0.01098738999628013,-0.2224132333144416,0.5384627969797195,-2.8151359992018588,0.01031728118601507,0.01098738999628013,-0.04691893332003098,-0.2224132333144416
40,60.0,0.65,-0.010986558191656014,0.03790684184676116,0.5384963607993514,1.6050526697069507,0.010316242340688385,0.010986558191656014,0.02675087782844918,0.03790684184676116
40,60.0,0.65,-0.010986558191656014,-0.03790684184676116,0.5384963607993514,-1.6050526697069507,0.010316242340688385,0.010986558191656014,-0.02675087782844918,-0.03790684184676116
40,60.0,0.65,-0.01098688618369676,0.04943397694618333,0.5384836811026861,1.8661744013829316,0.0103166347867311,0.01098688618369676,0.031102906689715527,0.04943397694618333
40,60.0,0.65,-0.01098688618369676,-0.04943397694618333,0.5384836811026861,-1.8661744013829316,0.0103166347867311,0.01098688618369676,-0.031102906689715527,-0.04943397694618333
40,60.0,0.65,-0.010987379645428943,0.2073684564922979,0.5384629896997839,2.791915255534049,0.010317275220885231,0.010987379645428943,0.04653192092556748,0.2073684564922979
40,60.0,0.65,-0.010987379645428943,-0.2073684564922979,0.5384629896997839,-2.791915255534049,0.010317275220885231,0.010987379645428943,-0.04653192092556748,-0.2073684564922979
40,60.0,0.65,-0.010987374676545862,0.1993580052293327,0.5384631095537139,2.7781663079071484,0.010317271511131142,0.010987374676545862,0.04630277179845247,0.1993580052293327
40,60.0,0.65,-0.010987374676545862,-0.1993580052293327,0.5384631095537139,-2.7781663079071484,0.010317271511131142,0.010987374676545862,-0.04630277179845247,-0.1993580052293327
40,60.0,0.65,-0.010987052294435262,0.060749657446928194,0.5384768927646935,2.056396179224957,0.010316844894639023,0.010987052294435262,0.034273269653749286,0.060749657446928194
40,60.0,0.65,-0.010987052294435262,-0.060749657446928194,0.5384768927646935,-2.056396179224957,0.010316844894639023,0.010987052294435262,-0.034273269653749286,-0.060749657446928194
40,60.0,0.65,-0.010987369637247904,0.1910382038814525,0.5384632496727758,2.762707335432447,0.010317267174125778,0.010987369637247904,0.04604512225720745,0.1910382038814525
40,60.0,0.65,-0.010987369637247904,-0.1910382038814525,0.5384632496727758,-2.762707335432447,0.010317267174125778,0.010987369637247904,-0.04604512225720745,-0.1910382038814525
40,60.0,0.65,-0.010987147971506746,0.07190026488717018,0.538472825204535,2.1992247944381726,0.010316970792196128,0.010987147971506746,0.036653746573969546,0.07190026488717018
40,60.0,0.65,-0.010987147971506746,-0.07190026488717018,0.538472825204535,-2.1992247944381726,0.010316970792196128,0.010987147971506746,-0.036653746573969546,-0.07190026488717018
40,60.0,0.65,-0.010987364367433652,0.18242161366869658,0.5384634147387297,2.7452656636217103,0.01031726206495851,0.010987364367433652,0.04575442772702851,0.18242161366869658
40,60.0,0.65,-0.010987364367433652,-0.18242161366869658,0.5384634147387297,-2.7452656636217103,0.01031726206495851,0.010987364367433652,-0.04575442772702851,-0.18242161366869658
40,60.0,0.65,-0.01098729808719301,0.1149206626518863,0.5384661829470799,2.524469973075884,0.010317176382837903,0.01098729808719301,0.04207449955126474,0.1149206626518863
40,60.0,0.65,-0.01098729808719301,-0.1149206626518863,0.5384661829470799,-2.524469973075884,0.010317176382837903,0.01098729808719301,-0.04207449955126474,-0.1149206626518863
40,60.0,0.65,-0.010987314072027639,0.12523660947841825,0.5384654700894254,2.572493371408741,0.010317198447303881,0.010987314072027639,0.042874889523479016,0.12523660947841825
40,60.0,0.65,-0.010987314072027639,-0.12523660947841825,0.5384654700894254,-2.572493371408741,0.010317198447303881,0.010987314072027639,-0.042874889523479016,-0.12523660947841825
40,60.0,0.65,-0.010987326628390045,0.13535152695673505,0.5384649178281213,2.6129968092679734,0.010317215540990103,0.010987326628390045,0.04354994682113289,0.13535152695673505
40,60.0,0.65,-0.010987326628390045,-0.13535152695673505,0.5384649178281213,-2.6129968092679734,0.010317215540990103,0.010987326628390045,-0.04354994682113289,-0.13535152695673505
40,60.0,0.65,-0.010987277100824838,0.10441724587418619,0.5384671244043974,2.4668100199921286,0.010317147242769185,0.010987277100824838,0.041113500333202144,0.10441724587418619
40,60.0,0.65,-0.010987277100824838,-0.10441724587418619,0.5384671244043974,-2.4668100199921286,0.010317147242769185,0.010987277100824838,-0.041113500333202144,-0.10441724587418619
40,60.0,0.65,-0.01098733677565054,0.1452514730346464,0.5384644816360401,2.6475271735715635,0.010317229042094306,0.01098733677565054,0.04412545289285939,0.1452514730346464
40,60.0,0.65,-0.01098733677565054,-0.1452514730346464,0.5384644816360401,-2.6475271735715635,0.010317229042094306,0.01098733677565054,-0.04412545289285939,-0.1452514730346464
40,60.0,0.65,-0.010987358688725295,0.17352118991179705,0.5384636108557941,2.7255048161507194,0.01031725599469068,0.010987358688725295,0.04542508026917866,0.17352118991179705
40,60.0,0.65,-0.010987358688725295,-0.17352118991179705,0.5384636108557941,-2.7255048161507194,0.01031725599469068,0.010987358688725295,-0.04542508026917866,-0.17352118991179705
40,60.0,0.65,-0.01098724857138889,0.09373910433613517,0.5384684024496736,2.3965514424780814,0.010317107684682237,0.01098724857138889,0.03994252404130136,0.09373910433613517
40,60.0,0.65,-0.01098724857138889,-0.09373910433613517,0.5384684024496736,-2.3965514424780814,0.010317107684682237,0.01098724857138889,-0.03994252404130136,-0.09373910433613517
40,60.0,0.65,-0.010987352389033637,0.16435024190342454,0.5384638461079018,2.7030052925658463,0.010317248713107439,0.010987352389033637,0.04505008820943077,0.16435024190342454
40,60.0,0.65,-0.010987352389033637,-0.16435024190342454,0.5384638461079018,-2.7030052925658463,0.010317248713107439,0.010987352389033637,-0.04505008820943077,-0.16435024190342454
40,60.0,0.65,-0.01098745716913567,0.26370161793644026,0.5384624032253212,2.865544801884013,0.01031729337362718,0.01098745716913567,0.04775908003140021,0.26370161793644026
40,60.0,0.65,-0.01098745716913567,-0.26370161793644026,0.5384624032253212,-2.865544801884013,0.01031729337362718,0.01098745716913567,-0.04775908003140021,-0.26370161793644026
40,60.0,0.65,-0.010988208099894627,0.28514650424767574,0.5384619216684983,2.886071247446668,0.01031730827894014,0.010988208099894627,0.04810118745744447,0.28514650424767574
40,60.0,0.65,-0.010988208099894627,-0.28514650424767574,0.5384619216684983,-2.886071247446668,0.01031730827894014,0.010988208099894627,-0.04810118745744447,-0.28514650424767574
40,60.0,0.65,-0.010987384698410929,0.21505742445994666,0.5384628864672909,2.804177188999957,0.010317278416168375,0.010987384698410929,0.04673628648333262,0.21505742445994666
40,60.0,0.65,-0.010987384698410929,-0.21505742445994666,0.5384628864672909,-2.804177188999957,0.010317278416168375,0.010987384698410929,-0.04673628648333262,-0.21505742445994666
40,60.0,0.65,-0.010987208163541207,0.0828974041906779,0.5384701968746577,2.3094444452035767,0.010317052143757086,0.010987208163541207,0.03849074075339295,0.0828974041906779
40,60.0,0.65,-0.010987208163541207,-0.0828974041906779,0.5384701968746577,-2.3094444452035767,0.010317052143757086,0.010987208163541207,-0.03849074075339295,-0.0828974041906779
40,60.0,0.65,-0.010987345201766089,0.1549223839079653,0.5384641313847324,2.677238033038557,0.01031723988315048,0.010987345201766089,0.04462063388397595,0.1549223839079653
40,60.0,0.65,-0.010987345201766089,-0.1549223839079653,0.5384641313847324,-2.677238033038557,0.01031723988315048,0.010987345201766089,-0.04462063388397595,-0.1549223839079653
40,60.0,1.0,-0.011027108185272945,0.2878042150589062,0.05764348863569396,1.4748673176032938,0.04755796641868982,0.011027108185272945,0.024581121960054898,0.2878042150589062
40,60.0,1.0,-0.011027108185272945,-0.2878042150589062,0.05764348863569396,-1.4748673176032938,0.04755796641868982,0.011027108185272945,-0.024581121960054898,-0.2878042150589062
40,60.0,1.0,-0.010991720842899691,0.28736664662496075,0.05773113274174557,1.4748441564034693,0.04753264481218051,0.010991720842899691,0.024580735940057823,0.28736664662496075
40,60.0,1.0,-0.010991720842899691,-0.28736664662496075,0.05773113274174557,-1.4748441564034693,0.04753264481218051,0.010991720842899691,-0.024580735940057823,-0.28736664662496075
40,60.0,1.0,-0.010989008123198737,0.28647734319749857,0.0579087457750151,1.4745575099302684,0.04748144760258667,0.010989008123198737,0.024575958498837806,0.28647734319749857
40,60.0,1.0,-0.010989008123198737,-0.28647734319749857,0.0579087457750151,-1.4745575099302684,0.04748144760258667,0.010989008123198737,-0.024575958498837806,-0.28647734319749857
40,60.0,1.0,-0.01098760980252756,0.2785241179178487,0.05954643110891368,1.4718320562935603,0.047016648599622866,0.01098760980252756,0.024530534271559337,0.2785241179178487
40,60.0,1.0,-0.01098760980252756,-0.2785241179178487,0.05954643110891368,-1.4718320562935603,0.047016648599622866,0.01098760980252756,-0.024530534271559337,-0.2785241179178487
40,60.0,1.0,-0.010987707064384775,0.2811669101546066,0.05899211781898894,1.472755938500691,0.04717252400482533,0.010987707064384775,0.02454593230834485,0.2811669101546066
40,60.0,1.0,-0.010987707064384775,-0.2811669101546066,0.05899211781898894,-1.472755938500691,0.04717252400482533,0.010987707064384775,-0.02454593230834485,-0.2811669101546066
40,60.0,1.0,-0.01098787578574855,0.28337549142446294,0.05853669402778537,1.473514628716277,0.04730169121740217,0.01098787578574855,0.024558577145271283,0.28337549142446294
40,60.0,1.0,-0.01098787578574855,-0.28337549142446294,0.05853669402778537,-1.473514628716277,0.04730169121740217,0.01098787578574855,-0.024558577145271283,-0.28337549142446294
40,60.0,1.0,-0.010987548596305595,0.2754511578453082,0.06020414546059602,1.4707355356573042,0.04683356779277516,0.010987548596305595,0.024512258927621735,0.2754511578453082
40,60.0,1.0,-0.010987548596305595,-0.2754511578453082,0.06020414546059602,-1.4707355356573042,0.04683356779277516,0.010987548596305595,-0.024512258927621735,-0.2754511578453082
40,60.0,1.0,-0.010987507506631064,0.27195273872626713,0.060970740223276185,1.4694572354791604,0.0466226866392905,0.010987507506631064,0.024490953924652673,0.27195273872626713
40,60.0,1.0,-0.010987507506631064,-0.27195273872626713,0.060970740223276185,-1.4694572354791604,0.0466226866392905,0.010987507506631064,-0.024490953924652673,-0.27195273872626713
40,60.0,1.0,-0.010987478500053285,0.26803422329550936,0.06185277862497165,1.4679861633127311,0.046383304265514895,0.010987478500053285,0.024466436055212187,0.26803422329550936
40,60.0,1.0,-0.010987478500053285,-0.26803422329550936,0.06185277862497165,-1.4679861633127311,0.046383304265514895,0.010987478500053285,-0.024466436055212187,-0.26803422329550936
40,60.0,1.0,-0.010987428181534885,0.25382131684505777,0.06527670531034391,1.4622733433625554,0.045485333995389225,0.010987428181534885,0.024371222389375925,0.25382131684505777
40,60.0,1.0,-0.010987428181534885,-0.25382131684505777,0.06527670531034391,-1.4622733433625554,0.045485333995389225,0.010987428181534885,-0.024371222389375925,-0.25382131684505777
40,60.0,1.0,-0.010987440929513618,0.25896156209159804,0.06399575367564991,1.4644110377561812,0.04581564244402692,0.010987440929513618,0.024406850629269686,0.25896156209159804
40,60.0,1.0,-0.010987440929513618,-0.25896156209159804,0.06399575367564991,-1.4644110377561812,0.04581564244402692,0.010987440929513618,-0.024406850629269686,-0.25896156209159804
40,60.0,1.0,-0.010987417888707905,0.2482887524668941,0.0667136212964909,1.459874763588782,0.04512243549285645,0.010987417888707905,0.024331246059813034,0.2482887524668941
40,60.0,1.0,-0.010987417888707905,-0.2482887524668941,0.0667136212964909,-1.459874763588782,0.04512243549285645,0.010987417888707905,-0.024331246059813034,-0.2482887524668941
40,60.0,1.0,-0.01098740935172847,0.24237233480857376,0.06832144937721434,1.4571901171807051,0.044725525253152786,0.01098740935172847,0.02428650195301175,0.24237233480857376
40,60.0,1.0,-0.01098740935172847,-0.24237233480857376,0.06832144937721434,-1.4571901171807051,0.044725525253152786,0.01098740935172847,-0.02428650195301175,-0.24237233480857376
40,60.0,1.0,-0.010987402080621524,0.23608111046259947,0.07011779044031935,1.4541897226094065,0.044292978842413705,0.010987402080621524,0.02423649537682344,0.23608111046259947
40,60.0,1.0,-0.010987402080621524,-0.23608111046259947,0.07011779044031935,-1.4541897226094065,0.044292978842413705,0.010987402080621524,-0.02423649537682344,-0.23608111046259947
40,60.0,1.0,-0.010987395718862938,0.2294246905927266,0.07212342608702355,1.450838493747189,0.04382293960681636,0.010987395718862938,0.02418064156245315,0.2294246905927266
40,60.0,1.0,-0.010987395718862938,-0.2294246905927266,0.07212342608702355,-1.450838493747189,0.04382293960681636,0.010987395718862938,-0.02418064156245315,-0.2294246905927266
40,60.0,1.0,-0.020333570681230834,0.0,0.45044756091581484,0.0,0.01329189351119423,0.020333570681230834,0.0,0.0
40,60.0,1.0,-0.0015619228395637424,0.0,0.9143146627428367,0.0,0.0014930082802658655,0.0015619228395637424,0.0,0.0
40,60.0,1.0,-0.010982859686005044,0.012913439136441973,0.5461536700856622,0.43693381440923157,0.010080914929878067,0.010982859686005044,0.007282230240153859,0.012913439136441973
40,60.0,1.0,-0.010982859686005044,-0.012913439136441973,0.5461536700856622,-0.43693381440923157,0.010080914929878067,0.010982859686005044,-0.007282230240153859,-0.012913439136441973
40,60.0,1.0,-0.010985760806976816,0.026007048946082727,0.4390492524896286,0.7547444327912877,0.01371906132901297,0.010985760806976816,0.012579073879854795,0.026007048946082727
40,60.0,1.0,-0.010985760806976816,-0.026007048946082727,0.4390492524896286,-0.7547444327912877,0.01371906132901297,0.010985760806976816,-0.012579073879854795,-0.026007048946082727
40,60.0,1.0,-0.01098738999628013,0.2224132333144416,0.07436298506622473,1.4470947943574226,0.0433132828915711,0.01098738999628013,0.024118246572623712,0.2224132333144416
40,60.0,1.0,-0.01098738999628013,-0.2224132333144416,0.07436298506622473,-1.4470947943574226,0.0433132828915711,0.01098738999628013,-0.024118246572623712,-0.2224132333144416
40,60.0,1.0,-0.010986558191656014,0.03790684184676116,0.3552030050934659,0.9405416629696817,0.01725109679357086,0.010986558191656014,0.015675694382828027,0.03790684184676116
40,60.0,1.0,-0.010986558191656014,-0.03790684184676116,0.3552030050934659,-0.9405416629696817,0.01725109679357086,0.010986558191656014,-0.015675694382828027,-0.03790684184676116
40,60.0,1.0,-0.01098688618369676,0.04943397694618333,0.2942401866667148,1.0607620136991955,0.020389314728723476,0.01098688618369676,0.017679366894986594,0.04943397694618333
40,60.0,1.0,-0.01098688618369676,-0.04943397694618333,0.2942401866667148,-1.0607620136991955,0.020389314728723476,0.01098688618369676,-0.017679366894986594,-0.04943397694618333
40,60.0,1.0,-0.010987379645428943,0.2073684564922979,0.07966695586404808,1.4382214888937854,0.04216500642721119,0.010987379645428943,0.023970358148229755,0.2073684564922979
40,60.0,1.0,-0.010987379645428943,-0.2073684564922979,0.07966695586404808,-1.4382214888937854,0.04216500642721119,0.010987379645428943,-0.023970358148229755,-0.2073684564922979
40,60.0,1.0,-0.010987374676545862,0.1993580052293327,0.08280878599919486,1.4329604344881706,0.04152035186864868,0.010987374676545862,0.023882673908136177,0.1993580052293327
40,60.0,1.0,-0.010987374676545862,-0.1993580052293327,0.08280878599919486,-1.4329604344881706,0.04152035186864868,0.010987374676545862,-0.023882673908136177,-0.1993580052293327
40,60.0,1.0,-0.010987052294435262,0.060749657446928194,0.24969667334088974,1.1436200262829885,0.023125140073479097,0.010987052294435262,0.019060333771383144,0.060749657446928194
40,60.0,1.0,-0.010987052294435262,-0.060749657446928194,0.24969667334088974,-1.1436200262829885,0.023125140073479097,0.010987052294435262,-0.019060333771383144,-0.060749657446928194
40,60.0,1.0,-0.010987369637247904,0.1910382038814525,0.08634264262443485,1.4270383245964935,0.04082386136895411,0.010987369637247904,0.023783972076608224,0.1910382038814525
40,60.0,1.0,-0.010987369637247904,-0.1910382038814525,0.08634264262443485,-1.4270383245964935,0.04082386136895411,0.010987369637247904,-0.023783972076608224,-0.1910382038814525
40,60.0,1.0,-0.010987147971506746,0.07190026488717018,0.21635205096229707,1.203624109177996,0.025514138875353344,0.010987147971506746,0.020060401819633266,0.07190026488717018
40,60.0,1.0,-0.010987147971506746,-0.07190026488717018,0.21635205096229707,-1.203624109177996,0.025514138875353344,0.010987147971506746,-0.020060401819633266,-0.07190026488717018
40,60.0,1.0,-0.010987364367433652,0.18242161366869658,0.0903313965486472,1.4203477728320126,0.04007116979035457,0.010987364367433652,0.023672462880533544,0.18242161366869658
40,60.0,1.0,-0.010987364367433652,-0.18242161366869658,0.0903313965486472,-1.4203477728320126,0.04007116979035457,0.010987364367433652,-0.023672462880533544,-0.18242161366869658
40,60.0,1.0,-0.01098729808719301,0.1149206626518863,0.14100263373474073,1.3346507608362104,0.03264961183014377,0.01098729808719301,0.022244179347270174,0.1149206626518863
40,60.0,1.0,-0.01098729808719301,-0.1149206626518863,0.14100263373474073,-1.3346507608362104,0.03264961183014377,0.01098729808719301,-0.022244179347270174,-0.1149206626518863
40,60.0,1.0,-0.010987314072027639,0.12523660947841825,0.1299510060691218,1.3534698547738317,0.034009962932561345,0.010987314072027639,0.022557830912897196,0.12523660947841825
40,60.0,1.0,-0.010987314072027639,-0.12523660947841825,0.1299510060691218,-1.3534698547738317,0.034009962932561345,0.010987314072027639,-0.022557830912897196,-0.12523660947841825
40,60.0,1.0,-0.010987326628390045,0.13535152695673505,0.12064384771892618,1.3692577024300714,0.03524854135015388,0.010987326628390045,0.022820961707167856,0.13535152695673505
40,60.0,1.0,-0.010987326628390045,-0.13535152695673505,0.12064384771892618,-1.3692577024300714,0.03524854135015388,0.010987326628390045,-0.022820961707167856,-0.13535152695673505
40,60.0,1.0,-0.010987277100824838,0.10441724587418619,0.15429650480341559,1.3118993842475435,0.03114798619706857,0.010987277100824838,0.021864989737459057,0.10441724587418619
40,60.0,1.0,-0.010987277100824838,-0.10441724587418619,0.15429650480341559,-1.3118993842475435,0.03114798619706857,0.010987277100824838,-0.021864989737459057,-0.10441724587418619
40,60.0,1.0,-0.01098733677565054,0.1452514730346464,0.11271884005538878,1.3826608160207192,0.03638097836566319,0.01098733677565054,0.023044346933678652,0.1452514730346464
40,60.0,1.0,-0.01098733677565054,-0.1452514730346464,0.11271884005538878,-1.3826608160207192,0.03638097836566319,0.01098733677565054,-0.023044346933678652,-0.1452514730346464
40,60.0,1.0,-0.010987358688725295,0.17352118991179705,0.09485273301434993,1.412755661838935,0.039257162815803825,0.010987358688725295,0.02354592769731558,0.17352118991179705
40,60.0,1.0,-0.010987358688725295,-0.17352118991179705,0.09485273301434993,-1.412755661838935,0.039257162815803825,0.010987358688725295,-0.02354592769731558,-0.17352118991179705
40,60.0,1.0,-0.01098724857138889,0.09373910433613517,0.1705324682884871,1.2839243464114949,0.02948049284239213,0.01098724857138889,0.021398739106858248,0.09373910433613517
40,60.0,1.0,-0.01098724857138889,-0.09373910433613517,0.1705324682884871,-1.2839243464114949,0.02948049284239213,0.01098724857138889,-0.021398739106858248,-0.09373910433613517
40,60.0,1.0,-0.010987352389033637,0.16435024190342454,0.10000365598991921,1.4040951337962762,0.03837580889605251,0.010987352389033637,0.02340158556327127,0.16435024190342454
40,60.0,1.0,-0.010987352389033637,-0.16435024190342454,0.10000365598991921,-1.4040951337962762,0.03837580889605251,0.010987352389033637,-0.02340158556327127,-0.16435024190342454
40,60.0,1.0,-0.01098745716913567,0.26370161793644026,0.06285805129478227,1.4663092466584313,0.04611460414687647,0.01098745716913567,0.02443848744430719,0.26370161793644026
40,60.0,1.0,-0.01098745716913567,-0.26370161793644026,0.06285805129478227,-1.4663092466584313,0.04611460414687647,0.01098745716913567,-0.02443848744430719,-0.26370161793644026
40,60.0,1.0,-0.010988208099894627,0.28514650424767574,0.05817652094862647,1.4741139101230294,0.04740455709612048,0.010988208099894627,0.024568565168717155,0.28514650424767574
40,60.0,1.0,-0.010988208099894627,-0.28514650424767574,0.05817652094862647,-1.4741139101230294,0.04740455709612048,0.010988208099894627,-0.024568565168717155,-0.28514650424767574
40,60.0,1.0,-0.010987384698410929,0.21505742445994666,0.07686579174237615,1.4429089752445325,0.04276157237071518,0.010987384698410929,0.024048482920742208,0.21505742445994666
40,60.0,1.0,-0.010987384698410929,-0.21505742445994666,0.07686579174237615,-1.4429089752445325,0.04276157237071518,0.010987384698410929,-0.024048482920742208,-0.21505742445994666
40,60.0,1.0,-0.010987208163541207,0.0828974041906779,0.19071963978845013,1.2488133815603983,0.02761584639666742,0.010987208163541207,0.02081355635933997,0.0828974041906779
40,60.0,1.0,-0.010987208163541207,-0.0828974041906779,0.19071963978845013,-1.2488133815603983,0.02761584639666742,0.010987208163541207,-0.02081355635933997,-0.0828974041906779
40,60.0,1.0,-0.010987345201766089,0.1549223839079653,0.1059067250558214,1.3941544011859428,0.037419942075982336,0.010987345201766089,0.02323590668643238,0.1549223839079653
40,60.0,1.0,-0.010987345201766089,-0.1549223839079653,0.1059067250558214,-1.3941544011859428,0.037419942075982336,0.010987345201766089,-0.02323590668643238,-0.1549223839079653
40,120.0,0.5,-0.011027108185272945,0.2878042150589062,0.9955934233712737,3.0260710305732124,3.68026183691398e-05,0.011027108185272945,0.0252172585881101,0.2878042150589062
40,120.0,0.5,-0.011027108185272945,-0.2878042150589062,0.9955934233712737,-3.0260710305732124,3.68026183691398e-05,0.011027108185272945,-0.0252172585881101,-0.2878042150589062
40,120.0,0.5,-0.010991720842899691,0.28736664662496075,0.9955941992081172,3.025894947856617,3.679612444867118e-05,0.010991720842899691,0.025215791232138473,0.28736664662496075
40,120.0,0.5,-0.010991720842899691,-0.28736664662496075,0.9955941992081172,-3.025894947856617,3.679612444867118e-05,0.010991720842899691,-0.025215791232138473,-0.28736664662496075
40,120.0,0.5,-0.010989008123198737,0.28647734319749857,0.9955680841651486,3.0255375563743474,3.701471573065869e-05,0.010989008123198737,0.025212812969786228,0.28647734319749857
40,120.0,0.5,-0.010989008123198737,-0.28647734319749857,0.9955680841651486,-3.0255375563743474,3.701471573065869e-05,0.010989008123198737,-0.025212812969786228,-0.28647734319749857
40,120.0,0.5,-0.01098760980252756,0.2785241179178487,0.9953138657746511,3.022241387197141,3.914290479687397e-05,0.01098760980252756,0.02518534489330951,0.2785241179178487
40,120.0,0.5,-0.01098760980252756,-0.2785241179178487,0.9953138657746511,-3.022241387197141,3.914290479687397e-05,0.01098760980252756,-0.02518534489330951,-0.2785241179178487
40,120.0,0.5,-0.010987707064384775,0.2811669101546066,0.9954008652594452,3.0233571877868153,3.8414527500241216e-05,0.010987707064384775,0.025194643231556794,0.2811669101546066
40,120.0,0.5,-0.010987707064384775,-0.2811669101546066,0.9954008652594452,-3.0233571877868153,3.8414527500241216e-05,0.010987707064384775,-0.025194643231556794,-0.2811669101546066
40,120.0,0.5,-0.01098787578574855,0.28337549142446294,0.9954716937173665,3.024273827931403,3.782158432371033e-05,0.01098787578574855,0.025202281899428358,0.28337549142446294
40,120.0,0.5,-0.01098787578574855,-0.28337549142446294,0.9954716937173665,-3.024273827931403,3.782158432371033e-05,0.01098787578574855,-0.025202281899428358,-0.28337549142446294
40,120.0,0.5,-0.010987548596305595,0.2754511578453082,0.9952095498130482,3.020917269203699,4.001634308351992e-05,0.010987548596305595,0.025174310576697494,0.2754511578453082
40,120.0,0.5,-0.010987548596305595,-0.2754511578453082,0.9952095498130482,-3.020917269203699,4.001634308351992e-05,0.010987548596305595,-0.025174310576697494,-0.2754511578453082
40,120.0,0.5,-0.010987507506631064,0.27195273872626713,0.9950864923838983,3.019373707004296,4.104682152071125e-05,0.010987507506631064,0.025161447558369132,0.27195273872626713
40,120.0,0.5,-0.010987507506631064,-0.27195273872626713,0.9950864923838983,-3.019373707004296,4.104682152071125e-05,0.010987507506631064,-0.025161447558369132,-0.27195273872626713
40,120.0,0.5,-0.010987478500053285,0.26803422329550936,0.9949429502284004,3.0175973651381236,4.224899934342108e-05,0.010987478500053285,0.025146644709484363,0.26803422329550936
40,120.0,0.5,-0.010987478500053285,-0.26803422329550936,0.9949429502284004,-3.0175973651381236,4.224899934342108e-05,0.010987478500053285,-0.025146644709484363,-0.26803422329550936
40,120.0,0.5,-0.010987428181534885,0.25382131684505777,0.9943659734693949,3.010698456059698,4.7082979361231165e-05,0.010987428181534885,0.025089153800497484,0.25382131684505777
40,120.0,0.5,-0.010987428181534885,-0.25382131684505777,0.9943659734693949,-3.010698456059698,4.7082979361231165e-05,0.010987428181534885,-0.025089153800497484,-0.25382131684505777
40,120.0,0.5,-0.010987440929513618,0.25896156209159804,0.9945855113064603,3.0132801122468442,4.524333470727315e-05,0.010987440929513618,0.025110667602057036,0.25896156209159804
40,120.0,0.5,-0.010987440929513618,-0.25896156209159804,0.9945855113064603,-3.0132801122468442,4.524333470727315e-05,0.010987440929513618,-0.025110667602057036,-0.25896156209159804
40,120.0,0.5,-0.010987417888707905,0.2482887524668941,0.9941144665716618,3.007801513846445,4.919101199098726e-05,0.010987417888707905,0.02506501261538704,0.2482887524668941
40,120.0,0.5,-0.010987417888707905,-0.2482887524668941,0.9941144665716618,-3.007801513846445,4.919101199098726e-05,0.010987417888707905,-0.02506501261538704,-0.2482887524668941
40,120.0,0.5,-0.01098740935172847,0.24237233480857376,0.9938264733029061,3.004558777403222,5.160551422789843e-05,0.01098740935172847,0.025037989811693518,0.24237233480857376
40,120.0,0.5,-0.01098740935172847,-0.24237233480857376,0.9938264733029061,-3.004558777403222,5.160551422789843e-05,0.01098740935172847,-0.025037989811693518,-0.24237233480857376
40,120.0,0.5,-0.010987402080621524,0.23608111046259947,0.9934964987754166,3.000934275824311,5.437284273260879e-05,0.010987402080621524,0.02500778563186926,0.23608111046259947
40,120.0,0.5,-0.010987402080621524,-0.23608111046259947,0.9934964987754166,-3.000934275824311,5.437284273260879e-05,0.010987402080621524,-0.02500778563186926,-0.23608111046259947
40,120.0,0.5,-0.010987395718862938,0.2294246905927266,0.9931178246685509,2.99688547333445,5.75497226717015e-05,0.010987395718862938,0.02497404561112042,0.2294246905927266
40,120.0,0.5,-0.010987395718862938,-0.2294246905927266,0.9931178246685509,-2.99688547333445,5.75497226717015e-05,0.010987395718862938,-0.02497404561112042,-0.2294246905927266
40,120.0,0.5,-0.020333570681230834,0.0,0.09910487816837037,3.141592653589793,0.019263138451263605,0.020333570681230834,0.02617993877991494,0.0
40,120.0,0.5,-0.0015619228395637424,0.0,0.8286293254856734,0.0,0.00156651965298306,0.0015619228395637424,0.0,0.0
40,120.0,0.5,-0.010982859686005044,0.012913439136441973,0.46233940789004846,1.5931004093457666,0.006428800070919214,0.010982859686005044,0.013275836744548054,0.012913439136441973
40,120.0,0.5,-0.010982859686005044,-0.012913439136441973,0.46233940789004846,-1.5931004093457666,0.006428800070919214,0.010982859686005044,-0.013275836744548054,-0.012913439136441973
40,120.0,0.5,-0.010985760806976816,0.026007048946082727,0.7012568317094048,2.1104816350272633,0.0029573423333715525,0.010985760806976816,0.017587346958560526,0.026007048946082727
40,120.0,0.5,-0.010985760806976816,-0.026007048946082727,0.7012568317094048,-2.1104816350272633,0.0029573423333715525,0.010985760806976816,-0.017587346958560526,-0.026007048946082727
40,120.0,0.5,-0.01098738999628013,0.2224132333144416,0.9926821858918902,2.9923618721800316,6.120600545725047e-05,0.01098738999628013,0.024936348934833596,0.2224132333144416
40,120.0,0.5,-0.01098738999628013,-0.2224132333144416,0.9926821858918902,-2.9923618721800316,6.120600545725047e-05,0.01098738999628013,-0.024936348934833596,-0.2224132333144416
40,120.0,0.5,-0.010986558191656014,0.03790684184676116,0.8168968138655309,2.3626007247222383,0.0016853540909725095,0.010986558191656014,0.01968833937268532,0.03790684184676116
40,120.0,0.5,-0.010986558191656014,-0.03790684184676116,0.8168968138655309,-2.3626007247222383,0.0016853540909725095,0.010986558191656014,-0.01968833937268532,-0.03790684184676116
40,120.0,0.5,-0.01098688618369676,0.04943397694618333,0.8784693775012107,2.5171636726280586,0.0010797852472763355,0.01098688618369676,0.020976363938567156,0.04943397694618333
40,120.0,0.5,-0.01098688618369676,-0.04943397694618333,0.8784693775012107,-2.5171636726280586,0.0010797852472763355,0.01098688618369676,-0.020976363938567156,-0.04943397694618333
40,120.0,0.5,-0.010987379645428943,0.2073684564922979,0.9915964949608548,2.9816372400686633,7.032511298527867e-05,0.010987379645428943,0.024846977000572194,0.2073684564922979
40,120.0,0.5,-0.010987379645428943,-0.2073684564922979,0.9915964949608548,-2.9816372400686633,7.032511298527867e-05,0.010987379645428943,-0.024846977000572194,-0.2073684564922979
40,120.0,0.5,-0.010987374676545862,0.1993580052293327,0.9909175138396882,2.9752765587059367,7.6033194951743e-05,0.010987374676545862,0.02479397132254947,0.1993580052293327
40,120.0,0.5,-0.010987374676545862,-0.1993580052293327,0.9909175138396882,-2.9752765587059367,7.6033194951743e-05,0.010987374676545862,-0.02479397132254947,-0.1993580052293327
40,120.0,0.5,-0.010987052294435262,0.060749657446928194,0.9141082500856489,2.621195209497532,0.0007483856583219727,0.010987052294435262,0.021843293412479432,0.060749657446928194
40,120.0,0.5,-0.010987052294435262,-0.060749657446928194,0.9141082500856489,-2.621195209497532,0.0007483856583219727,0.010987052294435262,-0.021843293412479432,-0.060749657446928194
40,120.0,0.5,-0.010987369637247904,0.1910382038814525,0.990121841640254,2.968114811588909,8.272725885325499e-05,0.010987369637247904,0.02473429009657424,0.1910382038814525
40,120.0,0.5,-0.010987369637247904,-0.1910382038814525,0.990121841640254,-2.968114811588909,8.272725885325499e-05,0.010987369637247904,-0.02473429009657424,-0.1910382038814525
40,120.0,0.5,-0.010987147971506746,0.07190026488717018,0.9362535474030378,2.695592493601516,0.000548907960078174,0.010987147971506746,0.022463270780012635,0.07190026488717018
40,120.0,0.5,-0.010987147971506746,-0.07190026488717018,0.9362535474030378,-2.695592493601516,0.000548907960078174,0.010987147971506746,-0.022463270780012635,-0.07190026488717018
40,120.0,0.5,-0.010987364367433652,0.18242161366869658,0.9891829837417542,2.9600213156715194,9.06328793592797e-05,0.010987364367433652,0.024666844297262663,0.18242161366869658
40,120.0,0.5,-0.010987364367433652,-0.18242161366869658,0.9891829837417542,-2.9600213156715194,9.06328793592797e-05,0.010987364367433652,-0.024666844297262663,-0.18242161366869658
40,120.0,0.5,-0.01098729808719301,0.1149206626518863,0.9734335148831909,2.8560673539391046,0.00022438126195507266,0.01098729808719301,0.02380056128282587,0.1149206626518863
40,120.0,0.5,-0.01098729808719301,-0.1149206626518863,0.9734335148831909,-2.8560673539391046,0.00022438126195507266,0.01098729808719301,-0.02380056128282587,-0.1149206626518863
40,120.0,0.5,-0.010987314072027639,0.12523660947841825,0.9774809657709761,2.8789482496789933,0.00018980383057718935,0.010987314072027639,0.02399123541399161,0.12523660947841825
40,120.0,0.5,-0.010987314072027639,-0.12523660947841825,0.9774809657709761,-2.8789482496789933,0.00018980383057718935,0.010987314072027639,-0.02399123541399161,-0.12523660947841825
40,120.0,0.5,-0.010987326628390045,0.13535152695673505,0.9806218609296332,2.8981187027447572,0.00016306963826232004,0.010987326628390045,0.024150989189539642,0.13535152695673505
40,120.0,0.5,-0.010987326628390045,-0.13535152695673505,0.9806218609296332,-2.8981187027447572,0.00016306963826232004,0.010987326628390045,-0.024150989189539642,-0.13535152695673505
40,120.0,0.5,-0.010987277100824838,0.10441724587418619,0.9681018178627377,2.828357955069029,0.0002701501124540361,0.010987277100824838,0.023569649625575242,0.10441724587418619
40,120.0,0.5,-0.010987277100824838,-0.10441724587418619,0.9681018178627377,-2.828357955069029,0.0002701501124540361,0.010987277100824838,-0.023569649625575242,-0.10441724587418619
40,120.0,0.5,-0.01098733677565054,0.1452514730346464,0.9831052827191846,2.914377068640474,0.0001419921757651878,0.01098733677565054,0.024286475572003953,0.1452514730346464
40,120.0,0.5,-0.01098733677565054,-0.1452514730346464,0.9831052827191846,-2.914377068640474,0.0001419921757651878,0.01098733677565054,-0.024286475572003953,-0.1452514730346464
40,120.0,0.5,-0.010987358688725295,0.17352118991179705,0.9880663480352468,2.9508339020384895,0.00010004524672634524,0.010987358688725295,0.024590282516987413,0.17352118991179705
40,120.0,0.5,-0.010987358688725295,-0.17352118991179705,0.9880663480352468,-2.9508339020384895,0.00010004524672634524,0.010987358688725295,-0.024590282516987413,-0.17352118991179705
40,120.0,0.5,-0.01098724857138889,0.09373910433613517,0.9608924532867941,2.794207144942579,0.0003324398960534273,0.01098724857138889,0.023285059541188157,0.09373910433613517
40,120.0,0.5,-0.01098724857138889,-0.09373910433613517,0.9608924532867941,-2.794207144942579,0.0003324398960534273,0.01098724857138889,-0.023285059541188157,-0.09373910433613517
40,120.0,0.5,-0.010987352389033637,0.16435024190342454,0.9867261150328867,2.940349039359547,0.00011135642020568798,0.010987352389033637,0.024502908661329557,0.16435024190342454
40,120.0,0.5,-0.010987352389033637,-0.16435024190342454,0.9867261150328867,-2.940349039359547,0.00011135642020568798,0.010987352389033637,-0.024502908661329557,-0.16435024190342454
40,120.0,0.5,-0.01098745716913567,0.26370161793644026,0.9947768084560256,3.015572403724845,4.364066745845601e-05,0.01098745716913567,0.025129770031040374,0.26370161793644026
40,120.0,0.5,-0.01098745716913567,-0.26370161793644026,0.9947768084560256,-3.015572403724845,4.364066745845601e-05,0.01098745716913567,-0.025129770031040374,-0.26370161793644026
40,120.0,0.5,-0.010988208099894627,0.28514650424767574,0.9955272363473164,3.024998689636997,3.735663656034067e-05,0.010988208099894627,0.02520832241364164,0.28514650424767574
40,120.0,0.5,-0.010988208099894627,-0.28514650424767574,0.9955272363473164,-3.024998689636997,3.735663656034067e-05,0.010988208099894627,-0.02520832241364164,-0.28514650424767574
40,120.0,0.5,-0.010987384698410929,0.21505742445994666,0.9921793409993235,2.9873032268589728,6.542833949677744e-05,0.010987384698410929,0.024894193557158106,0.21505742445994666
40,120.0,0.5,-0.010987384698410929,-0.21505742445994666,0.9921793409993235,-2.9873032268589728,6.542833949677744e-05,0.010987384698410929,-0.024894193557158106,-0.21505742445994666
40,120.0,0.5,-0.010987208163541207,0.0828974041906779,0.9508335079082886,2.751204704979394,0.00042013585259980453,0.010987208163541207,0.02292670587482828,0.0828974041906779
40,120.0,0.5,-0.010987208163541207,-0.0828974041906779,0.9508335079082886,-2.751204704979394,0.00042013585259980453,0.010987208163541207,-0.02292670587482828,-0.0828974041906779
40,120.0,0.5,-0.010987345201766089,0.1549223839079653,0.9851006073270956,2.928307996062618,0.0001250958633962687,0.010987345201766089,0.02440256663385515,0.1549223839079653
40,120.0,0.5,-0.010987345201766089,-0.1549223839079653,0.9851006073270956,-2.928307996062618,0.0001250958633962687,0.010987345201766089,-0.02440256663385515,-0.1549223839079653
40,120.0,0.65,-0.011027108185272945,0.2878042150589062,0.5371514994515187,3.0145365320428215,0.005178959186487667,0.011027108185272945,0.025121137767023512,0.2878042150589062
40,120.0,0.65,-0.011027108185272945,-0.2878042150589062,0.5371514994515187,-3.0145365320428215,0.005178959186487667,0.011027108185272945,-0.025121137767023512,-0.2878042150589062
40,120.0,0.65,-0.010991720842899691,0.28736664662496075,0.537155917617907,3.0143431316252576,0.005178890643624328,0.010991720842899691,0.025119526096877145,0.28736664662496075
40,120.0,0.65,-0.010991720842899691,-0.28736664662496075,0.537155917617907,-3.0143431316252576,0.005178890643624328,0.010991720842899691,-0.025119526096877145,-0.28736664662496075
40,120.0,0.65,-0.010989008123198737,0.28647734319749857,0.5371484918884586,3.013949425875498,0.005179005845755476,0.010989008123198737,0.025116245215629152,0.28647734319749857
40,120.0,0.65,-0.010989008123198737,-0.28647734319749857,0.5371484918884586,-3.013949425875498,0.005179005845755476,0.010989008123198737,-0.025116245215629152,-0.28647734319749857
40,120.0,0.65,-0.01098760980252756,0.2785241179178487,0.537073240298068,3.010317642271754,0.005180173382342801,0.01098760980252756,0.025085980352264618,0.2785241179178487
40,120.0,0.65,-0.01098760980252756,-0.2785241179178487,0.537073240298068,-3.010317642271754,0.005180173382342801,0.01098760980252756,-0.025085980352264618,-0.2785241179178487
40,120.0,0.65,-0.010987707064384775,0.2811669101546066,0.5370990396217086,3.0115471198919384,0.005179773084610805,0.010987707064384775,0.025096225999099487,0.2811669101546066
40,120.0,0.65,-0.010987707064384775,-0.2811669101546066,0.5370990396217086,-3.0115471198919384,0.005179773084610805,0.010987707064384775,-0.025096225999099487,-0.2811669101546066
40,120.0,0.65,-0.01098787578574855,0.28337549142446294,0.5371200318634645,3.012557098811859,0.005179447386896751,0.01098787578574855,0.025104642490098823,0.28337549142446294
40,120.0,0.65,-0.01098787578574855,-0.28337549142446294,0.5371200318634645,-3.012557098811859,0.005179447386896751,0.01098787578574855,-0.025104642490098823,-0.28337549142446294
40,120.0,0.65,-0.010987548596305595,0.2754511578453082,0.5370422974377335,3.0088585418286518,0.005180653511640753,0.010987548596305595,0.02507382118190543,0.2754511578453082
40,120.0,0.65,-0.010987548596305595,-0.2754511578453082,0.5370422974377335,-3.0088585418286518,0.005180653511640753,0.010987548596305595,-0.02507382118190543,-0.2754511578453082
40,120.0,0.65,-0.010987507506631064,0.27195273872626713,0.5370057890864784,3.0071575136480257,0.005181220034246942,0.010987507506631064,0.02505964594706688,0.27195273872626713
40,120.0,0.65,-0.010987507506631064,-0.27195273872626713,0.5370057890864784,-3.0071575136480257,0.005181220034246942,0.010987507506631064,-0.02505964594706688,-0.27195273872626713
40,120.0,0.65,-0.010987478500053285,0.26803422329550936,0.5369631975909596,3.0051998066714023,0.005181881001432984,0.010987478500053285,0.025043331722261686,0.26803422329550936
40,120.0,0.65,-0.010987478500053285,-0.26803422329550936,0.5369631975909596,-3.0051998066714023,0.005181881001432984,0.010987478500053285,-0.025043331722261686,-0.26803422329550936
40,120.0,0.65,-0.010987428181534885,0.25382131684505777,0.5367919519779705,2.9975949316886474,0.005184539050221074,0.010987428181534885,0.024979957764072063,0.25382131684505777
40,120.0,0.65,-0.010987428181534885,-0.25382131684505777,0.5367919519779705,-2.9975949316886474,0.005184539050221074,0.010987428181534885,-0.024979957764072063,-0.25382131684505777
40,120.0,0.65,-0.010987440929513618,0.25896156209159804,0.5368571184291233,3.000441068734902,0.005183527446382832,0.010987440929513618,0.025003675572790852,0.25896156209159804
40,120.0,0.65,-0.010987440929513618,-0.25896156209159804,0.5368571184291233,-3.000441068734902,0.005183527446382832,0.010987440929513618,-0.025003675572790852,-0.25896156209159804
40,120.0,0.65,-0.010987417888707905,0.2482887524668941,0.5367172845035297,2.99440077117519,0.005185698293073451,0.010987417888707905,0.02495333975979325,0.2482887524668941
40,120.0,0.65,-0.010987417888707905,-0.2482887524668941,0.5367172845035297,-2.99440077117519,0.005185698293073451,0.010987417888707905,-0.02495333975979325,-0.2482887524668941
40,120.0,0.65,-0.01098740935172847,0.24237233480857376,0.5366317701500598,2.99082477797208,0.005187026136258605,0.01098740935172847,0.024923539816434002,0.24237233480857376
40,120.0,0.65,-0.01098740935172847,-0.24237233480857376,0.5366317701500598,-2.99082477797208,0.005187026136258605,0.01098740935172847,-0.024923539816434002,-0.24237233480857376
40,120.0,0.65,-0.010987402080621524,0.23608111046259947,0.5365337710281857,2.9868270674837247,0.005188548099683418,0.010987402080621524,0.024890225562364372,0.23608111046259947
40,120.0,0.65,-0.010987402080621524,-0.23608111046259947,0.5365337710281857,-2.9868270674837247,0.005188548099683418,0.010987402080621524,-0.024890225562364372,-0.23608111046259947
40,120.0,0.65,-0.010987395718862938,0.2294246905927266,0.536421283517803,2.9823604468112697,0.00519029541597466,0.010987395718862938,0.024853003723427247,0.2294246905927266
40,120.0,0.65,-0.010987395718862938,-0.2294246905927266,0.536421283517803,-2.9823604468112697,0.00519029541597466,0.010987395718862938,-0.024853003723427247,-0.2294246905927266
40,120.0,0.65,-0.020333570681230834,0.0,0.05645359097265942,0.0,0.023952803142304194,0.020333570681230834,0.0,0.0
40,120.0,0.65,-0.0015619228395637424,0.0,0.8329241116382189,0.0,0.0015234395286708691,0.0015619228395637424,0.0,0.0
40,120.0,0.65,-0.010982859686005044,0.012913439136441973,0.3619050035529189,1.2858397294099906,0.008469779355994566,0.010982859686005044,0.010715331078416589,0.012913439136441973
40,120.0,0.65,-0.010982859686005044,-0.012913439136441973,0.3619050035529189,-1.2858397294099906,0.008469779355994566,0.010982859686005044,-0.010715331078416589,-0.012913439136441973
40,120.0,0.65,-0.010985760806976816,0.026007048946082727,0.44284432991420036,1.9422435225327321,0.006787808086954749,0.010985760806976816,0.016185362687772768,0.026007048946082727
40,120.0,0.65,-0.010985760806976816,-0.026007048946082727,0.44284432991420036,-1.9422435225327321,0.006787808086954749,0.010985760806976816,-0.016185362687772768,-0.026007048946082727
40,120.0,0.65,-0.01098738999628013,0.2224132333144416,0.5362918412425285,2.977368849754166,0.005192306551305487,0.01098738999628013,0.024811407081284716,0.2224132333144416
40,120.0,0.65,-0.01098738999628013,-0.2224132333144416,0.5362918412425285,-2.977368849754166,0.005192306551305487,0.01098738999628013,-0.024811407081284716,-0.2224132333144416
40,120.0,0.65,-0.010986558191656014,0.03790684184676116,0.48137314836309286,2.2546170379161388,0.006092604445104715,0.010986558191656014,0.018788475315967824,0.03790684184676116
40,120.0,0.65,-0.010986558191656014,-0.03790684184676116,0.48137314836309286,-2.2546170379161388,0.006092604445104715,0.010986558191656014,-0.018788475315967824,-0.03790684184676116
40,120.0,0.65,-0.01098688618369676,0.04943397694618333,0.5011871413053014,2.4389773615517094,0.005756464267539834,0.01098688618369676,0.020324811346264245,0.04943397694618333
40,120.0,0.65,-0.01098688618369676,-0.04943397694618333,0.5011871413053014,-2.4389773615517094,0.005756464267539834,0.01098688618369676,-0.020324811346264245,-0.04943397694618333
40,120.0,0.65,-0.010987379645428943,0.2073684564922979,0.5359690941834664,2.965529488345245,0.005197323163993467,0.010987379645428943,0.024712745736210375,0.2073684564922979
40,120.0,0.65,-0.010987379645428943,-0.2073684564922979,0.5359690941834664,-2.965529488345245,0.005197323163993467,0.010987379645428943,-0.024712745736210375,-0.2073684564922979
40,120.0,0.65,-0.010987374676545862,0.1993580052293327,0.5357671400779243,2.9585040562889873,0.005200463770507713,0.010987374676545862,0.024654200469074895,0.1993580052293327
40,120.0,0.65,-0.010987374676545862,-0.1993580052293327,0.5357671400779243,-2.9585040562889873,0.005200463770507713,0.010987374676545862,-0.024654200469074895,-0.1993580052293327
40,120.0,0.65,-0.010987052294435262,0.060749657446928194,0.5123834698417178,2.5600742680468853,0.005572349747849971,0.010987052294435262,0.021333952233724043,0.060749657446928194
40,120.0,0.65,-0.010987052294435262,-0.060749657446928194,0.5123834698417178,-2.5600742680468853,0.005572349747849971,0.010987052294435262,-0.021333952233724043,-0.060749657446928194
40,120.0,0.65,-0.010987369637247904,0.1910382038814525,0.5355303691211066,2.9505904569723493,0.005204147324930266,0.010987369637247904,0.024588253808102912,0.1910382038814525
40,120.0,0.65,-0.010987369637247904,-0.1910382038814525,0.5355303691211066,-2.9505904569723493,0.005204147324930266,0.010987369637247904,-0.024588253808102912,-0.1910382038814525
40,120.0,0.65,-0.010987147971506746,0.07190026488717018,0.519232635026544,2.6453545632555984,0.0054616938266591605,0.010987147971506746,0.02204462136046332,0.07190026488717018
40,120.0,0.65,-0.010987147971506746,-0.07190026488717018,0.519232635026544,-2.6453545632555984,0.0054616938266591605,0.010987147971506746,-0.02204462136046332,-0.07190026488717018
40,120.0,0.65,-0.010987364367433652,0.18242161366869658,0.535250839303387,2.9416427969999632,0.005208498195457786,0.010987364367433652,0.024513689974999694,0.18242161366869658
40,120.0,0.65,-0.010987364367433652,-0.18242161366869658,0.535250839303387,-2.9416427969999632,0.005208498195457786,0.010987364367433652,-0.024513689974999694,-0.18242161366869658
40,120.0,0.65,-0.01098729808719301,0.1149206626518863,0.5305375092515274,2.826199967212178,0.005282205149651608,0.01098729808719301,0.023551666393434815,0.1149206626518863
40,120.0,0.65,-0.01098729808719301,-0.1149206626518863,0.5305375092515274,-2.826199967212178,0.005282205149651608,0.01098729808719301,-0.023551666393434815,-0.1149206626518863
40,120.0,0.65,-0.010987314072027639,0.12523660947841825,0.5317531278199958,2.8517031492969065,0.005263132856616993,0.010987314072027639,0.023764192910807554,0.12523660947841825
40,120.0,0.65,-0.010987314072027639,-0.12523660947841825,0.5317531278199958,-2.8517031492969065,0.005263132856616993,0.010987314072027639,-0.023764192910807554,-0.12523660947841825
40,120.0,0.65,-0.010987326628390045,0.13535152695673505,0.5326944054324227,2.873026710236233,0.005248394728333371,0.010987326628390045,0.023941889251968607,0.13535152695673505
40,120.0,0.65,-0.010987326628390045,-0.13535152695673505,0.5326944054324227,-2.873026710236233,0.005248394728333371,0.010987326628390045,-0.023941889251968607,-0.13535152695673505
40,120.0,0.65,-0.010987277100824838,0.10441724587418619,0.5289316227257835,2.795232165611229,0.005307467609046139,0.010987277100824838,0.023293601380093575,0.10441724587418619
40,120.0,0.65,-0.010987277100824838,-0.10441724587418619,0.5289316227257835,-2.795232165611229,0.005307467609046139,0.010987277100824838,-0.023293601380093575,-0.10441724587418619
40,120.0,0.65,-0.01098733677565054,0.1452514730346464,0.533437367733862,2.891081926305497,0.005236780116199908,0.01098733677565054,0.02409234938587914,0.1452514730346464
40,120.0,0.65,-0.01098733677565054,-0.1452514730346464,0.533437367733862,-2.891081926305497,0.005236780116199908,0.01098733677565054,-0.02409234938587914,-0.1452514730346464
40,120.0,0.65,-0.010987358688725295,0.17352118991179705,0.534918166959391,2.9314797250188978,0.0052136791894996145,0.010987358688725295,0.024428997708490816,0.17352118991179705
40,120.0,0.65,-0.010987358688725295,-0.17352118991179705,0.534918166959391,-2.9314797250188978,0.0052136791894996145,0.010987358688725295,-0.024428997708490816,-0.17352118991179705
40,120.0,0.65,-0.01098724857138889,0.09373910433613517,0.5267519967363886,2.756929433897362,0.005341878630276576,0.01098724857138889,0.022974411949144683,0.09373910433613517
40,120.0,0.65,-0.01098724857138889,-0.09373910433613517,0.5267519967363886,-2.756929433897362,0.005341878630276576,0.01098724857138889,-0.022974411949144683,-0.09373910433613517
40,120.0,0.65,-0.010987352389033637,0.16435024190342454,0.534518575769639,2.9198731778265508,0.005219906629801945,0.010987352389033637,0.024332276481887922,0.16435024190342454
40,120.0,0.65,-0.010987352389033637,-0.16435024190342454,0.534518575769639,-2.9198731778265508,0.005219906629801945,0.010987352389033637,-0.024332276481887922,-0.16435024190342454
40,120.0,0.65,-0.01098745716913567,0.26370161793644026,0.5369138941674105,3.0029678947054377,0.005182646194891994,0.01098745716913567,0.025024732455878648,0.26370161793644026
40,120.0,0.65,-0.01098745716913567,-0.26370161793644026,0.5369138941674105,-3.0029678947054377,0.005182646194891994,0.01098745716913567,-0.025024732455878648,-0.26370161793644026
40,120.0,0.65,-0.010988208099894627,0.28514650424767574,0.5371364693499784,3.0133557382940928,0.0051791923657651335,0.010988208099894627,0.025111297819117438,0.28514650424767574
40,120.0,0.65,-0.010988208099894627,-0.28514650424767574,0.5371364693499784,-3.0133557382940928,0.0051791923657651335,0.010988208099894627,-0.025111297819117438,-0.28514650424767574
40,120.0,0.65,-0.010987384698410929,0.21505742445994666,0.5361423860119567,2.971785333343228,0.005194629230368082,0.010987384698410929,0.024764877777860232,0.21505742445994666
40,120.0,0.65,-0.010987384698410929,-0.21505742445994666,0.5361423860119567,-2.971785333343228,0.005194629230368082,0.010987384698410929,-0.024764877777860232,-0.21505742445994666
40,120.0,0.65,-0.010987208163541207,0.0828974041906779,0.5236952257925093,2.708463767044873,0.0053903782836708615,0.010987208163541207,0.02257053139204061,0.0828974041906779
40,120.0,0.65,-0.010987208163541207,-0.0828974041906779,0.5236952257925093,-2.708463767044873,0.0053903782836708615,0.010987208163541207,-0.02257053139204061,-0.0828974041906779
40,120.0,0.65,-0.010987345201766089,0.1549223839079653,0.5340334853825082,2.9065325448890746,0.005227472793992574,0.010987345201766089,0.024221104540742288,0.1549223839079653
40,120.0,0.65,-0.010987345201766089,-0.1549223839079653,0.5340334853825082,-2.9065325448890746,0.005227472793992574,0.010987345201766089,-0.024221104540742288,-0.1549223839079653
40,120.0,1.0,-0.011027108185272945,0.2878042150589062,0.02888957741882484,1.5036280354468226,0.029535619932152462,0.011027108185272945,0.012530233628723521,0.2878042150589062
40,120.0,1.0,-0.011027108185272945,-0.2878042150589062,0.02888957741882484,-1.5036280354468226,0.029535619932152462,0.011027108185272945,-0.012530233628723521,-0.2878042150589062
40,120.0,1.0,-0.010991720842899691,0.28736664662496075,0.02893360722767008,1.5036486555608106,0.029522928996955175,0.010991720842899691,0.012530405463006756,0.28736664662496075
40,120.0,1.0,-0.010991720842899691,-0.28736664662496075,0.02893360722767008,-1.5036486555608106,0.029522928996955175,0.010991720842899691,-0.012530405463006756,-0.28736664662496075
40,120.0,1.0,-0.010989008123198737,0.28647734319749857,0.029023037212058914,1.503450266205771,0.029497211481091627,0.010989008123198737,0.012528752218381425,0.28647734319749857
40,120.0,1.0,-0.010989008123198737,-0.28647734319749857,0.029023037212058914,-1.503450266205771,0.029497211481091627,0.010989008123198737,-0.012528752218381425,-0.28647734319749857
40,120.0,1.0,-0.01098760980252756,0.2785241179178487,0.029847882542327914,1.5015382629920548,0.02926367815220897,0.01098760980252756,0.012512818858267124,0.2785241179178487
40,120.0,1.0,-0.01098760980252756,-0.2785241179178487,0.029847882542327914,-1.5015382629920548,0.02926367815220897,0.01098760980252756,-0.012512818858267124,-0.2785241179178487
40,120.0,1.0,-0.010987707064384775,0.2811669101546066,0.029568655276741917,1.5021868503791815,0.02934200351735069,0.010987707064384775,0.012518223753159845,0.2811669101546066
40,120.0,1.0,-0.010987707064384775,-0.2811669101546066,0.029568655276741917,-1.5021868503791815,0.02934200351735069,0.010987707064384775,-0.012518223753159845,-0.2811669101546066
40,120.0,1.0,-0.01098787578574855,0.28337549142446294,0.02933927145969589,1.5027193315174476,0.02940690281277893,0.01098787578574855,0.012522661095978731,0.28337549142446294
40,120.0,1.0,-0.01098787578574855,-0.28337549142446294,0.02933927145969589,-1.5027193315174476,0.02940690281277893,0.01098787578574855,-0.012522661095978731,-0.28337549142446294
40,120.0,1.0,-0.010987548596305595,0.2754511578453082,0.030179247580417255,1.5007683440681614,0.029171672975163154,0.010987548596305595,0.012506402867234678,0.2754511578453082
40,120.0,1.0,-0.010987548596305595,-0.2754511578453082,0.030179247580417255,-1.5007683440681614,0.029171672975163154,0.010987548596305595,-0.012506402867234678,-0.2754511578453082
40,120.0,1.0,-0.010987507506631064,0.27195273872626713,0.030565538488109636,1.4998706485304099,0.02906568414879098,0.010987507506631064,0.012498922071086748,0.27195273872626713
40,120.0,1.0,-0.010987507506631064,-0.27195273872626713,0.030565538488109636,-1.4998706485304099,0.02906568414879098,0.010987507506631064,-0.012498922071086748,-0.27195273872626713
40,120.0,1.0,-0.010987478500053285,0.26803422329550936,0.031010097080433653,1.4988374112262353,0.028945353460480536,0.010987478500053285,0.012490311760218626,0.26803422329550936
40,120.0,1.0,-0.010987478500053285,-0.26803422329550936,0.031010097080433653,-1.4988374112262353,0.028945353460480536,0.010987478500053285,-0.012490311760218626,-0.26803422329550936
40,120.0,1.0,-0.010987428181534885,0.25382131684505777,0.032736790640417145,1.4948232961099122,0.028493797812399364,0.010987428181534885,0.012456860800915934,0.25382131684505777
40,120.0,1.0,-0.010987428181534885,-0.25382131684505777,0.032736790640417145,-1.4948232961099122,0.028493797812399364,0.010987428181534885,-0.012456860800915934,-0.25382131684505777
40,120.0,1.0,-0.010987440929513618,0.25896156209159804,0.03209061646076906,1.4963256448134077,0.028659930113958506,0.010987440929513618,0.012469380373445063,0.25896156209159804
40,120.0,1.0,-0.010987440929513618,-0.25896156209159804,0.03209061646076906,-1.4963256448134077,0.028659930113958506,0.010987440929513618,-0.012469380373445063,-0.25896156209159804
40,120.0,1.0,-0.010987417888707905,0.2482887524668941,0.0334619145751151,1.4931371714250528,0.02831122804368589,0.010987417888707905,0.01244280976187544,0.2482887524668941
40,120.0,1.0,-0.010987417888707905,-0.2482887524668941,0.0334619145751151,-1.4931371714250528,0.02831122804368589,0.010987417888707905,-0.01244280976187544,-0.2482887524668941
40,120.0,1.0,-0.01098740935172847,0.24237233480857376,0.034273638404668835,1.4912494038308584,0.02811148983278545,0.01098740935172847,0.012427078365257154,0.24237233480857376
40,120.0,1.0,-0.01098740935172847,-0.24237233480857376,0.034273638404668835,-1.4912494038308584,0.02811148983278545,0.01098740935172847,-0.012427078365257154,-0.24237233480857376
40,120.0,1.0,-0.010987402080621524,0.23608111046259947,0.03518098375480179,1.489138911896775,0.027893746471631377,0.010987402080621524,0.012409490932473125,0.23608111046259947
40,120.0,1.0,-0.010987402080621524,-0.23608111046259947,0.03518098375480179,-1.489138911896775,0.027893746471631377,0.010987402080621524,-0.012409490932473125,-0.23608111046259947
40,120.0,1.0,-0.010987395718862938,0.2294246905927266,0.03619462099248998,1.4867807468549983,0.02765703968799069,0.010987395718862938,0.012389839557124986,0.2294246905927266
40,120.0,1.0,-0.010987395718862938,-0.2294246905927266,0.03619462099248998,-1.4867807468549983,0.02765703968799069,0.010987395718862938,-0.012389839557124986,-0.2294246905927266
40,120.0,1.0,-0.020333570681230834,0.0,0.2906952675845148,0.0,0.01029566459107376,0.020333570681230834,0.0,0.0
40,120.0,1.0,-0.0015619228395637424,0.0,0.8421543806170658,0.0,0.0014315994303737156,0.0015619228395637424,0.0,0.0
40,120.0,1.0,-0.010982859686005044,0.012913439136441973,0.35865200442276607,0.5892909440039765,0.00854502256355248,0.010982859686005044,0.004910757866699805,0.012913439136441973
40,120.0,1.0,-0.010982859686005044,-0.012913439136441973,0.35865200442276607,-0.5892909440039765,0.00854502256355248,0.010982859686005044,-0.004910757866699805,-0.012913439136441973
40,120.0,1.0,-0.010985760806976816,0.026007048946082727,0.25722198515125966,0.9318929451394319,0.011315131762138471,0.010985760806976816,0.007765774542828599,0.026007048946082727
40,120.0,1.0,-0.010985760806976816,-0.026007048946082727,0.25722198515125966,-0.9318929451394319,0.011315131762138471,0.010985760806976816,-0.007765774542828599,-0.026007048946082727
40,120.0,1.0,-0.01098738999628013,0.2224132333144416,0.03732722082929901,1.4841452635012855,0.027400270312888695,0.01098738999628013,0.012367877195844045,0.2224132333144416
40,120.0,1.0,-0.01098738999628013,-0.2224132333144416,0.03732722082929901,-1.4841452635012855,0.027400270312888695,0.01098738999628013,-0.012367877195844045,-0.2224132333144416
40,120.0,1.0,-0.010986558191656014,0.03790684184676116,0.19586509568030894,1.0994445323856918,0.013586076200628858,0.010986558191656014,0.009162037769880765,0.03790684184676116
40,120.0,1.0,-0.010986558191656014,-0.03790684184676116,0.19586509568030894,-1.0994445323856918,0.013586076200628858,0.010986558191656014,-0.009162037769880765,-0.03790684184676116
40,120.0,1.0,-0.01098688618369676,0.04943397694618333,0.15700959073618764,1.1982211144710722,0.01542873656673294,0.01098688618369676,0.0099851759539256,0.04943397694618333
40,120.0,1.0,-0.01098688618369676,-0.04943397694618333,0.15700959073618764,-1.1982211144710722,0.01542873656673294,0.01098688618369676,-0.0099851759539256,-0.04943397694618333
40,120.0,1.0,-0.010987379645428943,0.2073684564922979,0.04001282150758995,1.4778935963788173,0.02682129448783068,0.010987379645428943,0.012315779969823477,0.2073684564922979
40,120.0,1.0,-0.010987379645428943,-0.2073684564922979,0.04001282150758995,-1.4778935963788173,0.02682129448783068,0.010987379645428943,-0.012315779969823477,-0.2073684564922979
40,120.0,1.0,-0.010987374676545862,0.1993580052293327,0.041605912301162645,1.4741834165971215,0.02649594165991067,0.010987374676545862,0.012284861804976012,0.1993580052293327
40,120.0,1.0,-0.010987374676545862,-0.1993580052293327,0.041605912301162645,-1.4741834165971215,0.02649594165991067,0.010987374676545862,-0.012284861804976012,-0.1993580052293327
40,120.0,1.0,-0.010987052294435262,0.060749657446928194,0.13072320531791892,1.2628788407082452,0.016955609397376257,0.010987052294435262,0.010523990339235376,0.060749657446928194
40,120.0,1.0,-0.010987052294435262,-0.060749657446928194,0.13072320531791892,-1.2628788407082452,0.016955609397376257,0.010987052294435262,-0.010523990339235376,-0.060749657446928194
40,120.0,1.0,-0.010987369637247904,0.1910382038814525,0.043399902379010834,1.470003757721048,0.026144150726748795,0.010987369637247904,0.012250031314342068,0.1910382038814525
40,120.0,1.0,-0.010987369637247904,-0.1910382038814525,0.043399902379010834,-1.470003757721048,0.026144150726748795,0.010987369637247904,-0.012250031314342068,-0.1910382038814525
40,120.0,1.0,-0.010987147971506746,0.07190026488717018,0.11193066722628454,1.3082851409124534,0.018248963683295816,0.010987147971506746,0.010902376174270445,0.07190026488717018
40,120.0,1.0,-0.010987147971506746,-0.07190026488717018,0.11193066722628454,-1.3082851409124534,0.018248963683295816,0.010987147971506746,-0.010902376174270445,-0.07190026488717018
40,120.0,1.0,-0.010987364367433652,0.18242161366869658,0.04542764145294175,1.4652773760667064,0.02576362097190392,0.010987364367433652,0.012210644800555887,0.18242161366869658
40,120.0,1.0,-0.010987364367433652,-0.18242161366869658,0.04542764145294175,-1.4652773760667064,0.02576362097190392,0.010987364367433652,-0.012210644800555887,-0.18242161366869658
40,120.0,1.0,-0.01098729808719301,0.1149206626518863,0.07151022448498906,1.4042324940821205,0.02198262366429678,0.01098729808719301,0.011701937450684338,0.1149206626518863
40,120.0,1.0,-0.01098729808719301,-0.1149206626518863,0.07151022448498906,-1.4042324940821205,0.02198262366429678,0.01098729808719301,-0.011701937450684338,-0.1149206626518863
40,120.0,1.0,-0.010987314072027639,0.12523660947841825,0.0657627318315918,1.417729892687265,0.022680849888715524,0.010987314072027639,0.011814415772393875,0.12523660947841825
40,120.0,1.0,-0.010987314072027639,-0.12523660947841825,0.0657627318315918,-1.417729892687265,0.022680849888715524,0.010987314072027639,-0.011814415772393875,-0.12523660947841825
40,120.0,1.0,-0.010987326628390045,0.13535152695673505,0.06095024983709973,1.429009852752081,0.023314144366776843,0.010987326628390045,0.011908415439600674,0.13535152695673505
40,120.0,1.0,-0.010987326628390045,-0.13535152695673505,0.06095024983709973,-1.429009852752081,0.023314144366776843,0.010987326628390045,-0.011908415439600674,-0.13535152695673505
40,120.0,1.0,-0.010987277100824838,0.10441724587418619,0.07847592790028886,1.3878328919049139,0.02120802793477105,0.010987277100824838,0.011565274099207616,0.10441724587418619
40,120.0,1.0,-0.010987277100824838,-0.10441724587418619,0.07847592790028886,-1.3878328919049139,0.02120802793477105,0.010987277100824838,-0.011565274099207616,-0.10441724587418619
40,120.0,1.0,-0.01098733677565054,0.1452514730346464,0.05687086046489645,1.4385572731730676,0.0238914348949552,0.01098733677565054,0.01198797727644223,0.1452514730346464
40,120.0,1.0,-0.01098733677565054,-0.1452514730346464,0.05687086046489645,-1.4385572731730676,0.0238914348949552,0.01098733677565054,-0.01198797727644223,-0.1452514730346464
40,120.0,1.0,-0.010987358688725295,0.17352118991179705,0.047729915639931265,1.459908216533193,0.025351640961743287,0.010987358688725295,0.012165901804443274,0.17352118991179705
40,120.0,1.0,-0.010987358688725295,-0.17352118991179705,0.047729915639931265,-1.459908216533193,0.025351640961743287,0.010987358688725295,-0.012165901804443274,-0.17352118991179705
40,120.0,1.0,-0.01098724857138889,0.09373910433613517,0.08706904823906272,1.3675325746988978,0.020342115143226654,0.01098724857138889,0.011396104789157481,0.09373910433613517
40,120.0,1.0,-0.01098724857138889,-0.09373910433613517,0.08706904823906272,-1.3675325746988978,0.020342115143226654,0.01098724857138889,-0.011396104789157481,-0.09373910433613517
40,120.0,1.0,-0.010987352389033637,0.16435024190342454,0.05035794556752665,1.4537754262309595,0.02490499054636772,0.010987352389033637,0.012114795218591328,0.16435024190342454
40,120.0,1.0,-0.010987352389033637,-0.16435024190342454,0.05035794556752665,-1.4537754262309595,0.02490499054636772,0.010987352389033637,-0.012114795218591328,-0.16435024190342454
40,120.0,1.0,-0.01098745716913567,0.26370161793644026,0.03151689315328876,1.4976593877167814,0.02881026321935295,0.01098745716913567,0.012480494897639844,0.26370161793644026
40,120.0,1.0,-0.01098745716913567,-0.26370161793644026,0.03151689315328876,-1.4976593877167814,0.02881026321935295,0.01098745716913567,-0.012480494897639844,-0.26370161793644026
40,120.0,1.0,-0.010988208099894627,0.28514650424767574,0.029157881657711084,1.5031396969167687,0.029458583499697082,0.010988208099894627,0.012526164140973073,0.28514650424767574
40,120.0,1.0,-0.010988208099894627,-0.28514650424767574,0.029157881657711084,-1.5031396969167687,0.029458583499697082,0.010988208099894627,-0.012526164140973073,-0.28514650424767574
40,120.0,1.0,-0.010987384698410929,0.21505742445994666,0.03859390395814653,1.4811970583201073,0.0271221745294067,0.010987384698410929,0.012343308819334228,0.21505742445994666
40,120.0,1.0,-0.010987384698410929,-0.21505742445994666,0.03859390395814653,-1.4811970583201073,0.0271221745294067,0.010987384698410929,-0.012343308819334228,-0.21505742445994666
40,120.0,1.0,-0.010987208163541207,0.0828974041906779,0.09790202576042839,1.3418182235330438,0.019364900312671202,0.010987208163541207,0.011181818529442032,0.0828974041906779
40,120.0,1.0,-0.010987208163541207,-0.0828974041906779,0.09790202576042839,-1.3418182235330438,0.019364900312671202,0.010987208163541207,-0.011181818529442032,-0.0828974041906779
40,120.0,1.0,-0.010987345201766089,0.1549223839079653,0.05337689035443632,1.4467249230072958,0.02441981159653282,0.010987345201766089,0.012056041025060799,0.1549223839079653
40,120.0,1.0,-0.010987345201766089,-0.1549223839079653,0.05337689035443632,-1.4467249230072958,0.02441981159653282,0.010987345201766089,-0.012056041025060799,-0.1549223839079653
