n,row,col,mass,operator
  20,   1,   1,  1.2732395447351628E+00, -2.1789489710492486E-02
  20,   1,   2,  1.2732395447351628E+00, -1.5701055105400588E-04
  20,   1,   3,  1.2732395447351628E+00, -0.0000000000000000E+00
  20,   1,   4,  1.2732395447351628E+00, -0.0000000000000000E+00
  20,   1,   5,  1.2732395447351628E+00, -0.0000000000000000E+00
  20,   1,   6,  1.2732395447351628E+00, -0.0000000000000000E+00
  20,   1,   7,  1.2732395447351628E+00, -0.0000000000000000E+00
  20,   1,   8,  1.2732395447351628E+00, -0.0000000000000000E+00
  20,   1,   9,  1.2732395447351628E+00, -0.0000000000000000E+00
  20,   1,  10,  1.2732395447351628E+00, -0.0000000000000000E+00
  20,   1,  11,  1.2732395447351628E+00, -0.0000000000000000E+00
  20,   1,  12,  1.2732395447351628E+00, -0.0000000000000000E+00
  20,   1,  13,  1.2732395447351628E+00, -0.0000000000000000E+00
  20,   1,  14,  1.2732395447351628E+00, -0.0000000000000000E+00
  20,   1,  15,  1.2732395447351628E+00, -0.0000000000000000E+00
  20,   1,  16,  1.2732395447351628E+00, -0.0000000000000000E+00
  20,   1,  17,  1.2732395447351628E+00, -0.0000000000000000E+00
  20,   1,  18,  1.2732395447351628E+00, -0.0000000000000000E+00
  20,   1,  19,  1.2732395447351628E+00, -0.0000000000000000E+00
  20,   1,  20,  1.2732395447351628E+00, -0.0000000000000000E+00
  20,   1,  21,  1.2732395447351628E+00, -0.0000000000000000E+00
  20,   1,  22,  1.2732395447351628E+00, -0.0000000000000000E+00
  20,   1,  23,  1.2732395447351628E+00, -0.0000000000000000E+00
  20,   1,  24,  1.2732395447351628E+00, -0.0000000000000000E+00
  20,   1,  25,  1.2732395447351628E+00, -0.0000000000000000E+00
  20,   1,  26,  1.2732395447351628E+00, -0.0000000000000000E+00
  20,   1,  27,  1.2732395447351628E+00, -0.0000000000000000E+00
  20,   1,  28,  1.2732395447351628E+00, -0.0000000000000000E+00
  20,   1,  29,  1.2732395447351628E+00, -0.0000000000000000E+00
  20,   1,  30,  1.2732395447351628E+00, -0.0000000000000000E+00
  20,   1,  31,  1.2732395447351628E+00, -0.0000000000000000E+00
  20,   1,  32,  1.2732395447351628E+00, -0.0000000000000000E+00
  20,   1,  33,  1.2732395447351628E+00, -0.0000000000000000E+00
  20,   1,  34,  1.2732395447351628E+00, -0.0000000000000000E+00
  20,   1,  35,  1.2732395447351628E+00, -0.0000000000000000E+00
  20,   1,  36,  1.2732395447351628E+00, -0.0000000000000000E+00
  20,   1,  37,  1.2732395447351628E+00, -0.0000000000000000E+00
  20,   1,  38,  1.2732395447351628E+00, -0.0000000000000000E+00
  20,   1,  39,  1.2732395447351628E+00, -0.0000000000000000E+00
  20,   1,  40,  1.2732395447351628E+00, -0.0000000000000000E+00
  20,   2,   1,  3.0285081589351549E-02,  3.3019557733389341E+01
  20,   2,   2,  3.0285081589351549E-02, -0.0000000000000000E+00
  20,   2,   3,  3.0285081589351549E-02, -3.3019557733389341E+01
  20,   2,   4,  3.0285081589351549E-02, -0.0000000000000000E+00
  20,   2,   5,  3.0285081589351549E-02, -0.0000000000000000E+00
  20,   2,   6,  3.0285081589351549E-02, -0.0000000000000000E+00
  20,   2,   7,  3.0285081589351549E-02, -0.0000000000000000E+00
  20,   2,   8,  3.0285081589351549E-02, -0.0000000000000000E+00
  20,   2,   9,  3.0285081589351549E-02, -0.0000000000000000E+00
  20,   2,  10,  3.0285081589351549E-02, -0.0000000000000000E+00
  20,   2,  11,  3.0285081589351549E-02, -0.0000000000000000E+00
  20,   2,  12,  3.0285081589351549E-02, -0.0000000000000000E+00
  20,   2,  13,  3.0285081589351549E-02, -0.0000000000000000E+00
  20,   2,  14,  3.0285081589351549E-02, -0.0000000000000000E+00
  20,   2,  15,  3.0285081589351549E-02, -0.0000000000000000E+00
  20,   2,  16,  3.0285081589351549E-02, -0.0000000000000000E+00
  20,   2,  17,  3.0285081589351549E-02, -0.0000000000000000E+00
  20,   2,  18,  3.0285081589351549E-02, -0.0000000000000000E+00
  20,   2,  19,  3.0285081589351549E-02, -0.0000000000000000E+00
  20,   2,  20,  3.0285081589351549E-02, -0.0000000000000000E+00
  20,   2,  21,  3.0285081589351549E-02, -0.0000000000000000E+00
  20,   2,  22,  3.0285081589351549E-02, -0.0000000000000000E+00
  20,   2,  23,  3.0285081589351549E-02, -0.0000000000000000E+00
  20,   2,  24,  3.0285081589351549E-02, -0.0000000000000000E+00
  20,   2,  25,  3.0285081589351549E-02, -0.0000000000000000E+00
  20,   2,  26,  3.0285081589351549E-02, -0.0000000000000000E+00
  20,   2,  27,  3.0285081589351549E-02, -0.0000000000000000E+00
  20,   2,  28,  3.0285081589351549E-02, -0.0000000000000000E+00
  20,   2,  29,  3.0285081589351549E-02, -0.0000000000000000E+00
  20,   2,  30,  3.0285081589351549E-02, -0.0000000000000000E+00
  20,   2,  31,  3.0285081589351549E-02, -0.0000000000000000E+00
  20,   2,  32,  3.0285081589351549E-02, -0.0000000000000000E+00
  20,   2,  33,  3.0285081589351549E-02, -0.0000000000000000E+00
  20,   2,  34,  3.0285081589351549E-02, -0.0000000000000000E+00
  20,   2,  35,  3.0285081589351549E-02, -0.0000000000000000E+00
  20,   2,  36,  3.0285081589351549E-02, -0.0000000000000000E+00
  20,   2,  37,  3.0285081589351549E-02, -0.0000000000000000E+00
  20,   2,  38,  3.0285081589351549E-02, -0.0000000000000000E+00
  20,   2,  39,  3.0285081589351549E-02, -0.0000000000000000E+00
  20,   2,  40,  3.0285081589351549E-02, -0.0000000000000000E+00
  20,   3,   1,  1.2732395447351628E+00, -0.0000000000000000E+00
  20,   3,   2,  1.2732395447351628E+00,  1.5714883604403678E-04
  20,   3,   3,  1.2732395447351628E+00, -2.1808680518671610E-02
  20,   3,   4,  1.2732395447351628E+00, -1.5701042931494253E-04
  20,   3,   5,  1.2732395447351628E+00, -0.0000000000000000E+00
  20,   3,   6,  1.2732395447351628E+00, -0.0000000000000000E+00
  20,   3,   7,  1.2732395447351628E+00, -0.0000000000000000E+00
  20,   3,   8,  1.2732395447351628E+00, -0.0000000000000000E+00
  20,   3,   9,  1.2732395447351628E+00, -0.0000000000000000E+00
  20,   3,  10,  1.2732395447351628E+00, -0.0000000000000000E+00
  20,   3,  11,  1.2732395447351628E+00, -0.0000000000000000E+00
  20,   3,  12,  1.2732395447351628E+00, -0.0000000000000000E+00
  20,   3,  13,  1.2732395447351628E+00, -0.0000000000000000E+00
  20,   3,  14,  1.2732395447351628E+00, -0.0000000000000000E+00
  20,   3,  15,  1.2732395447351628E+00, -0.0000000000000000E+00
  20,   3,  16,  1.2732395447351628E+00, -0.0000000000000000E+00
  20,   3,  17,  1.2732395447351628E+00, -0.0000000000000000E+00
  20,   3,  18,  1.2732395447351628E+00, -0.0000000000000000E+00
  20,   3,  19,  1.2732395447351628E+00, -0.0000000000000000E+00
  20,   3,  20,  1.2732395447351628E+00, -0.0000000000000000E+00
  20,   3,  21,  1.2732395447351628E+00, -0.0000000000000000E+00
  20,   3,  22,  1.2732395447351628E+00, -0.0000000000000000E+00
  20,   3,  23,  1.2732395447351628E+00, -0.0000000000000000E+00
  20,   3,  24,  1.2732395447351628E+00, -0.0000000000000000E+00
  20,   3,  25,  1.2732395447351628E+00, -0.0000000000000000E+00
  20,   3,  26,  1.2732395447351628E+00, -0.0000000000000000E+00
  20,   3,  27,  1.2732395447351628E+00, -0.0000000000000000E+00
  20,   3,  28,  1.2732395447351628E+00, -0.0000000000000000E+00
  20,   3,  29,  1.2732395447351628E+00, -0.0000000000000000E+00
  20,   3,  30,  1.2732395447351628E+00, -0.0000000000000000E+00
  20,   3,  31,  1.2732395447351628E+00, -0.0000000000000000E+00
  20,   3,  32,  1.2732395447351628E+00, -0.0000000000000000E+00
  20,   3,  33,  1.2732395447351628E+00, -0.0000000000000000E+00
  20,   3,  34,  1.2732395447351628E+00, -0.0000000000000000E+00
  20,   3,  35,  1.2732395447351628E+00, -0.0000000000000000E+00
  20,   3,  36,  1.2732395447351628E+00, -0.0000000000000000E+00
  20,   3,  37,  1.2732395447351628E+00, -0.0000000000000000E+00
  20,   3,  38,  1.2732395447351628E+00, -0.0000000000000000E+00
  20,   3,  39,  1.2732395447351628E+00, -0.0000000000000000E+00
  20,   3,  40,  1.2732395447351628E+00, -0.0000000000000000E+00
  20,   4,   1,  3.0285081589351549E-02, -0.0000000000000000E+00
  20,   4,   2,  3.0285081589351549E-02, -0.0000000000000000E+00
  20,   4,   3,  3.0285081589351549E-02,  3.3019557733389341E+01
  20,   4,   4,  3.0285081589351549E-02, -0.0000000000000000E+00
  20,   4,   5,  3.0285081589351549E-02, -3.3019557733389341E+01
  20,   4,   6,  3.0285081589351549E-02, -0.0000000000000000E+00
  20,   4,   7,  3.0285081589351549E-02, -0.0000000000000000E+00
  20,   4,   8,  3.0285081589351549E-02, -0.0000000000000000E+00
  20,   4,   9,  3.0285081589351549E-02, -0.0000000000000000E+00
  20,   4,  10,  3.0285081589351549E-02, -0.0000000000000000E+00
  20,   4,  11,  3.0285081589351549E-02, -0.0000000000000000E+00
  20,   4,  12,  3.0285081589351549E-02, -0.0000000000000000E+00
  20,   4,  13,  3.0285081589351549E-02, -0.0000000000000000E+00
  20,   4,  14,  3.0285081589351549E-02, -0.0000000000000000E+00
  20,   4,  15,  3.0285081589351549E-02, -0.0000000000000000E+00
  20,   4,  16,  3.0285081589351549E-02, -0.0000000000000000E+00
  20,   4,  17,  3.0285081589351549E-02, -0.0000000000000000E+00
  20,   4,  18,  3.0285081589351549E-02, -0.0000000000000000E+00
  20,   4,  19,  3.0285081589351549E-02, -0.0000000000000000E+00
  20,   4,  20,  3.0285081589351549E-02, -0.0000000000000000E+00
  20,   4,  21,  3.0285081589351549E-02, -0.0000000000000000E+00
  20,   4,  22,  3.0285081589351549E-02, -0.0000000000000000E+00
  20,   4,  23,  3.0285081589351549E-02, -0.0000000000000000E+00
  20,   4,  24,  3.0285081589351549E-02, -0.0000000000000000E+00
  20,   4,  25,  3.0285081589351549E-02, -0.0000000000000000E+00
  20,   4,  26,  3.0285081589351549E-02, -0.0000000000000000E+00
  20,   4,  27,  3.0285081589351549E-02, -0.0000000000000000E+00
  20,   4,  28,  3.0285081589351549E-02, -0.0000000000000000E+00
  20,   4,  29,  3.0285081589351549E-02, -0.0000000000000000E+00
  20,   4,  30,  3.0285081589351549E-02, -0.0000000000000000E+00
  20,   4,  31,  3.0285081589351549E-02, -0.0000000000000000E+00
  20,   4,  32,  3.0285081589351549E-02, -0.0000000000000000E+00
  20,   4,  33,  3.0285081589351549E-02, -0.0000000000000000E+00
  20,   4,  34,  3.0285081589351549E-02, -0.0000000000000000E+00
  20,   4,  35,  3.0285081589351549E-02, -0.0000000000000000E+00
  20,   4,  36,  3.0285081589351549E-02, -0.0000000000000000E+00
  20,   4,  37,  3.0285081589351549E-02, -0.0000000000000000E+00
  20,   4,  38,  3.0285081589351549E-02, -0.0000000000000000E+00
  20,   4,  39,  3.0285081589351549E-02, -0.0000000000000000E+00
  20,   4,  40,  3.0285081589351549E-02, -0.0000000000000000E+00
  20,   5,   1,  1.2732395447351628E+00, -0.0000000000000000E+00
  20,   5,   2,  1.2732395447351628E+00, -0.0000000000000000E+00
  20,   5,   3,  1.2732395447351628E+00, -0.0000000000000000E+00
  20,   5,   4,  1.2732395447351628E+00,  1.5714895821292691E-04
  20,   5,   5,  1.2732395447351628E+00, -2.1827922122506088E-02
  20,   5,   6,  1.2732395447351628E+00, -1.5701030714605242E-04
  20,   5,   7,  1.2732395447351628E+00, -0.0000000000000000E+00
  20,   5,   8,  1.2732395447351628E+00, -0.0000000000000000E+00
  20,   5,   9,  1.2732395447351628E+00, -0.0000000000000000E+00
  20,   5,  10,  1.2732395447351628E+00, -0.0000000000000000E+00
  20,   5,  11,  1.2732395447351628E+00, -0.0000000000000000E+00
  20,   5,  12,  1.2732395447351628E+00, -0.0000000000000000E+00
  20,   5,  13,  1.2732395447351628E+00, -0.0000000000000000E+00
  20,   5,  14,  1.2732395447351628E+00, -0.0000000000000000E+00
  20,   5,  15,  1.2732395447351628E+00, -0.0000000000000000E+00
  20,   5,  16,  1.2732395447351628E+00, -0.0000000000000000E+00
  20,   5,  17,  1.2732395447351628E+00, -0.0000000000000000E+00
  20,   5,  18,  1.2732395447351628E+00, -0.0000000000000000E+00
  20,   5,  19,  1.2732395447351628E+00, -0.0000000000000000E+00
  20,   5,  20,  1.2732395447351628E+00, -0.0000000000000000E+00
  20,   5,  21,  1.2732395447351628E+00, -0.0000000000000000E+00
  20,   5,  22,  1.2732395447351628E+00, -0.0000000000000000E+00
  20,   5,  23,  1.2732395447351628E+00, -0.0000000000000000E+00
  20,   5,  24,  1.2732395447351628E+00, -0.0000000000000000E+00
  20,   5,  25,  1.2732395447351628E+00, -0.0000000000000000E+00
  20,   5,  26,  1.2732395447351628E+00, -0.0000000000000000E+00
  20,   5,  27,  1.2732395447351628E+00, -0.0000000000000000E+00
  20,   5,  28,  1.2732395447351628E+00, -0.0000000000000000E+00
  20,   5,  29,  1.2732395447351628E+00, -0.0000000000000000E+00
  20,   5,  30,  1.2732395447351628E+00, -0.0000000000000000E+00
  20,   5,  31,  1.2732395447351628E+00, -0.0000000000000000E+00
  20,   5,  32,  1.2732395447351628E+00, -0.0000000000000000E+00
  20,   5,  33,  1.2732395447351628E+00, -0.0000000000000000E+00
  20,   5,  34,  1.2732395447351628E+00, -0.0000000000000000E+00
  20,   5,  35,  1.2732395447351628E+00, -0.0000000000000000E+00
  20,   5,  36,  1.2732395447351628E+00, -0.0000000000000000E+00
  20,   5,  37,  1.2732395447351628E+00, -0.0000000000000000E+00
  20,   5,  38,  1.2732395447351628E+00, -0.0000000000000000E+00
  20,   5,  39,  1.2732395447351628E+00, -0.0000000000000000E+00
  20,   5,  40,  1.2732395447351628E+00, -0.0000000000000000E+00
  20,   6,   1,  3.0285081589351549E-02, -0.0000000000000000E+00
  20,   6,   2,  3.0285081589351549E-02, -0.0000000000000000E+00
  20,   6,   3,  3.0285081589351549E-02, -0.0000000000000000E+00
  20,   6,   4,  3.0285081589351549E-02, -0.0000000000000000E+00
  20,   6,   5,  3.0285081589351549E-02,  3.3019557733389341E+01
  20,   6,   6,  3.0285081589351549E-02, -0.0000000000000000E+00
  20,   6,   7,  3.0285081589351549E-02, -3.3019557733389341E+01
  20,   6,   8,  3.0285081589351549E-02, -0.0000000000000000E+00
  20,   6,   9,  3.0285081589351549E-02, -0.0000000000000000E+00
  20,   6,  10,  3.0285081589351549E-02, -0.0000000000000000E+00
  20,   6,  11,  3.0285081589351549E-02, -0.0000000000000000E+00
  20,   6,  12,  3.0285081589351549E-02, -0.0000000000000000E+00
  20,   6,  13,  3.0285081589351549E-02, -0.0000000000000000E+00
  20,   6,  14,  3.0285081589351549E-02, -0.0000000000000000E+00
  20,   6,  15,  3.0285081589351549E-02, -0.0000000000000000E+00
  20,   6,  16,  3.0285081589351549E-02, -0.0000000000000000E+00
  20,   6,  17,  3.0285081589351549E-02, -0.0000000000000000E+00
  20,   6,  18,  3.0285081589351549E-02, -0.0000000000000000E+00
  20,   6,  19,  3.0285081589351549E-02, -0.0000000000000000E+00
  20,   6,  20,  3.0285081589351549E-02, -0.0000000000000000E+00
  20,   6,  21,  3.0285081589351549E-02, -0.0000000000000000E+00
  20,   6,  22,  3.0285081589351549E-02, -0.0000000000000000E+00
  20,   6,  23,  3.0285081589351549E-02, -0.0000000000000000E+00
  20,   6,  24,  3.0285081589351549E-02, -0.0000000000000000E+00
  20,   6,  25,  3.0285081589351549E-02, -0.0000000000000000E+00
  20,   6,  26,  3.0285081589351549E-02, -0.0000000000000000E+00
  20,   6,  27,  3.0285081589351549E-02, -0.0000000000000000E+00
  20,   6,  28,  3.0285081589351549E-02, -0.0000000000000000E+00
  20,   6,  29,  3.0285081589351549E-02, -0.0000000000000000E+00
  20,   6,  30,  3.0285081589351549E-02, -0.0000000000000000E+00
  20,   6,  31,  3.0285081589351549E-02, -0.0000000000000000E+00
  20,   6,  32,  3.0285081589351549E-02, -0.0000000000000000E+00
  20,   6,  33,  3.0285081589351549E-02, -0.0000000000000000E+00
  20,   6,  34,  3.0285081589351549E-02, -0.0000000000000000E+00
  20,   6,  35,  3.0285081589351549E-02, -0.0000000000000000E+00
  20,   6,  36,  3.0285081589351549E-02, -0.0000000000000000E+00
  20,   6,  37,  3.0285081589351549E-02, -0.0000000000000000E+00
  20,   6,  38,  3.0285081589351549E-02, -0.0000000000000000E+00
  20,   6,  39,  3.0285081589351549E-02, -0.0000000000000000E+00
  20,   6,  40,  3.0285081589351549E-02, -0.0000000000000000E+00
  20,   7,   1,  1.2732395447351628E+00, -0.0000000000000000E+00
  20,   7,   2,  1.2732395447351628E+00, -0.0000000000000000E+00
  20,   7,   3,  1.2732395447351628E+00, -0.0000000000000000E+00
  20,   7,   4,  1.2732395447351628E+00, -0.0000000000000000E+00
  20,   7,   5,  1.2732395447351628E+00, -0.0000000000000000E+00
  20,   7,   6,  1.2732395447351628E+00,  1.5714908081392419E-04
  20,   7,   7,  1.2732395447351628E+00, -2.1847214746474622E-02
  20,   7,   8,  1.2732395447351628E+00, -1.5701018454505512E-04
  20,   7,   9,  1.2732395447351628E+00, -0.0000000000000000E+00
  20,   7,  10,  1.2732395447351628E+00, -0.0000000000000000E+00
  20,   7,  11,  1.2732395447351628E+00, -0.0000000000000000E+00
  20,   7,  12,  1.2732395447351628E+00, -0.0000000000000000E+00
  20,   7,  13,  1.2732395447351628E+00, -0.0000000000000000E+00
  20,   7,  14,  1.2732395447351628E+00, -0.0000000000000000E+00
  20,   7,  15,  1.2732395447351628E+00, -0.0000000000000000E+00
  20,   7,  16,  1.2732395447351628E+00, -0.0000000000000000E+00
  20,   7,  17,  1.2732395447351628E+00, -0.0000000000000000E+00
  20,   7,  18,  1.2732395447351628E+00, -0.0000000000000000E+00
  20,   7,  19,  1.2732395447351628E+00, -0.0000000000000000E+00
  20,   7,  20,  1.2732395447351628E+00, -0.0000000000000000E+00
  20,   7,  21,  1.2732395447351628E+00, -0.0000000000000000E+00
  20,   7,  22,  1.2732395447351628E+00, -0.0000000000000000E+00
  20,   7,  23,  1.2732395447351628E+00, -0.0000000000000000E+00
  20,   7,  24,  1.2732395447351628E+00, -0.0000000000000000E+00
  20,   7,  25,  1.2732395447351628E+00, -0.0000000000000000E+00
  20,   7,  26,  1.2732395447351628E+00, -0.0000000000000000E+00
  20,   7,  27,  1.2732395447351628E+00, -0.0000000000000000E+00
  20,   7,  28,  1.2732395447351628E+00, -0.0000000000000000E+00
  20,   7,  29,  1.2732395447351628E+00, -0.0000000000000000E+00
  20,   7,  30,  1.2732395447351628E+00, -0.0000000000000000E+00
  20,   7,  31,  1.2732395447351628E+00, -0.0000000000000000E+00
  20,   7,  32,  1.2732395447351628E+00, -0.0000000000000000E+00
  20,   7,  33,  1.2732395447351628E+00, -0.0000000000000000E+00
  20,   7,  34,  1.2732395447351628E+00, -0.0000000000000000E+00
  20,   7,  35,  1.2732395447351628E+00, -0.0000000000000000E+00
  20,   7,  36,  1.2732395447351628E+00, -0.0000000000000000E+00
  20,   7,  37,  1.2732395447351628E+00, -0.0000000000000000E+00
  20,   7,  38,  1.2732395447351628E+00, -0.0000000000000000E+00
  20,   7,  39,  1.2732395447351628E+00, -0.0000000000000000E+00
  20,   7,  40,  1.2732395447351628E+00, -0.0000000000000000E+00
  20,   8,   1,  3.0285081589351549E-02, -0.0000000000000000E+00
  20,   8,   2,  3.0285081589351549E-02, -0.0000000000000000E+00
  20,   8,   3,  3.0285081589351549E-02, -0.0000000000000000E+00
  20,   8,   4,  3.0285081589351549E-02, -0.0000000000000000E+00
  20,   8,   5,  3.0285081589351549E-02, -0.0000000000000000E+00
  20,   8,   6,  3.0285081589351549E-02, -0.0000000000000000E+00
  20,   8,   7,  3.0285081589351549E-02,  3.3019557733389341E+01
  20,   8,   8,  3.0285081589351549E-02, -0.0000000000000000E+00
  20,   8,   9,  3.0285081589351549E-02, -3.3019557733389341E+01
  20,   8,  10,  3.0285081589351549E-02, -0.0000000000000000E+00
  20,   8,  11,  3.0285081589351549E-02, -0.0000000000000000E+00
  20,   8,  12,  3.0285081589351549E-02, -0.0000000000000000E+00
  20,   8,  13,  3.0285081589351549E-02, -0.0000000000000000E+00
  20,   8,  14,  3.0285081589351549E-02, -0.0000000000000000E+00
  20,   8,  15,  3.0285081589351549E-02, -0.0000000000000000E+00
  20,   8,  16,  3.0285081589351549E-02, -0.0000000000000000E+00
  20,   8,  17,  3.0285081589351549E-02, -0.0000000000000000E+00
  20,   8,  18,  3.0285081589351549E-02, -0.0000000000000000E+00
  20,   8,  19,  3.0285081589351549E-02, -0.0000000000000000E+00
  20,   8,  20,  3.0285081589351549E-02, -0.0000000000000000E+00
  20,   8,  21,  3.0285081589351549E-02, -0.0000000000000000E+00
  20,   8,  22,  3.0285081589351549E-02, -0.0000000000000000E+00
  20,   8,  23,  3.0285081589351549E-02, -0.0000000000000000E+00
  20,   8,  24,  3.0285081589351549E-02, -0.0000000000000000E+00
  20,   8,  25,  3.0285081589351549E-02, -0.0000000000000000E+00
  20,   8,  26,  3.0285081589351549E-02, -0.0000000000000000E+00
  20,   8,  27,  3.0285081589351549E-02, -0.0000000000000000E+00
  20,   8,  28,  3.0285081589351549E-02, -0.0000000000000000E+00
  20,   8,  29,  3.0285081589351549E-02, -0.0000000000000000E+00
  20,   8,  30,  3.0285081589351549E-02, -0.0000000000000000E+00
  20,   8,  31,  3.0285081589351549E-02, -0.0000000000000000E+00
  20,   8,  32,  3.0285081589351549E-02, -0.0000000000000000E+00
  20,   8,  33,  3.0285081589351549E-02, -0.0000000000000000E+00
  20,   8,  34,  3.0285081589351549E-02, -0.0000000000000000E+00
  20,   8,  35,  3.0285081589351549E-02, -0.0000000000000000E+00
  20,   8,  36,  3.0285081589351549E-02, -0.0000000000000000E+00
  20,   8,  37,  3.0285081589351549E-02, -0.0000000000000000E+00
  20,   8,  38,  3.0285081589351549E-02, -0.0000000000000000E+00
  20,   8,  39,  3.0285081589351549E-02, -0.0000000000000000E+00
  20,   8,  40,  3.0285081589351549E-02, -0.0000000000000000E+00
  20,   9,   1,  1.2732395447351628E+00, -0.0000000000000000E+00
  20,   9,   2,  1.2732395447351628E+00, -0.0000000000000000E+00
  20,   9,   3,  1.2732395447351628E+00, -0.0000000000000000E+00
  20,   9,   4,  1.2732395447351628E+00, -0.0000000000000000E+00
  20,   9,   5,  1.2732395447351628E+00, -0.0000000000000000E+00
  20,   9,   6,  1.2732395447351628E+00, -0.0000000000000000E+00
  20,   9,   7,  1.2732395447351628E+00, -0.0000000000000000E+00
  20,   9,   8,  1.2732395447351628E+00,  1.5714920384932526E-04
  20,   9,   9,  1.2732395447351628E+00, -2.1866558616447734E-02
  20,   9,  10,  1.2732395447351628E+00, -1.5701006150965405E-04
  20,   9,  11,  1.2732395447351628E+00, -0.0000000000000000E+00
  20,   9,  12,  1.2732395447351628E+00, -0.0000000000000000E+00
  20,   9,  13,  1.2732395447351628E+00, -0.0000000000000000E+00
  20,   9,  14,  1.2732395447351628E+00, -0.0000000000000000E+00
  20,   9,  15,  1.2732395447351628E+00, -0.0000000000000000E+00
  20,   9,  16,  1.2732395447351628E+00, -0.0000000000000000E+00
  20,   9,  17,  1.2732395447351628E+00, -0.0000000000000000E+00
  20,   9,  18,  1.2732395447351628E+00, -0.0000000000000000E+00
  20,   9,  19,  1.2732395447351628E+00, -0.0000000000000000E+00
  20,   9,  20,  1.2732395447351628E+00, -0.0000000000000000E+00
  20,   9,  21,  1.2732395447351628E+00, -0.0000000000000000E+00
  20,   9,  22,  1.2732395447351628E+00, -0.0000000000000000E+00
  20,   9,  23,  1.2732395447351628E+00, -0.0000000000000000E+00
  20,   9,  24,  1.2732395447351628E+00, -0.0000000000000000E+00
  20,   9,  25,  1.2732395447351628E+00, -0.0000000000000000E+00
  20,   9,  26,  1.2732395447351628E+00, -0.0000000000000000E+00
  20,   9,  27,  1.2732395447351628E+00, -0.0000000000000000E+00
  20,   9,  28,  1.2732395447351628E+00, -0.0000000000000000E+00
  20,   9,  29,  1.2732395447351628E+00, -0.0000000000000000E+00
  20,   9,  30,  1.2732395447351628E+00, -0.0000000000000000E+00
  20,   9,  31,  1.2732395447351628E+00, -0.0000000000000000E+00
  20,   9,  32,  1.2732395447351628E+00, -0.0000000000000000E+00
  20,   9,  33,  1.2732395447351628E+00, -0.0000000000000000E+00
  20,   9,  34,  1.2732395447351628E+00, -0.0000000000000000E+00
  20,   9,  35,  1.2732395447351628E+00, -0.0000000000000000E+00
  20,   9,  36,  1.2732395447351628E+00, -0.0000000000000000E+00
  20,   9,  37,  1.2732395447351628E+00, -0.0000000000000000E+00
  20,   9,  38,  1.2732395447351628E+00, -0.0000000000000000E+00
  20,   9,  39,  1.2732395447351628E+00, -0.0000000000000000E+00
  20,   9,  40,  1.2732395447351628E+00, -0.0000000000000000E+00
  20,  10,   1,  3.0285081589351549E-02, -0.0000000000000000E+00
  20,  10,   2,  3.0285081589351549E-02, -0.0000000000000000E+00
  20,  10,   3,  3.0285081589351549E-02, -0.0000000000000000E+00
  20,  10,   4,  3.0285081589351549E-02, -0.0000000000000000E+00
  20,  10,   5,  3.0285081589351549E-02, -0.0000000000000000E+00
  20,  10,   6,  3.0285081589351549E-02, -0.0000000000000000E+00
  20,  10,   7,  3.0285081589351549E-02, -0.0000000000000000E+00
  20,  10,   8,  3.0285081589351549E-02, -0.0000000000000000E+00
  20,  10,   9,  3.0285081589351549E-02,  3.3019557733389341E+01
  20,  10,  10,  3.0285081589351549E-02, -0.0000000000000000E+00
  20,  10,  11,  3.0285081589351549E-02, -3.3019557733389341E+01
  20,  10,  12,  3.0285081589351549E-02, -0.0000000000000000E+00
  20,  10,  13,  3.0285081589351549E-02, -0.0000000000000000E+00
  20,  10,  14,  3.0285081589351549E-02, -0.0000000000000000E+00
  20,  10,  15,  3.0285081589351549E-02, -0.0000000000000000E+00
  20,  10,  16,  3.0285081589351549E-02, -0.0000000000000000E+00
  20,  10,  17,  3.0285081589351549E-02, -0.0000000000000000E+00
  20,  10,  18,  3.0285081589351549E-02, -0.0000000000000000E+00
  20,  10,  19,  3.0285081589351549E-02, -0.0000000000000000E+00
  20,  10,  20,  3.0285081589351549E-02, -0.0000000000000000E+00
  20,  10,  21,  3.0285081589351549E-02, -0.0000000000000000E+00
  20,  10,  22,  3.0285081589351549E-02, -0.0000000000000000E+00
  20,  10,  23,  3.0285081589351549E-02, -0.0000000000000000E+00
  20,  10,  24,  3.0285081589351549E-02, -0.0000000000000000E+00
  20,  10,  25,  3.0285081589351549E-02, -0.0000000000000000E+00
  20,  10,  26,  3.0285081589351549E-02, -0.0000000000000000E+00
  20,  10,  27,  3.0285081589351549E-02, -0.0000000000000000E+00
  20,  10,  28,  3.0285081589351549E-02, -0.0000000000000000E+00
  20,  10,  29,  3.0285081589351549E-02, -0.0000000000000000E+00
  20,  10,  30,  3.0285081589351549E-02, -0.0000000000000000E+00
  20,  10,  31,  3.0285081589351549E-02, -0.0000000000000000E+00
  20,  10,  32,  3.0285081589351549E-02, -0.0000000000000000E+00
  20,  10,  33,  3.0285081589351549E-02, -0.0000000000000000E+00
  20,  10,  34,  3.0285081589351549E-02, -0.0000000000000000E+00
  20,  10,  35,  3.0285081589351549E-02, -0.0000000000000000E+00
  20,  10,  36,  3.0285081589351549E-02, -0.0000000000000000E+00
  20,  10,  37,  3.0285081589351549E-02, -0.0000000000000000E+00
  20,  10,  38,  3.0285081589351549E-02, -0.0000000000000000E+00
  20,  10,  39,  3.0285081589351549E-02, -0.0000000000000000E+00
  20,  10,  40,  3.0285081589351549E-02, -0.0000000000000000E+00
  20,  11,   1,  1.2732395447351628E+00, -0.0000000000000000E+00
  20,  11,   2,  1.2732395447351628E+00, -0.0000000000000000E+00
  20,  11,   3,  1.2732395447351628E+00, -0.0000000000000000E+00
  20,  11,   4,  1.2732395447351628E+00, -0.0000000000000000E+00
  20,  11,   5,  1.2732395447351628E+00, -0.0000000000000000E+00
  20,  11,   6,  1.2732395447351628E+00, -0.0000000000000000E+00
  20,  11,   7,  1.2732395447351628E+00, -0.0000000000000000E+00
  20,  11,   8,  1.2732395447351628E+00, -0.0000000000000000E+00
  20,  11,   9,  1.2732395447351628E+00, -0.0000000000000000E+00
  20,  11,  10,  1.2732395447351628E+00,  1.5714932732144299E-04
  20,  11,  11,  1.2732395447351628E+00, -2.1885953959698078E-02
  20,  11,  12,  1.2732395447351628E+00, -1.5700993803753632E-04
  20,  11,  13,  1.2732395447351628E+00, -0.0000000000000000E+00
  20,  11,  14,  1.2732395447351628E+00, -0.0000000000000000E+00
  20,  11,  15,  1.2732395447351628E+00, -0.0000000000000000E+00
  20,  11,  16,  1.2732395447351628E+00, -0.0000000000000000E+00
  20,  11,  17,  1.2732395447351628E+00, -0.0000000000000000E+00
  20,  11,  18,  1.2732395447351628E+00, -0.0000000000000000E+00
  20,  11,  19,  1.2732395447351628E+00, -0.0000000000000000E+00
  20,  11,  20,  1.2732395447351628E+00, -0.0000000000000000E+00
  20,  11,  21,  1.2732395447351628E+00, -0.0000000000000000E+00
  20,  11,  22,  1.2732395447351628E+00, -0.0000000000000000E+00
  20,  11,  23,  1.2732395447351628E+00, -0.0000000000000000E+00
  20,  11,  24,  1.2732395447351628E+00, -0.0000000000000000E+00
  20,  11,  25,  1.2732395447351628E+00, -0.0000000000000000E+00
  20,  11,  26,  1.2732395447351628E+00, -0.0000000000000000E+00
  20,  11,  27,  1.2732395447351628E+00, -0.0000000000000000E+00
  20,  11,  28,  1.2732395447351628E+00, -0.0000000000000000E+00
  20,  11,  29,  1.2732395447351628E+00, -0.0000000000000000E+00
  20,  11,  30,  1.2732395447351628E+00, -0.0000000000000000E+00
  20,  11,  31,  1.2732395447351628E+00, -0.0000000000000000E+00
  20,  11,  32,  1.2732395447351628E+00, -0.0000000000000000E+00
  20,  11,  33,  1.2732395447351628E+00, -0.0000000000000000E+00
  20,  11,  34,  1.2732395447351628E+00, -0.0000000000000000E+00
  20,  11,  35,  1.2732395447351628E+00, -0.0000000000000000E+00
  20,  11,  36,  1.2732395447351628E+00, -0.0000000000000000E+00
  20,  11,  37,  1.2732395447351628E+00, -0.0000000000000000E+00
  20,  11,  38,  1.2732395447351628E+00, -0.0000000000000000E+00
  20,  11,  39,  1.2732395447351628E+00, -0.0000000000000000E+00
  20,  11,  40,  1.2732395447351628E+00, -0.0000000000000000E+00
  20,  12,   1,  3.0285081589351549E-02, -0.0000000000000000E+00
  20,  12,   2,  3.0285081589351549E-02, -0.0000000000000000E+00
  20,  12,   3,  3.0285081589351549E-02, -0.0000000000000000E+00
  20,  12,   4,  3.0285081589351549E-02, -0.0000000000000000E+00
  20,  12,   5,  3.0285081589351549E-02, -0.0000000000000000E+00
  20,  12,   6,  3.0285081589351549E-02, -0.0000000000000000E+00
  20,  12,   7,  3.0285081589351549E-02, -0.0000000000000000E+00
  20,  12,   8,  3.0285081589351549E-02, -0.0000000000000000E+00
  20,  12,   9,  3.0285081589351549E-02, -0.0000000000000000E+00
  20,  12,  10,  3.0285081589351549E-02, -0.0000000000000000E+00
  20,  12,  11,  3.0285081589351549E-02,  3.3019557733389341E+01
  20,  12,  12,  3.0285081589351549E-02, -0.0000000000000000E+00
  20,  12,  13,  3.0285081589351549E-02, -3.3019557733389341E+01
  20,  12,  14,  3.0285081589351549E-02, -0.0000000000000000E+00
  20,  12,  15,  3.0285081589351549E-02, -0.0000000000000000E+00
  20,  12,  16,  3.0285081589351549E-02, -0.0000000000000000E+00
  20,  12,  17,  3.0285081589351549E-02, -0.0000000000000000E+00
  20,  12,  18,  3.0285081589351549E-02, -0.0000000000000000E+00
  20,  12,  19,  3.0285081589351549E-02, -0.0000000000000000E+00
  20,  12,  20,  3.0285081589351549E-02, -0.0000000000000000E+00
  20,  12,  21,  3.0285081589351549E-02, -0.0000000000000000E+00
  20,  12,  22,  3.0285081589351549E-02, -0.0000000000000000E+00
  20,  12,  23,  3.0285081589351549E-02, -0.0000000000000000E+00
  20,  12,  24,  3.0285081589351549E-02, -0.0000000000000000E+00
  20,  12,  25,  3.0285081589351549E-02, -0.0000000000000000E+00
  20,  12,  26,  3.0285081589351549E-02, -0.0000000000000000E+00
  20,  12,  27,  3.0285081589351549E-02, -0.0000000000000000E+00
  20,  12,  28,  3.0285081589351549E-02, -0.0000000000000000E+00
  20,  12,  29,  3.0285081589351549E-02, -0.0000000000000000E+00
  20,  12,  30,  3.0285081589351549E-02, -0.0000000000000000E+00
  20,  12,  31,  3.0285081589351549E-02, -0.0000000000000000E+00
  20,  12,  32,  3.0285081589351549E-02, -0.0000000000000000E+00
  20,  12,  33,  3.0285081589351549E-02, -0.0000000000000000E+00
  20,  12,  34,  3.0285081589351549E-02, -0.0000000000000000E+00
  20,  12,  35,  3.0285081589351549E-02, -0.0000000000000000E+00
  20,  12,  36,  3.0285081589351549E-02, -0.0000000000000000E+00
  20,  12,  37,  3.0285081589351549E-02, -0.0000000000000000E+00
  20,  12,  38,  3.0285081589351549E-02, -0.0000000000000000E+00
  20,  12,  39,  3.0285081589351549E-02, -0.0000000000000000E+00
  20,  12,  40,  3.0285081589351549E-02, -0.0000000000000000E+00
  20,  13,   1,  1.2732395447351628E+00, -0.0000000000000000E+00
  20,  13,   2,  1.2732395447351628E+00, -0.0000000000000000E+00
  20,  13,   3,  1.2732395447351628E+00, -0.0000000000000000E+00
  20,  13,   4,  1.2732395447351628E+00, -0.0000000000000000E+00
  20,  13,   5,  1.2732395447351628E+00, -0.0000000000000000E+00
  20,  13,   6,  1.2732395447351628E+00, -0.0000000000000000E+00
  20,  13,   7,  1.2732395447351628E+00, -0.0000000000000000E+00
  20,  13,   8,  1.2732395447351628E+00, -0.0000000000000000E+00
  20,  13,   9,  1.2732395447351628E+00, -0.0000000000000000E+00
  20,  13,  10,  1.2732395447351628E+00, -0.0000000000000000E+00
  20,  13,  11,  1.2732395447351628E+00, -0.0000000000000000E+00
  20,  13,  12,  1.2732395447351628E+00,  1.5714945123260671E-04
  20,  13,  13,  1.2732395447351628E+00, -2.1905401004912284E-02
  20,  13,  14,  1.2732395447351628E+00, -1.5700981412637260E-04
  20,  13,  15,  1.2732395447351628E+00, -0.0000000000000000E+00
  20,  13,  16,  1.2732395447351628E+00, -0.0000000000000000E+00
  20,  13,  17,  1.2732395447351628E+00, -0.0000000000000000E+00
  20,  13,  18,  1.2732395447351628E+00, -0.0000000000000000E+00
  20,  13,  19,  1.2732395447351628E+00, -0.0000000000000000E+00
  20,  13,  20,  1.2732395447351628E+00, -0.0000000000000000E+00
  20,  13,  21,  1.2732395447351628E+00, -0.0000000000000000E+00
  20,  13,  22,  1.2732395447351628E+00, -0.0000000000000000E+00
  20,  13,  23,  1.2732395447351628E+00, -0.0000000000000000E+00
  20,  13,  24,  1.2732395447351628E+00, -0.0000000000000000E+00
  20,  13,  25,  1.2732395447351628E+00, -0.0000000000000000E+00
  20,  13,  26,  1.2732395447351628E+00, -0.0000000000000000E+00
  20,  13,  27,  1.2732395447351628E+00, -0.0000000000000000E+00
  20,  13,  28,  1.2732395447351628E+00, -0.0000000000000000E+00
  20,  13,  29,  1.2732395447351628E+00, -0.0000000000000000E+00
  20,  13,  30,  1.2732395447351628E+00, -0.0000000000000000E+00
  20,  13,  31,  1.2732395447351628E+00, -0.0000000000000000E+00
  20,  13,  32,  1.2732395447351628E+00, -0.0000000000000000E+00
  20,  13,  33,  1.2732395447351628E+00, -0.0000000000000000E+00
  20,  13,  34,  1.2732395447351628E+00, -0.0000000000000000E+00
  20,  13,  35,  1.2732395447351628E+00, -0.0000000000000000E+00
  20,  13,  36,  1.2732395447351628E+00, -0.0000000000000000E+00
  20,  13,  37,  1.2732395447351628E+00, -0.0000000000000000E+00
  20,  13,  38,  1.2732395447351628E+00, -0.0000000000000000E+00
  20,  13,  39,  1.2732395447351628E+00, -0.0000000000000000E+00
  20,  13,  40,  1.2732395447351628E+00, -0.0000000000000000E+00
  20,  14,   1,  3.0285081589351549E-02, -0.0000000000000000E+00
  20,  14,   2,  3.0285081589351549E-02, -0.0000000000000000E+00
  20,  14,   3,  3.0285081589351549E-02, -0.0000000000000000E+00
  20,  14,   4,  3.0285081589351549E-02, -0.0000000000000000E+00
  20,  14,   5,  3.0285081589351549E-02, -0.0000000000000000E+00
  20,  14,   6,  3.0285081589351549E-02, -0.0000000000000000E+00
  20,  14,   7,  3.0285081589351549E-02, -0.0000000000000000E+00
  20,  14,   8,  3.0285081589351549E-02, -0.0000000000000000E+00
  20,  14,   9,  3.0285081589351549E-02, -0.0000000000000000E+00
  20,  14,  10,  3.0285081589351549E-02, -0.0000000000000000E+00
  20,  14,  11,  3.0285081589351549E-02, -0.0000000000000000E+00
  20,  14,  12,  3.0285081589351549E-02, -0.0000000000000000E+00
  20,  14,  13,  3.0285081589351549E-02,  3.3019557733389341E+01
  20,  14,  14,  3.0285081589351549E-02, -0.0000000000000000E+00
  20,  14,  15,  3.0285081589351549E-02, -3.3019557733389341E+01
  20,  14,  16,  3.0285081589351549E-02, -0.0000000000000000E+00
  20,  14,  17,  3.0285081589351549E-02, -0.0000000000000000E+00
  20,  14,  18,  3.0285081589351549E-02, -0.0000000000000000E+00
  20,  14,  19,  3.0285081589351549E-02, -0.0000000000000000E+00
  20,  14,  20,  3.0285081589351549E-02, -0.0000000000000000E+00
  20,  14,  21,  3.0285081589351549E-02, -0.0000000000000000E+00
  20,  14,  22,  3.0285081589351549E-02, -0.0000000000000000E+00
  20,  14,  23,  3.0285081589351549E-02, -0.0000000000000000E+00
  20,  14,  24,  3.0285081589351549E-02, -0.0000000000000000E+00
  20,  14,  25,  3.0285081589351549E-02, -0.0000000000000000E+00
  20,  14,  26,  3.0285081589351549E-02, -0.0000000000000000E+00
  20,  14,  27,  3.0285081589351549E-02, -0.0000000000000000E+00
  20,  14,  28,  3.0285081589351549E-02, -0.0000000000000000E+00
  20,  14,  29,  3.0285081589351549E-02, -0.0000000000000000E+00
  20,  14,  30,  3.0285081589351549E-02, -0.0000000000000000E+00
  20,  14,  31,  3.0285081589351549E-02, -0.0000000000000000E+00
  20,  14,  32,  3.0285081589351549E-02, -0.0000000000000000E+00
  20,  14,  33,  3.0285081589351549E-02, -0.0000000000000000E+00
  20,  14,  34,  3.0285081589351549E-02, -0.0000000000000000E+00
  20,  14,  35,  3.0285081589351549E-02, -0.0000000000000000E+00
  20,  14,  36,  3.0285081589351549E-02, -0.0000000000000000E+00
  20,  14,  37,  3.0285081589351549E-02, -0.0000000000000000E+00
  20,  14,  38,  3.0285081589351549E-02, -0.0000000000000000E+00
  20,  14,  39,  3.0285081589351549E-02, -0.0000000000000000E+00
  20,  14,  40,  3.0285081589351549E-02, -0.0000000000000000E+00
  20,  15,   1,  1.2732395447351628E+00, -0.0000000000000000E+00
  20,  15,   2,  1.2732395447351628E+00, -0.0000000000000000E+00
  20,  15,   3,  1.2732395447351628E+00, -0.0000000000000000E+00
  20,  15,   4,  1.2732395447351628E+00, -0.0000000000000000E+00
  20,  15,   5,  1.2732395447351628E+00, -0.0000000000000000E+00
  20,  15,   6,  1.2732395447351628E+00, -0.0000000000000000E+00
  20,  15,   7,  1.2732395447351628E+00, -0.0000000000000000E+00
  20,  15,   8,  1.2732395447351628E+00, -0.0000000000000000E+00
  20,  15,   9,  1.2732395447351628E+00, -0.0000000000000000E+00
  20,  15,  10,  1.2732395447351628E+00, -0.0000000000000000E+00
  20,  15,  11,  1.2732395447351628E+00, -0.0000000000000000E+00
  20,  15,  12,  1.2732395447351628E+00, -0.0000000000000000E+00
  20,  15,  13,  1.2732395447351628E+00, -0.0000000000000000E+00
  20,  15,  14,  1.2732395447351628E+00,  1.5714957558516239E-04
  20,  15,  15,  1.2732395447351628E+00, -2.1924899982201429E-02
  20,  15,  16,  1.2732395447351628E+00, -1.5700968977381692E-04
  20,  15,  17,  1.2732395447351628E+00, -0.0000000000000000E+00
  20,  15,  18,  1.2732395447351628E+00, -0.0000000000000000E+00
  20,  15,  19,  1.2732395447351628E+00, -0.0000000000000000E+00
  20,  15,  20,  1.2732395447351628E+00, -0.0000000000000000E+00
  20,  15,  21,  1.2732395447351628E+00, -0.0000000000000000E+00
  20,  15,  22,  1.2732395447351628E+00, -0.0000000000000000E+00
  20,  15,  23,  1.2732395447351628E+00, -0.0000000000000000E+00
  20,  15,  24,  1.2732395447351628E+00, -0.0000000000000000E+00
  20,  15,  25,  1.2732395447351628E+00, -0.0000000000000000E+00
  20,  15,  26,  1.2732395447351628E+00, -0.0000000000000000E+00
  20,  15,  27,  1.2732395447351628E+00, -0.0000000000000000E+00
  20,  15,  28,  1.2732395447351628E+00, -0.0000000000000000E+00
  20,  15,  29,  1.2732395447351628E+00, -0.0000000000000000E+00
  20,  15,  30,  1.2732395447351628E+00, -0.0000000000000000E+00
  20,  15,  31,  1.2732395447351628E+00, -0.0000000000000000E+00
  20,  15,  32,  1.2732395447351628E+00, -0.0000000000000000E+00
  20,  15,  33,  1.2732395447351628E+00, -0.0000000000000000E+00
  20,  15,  34,  1.2732395447351628E+00, -0.0000000000000000E+00
  20,  15,  35,  1.2732395447351628E+00, -0.0000000000000000E+00
  20,  15,  36,  1.2732395447351628E+00, -0.0000000000000000E+00
  20,  15,  37,  1.2732395447351628E+00, -0.0000000000000000E+00
  20,  15,  38,  1.2732395447351628E+00, -0.0000000000000000E+00
  20,  15,  39,  1.2732395447351628E+00, -0.0000000000000000E+00
  20,  15,  40,  1.2732395447351628E+00, -0.0000000000000000E+00
  20,  16,   1,  3.0285081589351549E-02, -0.0000000000000000E+00
  20,  16,   2,  3.0285081589351549E-02, -0.0000000000000000E+00
  20,  16,   3,  3.0285081589351549E-02, -0.0000000000000000E+00
  20,  16,   4,  3.0285081589351549E-02, -0.0000000000000000E+00
  20,  16,   5,  3.0285081589351549E-02, -0.0000000000000000E+00
  20,  16,   6,  3.0285081589351549E-02, -0.0000000000000000E+00
  20,  16,   7,  3.0285081589351549E-02, -0.0000000000000000E+00
  20,  16,   8,  3.0285081589351549E-02, -0.0000000000000000E+00
  20,  16,   9,  3.0285081589351549E-02, -0.0000000000000000E+00
  20,  16,  10,  3.0285081589351549E-02, -0.0000000000000000E+00
  20,  16,  11,  3.0285081589351549E-02, -0.0000000000000000E+00
  20,  16,  12,  3.0285081589351549E-02, -0.0000000000000000E+00
  20,  16,  13,  3.0285081589351549E-02, -0.0000000000000000E+00
  20,  16,  14,  3.0285081589351549E-02, -0.0000000000000000E+00
  20,  16,  15,  3.0285081589351549E-02,  3.3019557733389341E+01
  20,  16,  16,  3.0285081589351549E-02, -0.0000000000000000E+00
  20,  16,  17,  3.0285081589351549E-02, -3.3019557733389341E+01
  20,  16,  18,  3.0285081589351549E-02, -0.0000000000000000E+00
  20,  16,  19,  3.0285081589351549E-02, -0.0000000000000000E+00
  20,  16,  20,  3.0285081589351549E-02, -0.0000000000000000E+00
  20,  16,  21,  3.0285081589351549E-02, -0.0000000000000000E+00
  20,  16,  22,  3.0285081589351549E-02, -0.0000000000000000E+00
  20,  16,  23,  3.0285081589351549E-02, -0.0000000000000000E+00
  20,  16,  24,  3.0285081589351549E-02, -0.0000000000000000E+00
  20,  16,  25,  3.0285081589351549E-02, -0.0000000000000000E+00
  20,  16,  26,  3.0285081589351549E-02, -0.0000000000000000E+00
  20,  16,  27,  3.0285081589351549E-02, -0.0000000000000000E+00
  20,  16,  28,  3.0285081589351549E-02, -0.0000000000000000E+00
  20,  16,  29,  3.0285081589351549E-02, -0.0000000000000000E+00
  20,  16,  30,  3.0285081589351549E-02, -0.0000000000000000E+00
  20,  16,  31,  3.0285081589351549E-02, -0.0000000000000000E+00
  20,  16,  32,  3.0285081589351549E-02, -0.0000000000000000E+00
  20,  16,  33,  3.0285081589351549E-02, -0.0000000000000000E+00
  20,  16,  34,  3.0285081589351549E-02, -0.0000000000000000E+00
  20,  16,  35,  3.0285081589351549E-02, -0.0000000000000000E+00
  20,  16,  36,  3.0285081589351549E-02, -0.0000000000000000E+00
  20,  16,  37,  3.0285081589351549E-02, -0.0000000000000000E+00
  20,  16,  38,  3.0285081589351549E-02, -0.0000000000000000E+00
  20,  16,  39,  3.0285081589351549E-02, -0.0000000000000000E+00
  20,  16,  40,  3.0285081589351549E-02, -0.0000000000000000E+00
  20,  17,   1,  1.2732395447351628E+00, -0.0000000000000000E+00
  20,  17,   2,  1.2732395447351628E+00, -0.0000000000000000E+00
  20,  17,   3,  1.2732395447351628E+00, -0.0000000000000000E+00
  20,  17,   4,  1.2732395447351628E+00, -0.0000000000000000E+00
  20,  17,   5,  1.2732395447351628E+00, -0.0000000000000000E+00
  20,  17,   6,  1.2732395447351628E+00, -0.0000000000000000E+00
  20,  17,   7,  1.2732395447351628E+00, -0.0000000000000000E+00
  20,  17,   8,  1.2732395447351628E+00, -0.0000000000000000E+00
  20,  17,   9,  1.2732395447351628E+00, -0.0000000000000000E+00
  20,  17,  10,  1.2732395447351628E+00, -0.0000000000000000E+00
  20,  17,  11,  1.2732395447351628E+00, -0.0000000000000000E+00
  20,  17,  12,  1.2732395447351628E+00, -0.0000000000000000E+00
  20,  17,  13,  1.2732395447351628E+00, -0.0000000000000000E+00
  20,  17,  14,  1.2732395447351628E+00, -0.0000000000000000E+00
  20,  17,  15,  1.2732395447351628E+00, -0.0000000000000000E+00
  20,  17,  16,  1.2732395447351628E+00,  1.5714970038147264E-04
  20,  17,  17,  1.2732395447351628E+00, -2.1944451123113246E-02
  20,  17,  18,  1.2732395447351628E+00, -1.5700956497750667E-04
  20,  17,  19,  1.2732395447351628E+00, -0.0000000000000000E+00
  20,  17,  20,  1.2732395447351628E+00, -0.0000000000000000E+00
  20,  17,  21,  1.2732395447351628E+00, -0.0000000000000000E+00
  20,  17,  22,  1.2732395447351628E+00, -0.0000000000000000E+00
  20,  17,  23,  1.2732395447351628E+00, -0.0000000000000000E+00
  20,  17,  24,  1.2732395447351628E+00, -0.0000000000000000E+00
  20,  17,  25,  1.2732395447351628E+00, -0.0000000000000000E+00
  20,  17,  26,  1.2732395447351628E+00, -0.0000000000000000E+00
  20,  17,  27,  1.2732395447351628E+00, -0.0000000000000000E+00
  20,  17,  28,  1.2732395447351628E+00, -0.0000000000000000E+00
  20,  17,  29,  1.2732395447351628E+00, -0.0000000000000000E+00
  20,  17,  30,  1.2732395447351628E+00, -0.0000000000000000E+00
  20,  17,  31,  1.2732395447351628E+00, -0.0000000000000000E+00
  20,  17,  32,  1.2732395447351628E+00, -0.0000000000000000E+00
  20,  17,  33,  1.2732395447351628E+00, -0.0000000000000000E+00
  20,  17,  34,  1.2732395447351628E+00, -0.0000000000000000E+00
  20,  17,  35,  1.2732395447351628E+00, -0.0000000000000000E+00
  20,  17,  36,  1.2732395447351628E+00, -0.0000000000000000E+00
  20,  17,  37,  1.2732395447351628E+00, -0.0000000000000000E+00
  20,  17,  38,  1.2732395447351628E+00, -0.0000000000000000E+00
  20,  17,  39,  1.2732395447351628E+00, -0.0000000000000000E+00
  20,  17,  40,  1.2732395447351628E+00, -0.0000000000000000E+00
  20,  18,   1,  3.0285081589351549E-02, -0.0000000000000000E+00
  20,  18,   2,  3.0285081589351549E-02, -0.0000000000000000E+00
  20,  18,   3,  3.0285081589351549E-02, -0.0000000000000000E+00
  20,  18,   4,  3.0285081589351549E-02, -0.0000000000000000E+00
  20,  18,   5,  3.0285081589351549E-02, -0.0000000000000000E+00
  20,  18,   6,  3.0285081589351549E-02, -0.0000000000000000E+00
  20,  18,   7,  3.0285081589351549E-02, -0.0000000000000000E+00
  20,  18,   8,  3.0285081589351549E-02, -0.0000000000000000E+00
  20,  18,   9,  3.0285081589351549E-02, -0.0000000000000000E+00
  20,  18,  10,  3.0285081589351549E-02, -0.0000000000000000E+00
  20,  18,  11,  3.0285081589351549E-02, -0.0000000000000000E+00
  20,  18,  12,  3.0285081589351549E-02, -0.0000000000000000E+00
  20,  18,  13,  3.0285081589351549E-02, -0.0000000000000000E+00
  20,  18,  14,  3.0285081589351549E-02, -0.0000000000000000E+00
  20,  18,  15,  3.0285081589351549E-02, -0.0000000000000000E+00
  20,  18,  16,  3.0285081589351549E-02, -0.0000000000000000E+00
  20,  18,  17,  3.0285081589351549E-02,  3.3019557733389341E+01
  20,  18,  18,  3.0285081589351549E-02, -0.0000000000000000E+00
  20,  18,  19,  3.0285081589351549E-02, -3.3019557733389341E+01
  20,  18,  20,  3.0285081589351549E-02, -0.0000000000000000E+00
  20,  18,  21,  3.0285081589351549E-02, -0.0000000000000000E+00
  20,  18,  22,  3.0285081589351549E-02, -0.0000000000000000E+00
  20,  18,  23,  3.0285081589351549E-02, -0.0000000000000000E+00
  20,  18,  24,  3.0285081589351549E-02, -0.0000000000000000E+00
  20,  18,  25,  3.0285081589351549E-02, -0.0000000000000000E+00
  20,  18,  26,  3.0285081589351549E-02, -0.0000000000000000E+00
  20,  18,  27,  3.0285081589351549E-02, -0.0000000000000000E+00
  20,  18,  28,  3.0285081589351549E-02, -0.0000000000000000E+00
  20,  18,  29,  3.0285081589351549E-02, -0.0000000000000000E+00
  20,  18,  30,  3.0285081589351549E-02, -0.0000000000000000E+00
  20,  18,  31,  3.0285081589351549E-02, -0.0000000000000000E+00
  20,  18,  32,  3.0285081589351549E-02, -0.0000000000000000E+00
  20,  18,  33,  3.0285081589351549E-02, -0.0000000000000000E+00
  20,  18,  34,  3.0285081589351549E-02, -0.0000000000000000E+00
  20,  18,  35,  3.0285081589351549E-02, -0.0000000000000000E+00
  20,  18,  36,  3.0285081589351549E-02, -0.0000000000000000E+00
  20,  18,  37,  3.0285081589351549E-02, -0.0000000000000000E+00
  20,  18,  38,  3.0285081589351549E-02, -0.0000000000000000E+00
  20,  18,  39,  3.0285081589351549E-02, -0.0000000000000000E+00
  20,  18,  40,  3.0285081589351549E-02, -0.0000000000000000E+00
  20,  19,   1,  1.2732395447351628E+00, -0.0000000000000000E+00
  20,  19,   2,  1.2732395447351628E+00, -0.0000000000000000E+00
  20,  19,   3,  1.2732395447351628E+00, -0.0000000000000000E+00
  20,  19,   4,  1.2732395447351628E+00, -0.0000000000000000E+00
  20,  19,   5,  1.2732395447351628E+00, -0.0000000000000000E+00
  20,  19,   6,  1.2732395447351628E+00, -0.0000000000000000E+00
  20,  19,   7,  1.2732395447351628E+00, -0.0000000000000000E+00
  20,  19,   8,  1.2732395447351628E+00, -0.0000000000000000E+00
  20,  19,   9,  1.2732395447351628E+00, -0.0000000000000000E+00
  20,  19,  10,  1.2732395447351628E+00, -0.0000000000000000E+00
  20,  19,  11,  1.2732395447351628E+00, -0.0000000000000000E+00
  20,  19,  12,  1.2732395447351628E+00, -0.0000000000000000E+00
  20,  19,  13,  1.2732395447351628E+00, -0.0000000000000000E+00
  20,  19,  14,  1.2732395447351628E+00, -0.0000000000000000E+00
  20,  19,  15,  1.2732395447351628E+00, -0.0000000000000000E+00
  20,  19,  16,  1.2732395447351628E+00, -0.0000000000000000E+00
  20,  19,  17,  1.2732395447351628E+00, -0.0000000000000000E+00
  20,  19,  18,  1.2732395447351628E+00,  1.5714982562391706E-04
  20,  19,  19,  1.2732395447351628E+00, -2.1964054660643623E-02
  20,  19,  20,  1.2732395447351628E+00, -1.5700943973506225E-04
  20,  19,  21,  1.2732395447351628E+00, -0.0000000000000000E+00
  20,  19,  22,  1.2732395447351628E+00, -0.0000000000000000E+00
  20,  19,  23,  1.2732395447351628E+00, -0.0000000000000000E+00
  20,  19,  24,  1.2732395447351628E+00, -0.0000000000000000E+00
  20,  19,  25,  1.2732395447351628E+00, -0.0000000000000000E+00
  20,  19,  26,  1.2732395447351628E+00, -0.0000000000000000E+00
  20,  19,  27,  1.2732395447351628E+00, -0.0000000000000000E+00
  20,  19,  28,  1.2732395447351628E+00, -0.0000000000000000E+00
  20,  19,  29,  1.2732395447351628E+00, -0.0000000000000000E+00
  20,  19,  30,  1.2732395447351628E+00, -0.0000000000000000E+00
  20,  19,  31,  1.2732395447351628E+00, -0.0000000000000000E+00
  20,  19,  32,  1.2732395447351628E+00, -0.0000000000000000E+00
  20,  19,  33,  1.2732395447351628E+00, -0.0000000000000000E+00
  20,  19,  34,  1.2732395447351628E+00, -0.0000000000000000E+00
  20,  19,  35,  1.2732395447351628E+00, -0.0000000000000000E+00
  20,  19,  36,  1.2732395447351628E+00, -0.0000000000000000E+00
  20,  19,  37,  1.2732395447351628E+00, -0.0000000000000000E+00
  20,  19,  38,  1.2732395447351628E+00, -0.0000000000000000E+00
  20,  19,  39,  1.2732395447351628E+00, -0.0000000000000000E+00
  20,  19,  40,  1.2732395447351628E+00, -0.0000000000000000E+00
  20,  20,   1,  3.0285081589351549E-02, -0.0000000000000000E+00
  20,  20,   2,  3.0285081589351549E-02, -0.0000000000000000E+00
  20,  20,   3,  3.0285081589351549E-02, -0.0000000000000000E+00
  20,  20,   4,  3.0285081589351549E-02, -0.0000000000000000E+00
  20,  20,   5,  3.0285081589351549E-02, -0.0000000000000000E+00
  20,  20,   6,  3.0285081589351549E-02, -0.0000000000000000E+00
  20,  20,   7,  3.0285081589351549E-02, -0.0000000000000000E+00
  20,  20,   8,  3.0285081589351549E-02, -0.0000000000000000E+00
  20,  20,   9,  3.0285081589351549E-02, -0.0000000000000000E+00
  20,  20,  10,  3.0285081589351549E-02, -0.0000000000000000E+00
  20,  20,  11,  3.0285081589351549E-02, -0.0000000000000000E+00
  20,  20,  12,  3.0285081589351549E-02, -0.0000000000000000E+00
  20,  20,  13,  3.0285081589351549E-02, -0.0000000000000000E+00
  20,  20,  14,  3.0285081589351549E-02, -0.0000000000000000E+00
  20,  20,  15,  3.0285081589351549E-02, -0.0000000000000000E+00
  20,  20,  16,  3.0285081589351549E-02, -0.0000000000000000E+00
  20,  20,  17,  3.0285081589351549E-02, -0.0000000000000000E+00
  20,  20,  18,  3.0285081589351549E-02, -0.0000000000000000E+00
  20,  20,  19,  3.0285081589351549E-02,  3.3019557733389341E+01
  20,  20,  20,  3.0285081589351549E-02, -0.0000000000000000E+00
  20,  20,  21,  3.0285081589351549E-02, -3.3019557733389341E+01
  20,  20,  22,  3.0285081589351549E-02, -0.0000000000000000E+00
  20,  20,  23,  3.0285081589351549E-02, -0.0000000000000000E+00
  20,  20,  24,  3.0285081589351549E-02, -0.0000000000000000E+00
  20,  20,  25,  3.0285081589351549E-02, -0.0000000000000000E+00
  20,  20,  26,  3.0285081589351549E-02, -0.0000000000000000E+00
  20,  20,  27,  3.0285081589351549E-02, -0.0000000000000000E+00
  20,  20,  28,  3.0285081589351549E-02, -0.0000000000000000E+00
  20,  20,  29,  3.0285081589351549E-02, -0.0000000000000000E+00
  20,  20,  30,  3.0285081589351549E-02, -0.0000000000000000E+00
  20,  20,  31,  3.0285081589351549E-02, -0.0000000000000000E+00
  20,  20,  32,  3.0285081589351549E-02, -0.0000000000000000E+00
  20,  20,  33,  3.0285081589351549E-02, -0.0000000000000000E+00
  20,  20,  34,  3.0285081589351549E-02, -0.0000000000000000E+00
  20,  20,  35,  3.0285081589351549E-02, -0.0000000000000000E+00
  20,  20,  36,  3.0285081589351549E-02, -0.0000000000000000E+00
  20,  20,  37,  3.0285081589351549E-02, -0.0000000000000000E+00
  20,  20,  38,  3.0285081589351549E-02, -0.0000000000000000E+00
  20,  20,  39,  3.0285081589351549E-02, -0.0000000000000000E+00
  20,  20,  40,  3.0285081589351549E-02, -0.0000000000000000E+00
  20,  21,   1,  1.2732395447351628E+00, -0.0000000000000000E+00
  20,  21,   2,  1.2732395447351628E+00, -0.0000000000000000E+00
  20,  21,   3,  1.2732395447351628E+00, -0.0000000000000000E+00
  20,  21,   4,  1.2732395447351628E+00, -0.0000000000000000E+00
  20,  21,   5,  1.2732395447351628E+00, -0.0000000000000000E+00
  20,  21,   6,  1.2732395447351628E+00, -0.0000000000000000E+00
  20,  21,   7,  1.2732395447351628E+00, -0.0000000000000000E+00
  20,  21,   8,  1.2732395447351628E+00, -0.0000000000000000E+00
  20,  21,   9,  1.2732395447351628E+00, -0.0000000000000000E+00
  20,  21,  10,  1.2732395447351628E+00, -0.0000000000000000E+00
  20,  21,  11,  1.2732395447351628E+00, -0.0000000000000000E+00
  20,  21,  12,  1.2732395447351628E+00, -0.0000000000000000E+00
  20,  21,  13,  1.2732395447351628E+00, -0.0000000000000000E+00
  20,  21,  14,  1.2732395447351628E+00, -0.0000000000000000E+00
  20,  21,  15,  1.2732395447351628E+00, -0.0000000000000000E+00
  20,  21,  16,  1.2732395447351628E+00, -0.0000000000000000E+00
  20,  21,  17,  1.2732395447351628E+00, -0.0000000000000000E+00
  20,  21,  18,  1.2732395447351628E+00, -0.0000000000000000E+00
  20,  21,  19,  1.2732395447351628E+00, -0.0000000000000000E+00
  20,  21,  20,  1.2732395447351628E+00,  1.5714995131489229E-04
  20,  21,  21,  1.2732395447351628E+00, -2.1983710829247438E-02
  20,  21,  22,  1.2732395447351628E+00, -1.5700931404408704E-04
  20,  21,  23,  1.2732395447351628E+00, -0.0000000000000000E+00
  20,  21,  24,  1.2732395447351628E+00, -0.0000000000000000E+00
  20,  21,  25,  1.2732395447351628E+00, -0.0000000000000000E+00
  20,  21,  26,  1.2732395447351628E+00, -0.0000000000000000E+00
  20,  21,  27,  1.2732395447351628E+00, -0.0000000000000000E+00
  20,  21,  28,  1.2732395447351628E+00, -0.0000000000000000E+00
  20,  21,  29,  1.2732395447351628E+00, -0.0000000000000000E+00
  20,  21,  30,  1.2732395447351628E+00, -0.0000000000000000E+00
  20,  21,  31,  1.2732395447351628E+00, -0.0000000000000000E+00
  20,  21,  32,  1.2732395447351628E+00, -0.0000000000000000E+00
  20,  21,  33,  1.2732395447351628E+00, -0.0000000000000000E+00
  20,  21,  34,  1.2732395447351628E+00, -0.0000000000000000E+00
  20,  21,  35,  1.2732395447351628E+00, -0.0000000000000000E+00
  20,  21,  36,  1.2732395447351628E+00, -0.0000000000000000E+00
  20,  21,  37,  1.2732395447351628E+00, -0.0000000000000000E+00
  20,  21,  38,  1.2732395447351628E+00, -0.0000000000000000E+00
  20,  21,  39,  1.2732395447351628E+00, -0.0000000000000000E+00
  20,  21,  40,  1.2732395447351628E+00, -0.0000000000000000E+00
  20,  22,   1,  3.0285081589351549E-02, -0.0000000000000000E+00
  20,  22,   2,  3.0285081589351549E-02, -0.0000000000000000E+00
  20,  22,   3,  3.0285081589351549E-02, -0.0000000000000000E+00
  20,  22,   4,  3.0285081589351549E-02, -0.0000000000000000E+00
  20,  22,   5,  3.0285081589351549E-02, -0.0000000000000000E+00
  20,  22,   6,  3.0285081589351549E-02, -0.0000000000000000E+00
  20,  22,   7,  3.0285081589351549E-02, -0.0000000000000000E+00
  20,  22,   8,  3.0285081589351549E-02, -0.0000000000000000E+00
  20,  22,   9,  3.0285081589351549E-02, -0.0000000000000000E+00
  20,  22,  10,  3.0285081589351549E-02, -0.0000000000000000E+00
  20,  22,  11,  3.0285081589351549E-02, -0.0000000000000000E+00
  20,  22,  12,  3.0285081589351549E-02, -0.0000000000000000E+00
  20,  22,  13,  3.0285081589351549E-02, -0.0000000000000000E+00
  20,  22,  14,  3.0285081589351549E-02, -0.0000000000000000E+00
  20,  22,  15,  3.0285081589351549E-02, -0.0000000000000000E+00
  20,  22,  16,  3.0285081589351549E-02, -0.0000000000000000E+00
  20,  22,  17,  3.0285081589351549E-02, -0.0000000000000000E+00
  20,  22,  18,  3.0285081589351549E-02, -0.0000000000000000E+00
  20,  22,  19,  3.0285081589351549E-02, -0.0000000000000000E+00
  20,  22,  20,  3.0285081589351549E-02, -0.0000000000000000E+00
  20,  22,  21,  3.0285081589351549E-02,  3.3019557733389341E+01
  20,  22,  22,  3.0285081589351549E-02, -0.0000000000000000E+00
  20,  22,  23,  3.0285081589351549E-02, -3.3019557733389341E+01
  20,  22,  24,  3.0285081589351549E-02, -0.0000000000000000E+00
  20,  22,  25,  3.0285081589351549E-02, -0.0000000000000000E+00
  20,  22,  26,  3.0285081589351549E-02, -0.0000000000000000E+00
  20,  22,  27,  3.0285081589351549E-02, -0.0000000000000000E+00
  20,  22,  28,  3.0285081589351549E-02, -0.0000000000000000E+00
  20,  22,  29,  3.0285081589351549E-02, -0.0000000000000000E+00
  20,  22,  30,  3.0285081589351549E-02, -0.0000000000000000E+00
  20,  22,  31,  3.0285081589351549E-02, -0.0000000000000000E+00
  20,  22,  32,  3.0285081589351549E-02, -0.0000000000000000E+00
  20,  22,  33,  3.0285081589351549E-02, -0.0000000000000000E+00
  20,  22,  34,  3.0285081589351549E-02, -0.0000000000000000E+00
  20,  22,  35,  3.0285081589351549E-02, -0.0000000000000000E+00
  20,  22,  36,  3.0285081589351549E-02, -0.0000000000000000E+00
  20,  22,  37,  3.0285081589351549E-02, -0.0000000000000000E+00
  20,  22,  38,  3.0285081589351549E-02, -0.0000000000000000E+00
  20,  22,  39,  3.0285081589351549E-02, -0.0000000000000000E+00
  20,  22,  40,  3.0285081589351549E-02, -0.0000000000000000E+00
  20,  23,   1,  1.2732395447351628E+00, -0.0000000000000000E+00
  20,  23,   2,  1.2732395447351628E+00, -0.0000000000000000E+00
  20,  23,   3,  1.2732395447351628E+00, -0.0000000000000000E+00
  20,  23,   4,  1.2732395447351628E+00, -0.0000000000000000E+00
  20,  23,   5,  1.2732395447351628E+00, -0.0000000000000000E+00
  20,  23,   6,  1.2732395447351628E+00, -0.0000000000000000E+00
  20,  23,   7,  1.2732395447351628E+00, -0.0000000000000000E+00
  20,  23,   8,  1.2732395447351628E+00, -0.0000000000000000E+00
  20,  23,   9,  1.2732395447351628E+00, -0.0000000000000000E+00
  20,  23,  10,  1.2732395447351628E+00, -0.0000000000000000E+00
  20,  23,  11,  1.2732395447351628E+00, -0.0000000000000000E+00
  20,  23,  12,  1.2732395447351628E+00, -0.0000000000000000E+00
  20,  23,  13,  1.2732395447351628E+00, -0.0000000000000000E+00
  20,  23,  14,  1.2732395447351628E+00, -0.0000000000000000E+00
  20,  23,  15,  1.2732395447351628E+00, -0.0000000000000000E+00
  20,  23,  16,  1.2732395447351628E+00, -0.0000000000000000E+00
  20,  23,  17,  1.2732395447351628E+00, -0.0000000000000000E+00
  20,  23,  18,  1.2732395447351628E+00, -0.0000000000000000E+00
  20,  23,  19,  1.2732395447351628E+00, -0.0000000000000000E+00
  20,  23,  20,  1.2732395447351628E+00, -0.0000000000000000E+00
  20,  23,  21,  1.2732395447351628E+00, -0.0000000000000000E+00
  20,  23,  22,  1.2732395447351628E+00,  1.5715007745681209E-04
  20,  23,  23,  1.2732395447351628E+00, -2.2003419864851787E-02
  20,  23,  24,  1.2732395447351628E+00, -1.5700918790216721E-04
  20,  23,  25,  1.2732395447351628E+00, -0.0000000000000000E+00
  20,  23,  26,  1.2732395447351628E+00, -0.0000000000000000E+00
  20,  23,  27,  1.2732395447351628E+00, -0.0000000000000000E+00
  20,  23,  28,  1.2732395447351628E+00, -0.0000000000000000E+00
  20,  23,  29,  1.2732395447351628E+00, -0.0000000000000000E+00
  20,  23,  30,  1.2732395447351628E+00, -0.0000000000000000E+00
  20,  23,  31,  1.2732395447351628E+00, -0.0000000000000000E+00
  20,  23,  32,  1.2732395447351628E+00, -0.0000000000000000E+00
  20,  23,  33,  1.2732395447351628E+00, -0.0000000000000000E+00
  20,  23,  34,  1.2732395447351628E+00, -0.0000000000000000E+00
  20,  23,  35,  1.2732395447351628E+00, -0.0000000000000000E+00
  20,  23,  36,  1.2732395447351628E+00, -0.0000000000000000E+00
  20,  23,  37,  1.2732395447351628E+00, -0.0000000000000000E+00
  20,  23,  38,  1.2732395447351628E+00, -0.0000000000000000E+00
  20,  23,  39,  1.2732395447351628E+00, -0.0000000000000000E+00
  20,  23,  40,  1.2732395447351628E+00, -0.0000000000000000E+00
  20,  24,   1,  3.0285081589351549E-02, -0.0000000000000000E+00
  20,  24,   2,  3.0285081589351549E-02, -0.0000000000000000E+00
  20,  24,   3,  3.0285081589351549E-02, -0.0000000000000000E+00
  20,  24,   4,  3.0285081589351549E-02, -0.0000000000000000E+00
  20,  24,   5,  3.0285081589351549E-02, -0.0000000000000000E+00
  20,  24,   6,  3.0285081589351549E-02, -0.0000000000000000E+00
  20,  24,   7,  3.0285081589351549E-02, -0.0000000000000000E+00
  20,  24,   8,  3.0285081589351549E-02, -0.0000000000000000E+00
  20,  24,   9,  3.0285081589351549E-02, -0.0000000000000000E+00
  20,  24,  10,  3.0285081589351549E-02, -0.0000000000000000E+00
  20,  24,  11,  3.0285081589351549E-02, -0.0000000000000000E+00
  20,  24,  12,  3.0285081589351549E-02, -0.0000000000000000E+00
  20,  24,  13,  3.0285081589351549E-02, -0.0000000000000000E+00
  20,  24,  14,  3.0285081589351549E-02, -0.0000000000000000E+00
  20,  24,  15,  3.0285081589351549E-02, -0.0000000000000000E+00
  20,  24,  16,  3.0285081589351549E-02, -0.0000000000000000E+00
  20,  24,  17,  3.0285081589351549E-02, -0.0000000000000000E+00
  20,  24,  18,  3.0285081589351549E-02, -0.0000000000000000E+00
  20,  24,  19,  3.0285081589351549E-02, -0.0000000000000000E+00
  20,  24,  20,  3.0285081589351549E-02, -0.0000000000000000E+00
  20,  24,  21,  3.0285081589351549E-02, -0.0000000000000000E+00
  20,  24,  22,  3.0285081589351549E-02, -0.0000000000000000E+00
  20,  24,  23,  3.0285081589351549E-02,  3.3019557733389341E+01
  20,  24,  24,  3.0285081589351549E-02, -0.0000000000000000E+00
  20,  24,  25,  3.0285081589351549E-02, -3.3019557733389341E+01
  20,  24,  26,  3.0285081589351549E-02, -0.0000000000000000E+00
  20,  24,  27,  3.0285081589351549E-02, -0.0000000000000000E+00
  20,  24,  28,  3.0285081589351549E-02, -0.0000000000000000E+00
  20,  24,  29,  3.0285081589351549E-02, -0.0000000000000000E+00
  20,  24,  30,  3.0285081589351549E-02, -0.0000000000000000E+00
  20,  24,  31,  3.0285081589351549E-02, -0.0000000000000000E+00
  20,  24,  32,  3.0285081589351549E-02, -0.0000000000000000E+00
  20,  24,  33,  3.0285081589351549E-02, -0.0000000000000000E+00
  20,  24,  34,  3.0285081589351549E-02, -0.0000000000000000E+00
  20,  24,  35,  3.0285081589351549E-02, -0.0000000000000000E+00
  20,  24,  36,  3.0285081589351549E-02, -0.0000000000000000E+00
  20,  24,  37,  3.0285081589351549E-02, -0.0000000000000000E+00
  20,  24,  38,  3.0285081589351549E-02, -0.0000000000000000E+00
  20,  24,  39,  3.0285081589351549E-02, -0.0000000000000000E+00
  20,  24,  40,  3.0285081589351549E-02, -0.0000000000000000E+00
  20,  25,   1,  1.2732395447351628E+00, -0.0000000000000000E+00
  20,  25,   2,  1.2732395447351628E+00, -0.0000000000000000E+00
  20,  25,   3,  1.2732395447351628E+00, -0.0000000000000000E+00
  20,  25,   4,  1.2732395447351628E+00, -0.0000000000000000E+00
  20,  25,   5,  1.2732395447351628E+00, -0.0000000000000000E+00
  20,  25,   6,  1.2732395447351628E+00, -0.0000000000000000E+00
  20,  25,   7,  1.2732395447351628E+00, -0.0000000000000000E+00
  20,  25,   8,  1.2732395447351628E+00, -0.0000000000000000E+00
  20,  25,   9,  1.2732395447351628E+00, -0.0000000000000000E+00
  20,  25,  10,  1.2732395447351628E+00, -0.0000000000000000E+00
  20,  25,  11,  1.2732395447351628E+00, -0.0000000000000000E+00
  20,  25,  12,  1.2732395447351628E+00, -0.0000000000000000E+00
  20,  25,  13,  1.2732395447351628E+00, -0.0000000000000000E+00
  20,  25,  14,  1.2732395447351628E+00, -0.0000000000000000E+00
  20,  25,  15,  1.2732395447351628E+00, -0.0000000000000000E+00
  20,  25,  16,  1.2732395447351628E+00, -0.0000000000000000E+00
  20,  25,  17,  1.2732395447351628E+00, -0.0000000000000000E+00
  20,  25,  18,  1.2732395447351628E+00, -0.0000000000000000E+00
  20,  25,  19,  1.2732395447351628E+00, -0.0000000000000000E+00
  20,  25,  20,  1.2732395447351628E+00, -0.0000000000000000E+00
  20,  25,  21,  1.2732395447351628E+00, -0.0000000000000000E+00
  20,  25,  22,  1.2732395447351628E+00, -0.0000000000000000E+00
  20,  25,  23,  1.2732395447351628E+00, -0.0000000000000000E+00
  20,  25,  24,  1.2732395447351628E+00,  1.5715020405210765E-04
  20,  25,  25,  1.2732395447351628E+00, -2.2023182004866106E-02
  20,  25,  26,  1.2732395447351628E+00, -1.5700906130687169E-04
  20,  25,  27,  1.2732395447351628E+00, -0.0000000000000000E+00
  20,  25,  28,  1.2732395447351628E+00, -0.0000000000000000E+00
  20,  25,  29,  1.2732395447351628E+00, -0.0000000000000000E+00
  20,  25,  30,  1.2732395447351628E+00, -0.0000000000000000E+00
  20,  25,  31,  1.2732395447351628E+00, -0.0000000000000000E+00
  20,  25,  32,  1.2732395447351628E+00, -0.0000000000000000E+00
  20,  25,  33,  1.2732395447351628E+00, -0.0000000000000000E+00
  20,  25,  34,  1.2732395447351628E+00, -0.0000000000000000E+00
  20,  25,  35,  1.2732395447351628E+00, -0.0000000000000000E+00
  20,  25,  36,  1.2732395447351628E+00, -0.0000000000000000E+00
  20,  25,  37,  1.2732395447351628E+00, -0.0000000000000000E+00
  20,  25,  38,  1.2732395447351628E+00, -0.0000000000000000E+00
  20,  25,  39,  1.2732395447351628E+00, -0.0000000000000000E+00
  20,  25,  40,  1.2732395447351628E+00, -0.0000000000000000E+00
  20,  26,   1,  3.0285081589351549E-02, -0.0000000000000000E+00
  20,  26,   2,  3.0285081589351549E-02, -0.0000000000000000E+00
  20,  26,   3,  3.0285081589351549E-02, -0.0000000000000000E+00
  20,  26,   4,  3.0285081589351549E-02, -0.0000000000000000E+00
  20,  26,   5,  3.0285081589351549E-02, -0.0000000000000000E+00
  20,  26,   6,  3.0285081589351549E-02, -0.0000000000000000E+00
  20,  26,   7,  3.0285081589351549E-02, -0.0000000000000000E+00
  20,  26,   8,  3.0285081589351549E-02, -0.0000000000000000E+00
  20,  26,   9,  3.0285081589351549E-02, -0.0000000000000000E+00
  20,  26,  10,  3.0285081589351549E-02, -0.0000000000000000E+00
  20,  26,  11,  3.0285081589351549E-02, -0.0000000000000000E+00
  20,  26,  12,  3.0285081589351549E-02, -0.0000000000000000E+00
  20,  26,  13,  3.0285081589351549E-02, -0.0000000000000000E+00
  20,  26,  14,  3.0285081589351549E-02, -0.0000000000000000E+00
  20,  26,  15,  3.0285081589351549E-02, -0.0000000000000000E+00
  20,  26,  16,  3.0285081589351549E-02, -0.0000000000000000E+00
  20,  26,  17,  3.0285081589351549E-02, -0.0000000000000000E+00
  20,  26,  18,  3.0285081589351549E-02, -0.0000000000000000E+00
  20,  26,  19,  3.0285081589351549E-02, -0.0000000000000000E+00
  20,  26,  20,  3.0285081589351549E-02, -0.0000000000000000E+00
  20,  26,  21,  3.0285081589351549E-02, -0.0000000000000000E+00
  20,  26,  22,  3.0285081589351549E-02, -0.0000000000000000E+00
  20,  26,  23,  3.0285081589351549E-02, -0.0000000000000000E+00
  20,  26,  24,  3.0285081589351549E-02, -0.0000000000000000E+00
  20,  26,  25,  3.0285081589351549E-02,  3.3019557733389341E+01
  20,  26,  26,  3.0285081589351549E-02, -0.0000000000000000E+00
  20,  26,  27,  3.0285081589351549E-02, -3.3019557733389341E+01
  20,  26,  28,  3.0285081589351549E-02, -0.0000000000000000E+00
  20,  26,  29,  3.0285081589351549E-02, -0.0000000000000000E+00
  20,  26,  30,  3.0285081589351549E-02, -0.0000000000000000E+00
  20,  26,  31,  3.0285081589351549E-02, -0.0000000000000000E+00
  20,  26,  32,  3.0285081589351549E-02, -0.0000000000000000E+00
  20,  26,  33,  3.0285081589351549E-02, -0.0000000000000000E+00
  20,  26,  34,  3.0285081589351549E-02, -0.0000000000000000E+00
  20,  26,  35,  3.0285081589351549E-02, -0.0000000000000000E+00
  20,  26,  36,  3.0285081589351549E-02, -0.0000000000000000E+00
  20,  26,  37,  3.0285081589351549E-02, -0.0000000000000000E+00
  20,  26,  38,  3.0285081589351549E-02, -0.0000000000000000E+00
  20,  26,  39,  3.0285081589351549E-02, -0.0000000000000000E+00
  20,  26,  40,  3.0285081589351549E-02, -0.0000000000000000E+00
  20,  27,   1,  1.2732395447351628E+00, -0.0000000000000000E+00
  20,  27,   2,  1.2732395447351628E+00, -0.0000000000000000E+00
  20,  27,   3,  1.2732395447351628E+00, -0.0000000000000000E+00
  20,  27,   4,  1.2732395447351628E+00, -0.0000000000000000E+00
  20,  27,   5,  1.2732395447351628E+00, -0.0000000000000000E+00
  20,  27,   6,  1.2732395447351628E+00, -0.0000000000000000E+00
  20,  27,   7,  1.2732395447351628E+00, -0.0000000000000000E+00
  20,  27,   8,  1.2732395447351628E+00, -0.0000000000000000E+00
  20,  27,   9,  1.2732395447351628E+00, -0.0000000000000000E+00
  20,  27,  10,  1.2732395447351628E+00, -0.0000000000000000E+00
  20,  27,  11,  1.2732395447351628E+00, -0.0000000000000000E+00
  20,  27,  12,  1.2732395447351628E+00, -0.0000000000000000E+00
  20,  27,  13,  1.2732395447351628E+00, -0.0000000000000000E+00
  20,  27,  14,  1.2732395447351628E+00, -0.0000000000000000E+00
  20,  27,  15,  1.2732395447351628E+00, -0.0000000000000000E+00
  20,  27,  16,  1.2732395447351628E+00, -0.0000000000000000E+00
  20,  27,  17,  1.2732395447351628E+00, -0.0000000000000000E+00
  20,  27,  18,  1.2732395447351628E+00, -0.0000000000000000E+00
  20,  27,  19,  1.2732395447351628E+00, -0.0000000000000000E+00
  20,  27,  20,  1.2732395447351628E+00, -0.0000000000000000E+00
  20,  27,  21,  1.2732395447351628E+00, -0.0000000000000000E+00
  20,  27,  22,  1.2732395447351628E+00, -0.0000000000000000E+00
  20,  27,  23,  1.2732395447351628E+00, -0.0000000000000000E+00
  20,  27,  24,  1.2732395447351628E+00, -0.0000000000000000E+00
  20,  27,  25,  1.2732395447351628E+00, -0.0000000000000000E+00
  20,  27,  26,  1.2732395447351628E+00,  1.5715033110322760E-04
  20,  27,  27,  1.2732395447351628E+00, -2.2042997488195794E-02
  20,  27,  28,  1.2732395447351628E+00, -1.5700893425575171E-04
  20,  27,  29,  1.2732395447351628E+00, -0.0000000000000000E+00
  20,  27,  30,  1.2732395447351628E+00, -0.0000000000000000E+00
  20,  27,  31,  1.2732395447351628E+00, -0.0000000000000000E+00
  20,  27,  32,  1.2732395447351628E+00, -0.0000000000000000E+00
  20,  27,  33,  1.2732395447351628E+00, -0.0000000000000000E+00
  20,  27,  34,  1.2732395447351628E+00, -0.0000000000000000E+00
  20,  27,  35,  1.2732395447351628E+00, -0.0000000000000000E+00
  20,  27,  36,  1.2732395447351628E+00, -0.0000000000000000E+00
  20,  27,  37,  1.2732395447351628E+00, -0.0000000000000000E+00
  20,  27,  38,  1.2732395447351628E+00, -0.0000000000000000E+00
  20,  27,  39,  1.2732395447351628E+00, -0.0000000000000000E+00
  20,  27,  40,  1.2732395447351628E+00, -0.0000000000000000E+00
  20,  28,   1,  3.0285081589351549E-02, -0.0000000000000000E+00
  20,  28,   2,  3.0285081589351549E-02, -0.0000000000000000E+00
  20,  28,   3,  3.0285081589351549E-02, -0.0000000000000000E+00
  20,  28,   4,  3.0285081589351549E-02, -0.0000000000000000E+00
  20,  28,   5,  3.0285081589351549E-02, -0.0000000000000000E+00
  20,  28,   6,  3.0285081589351549E-02, -0.0000000000000000E+00
  20,  28,   7,  3.0285081589351549E-02, -0.0000000000000000E+00
  20,  28,   8,  3.0285081589351549E-02, -0.0000000000000000E+00
  20,  28,   9,  3.0285081589351549E-02, -0.0000000000000000E+00
  20,  28,  10,  3.0285081589351549E-02, -0.0000000000000000E+00
  20,  28,  11,  3.0285081589351549E-02, -0.0000000000000000E+00
  20,  28,  12,  3.0285081589351549E-02, -0.0000000000000000E+00
  20,  28,  13,  3.0285081589351549E-02, -0.0000000000000000E+00
  20,  28,  14,  3.0285081589351549E-02, -0.0000000000000000E+00
  20,  28,  15,  3.0285081589351549E-02, -0.0000000000000000E+00
  20,  28,  16,  3.0285081589351549E-02, -0.0000000000000000E+00
  20,  28,  17,  3.0285081589351549E-02, -0.0000000000000000E+00
  20,  28,  18,  3.0285081589351549E-02, -0.0000000000000000E+00
  20,  28,  19,  3.0285081589351549E-02, -0.0000000000000000E+00
  20,  28,  20,  3.0285081589351549E-02, -0.0000000000000000E+00
  20,  28,  21,  3.0285081589351549E-02, -0.0000000000000000E+00
  20,  28,  22,  3.0285081589351549E-02, -0.0000000000000000E+00
  20,  28,  23,  3.0285081589351549E-02, -0.0000000000000000E+00
  20,  28,  24,  3.0285081589351549E-02, -0.0000000000000000E+00
  20,  28,  25,  3.0285081589351549E-02, -0.0000000000000000E+00
  20,  28,  26,  3.0285081589351549E-02, -0.0000000000000000E+00
  20,  28,  27,  3.0285081589351549E-02,  3.3019557733389341E+01
  20,  28,  28,  3.0285081589351549E-02, -0.0000000000000000E+00
  20,  28,  29,  3.0285081589351549E-02, -3.3019557733389341E+01
  20,  28,  30,  3.0285081589351549E-02, -0.0000000000000000E+00
  20,  28,  31,  3.0285081589351549E-02, -0.0000000000000000E+00
  20,  28,  32,  3.0285081589351549E-02, -0.0000000000000000E+00
  20,  28,  33,  3.0285081589351549E-02, -0.0000000000000000E+00
  20,  28,  34,  3.0285081589351549E-02, -0.0000000000000000E+00
  20,  28,  35,  3.0285081589351549E-02, -0.0000000000000000E+00
  20,  28,  36,  3.0285081589351549E-02, -0.0000000000000000E+00
  20,  28,  37,  3.0285081589351549E-02, -0.0000000000000000E+00
  20,  28,  38,  3.0285081589351549E-02, -0.0000000000000000E+00
  20,  28,  39,  3.0285081589351549E-02, -0.0000000000000000E+00
  20,  28,  40,  3.0285081589351549E-02, -0.0000000000000000E+00
  20,  29,   1,  1.2732395447351628E+00, -0.0000000000000000E+00
  20,  29,   2,  1.2732395447351628E+00, -0.0000000000000000E+00
  20,  29,   3,  1.2732395447351628E+00, -0.0000000000000000E+00
  20,  29,   4,  1.2732395447351628E+00, -0.0000000000000000E+00
  20,  29,   5,  1.2732395447351628E+00, -0.0000000000000000E+00
  20,  29,   6,  1.2732395447351628E+00, -0.0000000000000000E+00
  20,  29,   7,  1.2732395447351628E+00, -0.0000000000000000E+00
  20,  29,   8,  1.2732395447351628E+00, -0.0000000000000000E+00
  20,  29,   9,  1.2732395447351628E+00, -0.0000000000000000E+00
  20,  29,  10,  1.2732395447351628E+00, -0.0000000000000000E+00
  20,  29,  11,  1.2732395447351628E+00, -0.0000000000000000E+00
  20,  29,  12,  1.2732395447351628E+00, -0.0000000000000000E+00
  20,  29,  13,  1.2732395447351628E+00, -0.0000000000000000E+00
  20,  29,  14,  1.2732395447351628E+00, -0.0000000000000000E+00
  20,  29,  15,  1.2732395447351628E+00, -0.0000000000000000E+00
  20,  29,  16,  1.2732395447351628E+00, -0.0000000000000000E+00
  20,  29,  17,  1.2732395447351628E+00, -0.0000000000000000E+00
  20,  29,  18,  1.2732395447351628E+00, -0.0000000000000000E+00
  20,  29,  19,  1.2732395447351628E+00, -0.0000000000000000E+00
  20,  29,  20,  1.2732395447351628E+00, -0.0000000000000000E+00
  20,  29,  21,  1.2732395447351628E+00, -0.0000000000000000E+00
  20,  29,  22,  1.2732395447351628E+00, -0.0000000000000000E+00
  20,  29,  23,  1.2732395447351628E+00, -0.0000000000000000E+00
  20,  29,  24,  1.2732395447351628E+00, -0.0000000000000000E+00
  20,  29,  25,  1.2732395447351628E+00, -0.0000000000000000E+00
  20,  29,  26,  1.2732395447351628E+00, -0.0000000000000000E+00
  20,  29,  27,  1.2732395447351628E+00, -0.0000000000000000E+00
  20,  29,  28,  1.2732395447351628E+00,  1.5715045861263831E-04
  20,  29,  29,  1.2732395447351628E+00, -2.2062866555253340E-02
  20,  29,  30,  1.2732395447351628E+00, -1.5700880674634099E-04
  20,  29,  31,  1.2732395447351628E+00, -0.0000000000000000E+00
  20,  29,  32,  1.2732395447351628E+00, -0.0000000000000000E+00
  20,  29,  33,  1.2732395447351628E+00, -0.0000000000000000E+00
  20,  29,  34,  1.2732395447351628E+00, -0.0000000000000000E+00
  20,  29,  35,  1.2732395447351628E+00, -0.0000000000000000E+00
  20,  29,  36,  1.2732395447351628E+00, -0.0000000000000000E+00
  20,  29,  37,  1.2732395447351628E+00, -0.0000000000000000E+00
  20,  29,  38,  1.2732395447351628E+00, -0.0000000000000000E+00
  20,  29,  39,  1.2732395447351628E+00, -0.0000000000000000E+00
  20,  29,  40,  1.2732395447351628E+00, -0.0000000000000000E+00
  20,  30,   1,  3.0285081589351549E-02, -0.0000000000000000E+00
  20,  30,   2,  3.0285081589351549E-02, -0.0000000000000000E+00
  20,  30,   3,  3.0285081589351549E-02, -0.0000000000000000E+00
  20,  30,   4,  3.0285081589351549E-02, -0.0000000000000000E+00
  20,  30,   5,  3.0285081589351549E-02, -0.0000000000000000E+00
  20,  30,   6,  3.0285081589351549E-02, -0.0000000000000000E+00
  20,  30,   7,  3.0285081589351549E-02, -0.0000000000000000E+00
  20,  30,   8,  3.0285081589351549E-02, -0.0000000000000000E+00
  20,  30,   9,  3.0285081589351549E-02, -0.0000000000000000E+00
  20,  30,  10,  3.0285081589351549E-02, -0.0000000000000000E+00
  20,  30,  11,  3.0285081589351549E-02, -0.0000000000000000E+00
  20,  30,  12,  3.0285081589351549E-02, -0.0000000000000000E+00
  20,  30,  13,  3.0285081589351549E-02, -0.0000000000000000E+00
  20,  30,  14,  3.0285081589351549E-02, -0.0000000000000000E+00
  20,  30,  15,  3.0285081589351549E-02, -0.0000000000000000E+00
  20,  30,  16,  3.0285081589351549E-02, -0.0000000000000000E+00
  20,  30,  17,  3.0285081589351549E-02, -0.0000000000000000E+00
  20,  30,  18,  3.0285081589351549E-02, -0.0000000000000000E+00
  20,  30,  19,  3.0285081589351549E-02, -0.0000000000000000E+00
  20,  30,  20,  3.0285081589351549E-02, -0.0000000000000000E+00
  20,  30,  21,  3.0285081589351549E-02, -0.0000000000000000E+00
  20,  30,  22,  3.0285081589351549E-02, -0.0000000000000000E+00
  20,  30,  23,  3.0285081589351549E-02, -0.0000000000000000E+00
  20,  30,  24,  3.0285081589351549E-02, -0.0000000000000000E+00
  20,  30,  25,  3.0285081589351549E-02, -0.0000000000000000E+00
  20,  30,  26,  3.0285081589351549E-02, -0.0000000000000000E+00
  20,  30,  27,  3.0285081589351549E-02, -0.0000000000000000E+00
  20,  30,  28,  3.0285081589351549E-02, -0.0000000000000000E+00
  20,  30,  29,  3.0285081589351549E-02,  3.3019557733389341E+01
  20,  30,  30,  3.0285081589351549E-02, -0.0000000000000000E+00
  20,  30,  31,  3.0285081589351549E-02, -3.3019557733389341E+01
  20,  30,  32,  3.0285081589351549E-02, -0.0000000000000000E+00
  20,  30,  33,  3.0285081589351549E-02, -0.0000000000000000E+00
  20,  30,  34,  3.0285081589351549E-02, -0.0000000000000000E+00
  20,  30,  35,  3.0285081589351549E-02, -0.0000000000000000E+00
  20,  30,  36,  3.0285081589351549E-02, -0.0000000000000000E+00
  20,  30,  37,  3.0285081589351549E-02, -0.0000000000000000E+00
  20,  30,  38,  3.0285081589351549E-02, -0.0000000000000000E+00
  20,  30,  39,  3.0285081589351549E-02, -0.0000000000000000E+00
  20,  30,  40,  3.0285081589351549E-02, -0.0000000000000000E+00
  20,  31,   1,  1.2732395447351628E+00, -0.0000000000000000E+00
  20,  31,   2,  1.2732395447351628E+00, -0.0000000000000000E+00
  20,  31,   3,  1.2732395447351628E+00, -0.0000000000000000E+00
  20,  31,   4,  1.2732395447351628E+00, -0.0000000000000000E+00
  20,  31,   5,  1.2732395447351628E+00, -0.0000000000000000E+00
  20,  31,   6,  1.2732395447351628E+00, -0.0000000000000000E+00
  20,  31,   7,  1.2732395447351628E+00, -0.0000000000000000E+00
  20,  31,   8,  1.2732395447351628E+00, -0.0000000000000000E+00
  20,  31,   9,  1.2732395447351628E+00, -0.0000000000000000E+00
  20,  31,  10,  1.2732395447351628E+00, -0.0000000000000000E+00
  20,  31,  11,  1.2732395447351628E+00, -0.0000000000000000E+00
  20,  31,  12,  1.2732395447351628E+00, -0.0000000000000000E+00
  20,  31,  13,  1.2732395447351628E+00, -0.0000000000000000E+00
  20,  31,  14,  1.2732395447351628E+00, -0.0000000000000000E+00
  20,  31,  15,  1.2732395447351628E+00, -0.0000000000000000E+00
  20,  31,  16,  1.2732395447351628E+00, -0.0000000000000000E+00
  20,  31,  17,  1.2732395447351628E+00, -0.0000000000000000E+00
  20,  31,  18,  1.2732395447351628E+00, -0.0000000000000000E+00
  20,  31,  19,  1.2732395447351628E+00, -0.0000000000000000E+00
  20,  31,  20,  1.2732395447351628E+00, -0.0000000000000000E+00
  20,  31,  21,  1.2732395447351628E+00, -0.0000000000000000E+00
  20,  31,  22,  1.2732395447351628E+00, -0.0000000000000000E+00
  20,  31,  23,  1.2732395447351628E+00, -0.0000000000000000E+00
  20,  31,  24,  1.2732395447351628E+00, -0.0000000000000000E+00
  20,  31,  25,  1.2732395447351628E+00, -0.0000000000000000E+00
  20,  31,  26,  1.2732395447351628E+00, -0.0000000000000000E+00
  20,  31,  27,  1.2732395447351628E+00, -0.0000000000000000E+00
  20,  31,  28,  1.2732395447351628E+00, -0.0000000000000000E+00
  20,  31,  29,  1.2732395447351628E+00, -0.0000000000000000E+00
  20,  31,  30,  1.2732395447351628E+00,  1.5715058658282392E-04
  20,  31,  31,  1.2732395447351628E+00, -2.2082789447971086E-02
  20,  31,  32,  1.2732395447351628E+00, -1.5700867877615538E-04
  20,  31,  33,  1.2732395447351628E+00, -0.0000000000000000E+00
  20,  31,  34,  1.2732395447351628E+00, -0.0000000000000000E+00
  20,  31,  35,  1.2732395447351628E+00, -0.0000000000000000E+00
  20,  31,  36,  1.2732395447351628E+00, -0.0000000000000000E+00
  20,  31,  37,  1.2732395447351628E+00, -0.0000000000000000E+00
  20,  31,  38,  1.2732395447351628E+00, -0.0000000000000000E+00
  20,  31,  39,  1.2732395447351628E+00, -0.0000000000000000E+00
  20,  31,  40,  1.2732395447351628E+00, -0.0000000000000000E+00
  20,  32,   1,  3.0285081589351549E-02, -0.0000000000000000E+00
  20,  32,   2,  3.0285081589351549E-02, -0.0000000000000000E+00
  20,  32,   3,  3.0285081589351549E-02, -0.0000000000000000E+00
  20,  32,   4,  3.0285081589351549E-02, -0.0000000000000000E+00
  20,  32,   5,  3.0285081589351549E-02, -0.0000000000000000E+00
  20,  32,   6,  3.0285081589351549E-02, -0.0000000000000000E+00
  20,  32,   7,  3.0285081589351549E-02, -0.0000000000000000E+00
  20,  32,   8,  3.0285081589351549E-02, -0.0000000000000000E+00
  20,  32,   9,  3.0285081589351549E-02, -0.0000000000000000E+00
  20,  32,  10,  3.0285081589351549E-02, -0.0000000000000000E+00
  20,  32,  11,  3.0285081589351549E-02, -0.0000000000000000E+00
  20,  32,  12,  3.0285081589351549E-02, -0.0000000000000000E+00
  20,  32,  13,  3.0285081589351549E-02, -0.0000000000000000E+00
  20,  32,  14,  3.0285081589351549E-02, -0.0000000000000000E+00
  20,  32,  15,  3.0285081589351549E-02, -0.0000000000000000E+00
  20,  32,  16,  3.0285081589351549E-02, -0.0000000000000000E+00
  20,  32,  17,  3.0285081589351549E-02, -0.0000000000000000E+00
  20,  32,  18,  3.0285081589351549E-02, -0.0000000000000000E+00
  20,  32,  19,  3.0285081589351549E-02, -0.0000000000000000E+00
  20,  32,  20,  3.0285081589351549E-02, -0.0000000000000000E+00
  20,  32,  21,  3.0285081589351549E-02, -0.0000000000000000E+00
  20,  32,  22,  3.0285081589351549E-02, -0.0000000000000000E+00
  20,  32,  23,  3.0285081589351549E-02, -0.0000000000000000E+00
  20,  32,  24,  3.0285081589351549E-02, -0.0000000000000000E+00
  20,  32,  25,  3.0285081589351549E-02, -0.0000000000000000E+00
  20,  32,  26,  3.0285081589351549E-02, -0.0000000000000000E+00
  20,  32,  27,  3.0285081589351549E-02, -0.0000000000000000E+00
  20,  32,  28,  3.0285081589351549E-02, -0.0000000000000000E+00
  20,  32,  29,  3.0285081589351549E-02, -0.0000000000000000E+00
  20,  32,  30,  3.0285081589351549E-02, -0.0000000000000000E+00
  20,  32,  31,  3.0285081589351549E-02,  3.3019557733389341E+01
  20,  32,  32,  3.0285081589351549E-02, -0.0000000000000000E+00
  20,  32,  33,  3.0285081589351549E-02, -3.3019557733389341E+01
  20,  32,  34,  3.0285081589351549E-02, -0.0000000000000000E+00
  20,  32,  35,  3.0285081589351549E-02, -0.0000000000000000E+00
  20,  32,  36,  3.0285081589351549E-02, -0.0000000000000000E+00
  20,  32,  37,  3.0285081589351549E-02, -0.0000000000000000E+00
  20,  32,  38,  3.0285081589351549E-02, -0.0000000000000000E+00
  20,  32,  39,  3.0285081589351549E-02, -0.0000000000000000E+00
  20,  32,  40,  3.0285081589351549E-02, -0.0000000000000000E+00
  20,  33,   1,  1.2732395447351628E+00, -0.0000000000000000E+00
  20,  33,   2,  1.2732395447351628E+00, -0.0000000000000000E+00
  20,  33,   3,  1.2732395447351628E+00, -0.0000000000000000E+00
  20,  33,   4,  1.2732395447351628E+00, -0.0000000000000000E+00
  20,  33,   5,  1.2732395447351628E+00, -0.0000000000000000E+00
  20,  33,   6,  1.2732395447351628E+00, -0.0000000000000000E+00
  20,  33,   7,  1.2732395447351628E+00, -0.0000000000000000E+00
  20,  33,   8,  1.2732395447351628E+00, -0.0000000000000000E+00
  20,  33,   9,  1.2732395447351628E+00, -0.0000000000000000E+00
  20,  33,  10,  1.2732395447351628E+00, -0.0000000000000000E+00
  20,  33,  11,  1.2732395447351628E+00, -0.0000000000000000E+00
  20,  33,  12,  1.2732395447351628E+00, -0.0000000000000000E+00
  20,  33,  13,  1.2732395447351628E+00, -0.0000000000000000E+00
  20,  33,  14,  1.2732395447351628E+00, -0.0000000000000000E+00
  20,  33,  15,  1.2732395447351628E+00, -0.0000000000000000E+00
  20,  33,  16,  1.2732395447351628E+00, -0.0000000000000000E+00
  20,  33,  17,  1.2732395447351628E+00, -0.0000000000000000E+00
  20,  33,  18,  1.2732395447351628E+00, -0.0000000000000000E+00
  20,  33,  19,  1.2732395447351628E+00, -0.0000000000000000E+00
  20,  33,  20,  1.2732395447351628E+00, -0.0000000000000000E+00
  20,  33,  21,  1.2732395447351628E+00, -0.0000000000000000E+00
  20,  33,  22,  1.2732395447351628E+00, -0.0000000000000000E+00
  20,  33,  23,  1.2732395447351628E+00, -0.0000000000000000E+00
  20,  33,  24,  1.2732395447351628E+00, -0.0000000000000000E+00
  20,  33,  25,  1.2732395447351628E+00, -0.0000000000000000E+00
  20,  33,  26,  1.2732395447351628E+00, -0.0000000000000000E+00
  20,  33,  27,  1.2732395447351628E+00, -0.0000000000000000E+00
  20,  33,  28,  1.2732395447351628E+00, -0.0000000000000000E+00
  20,  33,  29,  1.2732395447351628E+00, -0.0000000000000000E+00
  20,  33,  30,  1.2732395447351628E+00, -0.0000000000000000E+00
  20,  33,  31,  1.2732395447351628E+00, -0.0000000000000000E+00
  20,  33,  32,  1.2732395447351628E+00,  1.5715071501628660E-04
  20,  33,  33,  1.2732395447351628E+00, -2.2102766409813238E-02
  20,  33,  34,  1.2732395447351628E+00, -1.5700855034269271E-04
  20,  33,  35,  1.2732395447351628E+00, -0.0000000000000000E+00
  20,  33,  36,  1.2732395447351628E+00, -0.0000000000000000E+00
  20,  33,  37,  1.2732395447351628E+00, -0.0000000000000000E+00
  20,  33,  38,  1.2732395447351628E+00, -0.0000000000000000E+00
  20,  33,  39,  1.2732395447351628E+00, -0.0000000000000000E+00
  20,  33,  40,  1.2732395447351628E+00, -0.0000000000000000E+00
  20,  34,   1,  3.0285081589351549E-02, -0.0000000000000000E+00
  20,  34,   2,  3.0285081589351549E-02, -0.0000000000000000E+00
  20,  34,   3,  3.0285081589351549E-02, -0.0000000000000000E+00
  20,  34,   4,  3.0285081589351549E-02, -0.0000000000000000E+00
  20,  34,   5,  3.0285081589351549E-02, -0.0000000000000000E+00
  20,  34,   6,  3.0285081589351549E-02, -0.0000000000000000E+00
  20,  34,   7,  3.0285081589351549E-02, -0.0000000000000000E+00
  20,  34,   8,  3.0285081589351549E-02, -0.0000000000000000E+00
  20,  34,   9,  3.0285081589351549E-02, -0.0000000000000000E+00
  20,  34,  10,  3.0285081589351549E-02, -0.0000000000000000E+00
  20,  34,  11,  3.0285081589351549E-02, -0.0000000000000000E+00
  20,  34,  12,  3.0285081589351549E-02, -0.0000000000000000E+00
  20,  34,  13,  3.0285081589351549E-02, -0.0000000000000000E+00
  20,  34,  14,  3.0285081589351549E-02, -0.0000000000000000E+00
  20,  34,  15,  3.0285081589351549E-02, -0.0000000000000000E+00
  20,  34,  16,  3.0285081589351549E-02, -0.0000000000000000E+00
  20,  34,  17,  3.0285081589351549E-02, -0.0000000000000000E+00
  20,  34,  18,  3.0285081589351549E-02, -0.0000000000000000E+00
  20,  34,  19,  3.0285081589351549E-02, -0.0000000000000000E+00
  20,  34,  20,  3.0285081589351549E-02, -0.0000000000000000E+00
  20,  34,  21,  3.0285081589351549E-02, -0.0000000000000000E+00
  20,  34,  22,  3.0285081589351549E-02, -0.0000000000000000E+00
  20,  34,  23,  3.0285081589351549E-02, -0.0000000000000000E+00
  20,  34,  24,  3.0285081589351549E-02, -0.0000000000000000E+00
  20,  34,  25,  3.0285081589351549E-02, -0.0000000000000000E+00
  20,  34,  26,  3.0285081589351549E-02, -0.0000000000000000E+00
  20,  34,  27,  3.0285081589351549E-02, -0.0000000000000000E+00
  20,  34,  28,  3.0285081589351549E-02, -0.0000000000000000E+00
  20,  34,  29,  3.0285081589351549E-02, -0.0000000000000000E+00
  20,  34,  30,  3.0285081589351549E-02, -0.0000000000000000E+00
  20,  34,  31,  3.0285081589351549E-02, -0.0000000000000000E+00
  20,  34,  32,  3.0285081589351549E-02, -0.0000000000000000E+00
  20,  34,  33,  3.0285081589351549E-02,  3.3019557733389341E+01
  20,  34,  34,  3.0285081589351549E-02, -0.0000000000000000E+00
  20,  34,  35,  3.0285081589351549E-02, -3.3019557733389341E+01
  20,  34,  36,  3.0285081589351549E-02, -0.0000000000000000E+00
  20,  34,  37,  3.0285081589351549E-02, -0.0000000000000000E+00
  20,  34,  38,  3.0285081589351549E-02, -0.0000000000000000E+00
  20,  34,  39,  3.0285081589351549E-02, -0.0000000000000000E+00
  20,  34,  40,  3.0285081589351549E-02, -0.0000000000000000E+00
  20,  35,   1,  1.2732395447351628E+00, -0.0000000000000000E+00
  20,  35,   2,  1.2732395447351628E+00, -0.0000000000000000E+00
  20,  35,   3,  1.2732395447351628E+00, -0.0000000000000000E+00
  20,  35,   4,  1.2732395447351628E+00, -0.0000000000000000E+00
  20,  35,   5,  1.2732395447351628E+00, -0.0000000000000000E+00
  20,  35,   6,  1.2732395447351628E+00, -0.0000000000000000E+00
  20,  35,   7,  1.2732395447351628E+00, -0.0000000000000000E+00
  20,  35,   8,  1.2732395447351628E+00, -0.0000000000000000E+00
  20,  35,   9,  1.2732395447351628E+00, -0.0000000000000000E+00
  20,  35,  10,  1.2732395447351628E+00, -0.0000000000000000E+00
  20,  35,  11,  1.2732395447351628E+00, -0.0000000000000000E+00
  20,  35,  12,  1.2732395447351628E+00, -0.0000000000000000E+00
  20,  35,  13,  1.2732395447351628E+00, -0.0000000000000000E+00
  20,  35,  14,  1.2732395447351628E+00, -0.0000000000000000E+00
  20,  35,  15,  1.2732395447351628E+00, -0.0000000000000000E+00
  20,  35,  16,  1.2732395447351628E+00, -0.0000000000000000E+00
  20,  35,  17,  1.2732395447351628E+00, -0.0000000000000000E+00
  20,  35,  18,  1.2732395447351628E+00, -0.0000000000000000E+00
  20,  35,  19,  1.2732395447351628E+00, -0.0000000000000000E+00
  20,  35,  20,  1.2732395447351628E+00, -0.0000000000000000E+00
  20,  35,  21,  1.2732395447351628E+00, -0.0000000000000000E+00
  20,  35,  22,  1.2732395447351628E+00, -0.0000000000000000E+00
  20,  35,  23,  1.2732395447351628E+00, -0.0000000000000000E+00
  20,  35,  24,  1.2732395447351628E+00, -0.0000000000000000E+00
  20,  35,  25,  1.2732395447351628E+00, -0.0000000000000000E+00
  20,  35,  26,  1.2732395447351628E+00, -0.0000000000000000E+00
  20,  35,  27,  1.2732395447351628E+00, -0.0000000000000000E+00
  20,  35,  28,  1.2732395447351628E+00, -0.0000000000000000E+00
  20,  35,  29,  1.2732395447351628E+00, -0.0000000000000000E+00
  20,  35,  30,  1.2732395447351628E+00, -0.0000000000000000E+00
  20,  35,  31,  1.2732395447351628E+00, -0.0000000000000000E+00
  20,  35,  32,  1.2732395447351628E+00, -0.0000000000000000E+00
  20,  35,  33,  1.2732395447351628E+00, -0.0000000000000000E+00
  20,  35,  34,  1.2732395447351628E+00,  1.5715084391554660E-04
  20,  35,  35,  1.2732395447351628E+00, -2.2122797685788606E-02
  20,  35,  36,  1.2732395447351628E+00, -1.5700842144343271E-04
  20,  35,  37,  1.2732395447351628E+00, -0.0000000000000000E+00
  20,  35,  38,  1.2732395447351628E+00, -0.0000000000000000E+00
  20,  35,  39,  1.2732395447351628E+00, -0.0000000000000000E+00
  20,  35,  40,  1.2732395447351628E+00, -0.0000000000000000E+00
  20,  36,   1,  3.0285081589351549E-02, -0.0000000000000000E+00
  20,  36,   2,  3.0285081589351549E-02, -0.0000000000000000E+00
  20,  36,   3,  3.0285081589351549E-02, -0.0000000000000000E+00
  20,  36,   4,  3.0285081589351549E-02, -0.0000000000000000E+00
  20,  36,   5,  3.0285081589351549E-02, -0.0000000000000000E+00
  20,  36,   6,  3.0285081589351549E-02, -0.0000000000000000E+00
  20,  36,   7,  3.0285081589351549E-02, -0.0000000000000000E+00
  20,  36,   8,  3.0285081589351549E-02, -0.0000000000000000E+00
  20,  36,   9,  3.0285081589351549E-02, -0.0000000000000000E+00
  20,  36,  10,  3.0285081589351549E-02, -0.0000000000000000E+00
  20,  36,  11,  3.0285081589351549E-02, -0.0000000000000000E+00
  20,  36,  12,  3.0285081589351549E-02, -0.0000000000000000E+00
  20,  36,  13,  3.0285081589351549E-02, -0.0000000000000000E+00
  20,  36,  14,  3.0285081589351549E-02, -0.0000000000000000E+00
  20,  36,  15,  3.0285081589351549E-02, -0.0000000000000000E+00
  20,  36,  16,  3.0285081589351549E-02, -0.0000000000000000E+00
  20,  36,  17,  3.0285081589351549E-02, -0.0000000000000000E+00
  20,  36,  18,  3.0285081589351549E-02, -0.0000000000000000E+00
  20,  36,  19,  3.0285081589351549E-02, -0.0000000000000000E+00
  20,  36,  20,  3.0285081589351549E-02, -0.0000000000000000E+00
  20,  36,  21,  3.0285081589351549E-02, -0.0000000000000000E+00
  20,  36,  22,  3.0285081589351549E-02, -0.0000000000000000E+00
  20,  36,  23,  3.0285081589351549E-02, -0.0000000000000000E+00
  20,  36,  24,  3.0285081589351549E-02, -0.0000000000000000E+00
  20,  36,  25,  3.0285081589351549E-02, -0.0000000000000000E+00
  20,  36,  26,  3.0285081589351549E-02, -0.0000000000000000E+00
  20,  36,  27,  3.0285081589351549E-02, -0.0000000000000000E+00
  20,  36,  28,  3.0285081589351549E-02, -0.0000000000000000E+00
  20,  36,  29,  3.0285081589351549E-02, -0.0000000000000000E+00
  20,  36,  30,  3.0285081589351549E-02, -0.0000000000000000E+00
  20,  36,  31,  3.0285081589351549E-02, -0.0000000000000000E+00
  20,  36,  32,  3.0285081589351549E-02, -0.0000000000000000E+00
  20,  36,  33,  3.0285081589351549E-02, -0.0000000000000000E+00
  20,  36,  34,  3.0285081589351549E-02, -0.0000000000000000E+00
  20,  36,  35,  3.0285081589351549E-02,  3.3019557733389341E+01
  20,  36,  36,  3.0285081589351549E-02, -0.0000000000000000E+00
  20,  36,  37,  3.0285081589351549E-02, -3.3019557733389341E+01
  20,  36,  38,  3.0285081589351549E-02, -0.0000000000000000E+00
  20,  36,  39,  3.0285081589351549E-02, -0.0000000000000000E+00
  20,  36,  40,  3.0285081589351549E-02, -0.0000000000000000E+00
  20,  37,   1,  1.2732395447351628E+00, -0.0000000000000000E+00
  20,  37,   2,  1.2732395447351628E+00, -0.0000000000000000E+00
  20,  37,   3,  1.2732395447351628E+00, -0.0000000000000000E+00
  20,  37,   4,  1.2732395447351628E+00, -0.0000000000000000E+00
  20,  37,   5,  1.2732395447351628E+00, -0.0000000000000000E+00
  20,  37,   6,  1.2732395447351628E+00, -0.0000000000000000E+00
  20,  37,   7,  1.2732395447351628E+00, -0.0000000000000000E+00
  20,  37,   8,  1.2732395447351628E+00, -0.0000000000000000E+00
  20,  37,   9,  1.2732395447351628E+00, -0.0000000000000000E+00
  20,  37,  10,  1.2732395447351628E+00, -0.0000000000000000E+00
  20,  37,  11,  1.2732395447351628E+00, -0.0000000000000000E+00
  20,  37,  12,  1.2732395447351628E+00, -0.0000000000000000E+00
  20,  37,  13,  1.2732395447351628E+00, -0.0000000000000000E+00
  20,  37,  14,  1.2732395447351628E+00, -0.0000000000000000E+00
  20,  37,  15,  1.2732395447351628E+00, -0.0000000000000000E+00
  20,  37,  16,  1.2732395447351628E+00, -0.0000000000000000E+00
  20,  37,  17,  1.2732395447351628E+00, -0.0000000000000000E+00
  20,  37,  18,  1.2732395447351628E+00, -0.0000000000000000E+00
  20,  37,  19,  1.2732395447351628E+00, -0.0000000000000000E+00
  20,  37,  20,  1.2732395447351628E+00, -0.0000000000000000E+00
  20,  37,  21,  1.2732395447351628E+00, -0.0000000000000000E+00
  20,  37,  22,  1.2732395447351628E+00, -0.0000000000000000E+00
  20,  37,  23,  1.2732395447351628E+00, -0.0000000000000000E+00
  20,  37,  24,  1.2732395447351628E+00, -0.0000000000000000E+00
  20,  37,  25,  1.2732395447351628E+00, -0.0000000000000000E+00
  20,  37,  26,  1.2732395447351628E+00, -0.0000000000000000E+00
  20,  37,  27,  1.2732395447351628E+00, -0.0000000000000000E+00
  20,  37,  28,  1.2732395447351628E+00, -0.0000000000000000E+00
  20,  37,  29,  1.2732395447351628E+00, -0.0000000000000000E+00
  20,  37,  30,  1.2732395447351628E+00, -0.0000000000000000E+00
  20,  37,  31,  1.2732395447351628E+00, -0.0000000000000000E+00
  20,  37,  32,  1.2732395447351628E+00, -0.0000000000000000E+00
  20,  37,  33,  1.2732395447351628E+00, -0.0000000000000000E+00
  20,  37,  34,  1.2732395447351628E+00, -0.0000000000000000E+00
  20,  37,  35,  1.2732395447351628E+00, -0.0000000000000000E+00
  20,  37,  36,  1.2732395447351628E+00,  1.5715097328314255E-04
  20,  37,  37,  1.2732395447351628E+00, -2.2142883522463162E-02
  20,  37,  38,  1.2732395447351628E+00, -1.5700829207583675E-04
  20,  37,  39,  1.2732395447351628E+00, -0.0000000000000000E+00
  20,  37,  40,  1.2732395447351628E+00, -0.0000000000000000E+00
  20,  38,   1,  3.0285081589351549E-02, -0.0000000000000000E+00
  20,  38,   2,  3.0285081589351549E-02, -0.0000000000000000E+00
  20,  38,   3,  3.0285081589351549E-02, -0.0000000000000000E+00
  20,  38,   4,  3.0285081589351549E-02, -0.0000000000000000E+00
  20,  38,   5,  3.0285081589351549E-02, -0.0000000000000000E+00
  20,  38,   6,  3.0285081589351549E-02, -0.0000000000000000E+00
  20,  38,   7,  3.0285081589351549E-02, -0.0000000000000000E+00
  20,  38,   8,  3.0285081589351549E-02, -0.0000000000000000E+00
  20,  38,   9,  3.0285081589351549E-02, -0.0000000000000000E+00
  20,  38,  10,  3.0285081589351549E-02, -0.0000000000000000E+00
  20,  38,  11,  3.0285081589351549E-02, -0.0000000000000000E+00
  20,  38,  12,  3.0285081589351549E-02, -0.0000000000000000E+00
  20,  38,  13,  3.0285081589351549E-02, -0.0000000000000000E+00
  20,  38,  14,  3.0285081589351549E-02, -0.0000000000000000E+00
  20,  38,  15,  3.0285081589351549E-02, -0.0000000000000000E+00
  20,  38,  16,  3.0285081589351549E-02, -0.0000000000000000E+00
  20,  38,  17,  3.0285081589351549E-02, -0.0000000000000000E+00
  20,  38,  18,  3.0285081589351549E-02, -0.0000000000000000E+00
  20,  38,  19,  3.0285081589351549E-02, -0.0000000000000000E+00
  20,  38,  20,  3.0285081589351549E-02, -0.0000000000000000E+00
  20,  38,  21,  3.0285081589351549E-02, -0.0000000000000000E+00
  20,  38,  22,  3.0285081589351549E-02, -0.0000000000000000E+00
  20,  38,  23,  3.0285081589351549E-02, -0.0000000000000000E+00
  20,  38,  24,  3.0285081589351549E-02, -0.0000000000000000E+00
  20,  38,  25,  3.0285081589351549E-02, -0.0000000000000000E+00
  20,  38,  26,  3.0285081589351549E-02, -0.0000000000000000E+00
  20,  38,  27,  3.0285081589351549E-02, -0.0000000000000000E+00
  20,  38,  28,  3.0285081589351549E-02, -0.0000000000000000E+00
  20,  38,  29,  3.0285081589351549E-02, -0.0000000000000000E+00
  20,  38,  30,  3.0285081589351549E-02, -0.0000000000000000E+00
  20,  38,  31,  3.0285081589351549E-02, -0.0000000000000000E+00
  20,  38,  32,  3.0285081589351549E-02, -0.0000000000000000E+00
  20,  38,  33,  3.0285081589351549E-02, -0.0000000000000000E+00
  20,  38,  34,  3.0285081589351549E-02, -0.0000000000000000E+00
  20,  38,  35,  3.0285081589351549E-02, -0.0000000000000000E+00
  20,  38,  36,  3.0285081589351549E-02, -0.0000000000000000E+00
  20,  38,  37,  3.0285081589351549E-02,  3.3019557733389341E+01
  20,  38,  38,  3.0285081589351549E-02, -0.0000000000000000E+00
  20,  38,  39,  3.0285081589351549E-02, -3.3019557733389341E+01
  20,  38,  40,  3.0285081589351549E-02, -0.0000000000000000E+00
  20,  39,   1,  1.2732395447351628E+00, -0.0000000000000000E+00
  20,  39,   2,  1.2732395447351628E+00, -0.0000000000000000E+00
  20,  39,   3,  1.2732395447351628E+00, -0.0000000000000000E+00
  20,  39,   4,  1.2732395447351628E+00, -0.0000000000000000E+00
  20,  39,   5,  1.2732395447351628E+00, -0.0000000000000000E+00
  20,  39,   6,  1.2732395447351628E+00, -0.0000000000000000E+00
  20,  39,   7,  1.2732395447351628E+00, -0.0000000000000000E+00
  20,  39,   8,  1.2732395447351628E+00, -0.0000000000000000E+00
  20,  39,   9,  1.2732395447351628E+00, -0.0000000000000000E+00
  20,  39,  10,  1.2732395447351628E+00, -0.0000000000000000E+00
  20,  39,  11,  1.2732395447351628E+00, -0.0000000000000000E+00
  20,  39,  12,  1.2732395447351628E+00, -0.0000000000000000E+00
  20,  39,  13,  1.2732395447351628E+00, -0.0000000000000000E+00
  20,  39,  14,  1.2732395447351628E+00, -0.0000000000000000E+00
  20,  39,  15,  1.2732395447351628E+00, -0.0000000000000000E+00
  20,  39,  16,  1.2732395447351628E+00, -0.0000000000000000E+00
  20,  39,  17,  1.2732395447351628E+00, -0.0000000000000000E+00
  20,  39,  18,  1.2732395447351628E+00, -0.0000000000000000E+00
  20,  39,  19,  1.2732395447351628E+00, -0.0000000000000000E+00
  20,  39,  20,  1.2732395447351628E+00, -0.0000000000000000E+00
  20,  39,  21,  1.2732395447351628E+00, -0.0000000000000000E+00
  20,  39,  22,  1.2732395447351628E+00, -0.0000000000000000E+00
  20,  39,  23,  1.2732395447351628E+00, -0.0000000000000000E+00
  20,  39,  24,  1.2732395447351628E+00, -0.0000000000000000E+00
  20,  39,  25,  1.2732395447351628E+00, -0.0000000000000000E+00
  20,  39,  26,  1.2732395447351628E+00, -0.0000000000000000E+00
  20,  39,  27,  1.2732395447351628E+00, -0.0000000000000000E+00
  20,  39,  28,  1.2732395447351628E+00, -0.0000000000000000E+00
  20,  39,  29,  1.2732395447351628E+00, -0.0000000000000000E+00
  20,  39,  30,  1.2732395447351628E+00, -0.0000000000000000E+00
  20,  39,  31,  1.2732395447351628E+00, -0.0000000000000000E+00
  20,  39,  32,  1.2732395447351628E+00, -0.0000000000000000E+00
  20,  39,  33,  1.2732395447351628E+00, -0.0000000000000000E+00
  20,  39,  34,  1.2732395447351628E+00, -0.0000000000000000E+00
  20,  39,  35,  1.2732395447351628E+00, -0.0000000000000000E+00
  20,  39,  36,  1.2732395447351628E+00, -0.0000000000000000E+00
  20,  39,  37,  1.2732395447351628E+00, -0.0000000000000000E+00
  20,  39,  38,  1.2732395447351628E+00,  1.5715110312163155E-04
  20,  39,  39,  1.2732395447351628E+00, -2.2163024167972761E-02
  20,  39,  40,  1.2732395447351628E+00, -1.5700816223734775E-04
  20,  40,   1,  1.5142540794675774E-02, -0.0000000000000000E+00
  20,  40,   2,  1.5142540794675774E-02, -0.0000000000000000E+00
  20,  40,   3,  1.5142540794675774E-02, -0.0000000000000000E+00
  20,  40,   4,  1.5142540794675774E-02, -0.0000000000000000E+00
  20,  40,   5,  1.5142540794675774E-02, -0.0000000000000000E+00
  20,  40,   6,  1.5142540794675774E-02, -0.0000000000000000E+00
  20,  40,   7,  1.5142540794675774E-02, -0.0000000000000000E+00
  20,  40,   8,  1.5142540794675774E-02, -0.0000000000000000E+00
  20,  40,   9,  1.5142540794675774E-02, -0.0000000000000000E+00
  20,  40,  10,  1.5142540794675774E-02, -0.0000000000000000E+00
  20,  40,  11,  1.5142540794675774E-02, -0.0000000000000000E+00
  20,  40,  12,  1.5142540794675774E-02, -0.0000000000000000E+00
  20,  40,  13,  1.5142540794675774E-02, -0.0000000000000000E+00
  20,  40,  14,  1.5142540794675774E-02, -0.0000000000000000E+00
  20,  40,  15,  1.5142540794675774E-02, -0.0000000000000000E+00
  20,  40,  16,  1.5142540794675774E-02, -0.0000000000000000E+00
  20,  40,  17,  1.5142540794675774E-02, -0.0000000000000000E+00
  20,  40,  18,  1.5142540794675774E-02, -0.0000000000000000E+00
  20,  40,  19,  1.5142540794675774E-02, -0.0000000000000000E+00
  20,  40,  20,  1.5142540794675774E-02, -0.0000000000000000E+00
  20,  40,  21,  1.5142540794675774E-02, -0.0000000000000000E+00
  20,  40,  22,  1.5142540794675774E-02, -0.0000000000000000E+00
  20,  40,  23,  1.5142540794675774E-02, -0.0000000000000000E+00
  20,  40,  24,  1.5142540794675774E-02, -0.0000000000000000E+00
  20,  40,  25,  1.5142540794675774E-02, -0.0000000000000000E+00
  20,  40,  26,  1.5142540794675774E-02, -0.0000000000000000E+00
  20,  40,  27,  1.5142540794675774E-02, -0.0000000000000000E+00
  20,  40,  28,  1.5142540794675774E-02, -0.0000000000000000E+00
  20,  40,  29,  1.5142540794675774E-02, -0.0000000000000000E+00
  20,  40,  30,  1.5142540794675774E-02, -0.0000000000000000E+00
  20,  40,  31,  1.5142540794675774E-02, -0.0000000000000000E+00
  20,  40,  32,  1.5142540794675774E-02, -0.0000000000000000E+00
  20,  40,  33,  1.5142540794675774E-02, -0.0000000000000000E+00
  20,  40,  34,  1.5142540794675774E-02, -0.0000000000000000E+00
  20,  40,  35,  1.5142540794675774E-02, -0.0000000000000000E+00
  20,  40,  36,  1.5142540794675774E-02, -0.0000000000000000E+00
  20,  40,  37,  1.5142540794675774E-02, -0.0000000000000000E+00
  20,  40,  38,  1.5142540794675774E-02, -0.0000000000000000E+00
  20,  40,  39,  1.5142540794675774E-02,  6.6039115466778682E+01
  20,  40,  40,  1.5142540794675774E-02, -0.0000000000000000E+00
  40,   1,   1,  1.2732395447351628E+00, -2.1784698340442721E-02
  40,   1,   2,  1.2732395447351628E+00, -3.1409021411137435E-04
  40,   1,   3,  1.2732395447351628E+00, -0.0000000000000000E+00
  40,   1,   4,  1.2732395447351628E+00, -0.0000000000000000E+00
  40,   1,   5,  1.2732395447351628E+00, -0.0000000000000000E+00
  40,   1,   6,  1.2732395447351628E+00, -0.0000000000000000E+00
  40,   1,   7,  1.2732395447351628E+00, -0.0000000000000000E+00
  40,   1,   8,  1.2732395447351628E+00, -0.0000000000000000E+00
  40,   1,   9,  1.2732395447351628E+00, -0.0000000000000000E+00
  40,   1,  10,  1.2732395447351628E+00, -0.0000000000000000E+00
  40,   1,  11,  1.2732395447351628E+00, -0.0000000000000000E+00
  40,   1,  12,  1.2732395447351628E+00, -0.0000000000000000E+00
  40,   1,  13,  1.2732395447351628E+00, -0.0000000000000000E+00
  40,   1,  14,  1.2732395447351628E+00, -0.0000000000000000E+00
  40,   1,  15,  1.2732395447351628E+00, -0.0000000000000000E+00
  40,   1,  16,  1.2732395447351628E+00, -0.0000000000000000E+00
  40,   1,  17,  1.2732395447351628E+00, -0.0000000000000000E+00
  40,   1,  18,  1.2732395447351628E+00, -0.0000000000000000E+00
  40,   1,  19,  1.2732395447351628E+00, -0.0000000000000000E+00
  40,   1,  20,  1.2732395447351628E+00, -0.0000000000000000E+00
  40,   1,  21,  1.2732395447351628E+00, -0.0000000000000000E+00
  40,   1,  22,  1.2732395447351628E+00, -0.0000000000000000E+00
  40,   1,  23,  1.2732395447351628E+00, -0.0000000000000000E+00
  40,   1,  24,  1.2732395447351628E+00, -0.0000000000000000E+00
  40,   1,  25,  1.2732395447351628E+00, -0.0000000000000000E+00
  40,   1,  26,  1.2732395447351628E+00, -0.0000000000000000E+00
  40,   1,  27,  1.2732395447351628E+00, -0.0000000000000000E+00
  40,   1,  28,  1.2732395447351628E+00, -0.0000000000000000E+00
  40,   1,  29,  1.2732395447351628E+00, -0.0000000000000000E+00
  40,   1,  30,  1.2732395447351628E+00, -0.0000000000000000E+00
  40,   1,  31,  1.2732395447351628E+00, -0.0000000000000000E+00
  40,   1,  32,  1.2732395447351628E+00, -0.0000000000000000E+00
  40,   1,  33,  1.2732395447351628E+00, -0.0000000000000000E+00
  40,   1,  34,  1.2732395447351628E+00, -0.0000000000000000E+00
  40,   1,  35,  1.2732395447351628E+00, -0.0000000000000000E+00
  40,   1,  36,  1.2732395447351628E+00, -0.0000000000000000E+00
  40,   1,  37,  1.2732395447351628E+00, -0.0000000000000000E+00
  40,   1,  38,  1.2732395447351628E+00, -0.0000000000000000E+00
  40,   1,  39,  1.2732395447351628E+00, -0.0000000000000000E+00
  40,   1,  40,  1.2732395447351628E+00, -0.0000000000000000E+00
  40,   1,  41,  1.2732395447351628E+00, -0.0000000000000000E+00
  40,   1,  42,  1.2732395447351628E+00, -0.0000000000000000E+00
  40,   1,  43,  1.2732395447351628E+00, -0.0000000000000000E+00
  40,   1,  44,  1.2732395447351628E+00, -0.0000000000000000E+00
  40,   1,  45,  1.2732395447351628E+00, -0.0000000000000000E+00
  40,   1,  46,  1.2732395447351628E+00, -0.0000000000000000E+00
  40,   1,  47,  1.2732395447351628E+00, -0.0000000000000000E+00
  40,   1,  48,  1.2732395447351628E+00, -0.0000000000000000E+00
  40,   1,  49,  1.2732395447351628E+00, -0.0000000000000000E+00
  40,   1,  50,  1.2732395447351628E+00, -0.0000000000000000E+00
  40,   1,  51,  1.2732395447351628E+00, -0.0000000000000000E+00
  40,   1,  52,  1.2732395447351628E+00, -0.0000000000000000E+00
  40,   1,  53,  1.2732395447351628E+00, -0.0000000000000000E+00
  40,   1,  54,  1.2732395447351628E+00, -0.0000000000000000E+00
  40,   1,  55,  1.2732395447351628E+00, -0.0000000000000000E+00
  40,   1,  56,  1.2732395447351628E+00, -0.0000000000000000E+00
  40,   1,  57,  1.2732395447351628E+00, -0.0000000000000000E+00
  40,   1,  58,  1.2732395447351628E+00, -0.0000000000000000E+00
  40,   1,  59,  1.2732395447351628E+00, -0.0000000000000000E+00
  40,   1,  60,  1.2732395447351628E+00, -0.0000000000000000E+00
  40,   1,  61,  1.2732395447351628E+00, -0.0000000000000000E+00
  40,   1,  62,  1.2732395447351628E+00, -0.0000000000000000E+00
  40,   1,  63,  1.2732395447351628E+00, -0.0000000000000000E+00
  40,   1,  64,  1.2732395447351628E+00, -0.0000000000000000E+00
  40,   1,  65,  1.2732395447351628E+00, -0.0000000000000000E+00
  40,   1,  66,  1.2732395447351628E+00, -0.0000000000000000E+00
  40,   1,  67,  1.2732395447351628E+00, -0.0000000000000000E+00
  40,   1,  68,  1.2732395447351628E+00, -0.0000000000000000E+00
  40,   1,  69,  1.2732395447351628E+00, -0.0000000000000000E+00
  40,   1,  70,  1.2732395447351628E+00, -0.0000000000000000E+00
  40,   1,  71,  1.2732395447351628E+00, -0.0000000000000000E+00
  40,   1,  72,  1.2732395447351628E+00, -0.0000000000000000E+00
  40,   1,  73,  1.2732395447351628E+00, -0.0000000000000000E+00
  40,   1,  74,  1.2732395447351628E+00, -0.0000000000000000E+00
  40,   1,  75,  1.2732395447351628E+00, -0.0000000000000000E+00
  40,   1,  76,  1.2732395447351628E+00, -0.0000000000000000E+00
  40,   1,  77,  1.2732395447351628E+00, -0.0000000000000000E+00
  40,   1,  78,  1.2732395447351628E+00, -0.0000000000000000E+00
  40,   1,  79,  1.2732395447351628E+00, -0.0000000000000000E+00
  40,   1,  80,  1.2732395447351628E+00, -0.0000000000000000E+00
  40,   2,   1,  1.5142540794675774E-02,  6.6039115466778682E+01
  40,   2,   2,  1.5142540794675774E-02, -0.0000000000000000E+00
  40,   2,   3,  1.5142540794675774E-02, -6.6039115466778682E+01
  40,   2,   4,  1.5142540794675774E-02, -0.0000000000000000E+00
  40,   2,   5,  1.5142540794675774E-02, -0.0000000000000000E+00
  40,   2,   6,  1.5142540794675774E-02, -0.0000000000000000E+00
  40,   2,   7,  1.5142540794675774E-02, -0.0000000000000000E+00
  40,   2,   8,  1.5142540794675774E-02, -0.0000000000000000E+00
  40,   2,   9,  1.5142540794675774E-02, -0.0000000000000000E+00
  40,   2,  10,  1.5142540794675774E-02, -0.0000000000000000E+00
  40,   2,  11,  1.5142540794675774E-02, -0.0000000000000000E+00
  40,   2,  12,  1.5142540794675774E-02, -0.0000000000000000E+00
  40,   2,  13,  1.5142540794675774E-02, -0.0000000000000000E+00
  40,   2,  14,  1.5142540794675774E-02, -0.0000000000000000E+00
  40,   2,  15,  1.5142540794675774E-02, -0.0000000000000000E+00
  40,   2,  16,  1.5142540794675774E-02, -0.0000000000000000E+00
  40,   2,  17,  1.5142540794675774E-02, -0.0000000000000000E+00
  40,   2,  18,  1.5142540794675774E-02, -0.0000000000000000E+00
  40,   2,  19,  1.5142540794675774E-02, -0.0000000000000000E+00
  40,   2,  20,  1.5142540794675774E-02, -0.0000000000000000E+00
  40,   2,  21,  1.5142540794675774E-02, -0.0000000000000000E+00
  40,   2,  22,  1.5142540794675774E-02, -0.0000000000000000E+00
  40,   2,  23,  1.5142540794675774E-02, -0.0000000000000000E+00
  40,   2,  24,  1.5142540794675774E-02, -0.0000000000000000E+00
  40,   2,  25,  1.5142540794675774E-02, -0.0000000000000000E+00
  40,   2,  26,  1.5142540794675774E-02, -0.0000000000000000E+00
  40,   2,  27,  1.5142540794675774E-02, -0.0000000000000000E+00
  40,   2,  28,  1.5142540794675774E-02, -0.0000000000000000E+00
  40,   2,  29,  1.5142540794675774E-02, -0.0000000000000000E+00
  40,   2,  30,  1.5142540794675774E-02, -0.0000000000000000E+00
  40,   2,  31,  1.5142540794675774E-02, -0.0000000000000000E+00
  40,   2,  32,  1.5142540794675774E-02, -0.0000000000000000E+00
  40,   2,  33,  1.5142540794675774E-02, -0.0000000000000000E+00
  40,   2,  34,  1.5142540794675774E-02, -0.0000000000000000E+00
  40,   2,  35,  1.5142540794675774E-02, -0.0000000000000000E+00
  40,   2,  36,  1.5142540794675774E-02, -0.0000000000000000E+00
  40,   2,  37,  1.5142540794675774E-02, -0.0000000000000000E+00
  40,   2,  38,  1.5142540794675774E-02, -0.0000000000000000E+00
  40,   2,  39,  1.5142540794675774E-02, -0.0000000000000000E+00
  40,   2,  40,  1.5142540794675774E-02, -0.0000000000000000E+00
  40,   2,  41,  1.5142540794675774E-02, -0.0000000000000000E+00
  40,   2,  42,  1.5142540794675774E-02, -0.0000000000000000E+00
  40,   2,  43,  1.5142540794675774E-02, -0.0000000000000000E+00
  40,   2,  44,  1.5142540794675774E-02, -0.0000000000000000E+00
  40,   2,  45,  1.5142540794675774E-02, -0.0000000000000000E+00
  40,   2,  46,  1.5142540794675774E-02, -0.0000000000000000E+00
  40,   2,  47,  1.5142540794675774E-02, -0.0000000000000000E+00
  40,   2,  48,  1.5142540794675774E-02, -0.0000000000000000E+00
  40,   2,  49,  1.5142540794675774E-02, -0.0000000000000000E+00
  40,   2,  50,  1.5142540794675774E-02, -0.0000000000000000E+00
  40,   2,  51,  1.5142540794675774E-02, -0.0000000000000000E+00
  40,   2,  52,  1.5142540794675774E-02, -0.0000000000000000E+00
  40,   2,  53,  1.5142540794675774E-02, -0.0000000000000000E+00
  40,   2,  54,  1.5142540794675774E-02, -0.0000000000000000E+00
  40,   2,  55,  1.5142540794675774E-02, -0.0000000000000000E+00
  40,   2,  56,  1.5142540794675774E-02, -0.0000000000000000E+00
  40,   2,  57,  1.5142540794675774E-02, -0.0000000000000000E+00
  40,   2,  58,  1.5142540794675774E-02, -0.0000000000000000E+00
  40,   2,  59,  1.5142540794675774E-02, -0.0000000000000000E+00
  40,   2,  60,  1.5142540794675774E-02, -0.0000000000000000E+00
  40,   2,  61,  1.5142540794675774E-02, -0.0000000000000000E+00
  40,   2,  62,  1.5142540794675774E-02, -0.0000000000000000E+00
  40,   2,  63,  1.5142540794675774E-02, -0.0000000000000000E+00
  40,   2,  64,  1.5142540794675774E-02, -0.0000000000000000E+00
  40,   2,  65,  1.5142540794675774E-02, -0.0000000000000000E+00
  40,   2,  66,  1.5142540794675774E-02, -0.0000000000000000E+00
  40,   2,  67,  1.5142540794675774E-02, -0.0000000000000000E+00
  40,   2,  68,  1.5142540794675774E-02, -0.0000000000000000E+00
  40,   2,  69,  1.5142540794675774E-02, -0.0000000000000000E+00
  40,   2,  70,  1.5142540794675774E-02, -0.0000000000000000E+00
  40,   2,  71,  1.5142540794675774E-02, -0.0000000000000000E+00
  40,   2,  72,  1.5142540794675774E-02, -0.0000000000000000E+00
  40,   2,  73,  1.5142540794675774E-02, -0.0000000000000000E+00
  40,   2,  74,  1.5142540794675774E-02, -0.0000000000000000E+00
  40,   2,  75,  1.5142540794675774E-02, -0.0000000000000000E+00
  40,   2,  76,  1.5142540794675774E-02, -0.0000000000000000E+00
  40,   2,  77,  1.5142540794675774E-02, -0.0000000000000000E+00
  40,   2,  78,  1.5142540794675774E-02, -0.0000000000000000E+00
  40,   2,  79,  1.5142540794675774E-02, -0.0000000000000000E+00
  40,   2,  80,  1.5142540794675774E-02, -0.0000000000000000E+00
  40,   3,   1,  1.2732395447351628E+00, -0.0000000000000000E+00
  40,   3,   2,  1.2732395447351628E+00,  3.1422837736902264E-04
  40,   3,   3,  1.2732395447351628E+00, -2.1794281080542079E-02
  40,   3,   4,  1.2732395447351628E+00, -3.1409015334893603E-04
  40,   3,   5,  1.2732395447351628E+00, -0.0000000000000000E+00
  40,   3,   6,  1.2732395447351628E+00, -0.0000000000000000E+00
  40,   3,   7,  1.2732395447351628E+00, -0.0000000000000000E+00
  40,   3,   8,  1.2732395447351628E+00, -0.0000000000000000E+00
  40,   3,   9,  1.2732395447351628E+00, -0.0000000000000000E+00
  40,   3,  10,  1.2732395447351628E+00, -0.0000000000000000E+00
  40,   3,  11,  1.2732395447351628E+00, -0.0000000000000000E+00
  40,   3,  12,  1.2732395447351628E+00, -0.0000000000000000E+00
  40,   3,  13,  1.2732395447351628E+00, -0.0000000000000000E+00
  40,   3,  14,  1.2732395447351628E+00, -0.0000000000000000E+00
  40,   3,  15,  1.2732395447351628E+00, -0.0000000000000000E+00
  40,   3,  16,  1.2732395447351628E+00, -0.0000000000000000E+00
  40,   3,  17,  1.2732395447351628E+00, -0.0000000000000000E+00
  40,   3,  18,  1.2732395447351628E+00, -0.0000000000000000E+00
  40,   3,  19,  1.2732395447351628E+00, -0.0000000000000000E+00
  40,   3,  20,  1.2732395447351628E+00, -0.0000000000000000E+00
  40,   3,  21,  1.2732395447351628E+00, -0.0000000000000000E+00
  40,   3,  22,  1.2732395447351628E+00, -0.0000000000000000E+00
  40,   3,  23,  1.2732395447351628E+00, -0.0000000000000000E+00
  40,   3,  24,  1.2732395447351628E+00, -0.0000000000000000E+00
  40,   3,  25,  1.2732395447351628E+00, -0.0000000000000000E+00
  40,   3,  26,  1.2732395447351628E+00, -0.0000000000000000E+00
  40,   3,  27,  1.2732395447351628E+00, -0.0000000000000000E+00
  40,   3,  28,  1.2732395447351628E+00, -0.0000000000000000E+00
  40,   3,  29,  1.2732395447351628E+00, -0.0000000000000000E+00
  40,   3,  30,  1.2732395447351628E+00, -0.0000000000000000E+00
  40,   3,  31,  1.2732395447351628E+00, -0.0000000000000000E+00
  40,   3,  32,  1.2732395447351628E+00, -0.0000000000000000E+00
  40,   3,  33,  1.2732395447351628E+00, -0.0000000000000000E+00
  40,   3,  34,  1.2732395447351628E+00, -0.0000000000000000E+00
  40,   3,  35,  1.2732395447351628E+00, -0.0000000000000000E+00
  40,   3,  36,  1.2732395447351628E+00, -0.0000000000000000E+00
  40,   3,  37,  1.2732395447351628E+00, -0.0000000000000000E+00
  40,   3,  38,  1.2732395447351628E+00, -0.0000000000000000E+00
  40,   3,  39,  1.2732395447351628E+00, -0.0000000000000000E+00
  40,   3,  40,  1.2732395447351628E+00, -0.0000000000000000E+00
  40,   3,  41,  1.2732395447351628E+00, -0.0000000000000000E+00
  40,   3,  42,  1.2732395447351628E+00, -0.0000000000000000E+00
  40,   3,  43,  1.2732395447351628E+00, -0.0000000000000000E+00
  40,   3,  44,  1.2732395447351628E+00, -0.0000000000000000E+00
  40,   3,  45,  1.2732395447351628E+00, -0.0000000000000000E+00
  40,   3,  46,  1.2732395447351628E+00, -0.0000000000000000E+00
  40,   3,  47,  1.2732395447351628E+00, -0.0000000000000000E+00
  40,   3,  48,  1.2732395447351628E+00, -0.0000000000000000E+00
  40,   3,  49,  1.2732395447351628E+00, -0.0000000000000000E+00
  40,   3,  50,  1.2732395447351628E+00, -0.0000000000000000E+00
  40,   3,  51,  1.2732395447351628E+00, -0.0000000000000000E+00
  40,   3,  52,  1.2732395447351628E+00, -0.0000000000000000E+00
  40,   3,  53,  1.2732395447351628E+00, -0.0000000000000000E+00
  40,   3,  54,  1.2732395447351628E+00, -0.0000000000000000E+00
  40,   3,  55,  1.2732395447351628E+00, -0.0000000000000000E+00
  40,   3,  56,  1.2732395447351628E+00, -0.0000000000000000E+00
  40,   3,  57,  1.2732395447351628E+00, -0.0000000000000000E+00
  40,   3,  58,  1.2732395447351628E+00, -0.0000000000000000E+00
  40,   3,  59,  1.2732395447351628E+00, -0.0000000000000000E+00
  40,   3,  60,  1.2732395447351628E+00, -0.0000000000000000E+00
  40,   3,  61,  1.2732395447351628E+00, -0.0000000000000000E+00
  40,   3,  62,  1.2732395447351628E+00, -0.0000000000000000E+00
  40,   3,  63,  1.2732395447351628E+00, -0.0000000000000000E+00
  40,   3,  64,  1.2732395447351628E+00, -0.0000000000000000E+00
  40,   3,  65,  1.2732395447351628E+00, -0.0000000000000000E+00
  40,   3,  66,  1.2732395447351628E+00, -0.0000000000000000E+00
  40,   3,  67,  1.2732395447351628E+00, -0.0000000000000000E+00
  40,   3,  68,  1.2732395447351628E+00, -0.0000000000000000E+00
  40,   3,  69,  1.2732395447351628E+00, -0.0000000000000000E+00
  40,   3,  70,  1.2732395447351628E+00, -0.0000000000000000E+00
  40,   3,  71,  1.2732395447351628E+00, -0.0000000000000000E+00
  40,   3,  72,  1.2732395447351628E+00, -0.0000000000000000E+00
  40,   3,  73,  1.2732395447351628E+00, -0.0000000000000000E+00
  40,   3,  74,  1.2732395447351628E+00, -0.0000000000000000E+00
  40,   3,  75,  1.2732395447351628E+00, -0.0000000000000000E+00
  40,   3,  76,  1.2732395447351628E+00, -0.0000000000000000E+00
  40,   3,  77,  1.2732395447351628E+00, -0.0000000000000000E+00
  40,   3,  78,  1.2732395447351628E+00, -0.0000000000000000E+00
  40,   3,  79,  1.2732395447351628E+00, -0.0000000000000000E+00
  40,   3,  80,  1.2732395447351628E+00, -0.0000000000000000E+00
  40,   4,   1,  1.5142540794675774E-02, -0.0000000000000000E+00
  40,   4,   2,  1.5142540794675774E-02, -0.0000000000000000E+00
  40,   4,   3,  1.5142540794675774E-02,  6.6039115466778682E+01
  40,   4,   4,  1.5142540794675774E-02, -0.0000000000000000E+00
  40,   4,   5,  1.5142540794675774E-02, -6.6039115466778682E+01
  40,   4,   6,  1.5142540794675774E-02, -0.0000000000000000E+00
  40,   4,   7,  1.5142540794675774E-02, -0.0000000000000000E+00
  40,   4,   8,  1.5142540794675774E-02, -0.0000000000000000E+00
  40,   4,   9,  1.5142540794675774E-02, -0.0000000000000000E+00
  40,   4,  10,  1.5142540794675774E-02, -0.0000000000000000E+00
  40,   4,  11,  1.5142540794675774E-02, -0.0000000000000000E+00
  40,   4,  12,  1.5142540794675774E-02, -0.0000000000000000E+00
  40,   4,  13,  1.5142540794675774E-02, -0.0000000000000000E+00
  40,   4,  14,  1.5142540794675774E-02, -0.0000000000000000E+00
  40,   4,  15,  1.5142540794675774E-02, -0.0000000000000000E+00
  40,   4,  16,  1.5142540794675774E-02, -0.0000000000000000E+00
  40,   4,  17,  1.5142540794675774E-02, -0.0000000000000000E+00
  40,   4,  18,  1.5142540794675774E-02, -0.0000000000000000E+00
  40,   4,  19,  1.5142540794675774E-02, -0.0000000000000000E+00
  40,   4,  20,  1.5142540794675774E-02, -0.0000000000000000E+00
  40,   4,  21,  1.5142540794675774E-02, -0.0000000000000000E+00
  40,   4,  22,  1.5142540794675774E-02, -0.0000000000000000E+00
  40,   4,  23,  1.5142540794675774E-02, -0.0000000000000000E+00
  40,   4,  24,  1.5142540794675774E-02, -0.0000000000000000E+00
  40,   4,  25,  1.5142540794675774E-02, -0.0000000000000000E+00
  40,   4,  26,  1.5142540794675774E-02, -0.0000000000000000E+00
  40,   4,  27,  1.5142540794675774E-02, -0.0000000000000000E+00
  40,   4,  28,  1.5142540794675774E-02, -0.0000000000000000E+00
  40,   4,  29,  1.5142540794675774E-02, -0.0000000000000000E+00
  40,   4,  30,  1.5142540794675774E-02, -0.0000000000000000E+00
  40,   4,  31,  1.5142540794675774E-02, -0.0000000000000000E+00
  40,   4,  32,  1.5142540794675774E-02, -0.0000000000000000E+00
  40,   4,  33,  1.5142540794675774E-02, -0.0000000000000000E+00
  40,   4,  34,  1.5142540794675774E-02, -0.0000000000000000E+00
  40,   4,  35,  1.5142540794675774E-02, -0.0000000000000000E+00
  40,   4,  36,  1.5142540794675774E-02, -0.0000000000000000E+00
  40,   4,  37,  1.5142540794675774E-02, -0.0000000000000000E+00
  40,   4,  38,  1.5142540794675774E-02, -0.0000000000000000E+00
  40,   4,  39,  1.5142540794675774E-02, -0.0000000000000000E+00
  40,   4,  40,  1.5142540794675774E-02, -0.0000000000000000E+00
  40,   4,  41,  1.5142540794675774E-02, -0.0000000000000000E+00
  40,   4,  42,  1.5142540794675774E-02, -0.0000000000000000E+00
  40,   4,  43,  1.5142540794675774E-02, -0.0000000000000000E+00
  40,   4,  44,  1.5142540794675774E-02, -0.0000000000000000E+00
  40,   4,  45,  1.5142540794675774E-02, -0.0000000000000000E+00
  40,   4,  46,  1.5142540794675774E-02, -0.0000000000000000E+00
  40,   4,  47,  1.5142540794675774E-02, -0.0000000000000000E+00
  40,   4,  48,  1.5142540794675774E-02, -0.0000000000000000E+00
  40,   4,  49,  1.5142540794675774E-02, -0.0000000000000000E+00
  40,   4,  50,  1.5142540794675774E-02, -0.0000000000000000E+00
  40,   4,  51,  1.5142540794675774E-02, -0.0000000000000000E+00
  40,   4,  52,  1.5142540794675774E-02, -0.0000000000000000E+00
  40,   4,  53,  1.5142540794675774E-02, -0.0000000000000000E+00
  40,   4,  54,  1.5142540794675774E-02, -0.0000000000000000E+00
  40,   4,  55,  1.5142540794675774E-02, -0.0000000000000000E+00
  40,   4,  56,  1.5142540794675774E-02, -0.0000000000000000E+00
  40,   4,  57,  1.5142540794675774E-02, -0.0000000000000000E+00
  40,   4,  58,  1.5142540794675774E-02, -0.0000000000000000E+00
  40,   4,  59,  1.5142540794675774E-02, -0.0000000000000000E+00
  40,   4,  60,  1.5142540794675774E-02, -0.0000000000000000E+00
  40,   4,  61,  1.5142540794675774E-02, -0.0000000000000000E+00
  40,   4,  62,  1.5142540794675774E-02, -0.0000000000000000E+00
  40,   4,  63,  1.5142540794675774E-02, -0.0000000000000000E+00
  40,   4,  64,  1.5142540794675774E-02, -0.0000000000000000E+00
  40,   4,  65,  1.5142540794675774E-02, -0.0000000000000000E+00
  40,   4,  66,  1.5142540794675774E-02, -0.0000000000000000E+00
  40,   4,  67,  1.5142540794675774E-02, -0.0000000000000000E+00
  40,   4,  68,  1.5142540794675774E-02, -0.0000000000000000E+00
  40,   4,  69,  1.5142540794675774E-02, -0.0000000000000000E+00
  40,   4,  70,  1.5142540794675774E-02, -0.0000000000000000E+00
  40,   4,  71,  1.5142540794675774E-02, -0.0000000000000000E+00
  40,   4,  72,  1.5142540794675774E-02, -0.0000000000000000E+00
  40,   4,  73,  1.5142540794675774E-02, -0.0000000000000000E+00
  40,   4,  74,  1.5142540794675774E-02, -0.0000000000000000E+00
  40,   4,  75,  1.5142540794675774E-02, -0.0000000000000000E+00
  40,   4,  76,  1.5142540794675774E-02, -0.0000000000000000E+00
  40,   4,  77,  1.5142540794675774E-02, -0.0000000000000000E+00
  40,   4,  78,  1.5142540794675774E-02, -0.0000000000000000E+00
  40,   4,  79,  1.5142540794675774E-02, -0.0000000000000000E+00
  40,   4,  80,  1.5142540794675774E-02, -0.0000000000000000E+00
  40,   5,   1,  1.2732395447351628E+00, -0.0000000000000000E+00
  40,   5,   2,  1.2732395447351628E+00, -0.0000000000000000E+00
  40,   5,   3,  1.2732395447351628E+00, -0.0000000000000000E+00
  40,   5,   4,  1.2732395447351628E+00,  3.1422843823849237E-04
  40,   5,   5,  1.2732395447351628E+00, -2.1803876477659998E-02
  40,   5,   6,  1.2732395447351628E+00, -3.1409009247946630E-04
  40,   5,   7,  1.2732395447351628E+00, -0.0000000000000000E+00
  40,   5,   8,  1.2732395447351628E+00, -0.0000000000000000E+00
  40,   5,   9,  1.2732395447351628E+00, -0.0000000000000000E+00
  40,   5,  10,  1.2732395447351628E+00, -0.0000000000000000E+00
  40,   5,  11,  1.2732395447351628E+00, -0.0000000000000000E+00
  40,   5,  12,  1.2732395447351628E+00, -0.0000000000000000E+00
  40,   5,  13,  1.2732395447351628E+00, -0.0000000000000000E+00
  40,   5,  14,  1.2732395447351628E+00, -0.0000000000000000E+00
  40,   5,  15,  1.2732395447351628E+00, -0.0000000000000000E+00
  40,   5,  16,  1.2732395447351628E+00, -0.0000000000000000E+00
  40,   5,  17,  1.2732395447351628E+00, -0.0000000000000000E+00
  40,   5,  18,  1.2732395447351628E+00, -0.0000000000000000E+00
  40,   5,  19,  1.2732395447351628E+00, -0.0000000000000000E+00
  40,   5,  20,  1.2732395447351628E+00, -0.0000000000000000E+00
  40,   5,  21,  1.2732395447351628E+00, -0.0000000000000000E+00
  40,   5,  22,  1.2732395447351628E+00, -0.0000000000000000E+00
  40,   5,  23,  1.2732395447351628E+00, -0.0000000000000000E+00
  40,   5,  24,  1.2732395447351628E+00, -0.0000000000000000E+00
  40,   5,  25,  1.2732395447351628E+00, -0.0000000000000000E+00
  40,   5,  26,  1.2732395447351628E+00, -0.0000000000000000E+00
  40,   5,  27,  1.2732395447351628E+00, -0.0000000000000000E+00
  40,   5,  28,  1.2732395447351628E+00, -0.0000000000000000E+00
  40,   5,  29,  1.2732395447351628E+00, -0.0000000000000000E+00
  40,   5,  30,  1.2732395447351628E+00, -0.0000000000000000E+00
  40,   5,  31,  1.2732395447351628E+00, -0.0000000000000000E+00
  40,   5,  32,  1.2732395447351628E+00, -0.0000000000000000E+00
  40,   5,  33,  1.2732395447351628E+00, -0.0000000000000000E+00
  40,   5,  34,  1.2732395447351628E+00, -0.0000000000000000E+00
  40,   5,  35,  1.2732395447351628E+00, -0.0000000000000000E+00
  40,   5,  36,  1.2732395447351628E+00, -0.0000000000000000E+00
  40,   5,  37,  1.2732395447351628E+00, -0.0000000000000000E+00
  40,   5,  38,  1.2732395447351628E+00, -0.0000000000000000E+00
  40,   5,  39,  1.2732395447351628E+00, -0.0000000000000000E+00
  40,   5,  40,  1.2732395447351628E+00, -0.0000000000000000E+00
  40,   5,  41,  1.2732395447351628E+00, -0.0000000000000000E+00
  40,   5,  42,  1.2732395447351628E+00, -0.0000000000000000E+00
  40,   5,  43,  1.2732395447351628E+00, -0.0000000000000000E+00
  40,   5,  44,  1.2732395447351628E+00, -0.0000000000000000E+00
  40,   5,  45,  1.2732395447351628E+00, -0.0000000000000000E+00
  40,   5,  46,  1.2732395447351628E+00, -0.0000000000000000E+00
  40,   5,  47,  1.2732395447351628E+00, -0.0000000000000000E+00
  40,   5,  48,  1.2732395447351628E+00, -0.0000000000000000E+00
  40,   5,  49,  1.2732395447351628E+00, -0.0000000000000000E+00
  40,   5,  50,  1.2732395447351628E+00, -0.0000000000000000E+00
  40,   5,  51,  1.2732395447351628E+00, -0.0000000000000000E+00
  40,   5,  52,  1.2732395447351628E+00, -0.0000000000000000E+00
  40,   5,  53,  1.2732395447351628E+00, -0.0000000000000000E+00
  40,   5,  54,  1.2732395447351628E+00, -0.0000000000000000E+00
  40,   5,  55,  1.2732395447351628E+00, -0.0000000000000000E+00
  40,   5,  56,  1.2732395447351628E+00, -0.0000000000000000E+00
  40,   5,  57,  1.2732395447351628E+00, -0.0000000000000000E+00
  40,   5,  58,  1.2732395447351628E+00, -0.0000000000000000E+00
  40,   5,  59,  1.2732395447351628E+00, -0.0000000000000000E+00
  40,   5,  60,  1.2732395447351628E+00, -0.0000000000000000E+00
  40,   5,  61,  1.2732395447351628E+00, -0.0000000000000000E+00
  40,   5,  62,  1.2732395447351628E+00, -0.0000000000000000E+00
  40,   5,  63,  1.2732395447351628E+00, -0.0000000000000000E+00
  40,   5,  64,  1.2732395447351628E+00, -0.0000000000000000E+00
  40,   5,  65,  1.2732395447351628E+00, -0.0000000000000000E+00
  40,   5,  66,  1.2732395447351628E+00, -0.0000000000000000E+00
  40,   5,  67,  1.2732395447351628E+00, -0.0000000000000000E+00
  40,   5,  68,  1.2732395447351628E+00, -0.0000000000000000E+00
  40,   5,  69,  1.2732395447351628E+00, -0.0000000000000000E+00
  40,   5,  70,  1.2732395447351628E+00, -0.0000000000000000E+00
  40,   5,  71,  1.2732395447351628E+00, -0.0000000000000000E+00
  40,   5,  72,  1.2732395447351628E+00, -0.0000000000000000E+00
  40,   5,  73,  1.2732395447351628E+00, -0.0000000000000000E+00
  40,   5,  74,  1.2732395447351628E+00, -0.0000000000000000E+00
  40,   5,  75,  1.2732395447351628E+00, -0.0000000000000000E+00
  40,   5,  76,  1.2732395447351628E+00, -0.0000000000000000E+00
  40,   5,  77,  1.2732395447351628E+00, -0.0000000000000000E+00
  40,   5,  78,  1.2732395447351628E+00, -0.0000000000000000E+00
  40,   5,  79,  1.2732395447351628E+00, -0.0000000000000000E+00
  40,   5,  80,  1.2732395447351628E+00, -0.0000000000000000E+00
  40,   6,   1,  1.5142540794675774E-02, -0.0000000000000000E+00
  40,   6,   2,  1.5142540794675774E-02, -0.0000000000000000E+00
  40,   6,   3,  1.5142540794675774E-02, -0.0000000000000000E+00
  40,   6,   4,  1.5142540794675774E-02, -0.0000000000000000E+00
  40,   6,   5,  1.5142540794675774E-02,  6.6039115466778682E+01
  40,   6,   6,  1.5142540794675774E-02, -0.0000000000000000E+00
  40,   6,   7,  1.5142540794675774E-02, -6.6039115466778682E+01
  40,   6,   8,  1.5142540794675774E-02, -0.0000000000000000E+00
  40,   6,   9,  1.5142540794675774E-02, -0.0000000000000000E+00
  40,   6,  10,  1.5142540794675774E-02, -0.0000000000000000E+00
  40,   6,  11,  1.5142540794675774E-02, -0.0000000000000000E+00
  40,   6,  12,  1.5142540794675774E-02, -0.0000000000000000E+00
  40,   6,  13,  1.5142540794675774E-02, -0.0000000000000000E+00
  40,   6,  14,  1.5142540794675774E-02, -0.0000000000000000E+00
  40,   6,  15,  1.5142540794675774E-02, -0.0000000000000000E+00
  40,   6,  16,  1.5142540794675774E-02, -0.0000000000000000E+00
  40,   6,  17,  1.5142540794675774E-02, -0.0000000000000000E+00
  40,   6,  18,  1.5142540794675774E-02, -0.0000000000000000E+00
  40,   6,  19,  1.5142540794675774E-02, -0.0000000000000000E+00
  40,   6,  20,  1.5142540794675774E-02, -0.0000000000000000E+00
  40,   6,  21,  1.5142540794675774E-02, -0.0000000000000000E+00
  40,   6,  22,  1.5142540794675774E-02, -0.0000000000000000E+00
  40,   6,  23,  1.5142540794675774E-02, -0.0000000000000000E+00
  40,   6,  24,  1.5142540794675774E-02, -0.0000000000000000E+00
  40,   6,  25,  1.5142540794675774E-02, -0.0000000000000000E+00
  40,   6,  26,  1.5142540794675774E-02, -0.0000000000000000E+00
  40,   6,  27,  1.5142540794675774E-02, -0.0000000000000000E+00
  40,   6,  28,  1.5142540794675774E-02, -0.0000000000000000E+00
  40,   6,  29,  1.5142540794675774E-02, -0.0000000000000000E+00
  40,   6,  30,  1.5142540794675774E-02, -0.0000000000000000E+00
  40,   6,  31,  1.5142540794675774E-02, -0.0000000000000000E+00
  40,   6,  32,  1.5142540794675774E-02, -0.0000000000000000E+00
  40,   6,  33,  1.5142540794675774E-02, -0.0000000000000000E+00
  40,   6,  34,  1.5142540794675774E-02, -0.0000000000000000E+00
  40,   6,  35,  1.5142540794675774E-02, -0.0000000000000000E+00
  40,   6,  36,  1.5142540794675774E-02, -0.0000000000000000E+00
  40,   6,  37,  1.5142540794675774E-02, -0.0000000000000000E+00
  40,   6,  38,  1.5142540794675774E-02, -0.0000000000000000E+00
  40,   6,  39,  1.5142540794675774E-02, -0.0000000000000000E+00
  40,   6,  40,  1.5142540794675774E-02, -0.0000000000000000E+00
  40,   6,  41,  1.5142540794675774E-02, -0.0000000000000000E+00
  40,   6,  42,  1.5142540794675774E-02, -0.0000000000000000E+00
  40,   6,  43,  1.5142540794675774E-02, -0.0000000000000000E+00
  40,   6,  44,  1.5142540794675774E-02, -0.0000000000000000E+00
  40,   6,  45,  1.5142540794675774E-02, -0.0000000000000000E+00
  40,   6,  46,  1.5142540794675774E-02, -0.0000000000000000E+00
  40,   6,  47,  1.5142540794675774E-02, -0.0000000000000000E+00
  40,   6,  48,  1.5142540794675774E-02, -0.0000000000000000E+00
  40,   6,  49,  1.5142540794675774E-02, -0.0000000000000000E+00
  40,   6,  50,  1.5142540794675774E-02, -0.0000000000000000E+00
  40,   6,  51,  1.5142540794675774E-02, -0.0000000000000000E+00
  40,   6,  52,  1.5142540794675774E-02, -0.0000000000000000E+00
  40,   6,  53,  1.5142540794675774E-02, -0.0000000000000000E+00
  40,   6,  54,  1.5142540794675774E-02, -0.0000000000000000E+00
  40,   6,  55,  1.5142540794675774E-02, -0.0000000000000000E+00
  40,   6,  56,  1.5142540794675774E-02, -0.0000000000000000E+00
  40,   6,  57,  1.5142540794675774E-02, -0.0000000000000000E+00
  40,   6,  58,  1.5142540794675774E-02, -0.0000000000000000E+00
  40,   6,  59,  1.5142540794675774E-02, -0.0000000000000000E+00
  40,   6,  60,  1.5142540794675774E-02, -0.0000000000000000E+00
  40,   6,  61,  1.5142540794675774E-02, -0.0000000000000000E+00
  40,   6,  62,  1.5142540794675774E-02, -0.0000000000000000E+00
  40,   6,  63,  1.5142540794675774E-02, -0.0000000000000000E+00
  40,   6,  64,  1.5142540794675774E-02, -0.0000000000000000E+00
  40,   6,  65,  1.5142540794675774E-02, -0.0000000000000000E+00
  40,   6,  66,  1.5142540794675774E-02, -0.0000000000000000E+00
  40,   6,  67,  1.5142540794675774E-02, -0.0000000000000000E+00
  40,   6,  68,  1.5142540794675774E-02, -0.0000000000000000E+00
  40,   6,  69,  1.5142540794675774E-02, -0.0000000000000000E+00
  40,   6,  70,  1.5142540794675774E-02, -0.0000000000000000E+00
  40,   6,  71,  1.5142540794675774E-02, -0.0000000000000000E+00
  40,   6,  72,  1.5142540794675774E-02, -0.0000000000000000E+00
  40,   6,  73,  1.5142540794675774E-02, -0.0000000000000000E+00
  40,   6,  74,  1.5142540794675774E-02, -0.0000000000000000E+00
  40,   6,  75,  1.5142540794675774E-02, -0.0000000000000000E+00
  40,   6,  76,  1.5142540794675774E-02, -0.0000000000000000E+00
  40,   6,  77,  1.5142540794675774E-02, -0.0000000000000000E+00
  40,   6,  78,  1.5142540794675774E-02, -0.0000000000000000E+00
  40,   6,  79,  1.5142540794675774E-02, -0.0000000000000000E+00
  40,   6,  80,  1.5142540794675774E-02, -0.0000000000000000E+00
  40,   7,   1,  1.2732395447351628E+00, -0.0000000000000000E+00
  40,   7,   2,  1.2732395447351628E+00, -0.0000000000000000E+00
  40,   7,   3,  1.2732395447351628E+00, -0.0000000000000000E+00
  40,   7,   4,  1.2732395447351628E+00, -0.0000000000000000E+00
  40,   7,   5,  1.2732395447351628E+00, -0.0000000000000000E+00
  40,   7,   6,  1.2732395447351628E+00,  3.1422849921527654E-04
  40,   7,   7,  1.2732395447351628E+00, -2.1813484559683391E-02
  40,   7,   8,  1.2732395447351628E+00, -3.1409003150268208E-04
  40,   7,   9,  1.2732395447351628E+00, -0.0000000000000000E+00
  40,   7,  10,  1.2732395447351628E+00, -0.0000000000000000E+00
  40,   7,  11,  1.2732395447351628E+00, -0.0000000000000000E+00
  40,   7,  12,  1.2732395447351628E+00, -0.0000000000000000E+00
  40,   7,  13,  1.2732395447351628E+00, -0.0000000000000000E+00
  40,   7,  14,  1.2732395447351628E+00, -0.0000000000000000E+00
  40,   7,  15,  1.2732395447351628E+00, -0.0000000000000000E+00
  40,   7,  16,  1.2732395447351628E+00, -0.0000000000000000E+00
  40,   7,  17,  1.2732395447351628E+00, -0.0000000000000000E+00
  40,   7,  18,  1.2732395447351628E+00, -0.0000000000000000E+00
  40,   7,  19,  1.2732395447351628E+00, -0.0000000000000000E+00
  40,   7,  20,  1.2732395447351628E+00, -0.0000000000000000E+00
  40,   7,  21,  1.2732395447351628E+00, -0.0000000000000000E+00
  40,   7,  22,  1.2732395447351628E+00, -0.0000000000000000E+00
  40,   7,  23,  1.2732395447351628E+00, -0.0000000000000000E+00
  40,   7,  24,  1.2732395447351628E+00, -0.0000000000000000E+00
  40,   7,  25,  1.2732395447351628E+00, -0.0000000000000000E+00
  40,   7,  26,  1.2732395447351628E+00, -0.0000000000000000E+00
  40,   7,  27,  1.2732395447351628E+00, -0.0000000000000000E+00
  40,   7,  28,  1.2732395447351628E+00, -0.0000000000000000E+00
  40,   7,  29,  1.2732395447351628E+00, -0.0000000000000000E+00
  40,   7,  30,  1.2732395447351628E+00, -0.0000000000000000E+00
  40,   7,  31,  1.2732395447351628E+00, -0.0000000000000000E+00
  40,   7,  32,  1.2732395447351628E+00, -0.0000000000000000E+00
  40,   7,  33,  1.2732395447351628E+00, -0.0000000000000000E+00
  40,   7,  34,  1.2732395447351628E+00, -0.0000000000000000E+00
  40,   7,  35,  1.2732395447351628E+00, -0.0000000000000000E+00
  40,   7,  36,  1.2732395447351628E+00, -0.0000000000000000E+00
  40,   7,  37,  1.2732395447351628E+00, -0.0000000000000000E+00
  40,   7,  38,  1.2732395447351628E+00, -0.0000000000000000E+00
  40,   7,  39,  1.2732395447351628E+00, -0.0000000000000000E+00
  40,   7,  40,  1.2732395447351628E+00, -0.0000000000000000E+00
  40,   7,  41,  1.2732395447351628E+00, -0.0000000000000000E+00
  40,   7,  42,  1.2732395447351628E+00, -0.0000000000000000E+00
  40,   7,  43,  1.2732395447351628E+00, -0.0000000000000000E+00
  40,   7,  44,  1.2732395447351628E+00, -0.0000000000000000E+00
  40,   7,  45,  1.2732395447351628E+00, -0.0000000000000000E+00
  40,   7,  46,  1.2732395447351628E+00, -0.0000000000000000E+00
  40,   7,  47,  1.2732395447351628E+00, -0.0000000000000000E+00
  40,   7,  48,  1.2732395447351628E+00, -0.0000000000000000E+00
  40,   7,  49,  1.2732395447351628E+00, -0.0000000000000000E+00
  40,   7,  50,  1.2732395447351628E+00, -0.0000000000000000E+00
  40,   7,  51,  1.2732395447351628E+00, -0.0000000000000000E+00
  40,   7,  52,  1.2732395447351628E+00, -0.0000000000000000E+00
  40,   7,  53,  1.2732395447351628E+00, -0.0000000000000000E+00
  40,   7,  54,  1.2732395447351628E+00, -0.0000000000000000E+00
  40,   7,  55,  1.2732395447351628E+00, -0.0000000000000000E+00
  40,   7,  56,  1.2732395447351628E+00, -0.0000000000000000E+00
  40,   7,  57,  1.2732395447351628E+00, -0.0000000000000000E+00
  40,   7,  58,  1.2732395447351628E+00, -0.0000000000000000E+00
  40,   7,  59,  1.2732395447351628E+00, -0.0000000000000000E+00
  40,   7,  60,  1.2732395447351628E+00, -0.0000000000000000E+00
  40,   7,  61,  1.2732395447351628E+00, -0.0000000000000000E+00
  40,   7,  62,  1.2732395447351628E+00, -0.0000000000000000E+00
  40,   7,  63,  1.2732395447351628E+00, -0.0000000000000000E+00
  40,   7,  64,  1.2732395447351628E+00, -0.0000000000000000E+00
  40,   7,  65,  1.2732395447351628E+00, -0.0000000000000000E+00
  40,   7,  66,  1.2732395447351628E+00, -0.0000000000000000E+00
  40,   7,  67,  1.2732395447351628E+00, -0.0000000000000000E+00
  40,   7,  68,  1.2732395447351628E+00, -0.0000000000000000E+00
  40,   7,  69,  1.2732395447351628E+00, -0.0000000000000000E+00
  40,   7,  70,  1.2732395447351628E+00, -0.0000000000000000E+00
  40,   7,  71,  1.2732395447351628E+00, -0.0000000000000000E+00
  40,   7,  72,  1.2732395447351628E+00, -0.0000000000000000E+00
  40,   7,  73,  1.2732395447351628E+00, -0.0000000000000000E+00
  40,   7,  74,  1.2732395447351628E+00, -0.0000000000000000E+00
  40,   7,  75,  1.2732395447351628E+00, -0.0000000000000000E+00
  40,   7,  76,  1.2732395447351628E+00, -0.0000000000000000E+00
  40,   7,  77,  1.2732395447351628E+00, -0.0000000000000000E+00
  40,   7,  78,  1.2732395447351628E+00, -0.0000000000000000E+00
  40,   7,  79,  1.2732395447351628E+00, -0.0000000000000000E+00
  40,   7,  80,  1.2732395447351628E+00, -0.0000000000000000E+00
  40,   8,   1,  1.5142540794675774E-02, -0.0000000000000000E+00
  40,   8,   2,  1.5142540794675774E-02, -0.0000000000000000E+00
  40,   8,   3,  1.5142540794675774E-02, -0.0000000000000000E+00
  40,   8,   4,  1.5142540794675774E-02, -0.0000000000000000E+00
  40,   8,   5,  1.5142540794675774E-02, -0.0000000000000000E+00
  40,   8,   6,  1.5142540794675774E-02, -0.0000000000000000E+00
  40,   8,   7,  1.5142540794675774E-02,  6.6039115466778682E+01
  40,   8,   8,  1.5142540794675774E-02, -0.0000000000000000E+00
  40,   8,   9,  1.5142540794675774E-02, -6.6039115466778682E+01
  40,   8,  10,  1.5142540794675774E-02, -0.0000000000000000E+00
  40,   8,  11,  1.5142540794675774E-02, -0.0000000000000000E+00
  40,   8,  12,  1.5142540794675774E-02, -0.0000000000000000E+00
  40,   8,  13,  1.5142540794675774E-02, -0.0000000000000000E+00
  40,   8,  14,  1.5142540794675774E-02, -0.0000000000000000E+00
  40,   8,  15,  1.5142540794675774E-02, -0.0000000000000000E+00
  40,   8,  16,  1.5142540794675774E-02, -0.0000000000000000E+00
  40,   8,  17,  1.5142540794675774E-02, -0.0000000000000000E+00
  40,   8,  18,  1.5142540794675774E-02, -0.0000000000000000E+00
  40,   8,  19,  1.5142540794675774E-02, -0.0000000000000000E+00
  40,   8,  20,  1.5142540794675774E-02, -0.0000000000000000E+00
  40,   8,  21,  1.5142540794675774E-02, -0.0000000000000000E+00
  40,   8,  22,  1.5142540794675774E-02, -0.0000000000000000E+00
  40,   8,  23,  1.5142540794675774E-02, -0.0000000000000000E+00
  40,   8,  24,  1.5142540794675774E-02, -0.0000000000000000E+00
  40,   8,  25,  1.5142540794675774E-02, -0.0000000000000000E+00
  40,   8,  26,  1.5142540794675774E-02, -0.0000000000000000E+00
  40,   8,  27,  1.5142540794675774E-02, -0.0000000000000000E+00
  40,   8,  28,  1.5142540794675774E-02, -0.0000000000000000E+00
  40,   8,  29,  1.5142540794675774E-02, -0.0000000000000000E+00
  40,   8,  30,  1.5142540794675774E-02, -0.0000000000000000E+00
  40,   8,  31,  1.5142540794675774E-02, -0.0000000000000000E+00
  40,   8,  32,  1.5142540794675774E-02, -0.0000000000000000E+00
  40,   8,  33,  1.5142540794675774E-02, -0.0000000000000000E+00
  40,   8,  34,  1.5142540794675774E-02, -0.0000000000000000E+00
  40,   8,  35,  1.5142540794675774E-02, -0.0000000000000000E+00
  40,   8,  36,  1.5142540794675774E-02, -0.0000000000000000E+00
  40,   8,  37,  1.5142540794675774E-02, -0.0000000000000000E+00
  40,   8,  38,  1.5142540794675774E-02, -0.0000000000000000E+00
  40,   8,  39,  1.5142540794675774E-02, -0.0000000000000000E+00
  40,   8,  40,  1.5142540794675774E-02, -0.0000000000000000E+00
  40,   8,  41,  1.5142540794675774E-02, -0.0000000000000000E+00
  40,   8,  42,  1.5142540794675774E-02, -0.0000000000000000E+00
  40,   8,  43,  1.5142540794675774E-02, -0.0000000000000000E+00
  40,   8,  44,  1.5142540794675774E-02, -0.0000000000000000E+00
  40,   8,  45,  1.5142540794675774E-02, -0.0000000000000000E+00
  40,   8,  46,  1.5142540794675774E-02, -0.0000000000000000E+00
  40,   8,  47,  1.5142540794675774E-02, -0.0000000000000000E+00
  40,   8,  48,  1.5142540794675774E-02, -0.0000000000000000E+00
  40,   8,  49,  1.5142540794675774E-02, -0.0000000000000000E+00
  40,   8,  50,  1.5142540794675774E-02, -0.0000000000000000E+00
  40,   8,  51,  1.5142540794675774E-02, -0.0000000000000000E+00
  40,   8,  52,  1.5142540794675774E-02, -0.0000000000000000E+00
  40,   8,  53,  1.5142540794675774E-02, -0.0000000000000000E+00
  40,   8,  54,  1.5142540794675774E-02, -0.0000000000000000E+00
  40,   8,  55,  1.5142540794675774E-02, -0.0000000000000000E+00
  40,   8,  56,  1.5142540794675774E-02, -0.0000000000000000E+00
  40,   8,  57,  1.5142540794675774E-02, -0.0000000000000000E+00
  40,   8,  58,  1.5142540794675774E-02, -0.0000000000000000E+00
  40,   8,  59,  1.5142540794675774E-02, -0.0000000000000000E+00
  40,   8,  60,  1.5142540794675774E-02, -0.0000000000000000E+00
  40,   8,  61,  1.5142540794675774E-02, -0.0000000000000000E+00
  40,   8,  62,  1.5142540794675774E-02, -0.0000000000000000E+00
  40,   8,  63,  1.5142540794675774E-02, -0.0000000000000000E+00
  40,   8,  64,  1.5142540794675774E-02, -0.0000000000000000E+00
  40,   8,  65,  1.5142540794675774E-02, -0.0000000000000000E+00
  40,   8,  66,  1.5142540794675774E-02, -0.0000000000000000E+00
  40,   8,  67,  1.5142540794675774E-02, -0.0000000000000000E+00
  40,   8,  68,  1.5142540794675774E-02, -0.0000000000000000E+00
  40,   8,  69,  1.5142540794675774E-02, -0.0000000000000000E+00
  40,   8,  70,  1.5142540794675774E-02, -0.0000000000000000E+00
  40,   8,  71,  1.5142540794675774E-02, -0.0000000000000000E+00
  40,   8,  72,  1.5142540794675774E-02, -0.0000000000000000E+00
  40,   8,  73,  1.5142540794675774E-02, -0.0000000000000000E+00
  40,   8,  74,  1.5142540794675774E-02, -0.0000000000000000E+00
  40,   8,  75,  1.5142540794675774E-02, -0.0000000000000000E+00
  40,   8,  76,  1.5142540794675774E-02, -0.0000000000000000E+00
  40,   8,  77,  1.5142540794675774E-02, -0.0000000000000000E+00
  40,   8,  78,  1.5142540794675774E-02, -0.0000000000000000E+00
  40,   8,  79,  1.5142540794675774E-02, -0.0000000000000000E+00
  40,   8,  80,  1.5142540794675774E-02, -0.0000000000000000E+00
  40,   9,   1,  1.2732395447351628E+00, -0.0000000000000000E+00
  40,   9,   2,  1.2732395447351628E+00, -0.0000000000000000E+00
  40,   9,   3,  1.2732395447351628E+00, -0.0000000000000000E+00
  40,   9,   4,  1.2732395447351628E+00, -0.0000000000000000E+00
  40,   9,   5,  1.2732395447351628E+00, -0.0000000000000000E+00
  40,   9,   6,  1.2732395447351628E+00, -0.0000000000000000E+00
  40,   9,   7,  1.2732395447351628E+00, -0.0000000000000000E+00
  40,   9,   8,  1.2732395447351628E+00,  3.1422856029965926E-04
  40,   9,   9,  1.2732395447351628E+00, -2.1823105354585658E-02
  40,   9,  10,  1.2732395447351628E+00, -3.1408997041829935E-04
  40,   9,  11,  1.2732395447351628E+00, -0.0000000000000000E+00
  40,   9,  12,  1.2732395447351628E+00, -0.0000000000000000E+00
  40,   9,  13,  1.2732395447351628E+00, -0.0000000000000000E+00
  40,   9,  14,  1.2732395447351628E+00, -0.0000000000000000E+00
  40,   9,  15,  1.2732395447351628E+00, -0.0000000000000000E+00
  40,   9,  16,  1.2732395447351628E+00, -0.0000000000000000E+00
  40,   9,  17,  1.2732395447351628E+00, -0.0000000000000000E+00
  40,   9,  18,  1.2732395447351628E+00, -0.0000000000000000E+00
  40,   9,  19,  1.2732395447351628E+00, -0.0000000000000000E+00
  40,   9,  20,  1.2732395447351628E+00, -0.0000000000000000E+00
  40,   9,  21,  1.2732395447351628E+00, -0.0000000000000000E+00
  40,   9,  22,  1.2732395447351628E+00, -0.0000000000000000E+00
  40,   9,  23,  1.2732395447351628E+00, -0.0000000000000000E+00
  40,   9,  24,  1.2732395447351628E+00, -0.0000000000000000E+00
  40,   9,  25,  1.2732395447351628E+00, -0.0000000000000000E+00
  40,   9,  26,  1.2732395447351628E+00, -0.0000000000000000E+00
  40,   9,  27,  1.2732395447351628E+00, -0.0000000000000000E+00
  40,   9,  28,  1.2732395447351628E+00, -0.0000000000000000E+00
  40,   9,  29,  1.2732395447351628E+00, -0.0000000000000000E+00
  40,   9,  30,  1.2732395447351628E+00, -0.0000000000000000E+00
  40,   9,  31,  1.2732395447351628E+00, -0.0000000000000000E+00
  40,   9,  32,  1.2732395447351628E+00, -0.0000000000000000E+00
  40,   9,  33,  1.2732395447351628E+00, -0.0000000000000000E+00
  40,   9,  34,  1.2732395447351628E+00, -0.0000000000000000E+00
  40,   9,  35,  1.2732395447351628E+00, -0.0000000000000000E+00
  40,   9,  36,  1.2732395447351628E+00, -0.0000000000000000E+00
  40,   9,  37,  1.2732395447351628E+00, -0.0000000000000000E+00
  40,   9,  38,  1.2732395447351628E+00, -0.0000000000000000E+00
  40,   9,  39,  1.2732395447351628E+00, -0.0000000000000000E+00
  40,   9,  40,  1.2732395447351628E+00, -0.0000000000000000E+00
  40,   9,  41,  1.2732395447351628E+00, -0.0000000000000000E+00
  40,   9,  42,  1.2732395447351628E+00, -0.0000000000000000E+00
  40,   9,  43,  1.2732395447351628E+00, -0.0000000000000000E+00
  40,   9,  44,  1.2732395447351628E+00, -0.0000000000000000E+00
  40,   9,  45,  1.2732395447351628E+00, -0.0000000000000000E+00
  40,   9,  46,  1.2732395447351628E+00, -0.0000000000000000E+00
  40,   9,  47,  1.2732395447351628E+00, -0.0000000000000000E+00
  40,   9,  48,  1.2732395447351628E+00, -0.0000000000000000E+00
  40,   9,  49,  1.2732395447351628E+00, -0.0000000000000000E+00
  40,   9,  50,  1.2732395447351628E+00, -0.0000000000000000E+00
  40,   9,  51,  1.2732395447351628E+00, -0.0000000000000000E+00
  40,   9,  52,  1.2732395447351628E+00, -0.0000000000000000E+00
  40,   9,  53,  1.2732395447351628E+00, -0.0000000000000000E+00
  40,   9,  54,  1.2732395447351628E+00, -0.0000000000000000E+00
  40,   9,  55,  1.2732395447351628E+00, -0.0000000000000000E+00
  40,   9,  56,  1.2732395447351628E+00, -0.0000000000000000E+00
  40,   9,  57,  1.2732395447351628E+00, -0.0000000000000000E+00
  40,   9,  58,  1.2732395447351628E+00, -0.0000000000000000E+00
  40,   9,  59,  1.2732395447351628E+00, -0.0000000000000000E+00
  40,   9,  60,  1.2732395447351628E+00, -0.0000000000000000E+00
  40,   9,  61,  1.2732395447351628E+00, -0.0000000000000000E+00
  40,   9,  62,  1.2732395447351628E+00, -0.0000000000000000E+00
  40,   9,  63,  1.2732395447351628E+00, -0.0000000000000000E+00
  40,   9,  64,  1.2732395447351628E+00, -0.0000000000000000E+00
  40,   9,  65,  1.2732395447351628E+00, -0.0000000000000000E+00
  40,   9,  66,  1.2732395447351628E+00, -0.0000000000000000E+00
  40,   9,  67,  1.2732395447351628E+00, -0.0000000000000000E+00
  40,   9,  68,  1.2732395447351628E+00, -0.0000000000000000E+00
  40,   9,  69,  1.2732395447351628E+00, -0.0000000000000000E+00
  40,   9,  70,  1.2732395447351628E+00, -0.0000000000000000E+00
  40,   9,  71,  1.2732395447351628E+00, -0.0000000000000000E+00
  40,   9,  72,  1.2732395447351628E+00, -0.0000000000000000E+00
  40,   9,  73,  1.2732395447351628E+00, -0.0000000000000000E+00
  40,   9,  74,  1.2732395447351628E+00, -0.0000000000000000E+00
  40,   9,  75,  1.2732395447351628E+00, -0.0000000000000000E+00
  40,   9,  76,  1.2732395447351628E+00, -0.0000000000000000E+00
  40,   9,  77,  1.2732395447351628E+00, -0.0000000000000000E+00
  40,   9,  78,  1.2732395447351628E+00, -0.0000000000000000E+00
  40,   9,  79,  1.2732395447351628E+00, -0.0000000000000000E+00
  40,   9,  80,  1.2732395447351628E+00, -0.0000000000000000E+00
  40,  10,   1,  1.5142540794675774E-02, -0.0000000000000000E+00
  40,  10,   2,  1.5142540794675774E-02, -0.0000000000000000E+00
  40,  10,   3,  1.5142540794675774E-02, -0.0000000000000000E+00
  40,  10,   4,  1.5142540794675774E-02, -0.0000000000000000E+00
  40,  10,   5,  1.5142540794675774E-02, -0.0000000000000000E+00
  40,  10,   6,  1.5142540794675774E-02, -0.0000000000000000E+00
  40,  10,   7,  1.5142540794675774E-02, -0.0000000000000000E+00
  40,  10,   8,  1.5142540794675774E-02, -0.0000000000000000E+00
  40,  10,   9,  1.5142540794675774E-02,  6.6039115466778682E+01
  40,  10,  10,  1.5142540794675774E-02, -0.0000000000000000E+00
  40,  10,  11,  1.5142540794675774E-02, -6.6039115466778682E+01
  40,  10,  12,  1.5142540794675774E-02, -0.0000000000000000E+00
  40,  10,  13,  1.5142540794675774E-02, -0.0000000000000000E+00
  40,  10,  14,  1.5142540794675774E-02, -0.0000000000000000E+00
  40,  10,  15,  1.5142540794675774E-02, -0.0000000000000000E+00
  40,  10,  16,  1.5142540794675774E-02, -0.0000000000000000E+00
  40,  10,  17,  1.5142540794675774E-02, -0.0000000000000000E+00
  40,  10,  18,  1.5142540794675774E-02, -0.0000000000000000E+00
  40,  10,  19,  1.5142540794675774E-02, -0.0000000000000000E+00
  40,  10,  20,  1.5142540794675774E-02, -0.0000000000000000E+00
  40,  10,  21,  1.5142540794675774E-02, -0.0000000000000000E+00
  40,  10,  22,  1.5142540794675774E-02, -0.0000000000000000E+00
  40,  10,  23,  1.5142540794675774E-02, -0.0000000000000000E+00
  40,  10,  24,  1.5142540794675774E-02, -0.0000000000000000E+00
  40,  10,  25,  1.5142540794675774E-02, -0.0000000000000000E+00
  40,  10,  26,  1.5142540794675774E-02, -0.0000000000000000E+00
  40,  10,  27,  1.5142540794675774E-02, -0.0000000000000000E+00
  40,  10,  28,  1.5142540794675774E-02, -0.0000000000000000E+00
  40,  10,  29,  1.5142540794675774E-02, -0.0000000000000000E+00
  40,  10,  30,  1.5142540794675774E-02, -0.0000000000000000E+00
  40,  10,  31,  1.5142540794675774E-02, -0.0000000000000000E+00
  40,  10,  32,  1.5142540794675774E-02, -0.0000000000000000E+00
  40,  10,  33,  1.5142540794675774E-02, -0.0000000000000000E+00
  40,  10,  34,  1.5142540794675774E-02, -0.0000000000000000E+00
  40,  10,  35,  1.5142540794675774E-02, -0.0000000000000000E+00
  40,  10,  36,  1.5142540794675774E-02, -0.0000000000000000E+00
  40,  10,  37,  1.5142540794675774E-02, -0.0000000000000000E+00
  40,  10,  38,  1.5142540794675774E-02, -0.0000000000000000E+00
  40,  10,  39,  1.5142540794675774E-02, -0.0000000000000000E+00
  40,  10,  40,  1.5142540794675774E-02, -0.0000000000000000E+00
  40,  10,  41,  1.5142540794675774E-02, -0.0000000000000000E+00
  40,  10,  42,  1.5142540794675774E-02, -0.0000000000000000E+00
  40,  10,  43,  1.5142540794675774E-02, -0.0000000000000000E+00
  40,  10,  44,  1.5142540794675774E-02, -0.0000000000000000E+00
  40,  10,  45,  1.5142540794675774E-02, -0.0000000000000000E+00
  40,  10,  46,  1.5142540794675774E-02, -0.0000000000000000E+00
  40,  10,  47,  1.5142540794675774E-02, -0.0000000000000000E+00
  40,  10,  48,  1.5142540794675774E-02, -0.0000000000000000E+00
  40,  10,  49,  1.5142540794675774E-02, -0.0000000000000000E+00
  40,  10,  50,  1.5142540794675774E-02, -0.0000000000000000E+00
  40,  10,  51,  1.5142540794675774E-02, -0.0000000000000000E+00
  40,  10,  52,  1.5142540794675774E-02, -0.0000000000000000E+00
  40,  10,  53,  1.5142540794675774E-02, -0.0000000000000000E+00
  40,  10,  54,  1.5142540794675774E-02, -0.0000000000000000E+00
  40,  10,  55,  1.5142540794675774E-02, -0.0000000000000000E+00
  40,  10,  56,  1.5142540794675774E-02, -0.0000000000000000E+00
  40,  10,  57,  1.5142540794675774E-02, -0.0000000000000000E+00
  40,  10,  58,  1.5142540794675774E-02, -0.0000000000000000E+00
  40,  10,  59,  1.5142540794675774E-02, -0.0000000000000000E+00
  40,  10,  60,  1.5142540794675774E-02, -0.0000000000000000E+00
  40,  10,  61,  1.5142540794675774E-02, -0.0000000000000000E+00
  40,  10,  62,  1.5142540794675774E-02, -0.0000000000000000E+00
  40,  10,  63,  1.5142540794675774E-02, -0.0000000000000000E+00
  40,  10,  64,  1.5142540794675774E-02, -0.0000000000000000E+00
  40,  10,  65,  1.5142540794675774E-02, -0.0000000000000000E+00
  40,  10,  66,  1.5142540794675774E-02, -0.0000000000000000E+00
  40,  10,  67,  1.5142540794675774E-02, -0.0000000000000000E+00
  40,  10,  68,  1.5142540794675774E-02, -0.0000000000000000E+00
  40,  10,  69,  1.5142540794675774E-02, -0.0000000000000000E+00
  40,  10,  70,  1.5142540794675774E-02, -0.0000000000000000E+00
  40,  10,  71,  1.5142540794675774E-02, -0.0000000000000000E+00
  40,  10,  72,  1.5142540794675774E-02, -0.0000000000000000E+00
  40,  10,  73,  1.5142540794675774E-02, -0.0000000000000000E+00
  40,  10,  74,  1.5142540794675774E-02, -0.0000000000000000E+00
  40,  10,  75,  1.5142540794675774E-02, -0.0000000000000000E+00
  40,  10,  76,  1.5142540794675774E-02, -0.0000000000000000E+00
  40,  10,  77,  1.5142540794675774E-02, -0.0000000000000000E+00
  40,  10,  78,  1.5142540794675774E-02, -0.0000000000000000E+00
  40,  10,  79,  1.5142540794675774E-02, -0.0000000000000000E+00
  40,  10,  80,  1.5142540794675774E-02, -0.0000000000000000E+00
  40,  11,   1,  1.2732395447351628E+00, -0.0000000000000000E+00
  40,  11,   2,  1.2732395447351628E+00, -0.0000000000000000E+00
  40,  11,   3,  1.2732395447351628E+00, -0.0000000000000000E+00
  40,  11,   4,  1.2732395447351628E+00, -0.0000000000000000E+00
  40,  11,   5,  1.2732395447351628E+00, -0.0000000000000000E+00
  40,  11,   6,  1.2732395447351628E+00, -0.0000000000000000E+00
  40,  11,   7,  1.2732395447351628E+00, -0.0000000000000000E+00
  40,  11,   8,  1.2732395447351628E+00, -0.0000000000000000E+00
  40,  11,   9,  1.2732395447351628E+00, -0.0000000000000000E+00
  40,  11,  10,  1.2732395447351628E+00,  3.1422862149192552E-04
  40,  11,  11,  1.2732395447351628E+00, -2.1832738890426522E-02
  40,  11,  12,  1.2732395447351628E+00, -3.1408990922603309E-04
  40,  11,  13,  1.2732395447351628E+00, -0.0000000000000000E+00
  40,  11,  14,  1.2732395447351628E+00, -0.0000000000000000E+00
  40,  11,  15,  1.2732395447351628E+00, -0.0000000000000000E+00
  40,  11,  16,  1.2732395447351628E+00, -0.0000000000000000E+00
  40,  11,  17,  1.2732395447351628E+00, -0.0000000000000000E+00
  40,  11,  18,  1.2732395447351628E+00, -0.0000000000000000E+00
  40,  11,  19,  1.2732395447351628E+00, -0.0000000000000000E+00
  40,  11,  20,  1.2732395447351628E+00, -0.0000000000000000E+00
  40,  11,  21,  1.2732395447351628E+00, -0.0000000000000000E+00
  40,  11,  22,  1.2732395447351628E+00, -0.0000000000000000E+00
  40,  11,  23,  1.2732395447351628E+00, -0.0000000000000000E+00
  40,  11,  24,  1.2732395447351628E+00, -0.0000000000000000E+00
  40,  11,  25,  1.2732395447351628E+00, -0.0000000000000000E+00
  40,  11,  26,  1.2732395447351628E+00, -0.0000000000000000E+00
  40,  11,  27,  1.2732395447351628E+00, -0.0000000000000000E+00
  40,  11,  28,  1.2732395447351628E+00, -0.0000000000000000E+00
  40,  11,  29,  1.2732395447351628E+00, -0.0000000000000000E+00
  40,  11,  30,  1.2732395447351628E+00, -0.0000000000000000E+00
  40,  11,  31,  1.2732395447351628E+00, -0.0000000000000000E+00
  40,  11,  32,  1.2732395447351628E+00, -0.0000000000000000E+00
  40,  11,  33,  1.2732395447351628E+00, -0.0000000000000000E+00
  40,  11,  34,  1.2732395447351628E+00, -0.0000000000000000E+00
  40,  11,  35,  1.2732395447351628E+00, -0.0000000000000000E+00
  40,  11,  36,  1.2732395447351628E+00, -0.0000000000000000E+00
  40,  11,  37,  1.2732395447351628E+00, -0.0000000000000000E+00
  40,  11,  38,  1.2732395447351628E+00, -0.0000000000000000E+00
  40,  11,  39,  1.2732395447351628E+00, -0.0000000000000000E+00
  40,  11,  40,  1.2732395447351628E+00, -0.0000000000000000E+00
  40,  11,  41,  1.2732395447351628E+00, -0.0000000000000000E+00
  40,  11,  42,  1.2732395447351628E+00, -0.0000000000000000E+00
  40,  11,  43,  1.2732395447351628E+00, -0.0000000000000000E+00
  40,  11,  44,  1.2732395447351628E+00, -0.0000000000000000E+00
  40,  11,  45,  1.2732395447351628E+00, -0.0000000000000000E+00
  40,  11,  46,  1.2732395447351628E+00, -0.0000000000000000E+00
  40,  11,  47,  1.2732395447351628E+00, -0.0000000000000000E+00
  40,  11,  48,  1.2732395447351628E+00, -0.0000000000000000E+00
  40,  11,  49,  1.2732395447351628E+00, -0.0000000000000000E+00
  40,  11,  50,  1.2732395447351628E+00, -0.0000000000000000E+00
  40,  11,  51,  1.2732395447351628E+00, -0.0000000000000000E+00
  40,  11,  52,  1.2732395447351628E+00, -0.0000000000000000E+00
  40,  11,  53,  1.2732395447351628E+00, -0.0000000000000000E+00
  40,  11,  54,  1.2732395447351628E+00, -0.0000000000000000E+00
  40,  11,  55,  1.2732395447351628E+00, -0.0000000000000000E+00
  40,  11,  56,  1.2732395447351628E+00, -0.0000000000000000E+00
  40,  11,  57,  1.2732395447351628E+00, -0.0000000000000000E+00
  40,  11,  58,  1.2732395447351628E+00, -0.0000000000000000E+00
  40,  11,  59,  1.2732395447351628E+00, -0.0000000000000000E+00
  40,  11,  60,  1.2732395447351628E+00, -0.0000000000000000E+00
  40,  11,  61,  1.2732395447351628E+00, -0.0000000000000000E+00
  40,  11,  62,  1.2732395447351628E+00, -0.0000000000000000E+00
  40,  11,  63,  1.2732395447351628E+00, -0.0000000000000000E+00
  40,  11,  64,  1.2732395447351628E+00, -0.0000000000000000E+00
  40,  11,  65,  1.2732395447351628E+00, -0.0000000000000000E+00
  40,  11,  66,  1.2732395447351628E+00, -0.0000000000000000E+00
  40,  11,  67,  1.2732395447351628E+00, -0.0000000000000000E+00
  40,  11,  68,  1.2732395447351628E+00, -0.0000000000000000E+00
  40,  11,  69,  1.2732395447351628E+00, -0.0000000000000000E+00
  40,  11,  70,  1.2732395447351628E+00, -0.0000000000000000E+00
  40,  11,  71,  1.2732395447351628E+00, -0.0000000000000000E+00
  40,  11,  72,  1.2732395447351628E+00, -0.0000000000000000E+00
  40,  11,  73,  1.2732395447351628E+00, -0.0000000000000000E+00
  40,  11,  74,  1.2732395447351628E+00, -0.0000000000000000E+00
  40,  11,  75,  1.2732395447351628E+00, -0.0000000000000000E+00
  40,  11,  76,  1.2732395447351628E+00, -0.0000000000000000E+00
  40,  11,  77,  1.2732395447351628E+00, -0.0000000000000000E+00
  40,  11,  78,  1.2732395447351628E+00, -0.0000000000000000E+00
  40,  11,  79,  1.2732395447351628E+00, -0.0000000000000000E+00
  40,  11,  80,  1.2732395447351628E+00, -0.0000000000000000E+00
  40,  12,   1,  1.5142540794675774E-02, -0.0000000000000000E+00
  40,  12,   2,  1.5142540794675774E-02, -0.0000000000000000E+00
  40,  12,   3,  1.5142540794675774E-02, -0.0000000000000000E+00
  40,  12,   4,  1.5142540794675774E-02, -0.0000000000000000E+00
  40,  12,   5,  1.5142540794675774E-02, -0.0000000000000000E+00
  40,  12,   6,  1.5142540794675774E-02, -0.0000000000000000E+00
  40,  12,   7,  1.5142540794675774E-02, -0.0000000000000000E+00
  40,  12,   8,  1.5142540794675774E-02, -0.0000000000000000E+00
  40,  12,   9,  1.5142540794675774E-02, -0.0000000000000000E+00
  40,  12,  10,  1.5142540794675774E-02, -0.0000000000000000E+00
  40,  12,  11,  1.5142540794675774E-02,  6.6039115466778682E+01
  40,  12,  12,  1.5142540794675774E-02, -0.0000000000000000E+00
  40,  12,  13,  1.5142540794675774E-02, -6.6039115466778682E+01
  40,  12,  14,  1.5142540794675774E-02, -0.0000000000000000E+00
  40,  12,  15,  1.5142540794675774E-02, -0.0000000000000000E+00
  40,  12,  16,  1.5142540794675774E-02, -0.0000000000000000E+00
  40,  12,  17,  1.5142540794675774E-02, -0.0000000000000000E+00
  40,  12,  18,  1.5142540794675774E-02, -0.0000000000000000E+00
  40,  12,  19,  1.5142540794675774E-02, -0.0000000000000000E+00
  40,  12,  20,  1.5142540794675774E-02, -0.0000000000000000E+00
  40,  12,  21,  1.5142540794675774E-02, -0.0000000000000000E+00
  40,  12,  22,  1.5142540794675774E-02, -0.0000000000000000E+00
  40,  12,  23,  1.5142540794675774E-02, -0.0000000000000000E+00
  40,  12,  24,  1.5142540794675774E-02, -0.0000000000000000E+00
  40,  12,  25,  1.5142540794675774E-02, -0.0000000000000000E+00
  40,  12,  26,  1.5142540794675774E-02, -0.0000000000000000E+00
  40,  12,  27,  1.5142540794675774E-02, -0.0000000000000000E+00
  40,  12,  28,  1.5142540794675774E-02, -0.0000000000000000E+00
  40,  12,  29,  1.5142540794675774E-02, -0.0000000000000000E+00
  40,  12,  30,  1.5142540794675774E-02, -0.0000000000000000E+00
  40,  12,  31,  1.5142540794675774E-02, -0.0000000000000000E+00
  40,  12,  32,  1.5142540794675774E-02, -0.0000000000000000E+00
  40,  12,  33,  1.5142540794675774E-02, -0.0000000000000000E+00
  40,  12,  34,  1.5142540794675774E-02, -0.0000000000000000E+00
  40,  12,  35,  1.5142540794675774E-02, -0.0000000000000000E+00
  40,  12,  36,  1.5142540794675774E-02, -0.0000000000000000E+00
  40,  12,  37,  1.5142540794675774E-02, -0.0000000000000000E+00
  40,  12,  38,  1.5142540794675774E-02, -0.0000000000000000E+00
  40,  12,  39,  1.5142540794675774E-02, -0.0000000000000000E+00
  40,  12,  40,  1.5142540794675774E-02, -0.0000000000000000E+00
  40,  12,  41,  1.5142540794675774E-02, -0.0000000000000000E+00
  40,  12,  42,  1.5142540794675774E-02, -0.0000000000000000E+00
  40,  12,  43,  1.5142540794675774E-02, -0.0000000000000000E+00
  40,  12,  44,  1.5142540794675774E-02, -0.0000000000000000E+00
  40,  12,  45,  1.5142540794675774E-02, -0.0000000000000000E+00
  40,  12,  46,  1.5142540794675774E-02, -0.0000000000000000E+00
  40,  12,  47,  1.5142540794675774E-02, -0.0000000000000000E+00
  40,  12,  48,  1.5142540794675774E-02, -0.0000000000000000E+00
  40,  12,  49,  1.5142540794675774E-02, -0.0000000000000000E+00
  40,  12,  50,  1.5142540794675774E-02, -0.0000000000000000E+00
  40,  12,  51,  1.5142540794675774E-02, -0.0000000000000000E+00
  40,  12,  52,  1.5142540794675774E-02, -0.0000000000000000E+00
  40,  12,  53,  1.5142540794675774E-02, -0.0000000000000000E+00
  40,  12,  54,  1.5142540794675774E-02, -0.0000000000000000E+00
  40,  12,  55,  1.5142540794675774E-02, -0.0000000000000000E+00
  40,  12,  56,  1.5142540794675774E-02, -0.0000000000000000E+00
  40,  12,  57,  1.5142540794675774E-02, -0.0000000000000000E+00
  40,  12,  58,  1.5142540794675774E-02, -0.0000000000000000E+00
  40,  12,  59,  1.5142540794675774E-02, -0.0000000000000000E+00
  40,  12,  60,  1.5142540794675774E-02, -0.0000000000000000E+00
  40,  12,  61,  1.5142540794675774E-02, -0.0000000000000000E+00
  40,  12,  62,  1.5142540794675774E-02, -0.0000000000000000E+00
  40,  12,  63,  1.5142540794675774E-02, -0.0000000000000000E+00
  40,  12,  64,  1.5142540794675774E-02, -0.0000000000000000E+00
  40,  12,  65,  1.5142540794675774E-02, -0.0000000000000000E+00
  40,  12,  66,  1.5142540794675774E-02, -0.0000000000000000E+00
  40,  12,  67,  1.5142540794675774E-02, -0.0000000000000000E+00
  40,  12,  68,  1.5142540794675774E-02, -0.0000000000000000E+00
  40,  12,  69,  1.5142540794675774E-02, -0.0000000000000000E+00
  40,  12,  70,  1.5142540794675774E-02, -0.0000000000000000E+00
  40,  12,  71,  1.5142540794675774E-02, -0.0000000000000000E+00
  40,  12,  72,  1.5142540794675774E-02, -0.0000000000000000E+00
  40,  12,  73,  1.5142540794675774E-02, -0.0000000000000000E+00
  40,  12,  74,  1.5142540794675774E-02, -0.0000000000000000E+00
  40,  12,  75,  1.5142540794675774E-02, -0.0000000000000000E+00
  40,  12,  76,  1.5142540794675774E-02, -0.0000000000000000E+00
  40,  12,  77,  1.5142540794675774E-02, -0.0000000000000000E+00
  40,  12,  78,  1.5142540794675774E-02, -0.0000000000000000E+00
  40,  12,  79,  1.5142540794675774E-02, -0.0000000000000000E+00
  40,  12,  80,  1.5142540794675774E-02, -0.0000000000000000E+00
  40,  13,   1,  1.2732395447351628E+00, -0.0000000000000000E+00
  40,  13,   2,  1.2732395447351628E+00, -0.0000000000000000E+00
  40,  13,   3,  1.2732395447351628E+00, -0.0000000000000000E+00
  40,  13,   4,  1.2732395447351628E+00, -0.0000000000000000E+00
  40,  13,   5,  1.2732395447351628E+00, -0.0000000000000000E+00
  40,  13,   6,  1.2732395447351628E+00, -0.0000000000000000E+00
  40,  13,   7,  1.2732395447351628E+00, -0.0000000000000000E+00
  40,  13,   8,  1.2732395447351628E+00, -0.0000000000000000E+00
  40,  13,   9,  1.2732395447351628E+00, -0.0000000000000000E+00
  40,  13,  10,  1.2732395447351628E+00, -0.0000000000000000E+00
  40,  13,  11,  1.2732395447351628E+00, -0.0000000000000000E+00
  40,  13,  12,  1.2732395447351628E+00,  3.1422868279236133E-04
  40,  13,  13,  1.2732395447351628E+00, -2.1842385195352389E-02
  40,  13,  14,  1.2732395447351628E+00, -3.1408984792559728E-04
  40,  13,  15,  1.2732395447351628E+00, -0.0000000000000000E+00
  40,  13,  16,  1.2732395447351628E+00, -0.0000000000000000E+00
  40,  13,  17,  1.2732395447351628E+00, -0.0000000000000000E+00
  40,  13,  18,  1.2732395447351628E+00, -0.0000000000000000E+00
  40,  13,  19,  1.2732395447351628E+00, -0.0000000000000000E+00
  40,  13,  20,  1.2732395447351628E+00, -0.0000000000000000E+00
  40,  13,  21,  1.2732395447351628E+00, -0.0000000000000000E+00
  40,  13,  22,  1.2732395447351628E+00, -0.0000000000000000E+00
  40,  13,  23,  1.2732395447351628E+00, -0.0000000000000000E+00
  40,  13,  24,  1.2732395447351628E+00, -0.0000000000000000E+00
  40,  13,  25,  1.2732395447351628E+00, -0.0000000000000000E+00
  40,  13,  26,  1.2732395447351628E+00, -0.0000000000000000E+00
  40,  13,  27,  1.2732395447351628E+00, -0.0000000000000000E+00
  40,  13,  28,  1.2732395447351628E+00, -0.0000000000000000E+00
  40,  13,  29,  1.2732395447351628E+00, -0.0000000000000000E+00
  40,  13,  30,  1.2732395447351628E+00, -0.0000000000000000E+00
  40,  13,  31,  1.2732395447351628E+00, -0.0000000000000000E+00
  40,  13,  32,  1.2732395447351628E+00, -0.0000000000000000E+00
  40,  13,  33,  1.2732395447351628E+00, -0.0000000000000000E+00
  40,  13,  34,  1.2732395447351628E+00, -0.0000000000000000E+00
  40,  13,  35,  1.2732395447351628E+00, -0.0000000000000000E+00
  40,  13,  36,  1.2732395447351628E+00, -0.0000000000000000E+00
  40,  13,  37,  1.2732395447351628E+00, -0.0000000000000000E+00
  40,  13,  38,  1.2732395447351628E+00, -0.0000000000000000E+00
  40,  13,  39,  1.2732395447351628E+00, -0.0000000000000000E+00
  40,  13,  40,  1.2732395447351628E+00, -0.0000000000000000E+00
  40,  13,  41,  1.2732395447351628E+00, -0.0000000000000000E+00
  40,  13,  42,  1.2732395447351628E+00, -0.0000000000000000E+00
  40,  13,  43,  1.2732395447351628E+00, -0.0000000000000000E+00
  40,  13,  44,  1.2732395447351628E+00, -0.0000000000000000E+00
  40,  13,  45,  1.2732395447351628E+00, -0.0000000000000000E+00
  40,  13,  46,  1.2732395447351628E+00, -0.0000000000000000E+00
  40,  13,  47,  1.2732395447351628E+00, -0.0000000000000000E+00
  40,  13,  48,  1.2732395447351628E+00, -0.0000000000000000E+00
  40,  13,  49,  1.2732395447351628E+00, -0.0000000000000000E+00
  40,  13,  50,  1.2732395447351628E+00, -0.0000000000000000E+00
  40,  13,  51,  1.2732395447351628E+00, -0.0000000000000000E+00
  40,  13,  52,  1.2732395447351628E+00, -0.0000000000000000E+00
  40,  13,  53,  1.2732395447351628E+00, -0.0000000000000000E+00
  40,  13,  54,  1.2732395447351628E+00, -0.0000000000000000E+00
  40,  13,  55,  1.2732395447351628E+00, -0.0000000000000000E+00
  40,  13,  56,  1.2732395447351628E+00, -0.0000000000000000E+00
  40,  13,  57,  1.2732395447351628E+00, -0.0000000000000000E+00
  40,  13,  58,  1.2732395447351628E+00, -0.0000000000000000E+00
  40,  13,  59,  1.2732395447351628E+00, -0.0000000000000000E+00
  40,  13,  60,  1.2732395447351628E+00, -0.0000000000000000E+00
  40,  13,  61,  1.2732395447351628E+00, -0.0000000000000000E+00
  40,  13,  62,  1.2732395447351628E+00, -0.0000000000000000E+00
  40,  13,  63,  1.2732395447351628E+00, -0.0000000000000000E+00
  40,  13,  64,  1.2732395447351628E+00, -0.0000000000000000E+00
  40,  13,  65,  1.2732395447351628E+00, -0.0000000000000000E+00
  40,  13,  66,  1.2732395447351628E+00, -0.0000000000000000E+00
  40,  13,  67,  1.2732395447351628E+00, -0.0000000000000000E+00
  40,  13,  68,  1.2732395447351628E+00, -0.0000000000000000E+00
  40,  13,  69,  1.2732395447351628E+00, -0.0000000000000000E+00
  40,  13,  70,  1.2732395447351628E+00, -0.0000000000000000E+00
  40,  13,  71,  1.2732395447351628E+00, -0.0000000000000000E+00
  40,  13,  72,  1.2732395447351628E+00, -0.0000000000000000E+00
  40,  13,  73,  1.2732395447351628E+00, -0.0000000000000000E+00
  40,  13,  74,  1.2732395447351628E+00, -0.0000000000000000E+00
  40,  13,  75,  1.2732395447351628E+00, -0.0000000000000000E+00
  40,  13,  76,  1.2732395447351628E+00, -0.0000000000000000E+00
  40,  13,  77,  1.2732395447351628E+00, -0.0000000000000000E+00
  40,  13,  78,  1.2732395447351628E+00, -0.0000000000000000E+00
  40,  13,  79,  1.2732395447351628E+00, -0.0000000000000000E+00
  40,  13,  80,  1.2732395447351628E+00, -0.0000000000000000E+00
  40,  14,   1,  1.5142540794675774E-02, -0.0000000000000000E+00
  40,  14,   2,  1.5142540794675774E-02, -0.0000000000000000E+00
  40,  14,   3,  1.5142540794675774E-02, -0.0000000000000000E+00
  40,  14,   4,  1.5142540794675774E-02, -0.0000000000000000E+00
  40,  14,   5,  1.5142540794675774E-02, -0.0000000000000000E+00
  40,  14,   6,  1.5142540794675774E-02, -0.0000000000000000E+00
  40,  14,   7,  1.5142540794675774E-02, -0.0000000000000000E+00
  40,  14,   8,  1.5142540794675774E-02, -0.0000000000000000E+00
  40,  14,   9,  1.5142540794675774E-02, -0.0000000000000000E+00
  40,  14,  10,  1.5142540794675774E-02, -0.0000000000000000E+00
  40,  14,  11,  1.5142540794675774E-02, -0.0000000000000000E+00
  40,  14,  12,  1.5142540794675774E-02, -0.0000000000000000E+00
  40,  14,  13,  1.5142540794675774E-02,  6.6039115466778682E+01
  40,  14,  14,  1.5142540794675774E-02, -0.0000000000000000E+00
  40,  14,  15,  1.5142540794675774E-02, -6.6039115466778682E+01
  40,  14,  16,  1.5142540794675774E-02, -0.0000000000000000E+00
  40,  14,  17,  1.5142540794675774E-02, -0.0000000000000000E+00
  40,  14,  18,  1.5142540794675774E-02, -0.0000000000000000E+00
  40,  14,  19,  1.5142540794675774E-02, -0.0000000000000000E+00
  40,  14,  20,  1.5142540794675774E-02, -0.0000000000000000E+00
  40,  14,  21,  1.5142540794675774E-02, -0.0000000000000000E+00
  40,  14,  22,  1.5142540794675774E-02, -0.0000000000000000E+00
  40,  14,  23,  1.5142540794675774E-02, -0.0000000000000000E+00
  40,  14,  24,  1.5142540794675774E-02, -0.0000000000000000E+00
  40,  14,  25,  1.5142540794675774E-02, -0.0000000000000000E+00
  40,  14,  26,  1.5142540794675774E-02, -0.0000000000000000E+00
  40,  14,  27,  1.5142540794675774E-02, -0.0000000000000000E+00
  40,  14,  28,  1.5142540794675774E-02, -0.0000000000000000E+00
  40,  14,  29,  1.5142540794675774E-02, -0.0000000000000000E+00
  40,  14,  30,  1.5142540794675774E-02, -0.0000000000000000E+00
  40,  14,  31,  1.5142540794675774E-02, -0.0000000000000000E+00
  40,  14,  32,  1.5142540794675774E-02, -0.0000000000000000E+00
  40,  14,  33,  1.5142540794675774E-02, -0.0000000000000000E+00
  40,  14,  34,  1.5142540794675774E-02, -0.0000000000000000E+00
  40,  14,  35,  1.5142540794675774E-02, -0.0000000000000000E+00
  40,  14,  36,  1.5142540794675774E-02, -0.0000000000000000E+00
  40,  14,  37,  1.5142540794675774E-02, -0.0000000000000000E+00
  40,  14,  38,  1.5142540794675774E-02, -0.0000000000000000E+00
  40,  14,  39,  1.5142540794675774E-02, -0.0000000000000000E+00
  40,  14,  40,  1.5142540794675774E-02, -0.0000000000000000E+00
  40,  14,  41,  1.5142540794675774E-02, -0.0000000000000000E+00
  40,  14,  42,  1.5142540794675774E-02, -0.0000000000000000E+00
  40,  14,  43,  1.5142540794675774E-02, -0.0000000000000000E+00
  40,  14,  44,  1.5142540794675774E-02, -0.0000000000000000E+00
  40,  14,  45,  1.5142540794675774E-02, -0.0000000000000000E+00
  40,  14,  46,  1.5142540794675774E-02, -0.0000000000000000E+00
  40,  14,  47,  1.5142540794675774E-02, -0.0000000000000000E+00
  40,  14,  48,  1.5142540794675774E-02, -0.0000000000000000E+00
  40,  14,  49,  1.5142540794675774E-02, -0.0000000000000000E+00
  40,  14,  50,  1.5142540794675774E-02, -0.0000000000000000E+00
  40,  14,  51,  1.5142540794675774E-02, -0.0000000000000000E+00
  40,  14,  52,  1.5142540794675774E-02, -0.0000000000000000E+00
  40,  14,  53,  1.5142540794675774E-02, -0.0000000000000000E+00
  40,  14,  54,  1.5142540794675774E-02, -0.0000000000000000E+00
  40,  14,  55,  1.5142540794675774E-02, -0.0000000000000000E+00
  40,  14,  56,  1.5142540794675774E-02, -0.0000000000000000E+00
  40,  14,  57,  1.5142540794675774E-02, -0.0000000000000000E+00
  40,  14,  58,  1.5142540794675774E-02, -0.0000000000000000E+00
  40,  14,  59,  1.5142540794675774E-02, -0.0000000000000000E+00
  40,  14,  60,  1.5142540794675774E-02, -0.0000000000000000E+00
  40,  14,  61,  1.5142540794675774E-02, -0.0000000000000000E+00
  40,  14,  62,  1.5142540794675774E-02, -0.0000000000000000E+00
  40,  14,  63,  1.5142540794675774E-02, -0.0000000000000000E+00
  40,  14,  64,  1.5142540794675774E-02, -0.0000000000000000E+00
  40,  14,  65,  1.5142540794675774E-02, -0.0000000000000000E+00
  40,  14,  66,  1.5142540794675774E-02, -0.0000000000000000E+00
  40,  14,  67,  1.5142540794675774E-02, -0.0000000000000000E+00
  40,  14,  68,  1.5142540794675774E-02, -0.0000000000000000E+00
  40,  14,  69,  1.5142540794675774E-02, -0.0000000000000000E+00
  40,  14,  70,  1.5142540794675774E-02, -0.0000000000000000E+00
  40,  14,  71,  1.5142540794675774E-02, -0.0000000000000000E+00
  40,  14,  72,  1.5142540794675774E-02, -0.0000000000000000E+00
  40,  14,  73,  1.5142540794675774E-02, -0.0000000000000000E+00
  40,  14,  74,  1.5142540794675774E-02, -0.0000000000000000E+00
  40,  14,  75,  1.5142540794675774E-02, -0.0000000000000000E+00
  40,  14,  76,  1.5142540794675774E-02, -0.0000000000000000E+00
  40,  14,  77,  1.5142540794675774E-02, -0.0000000000000000E+00
  40,  14,  78,  1.5142540794675774E-02, -0.0000000000000000E+00
  40,  14,  79,  1.5142540794675774E-02, -0.0000000000000000E+00
  40,  14,  80,  1.5142540794675774E-02, -0.0000000000000000E+00
  40,  15,   1,  1.2732395447351628E+00, -0.0000000000000000E+00
  40,  15,   2,  1.2732395447351628E+00, -0.0000000000000000E+00
  40,  15,   3,  1.2732395447351628E+00, -0.0000000000000000E+00
  40,  15,   4,  1.2732395447351628E+00, -0.0000000000000000E+00
  40,  15,   5,  1.2732395447351628E+00, -0.0000000000000000E+00
  40,  15,   6,  1.2732395447351628E+00, -0.0000000000000000E+00
  40,  15,   7,  1.2732395447351628E+00, -0.0000000000000000E+00
  40,  15,   8,  1.2732395447351628E+00, -0.0000000000000000E+00
  40,  15,   9,  1.2732395447351628E+00, -0.0000000000000000E+00
  40,  15,  10,  1.2732395447351628E+00, -0.0000000000000000E+00
  40,  15,  11,  1.2732395447351628E+00, -0.0000000000000000E+00
  40,  15,  12,  1.2732395447351628E+00, -0.0000000000000000E+00
  40,  15,  13,  1.2732395447351628E+00, -0.0000000000000000E+00
  40,  15,  14,  1.2732395447351628E+00,  3.1422874420125385E-04
  40,  15,  15,  1.2732395447351628E+00, -2.1852044297596858E-02
  40,  15,  16,  1.2732395447351628E+00, -3.1408978651670477E-04
  40,  15,  17,  1.2732395447351628E+00, -0.0000000000000000E+00
  40,  15,  18,  1.2732395447351628E+00, -0.0000000000000000E+00
  40,  15,  19,  1.2732395447351628E+00, -0.0000000000000000E+00
  40,  15,  20,  1.2732395447351628E+00, -0.0000000000000000E+00
  40,  15,  21,  1.2732395447351628E+00, -0.0000000000000000E+00
  40,  15,  22,  1.2732395447351628E+00, -0.0000000000000000E+00
  40,  15,  23,  1.2732395447351628E+00, -0.0000000000000000E+00
  40,  15,  24,  1.2732395447351628E+00, -0.0000000000000000E+00
  40,  15,  25,  1.2732395447351628E+00, -0.0000000000000000E+00
  40,  15,  26,  1.2732395447351628E+00, -0.0000000000000000E+00
  40,  15,  27,  1.2732395447351628E+00, -0.0000000000000000E+00
  40,  15,  28,  1.2732395447351628E+00, -0.0000000000000000E+00
  40,  15,  29,  1.2732395447351628E+00, -0.0000000000000000E+00
  40,  15,  30,  1.2732395447351628E+00, -0.0000000000000000E+00
  40,  15,  31,  1.2732395447351628E+00, -0.0000000000000000E+00
  40,  15,  32,  1.2732395447351628E+00, -0.0000000000000000E+00
  40,  15,  33,  1.2732395447351628E+00, -0.0000000000000000E+00
  40,  15,  34,  1.2732395447351628E+00, -0.0000000000000000E+00
  40,  15,  35,  1.2732395447351628E+00, -0.0000000000000000E+00
  40,  15,  36,  1.2732395447351628E+00, -0.0000000000000000E+00
  40,  15,  37,  1.2732395447351628E+00, -0.0000000000000000E+00
  40,  15,  38,  1.2732395447351628E+00, -0.0000000000000000E+00
  40,  15,  39,  1.2732395447351628E+00, -0.0000000000000000E+00
  40,  15,  40,  1.2732395447351628E+00, -0.0000000000000000E+00
  40,  15,  41,  1.2732395447351628E+00, -0.0000000000000000E+00
  40,  15,  42,  1.2732395447351628E+00, -0.0000000000000000E+00
  40,  15,  43,  1.2732395447351628E+00, -0.0000000000000000E+00
  40,  15,  44,  1.2732395447351628E+00, -0.0000000000000000E+00
  40,  15,  45,  1.2732395447351628E+00, -0.0000000000000000E+00
  40,  15,  46,  1.2732395447351628E+00, -0.0000000000000000E+00
  40,  15,  47,  1.2732395447351628E+00, -0.0000000000000000E+00
  40,  15,  48,  1.2732395447351628E+00, -0.0000000000000000E+00
  40,  15,  49,  1.2732395447351628E+00, -0.0000000000000000E+00
  40,  15,  50,  1.2732395447351628E+00, -0.0000000000000000E+00
  40,  15,  51,  1.2732395447351628E+00, -0.0000000000000000E+00
  40,  15,  52,  1.2732395447351628E+00, -0.0000000000000000E+00
  40,  15,  53,  1.2732395447351628E+00, -0.0000000000000000E+00
  40,  15,  54,  1.2732395447351628E+00, -0.0000000000000000E+00
  40,  15,  55,  1.2732395447351628E+00, -0.0000000000000000E+00
  40,  15,  56,  1.2732395447351628E+00, -0.0000000000000000E+00
  40,  15,  57,  1.2732395447351628E+00, -0.0000000000000000E+00
  40,  15,  58,  1.2732395447351628E+00, -0.0000000000000000E+00
  40,  15,  59,  1.2732395447351628E+00, -0.0000000000000000E+00
  40,  15,  60,  1.2732395447351628E+00, -0.0000000000000000E+00
  40,  15,  61,  1.2732395447351628E+00, -0.0000000000000000E+00
  40,  15,  62,  1.2732395447351628E+00, -0.0000000000000000E+00
  40,  15,  63,  1.2732395447351628E+00, -0.0000000000000000E+00
  40,  15,  64,  1.2732395447351628E+00, -0.0000000000000000E+00
  40,  15,  65,  1.2732395447351628E+00, -0.0000000000000000E+00
  40,  15,  66,  1.2732395447351628E+00, -0.0000000000000000E+00
  40,  15,  67,  1.2732395447351628E+00, -0.0000000000000000E+00
  40,  15,  68,  1.2732395447351628E+00, -0.0000000000000000E+00
  40,  15,  69,  1.2732395447351628E+00, -0.0000000000000000E+00
  40,  15,  70,  1.2732395447351628E+00, -0.0000000000000000E+00
  40,  15,  71,  1.2732395447351628E+00, -0.0000000000000000E+00
  40,  15,  72,  1.2732395447351628E+00, -0.0000000000000000E+00
  40,  15,  73,  1.2732395447351628E+00, -0.0000000000000000E+00
  40,  15,  74,  1.2732395447351628E+00, -0.0000000000000000E+00
  40,  15,  75,  1.2732395447351628E+00, -0.0000000000000000E+00
  40,  15,  76,  1.2732395447351628E+00, -0.0000000000000000E+00
  40,  15,  77,  1.2732395447351628E+00, -0.0000000000000000E+00
  40,  15,  78,  1.2732395447351628E+00, -0.0000000000000000E+00
  40,  15,  79,  1.2732395447351628E+00, -0.0000000000000000E+00
  40,  15,  80,  1.2732395447351628E+00, -0.0000000000000000E+00
  40,  16,   1,  1.5142540794675774E-02, -0.0000000000000000E+00
  40,  16,   2,  1.5142540794675774E-02, -0.0000000000000000E+00
  40,  16,   3,  1.5142540794675774E-02, -0.0000000000000000E+00
  40,  16,   4,  1.5142540794675774E-02, -0.0000000000000000E+00
  40,  16,   5,  1.5142540794675774E-02, -0.0000000000000000E+00
  40,  16,   6,  1.5142540794675774E-02, -0.0000000000000000E+00
  40,  16,   7,  1.5142540794675774E-02, -0.0000000000000000E+00
  40,  16,   8,  1.5142540794675774E-02, -0.0000000000000000E+00
  40,  16,   9,  1.5142540794675774E-02, -0.0000000000000000E+00
  40,  16,  10,  1.5142540794675774E-02, -0.0000000000000000E+00
  40,  16,  11,  1.5142540794675774E-02, -0.0000000000000000E+00
  40,  16,  12,  1.5142540794675774E-02, -0.0000000000000000E+00
  40,  16,  13,  1.5142540794675774E-02, -0.0000000000000000E+00
  40,  16,  14,  1.5142540794675774E-02, -0.0000000000000000E+00
  40,  16,  15,  1.5142540794675774E-02,  6.6039115466778682E+01
  40,  16,  16,  1.5142540794675774E-02, -0.0000000000000000E+00
  40,  16,  17,  1.5142540794675774E-02, -6.6039115466778682E+01
  40,  16,  18,  1.5142540794675774E-02, -0.0000000000000000E+00
  40,  16,  19,  1.5142540794675774E-02, -0.0000000000000000E+00
  40,  16,  20,  1.5142540794675774E-02, -0.0000000000000000E+00
  40,  16,  21,  1.5142540794675774E-02, -0.0000000000000000E+00
  40,  16,  22,  1.5142540794675774E-02, -0.0000000000000000E+00
  40,  16,  23,  1.5142540794675774E-02, -0.0000000000000000E+00
  40,  16,  24,  1.5142540794675774E-02, -0.0000000000000000E+00
  40,  16,  25,  1.5142540794675774E-02, -0.0000000000000000E+00
  40,  16,  26,  1.5142540794675774E-02, -0.0000000000000000E+00
  40,  16,  27,  1.5142540794675774E-02, -0.0000000000000000E+00
  40,  16,  28,  1.5142540794675774E-02, -0.0000000000000000E+00
  40,  16,  29,  1.5142540794675774E-02, -0.0000000000000000E+00
  40,  16,  30,  1.5142540794675774E-02, -0.0000000000000000E+00
  40,  16,  31,  1.5142540794675774E-02, -0.0000000000000000E+00
  40,  16,  32,  1.5142540794675774E-02, -0.0000000000000000E+00
  40,  16,  33,  1.5142540794675774E-02, -0.0000000000000000E+00
  40,  16,  34,  1.5142540794675774E-02, -0.0000000000000000E+00
  40,  16,  35,  1.5142540794675774E-02, -0.0000000000000000E+00
  40,  16,  36,  1.5142540794675774E-02, -0.0000000000000000E+00
  40,  16,  37,  1.5142540794675774E-02, -0.0000000000000000E+00
  40,  16,  38,  1.5142540794675774E-02, -0.0000000000000000E+00
  40,  16,  39,  1.5142540794675774E-02, -0.0000000000000000E+00
  40,  16,  40,  1.5142540794675774E-02, -0.0000000000000000E+00
  40,  16,  41,  1.5142540794675774E-02, -0.0000000000000000E+00
  40,  16,  42,  1.5142540794675774E-02, -0.0000000000000000E+00
  40,  16,  43,  1.5142540794675774E-02, -0.0000000000000000E+00
  40,  16,  44,  1.5142540794675774E-02, -0.0000000000000000E+00
  40,  16,  45,  1.5142540794675774E-02, -0.0000000000000000E+00
  40,  16,  46,  1.5142540794675774E-02, -0.0000000000000000E+00
  40,  16,  47,  1.5142540794675774E-02, -0.0000000000000000E+00
  40,  16,  48,  1.5142540794675774E-02, -0.0000000000000000E+00
  40,  16,  49,  1.5142540794675774E-02, -0.0000000000000000E+00
  40,  16,  50,  1.5142540794675774E-02, -0.0000000000000000E+00
  40,  16,  51,  1.5142540794675774E-02, -0.0000000000000000E+00
  40,  16,  52,  1.5142540794675774E-02, -0.0000000000000000E+00
  40,  16,  53,  1.5142540794675774E-02, -0.0000000000000000E+00
  40,  16,  54,  1.5142540794675774E-02, -0.0000000000000000E+00
  40,  16,  55,  1.5142540794675774E-02, -0.0000000000000000E+00
  40,  16,  56,  1.5142540794675774E-02, -0.0000000000000000E+00
  40,  16,  57,  1.5142540794675774E-02, -0.0000000000000000E+00
  40,  16,  58,  1.5142540794675774E-02, -0.0000000000000000E+00
  40,  16,  59,  1.5142540794675774E-02, -0.0000000000000000E+00
  40,  16,  60,  1.5142540794675774E-02, -0.0000000000000000E+00
  40,  16,  61,  1.5142540794675774E-02, -0.0000000000000000E+00
  40,  16,  62,  1.5142540794675774E-02, -0.0000000000000000E+00
  40,  16,  63,  1.5142540794675774E-02, -0.0000000000000000E+00
  40,  16,  64,  1.5142540794675774E-02, -0.0000000000000000E+00
  40,  16,  65,  1.5142540794675774E-02, -0.0000000000000000E+00
  40,  16,  66,  1.5142540794675774E-02, -0.0000000000000000E+00
  40,  16,  67,  1.5142540794675774E-02, -0.0000000000000000E+00
  40,  16,  68,  1.5142540794675774E-02, -0.0000000000000000E+00
  40,  16,  69,  1.5142540794675774E-02, -0.0000000000000000E+00
  40,  16,  70,  1.5142540794675774E-02, -0.0000000000000000E+00
  40,  16,  71,  1.5142540794675774E-02, -0.0000000000000000E+00
  40,  16,  72,  1.5142540794675774E-02, -0.0000000000000000E+00
  40,  16,  73,  1.5142540794675774E-02, -0.0000000000000000E+00
  40,  16,  74,  1.5142540794675774E-02, -0.0000000000000000E+00
  40,  16,  75,  1.5142540794675774E-02, -0.0000000000000000E+00
  40,  16,  76,  1.5142540794675774E-02, -0.0000000000000000E+00
  40,  16,  77,  1.5142540794675774E-02, -0.0000000000000000E+00
  40,  16,  78,  1.5142540794675774E-02, -0.0000000000000000E+00
  40,  16,  79,  1.5142540794675774E-02, -0.0000000000000000E+00
  40,  16,  80,  1.5142540794675774E-02, -0.0000000000000000E+00
  40,  17,   1,  1.2732395447351628E+00, -0.0000000000000000E+00
  40,  17,   2,  1.2732395447351628E+00, -0.0000000000000000E+00
  40,  17,   3,  1.2732395447351628E+00, -0.0000000000000000E+00
  40,  17,   4,  1.2732395447351628E+00, -0.0000000000000000E+00
  40,  17,   5,  1.2732395447351628E+00, -0.0000000000000000E+00
  40,  17,   6,  1.2732395447351628E+00, -0.0000000000000000E+00
  40,  17,   7,  1.2732395447351628E+00, -0.0000000000000000E+00
  40,  17,   8,  1.2732395447351628E+00, -0.0000000000000000E+00
  40,  17,   9,  1.2732395447351628E+00, -0.0000000000000000E+00
  40,  17,  10,  1.2732395447351628E+00, -0.0000000000000000E+00
  40,  17,  11,  1.2732395447351628E+00, -0.0000000000000000E+00
  40,  17,  12,  1.2732395447351628E+00, -0.0000000000000000E+00
  40,  17,  13,  1.2732395447351628E+00, -0.0000000000000000E+00
  40,  17,  14,  1.2732395447351628E+00, -0.0000000000000000E+00
  40,  17,  15,  1.2732395447351628E+00, -0.0000000000000000E+00
  40,  17,  16,  1.2732395447351628E+00,  3.1422880571889118E-04
  40,  17,  17,  1.2732395447351628E+00, -2.1861716225481241E-02
  40,  17,  18,  1.2732395447351628E+00, -3.1408972499906749E-04
  40,  17,  19,  1.2732395447351628E+00, -0.0000000000000000E+00
  40,  17,  20,  1.2732395447351628E+00, -0.0000000000000000E+00
  40,  17,  21,  1.2732395447351628E+00, -0.0000000000000000E+00
  40,  17,  22,  1.2732395447351628E+00, -0.0000000000000000E+00
  40,  17,  23,  1.2732395447351628E+00, -0.0000000000000000E+00
  40,  17,  24,  1.2732395447351628E+00, -0.0000000000000000E+00
  40,  17,  25,  1.2732395447351628E+00, -0.0000000000000000E+00
  40,  17,  26,  1.2732395447351628E+00, -0.0000000000000000E+00
  40,  17,  27,  1.2732395447351628E+00, -0.0000000000000000E+00
  40,  17,  28,  1.2732395447351628E+00, -0.0000000000000000E+00
  40,  17,  29,  1.2732395447351628E+00, -0.0000000000000000E+00
  40,  17,  30,  1.2732395447351628E+00, -0.0000000000000000E+00
  40,  17,  31,  1.2732395447351628E+00, -0.0000000000000000E+00
  40,  17,  32,  1.2732395447351628E+00, -0.0000000000000000E+00
  40,  17,  33,  1.2732395447351628E+00, -0.0000000000000000E+00
  40,  17,  34,  1.2732395447351628E+00, -0.0000000000000000E+00
  40,  17,  35,  1.2732395447351628E+00, -0.0000000000000000E+00
  40,  17,  36,  1.2732395447351628E+00, -0.0000000000000000E+00
  40,  17,  37,  1.2732395447351628E+00, -0.0000000000000000E+00
  40,  17,  38,  1.2732395447351628E+00, -0.0000000000000000E+00
  40,  17,  39,  1.2732395447351628E+00, -0.0000000000000000E+00
  40,  17,  40,  1.2732395447351628E+00, -0.0000000000000000E+00
  40,  17,  41,  1.2732395447351628E+00, -0.0000000000000000E+00
  40,  17,  42,  1.2732395447351628E+00, -0.0000000000000000E+00
  40,  17,  43,  1.2732395447351628E+00, -0.0000000000000000E+00
  40,  17,  44,  1.2732395447351628E+00, -0.0000000000000000E+00
  40,  17,  45,  1.2732395447351628E+00, -0.0000000000000000E+00
  40,  17,  46,  1.2732395447351628E+00, -0.0000000000000000E+00
  40,  17,  47,  1.2732395447351628E+00, -0.0000000000000000E+00
  40,  17,  48,  1.2732395447351628E+00, -0.0000000000000000E+00
  40,  17,  49,  1.2732395447351628E+00, -0.0000000000000000E+00
  40,  17,  50,  1.2732395447351628E+00, -0.0000000000000000E+00
  40,  17,  51,  1.2732395447351628E+00, -0.0000000000000000E+00
  40,  17,  52,  1.2732395447351628E+00, -0.0000000000000000E+00
  40,  17,  53,  1.2732395447351628E+00, -0.0000000000000000E+00
  40,  17,  54,  1.2732395447351628E+00, -0.0000000000000000E+00
  40,  17,  55,  1.2732395447351628E+00, -0.0000000000000000E+00
  40,  17,  56,  1.2732395447351628E+00, -0.0000000000000000E+00
  40,  17,  57,  1.2732395447351628E+00, -0.0000000000000000E+00
  40,  17,  58,  1.2732395447351628E+00, -0.0000000000000000E+00
  40,  17,  59,  1.2732395447351628E+00, -0.0000000000000000E+00
  40,  17,  60,  1.2732395447351628E+00, -0.0000000000000000E+00
  40,  17,  61,  1.2732395447351628E+00, -0.0000000000000000E+00
  40,  17,  62,  1.2732395447351628E+00, -0.0000000000000000E+00
  40,  17,  63,  1.2732395447351628E+00, -0.0000000000000000E+00
  40,  17,  64,  1.2732395447351628E+00, -0.0000000000000000E+00
  40,  17,  65,  1.2732395447351628E+00, -0.0000000000000000E+00
  40,  17,  66,  1.2732395447351628E+00, -0.0000000000000000E+00
  40,  17,  67,  1.2732395447351628E+00, -0.0000000000000000E+00
  40,  17,  68,  1.2732395447351628E+00, -0.0000000000000000E+00
  40,  17,  69,  1.2732395447351628E+00, -0.0000000000000000E+00
  40,  17,  70,  1.2732395447351628E+00, -0.0000000000000000E+00
  40,  17,  71,  1.2732395447351628E+00, -0.0000000000000000E+00
  40,  17,  72,  1.2732395447351628E+00, -0.0000000000000000E+00
  40,  17,  73,  1.2732395447351628E+00, -0.0000000000000000E+00
  40,  17,  74,  1.2732395447351628E+00, -0.0000000000000000E+00
  40,  17,  75,  1.2732395447351628E+00, -0.0000000000000000E+00
  40,  17,  76,  1.2732395447351628E+00, -0.0000000000000000E+00
  40,  17,  77,  1.2732395447351628E+00, -0.0000000000000000E+00
  40,  17,  78,  1.2732395447351628E+00, -0.0000000000000000E+00
  40,  17,  79,  1.2732395447351628E+00, -0.0000000000000000E+00
  40,  17,  80,  1.2732395447351628E+00, -0.0000000000000000E+00
  40,  18,   1,  1.5142540794675774E-02, -0.0000000000000000E+00
  40,  18,   2,  1.5142540794675774E-02, -0.0000000000000000E+00
  40,  18,   3,  1.5142540794675774E-02, -0.0000000000000000E+00
  40,  18,   4,  1.5142540794675774E-02, -0.0000000000000000E+00
  40,  18,   5,  1.5142540794675774E-02, -0.0000000000000000E+00
  40,  18,   6,  1.5142540794675774E-02, -0.0000000000000000E+00
  40,  18,   7,  1.5142540794675774E-02, -0.0000000000000000E+00
  40,  18,   8,  1.5142540794675774E-02, -0.0000000000000000E+00
  40,  18,   9,  1.5142540794675774E-02, -0.0000000000000000E+00
  40,  18,  10,  1.5142540794675774E-02, -0.0000000000000000E+00
  40,  18,  11,  1.5142540794675774E-02, -0.0000000000000000E+00
  40,  18,  12,  1.5142540794675774E-02, -0.0000000000000000E+00
  40,  18,  13,  1.5142540794675774E-02, -0.0000000000000000E+00
  40,  18,  14,  1.5142540794675774E-02, -0.0000000000000000E+00
  40,  18,  15,  1.5142540794675774E-02, -0.0000000000000000E+00
  40,  18,  16,  1.5142540794675774E-02, -0.0000000000000000E+00
  40,  18,  17,  1.5142540794675774E-02,  6.6039115466778682E+01
  40,  18,  18,  1.5142540794675774E-02, -0.0000000000000000E+00
  40,  18,  19,  1.5142540794675774E-02, -6.6039115466778682E+01
  40,  18,  20,  1.5142540794675774E-02, -0.0000000000000000E+00
  40,  18,  21,  1.5142540794675774E-02, -0.0000000000000000E+00
  40,  18,  22,  1.5142540794675774E-02, -0.0000000000000000E+00
  40,  18,  23,  1.5142540794675774E-02, -0.0000000000000000E+00
  40,  18,  24,  1.5142540794675774E-02, -0.0000000000000000E+00
  40,  18,  25,  1.5142540794675774E-02, -0.0000000000000000E+00
  40,  18,  26,  1.5142540794675774E-02, -0.0000000000000000E+00
  40,  18,  27,  1.5142540794675774E-02, -0.0000000000000000E+00
  40,  18,  28,  1.5142540794675774E-02, -0.0000000000000000E+00
  40,  18,  29,  1.5142540794675774E-02, -0.0000000000000000E+00
  40,  18,  30,  1.5142540794675774E-02, -0.0000000000000000E+00
  40,  18,  31,  1.5142540794675774E-02, -0.0000000000000000E+00
  40,  18,  32,  1.5142540794675774E-02, -0.0000000000000000E+00
  40,  18,  33,  1.5142540794675774E-02, -0.0000000000000000E+00
  40,  18,  34,  1.5142540794675774E-02, -0.0000000000000000E+00
  40,  18,  35,  1.5142540794675774E-02, -0.0000000000000000E+00
  40,  18,  36,  1.5142540794675774E-02, -0.0000000000000000E+00
  40,  18,  37,  1.5142540794675774E-02, -0.0000000000000000E+00
  40,  18,  38,  1.5142540794675774E-02, -0.0000000000000000E+00
  40,  18,  39,  1.5142540794675774E-02, -0.0000000000000000E+00
  40,  18,  40,  1.5142540794675774E-02, -0.0000000000000000E+00
  40,  18,  41,  1.5142540794675774E-02, -0.0000000000000000E+00
  40,  18,  42,  1.5142540794675774E-02, -0.0000000000000000E+00
  40,  18,  43,  1.5142540794675774E-02, -0.0000000000000000E+00
  40,  18,  44,  1.5142540794675774E-02, -0.0000000000000000E+00
  40,  18,  45,  1.5142540794675774E-02, -0.0000000000000000E+00
  40,  18,  46,  1.5142540794675774E-02, -0.0000000000000000E+00
  40,  18,  47,  1.5142540794675774E-02, -0.0000000000000000E+00
  40,  18,  48,  1.5142540794675774E-02, -0.0000000000000000E+00
  40,  18,  49,  1.5142540794675774E-02, -0.0000000000000000E+00
  40,  18,  50,  1.5142540794675774E-02, -0.0000000000000000E+00
  40,  18,  51,  1.5142540794675774E-02, -0.0000000000000000E+00
  40,  18,  52,  1.5142540794675774E-02, -0.0000000000000000E+00
  40,  18,  53,  1.5142540794675774E-02, -0.0000000000000000E+00
  40,  18,  54,  1.5142540794675774E-02, -0.0000000000000000E+00
  40,  18,  55,  1.5142540794675774E-02, -0.0000000000000000E+00
  40,  18,  56,  1.5142540794675774E-02, -0.0000000000000000E+00
  40,  18,  57,  1.5142540794675774E-02, -0.0000000000000000E+00
  40,  18,  58,  1.5142540794675774E-02, -0.0000000000000000E+00
  40,  18,  59,  1.5142540794675774E-02, -0.0000000000000000E+00
  40,  18,  60,  1.5142540794675774E-02, -0.0000000000000000E+00
  40,  18,  61,  1.5142540794675774E-02, -0.0000000000000000E+00
  40,  18,  62,  1.5142540794675774E-02, -0.0000000000000000E+00
  40,  18,  63,  1.5142540794675774E-02, -0.0000000000000000E+00
  40,  18,  64,  1.5142540794675774E-02, -0.0000000000000000E+00
  40,  18,  65,  1.5142540794675774E-02, -0.0000000000000000E+00
  40,  18,  66,  1.5142540794675774E-02, -0.0000000000000000E+00
  40,  18,  67,  1.5142540794675774E-02, -0.0000000000000000E+00
  40,  18,  68,  1.5142540794675774E-02, -0.0000000000000000E+00
  40,  18,  69,  1.5142540794675774E-02, -0.0000000000000000E+00
  40,  18,  70,  1.5142540794675774E-02, -0.0000000000000000E+00
  40,  18,  71,  1.5142540794675774E-02, -0.0000000000000000E+00
  40,  18,  72,  1.5142540794675774E-02, -0.0000000000000000E+00
  40,  18,  73,  1.5142540794675774E-02, -0.0000000000000000E+00
  40,  18,  74,  1.5142540794675774E-02, -0.0000000000000000E+00
  40,  18,  75,  1.5142540794675774E-02, -0.0000000000000000E+00
  40,  18,  76,  1.5142540794675774E-02, -0.0000000000000000E+00
  40,  18,  77,  1.5142540794675774E-02, -0.0000000000000000E+00
  40,  18,  78,  1.5142540794675774E-02, -0.0000000000000000E+00
  40,  18,  79,  1.5142540794675774E-02, -0.0000000000000000E+00
  40,  18,  80,  1.5142540794675774E-02, -0.0000000000000000E+00
  40,  19,   1,  1.2732395447351628E+00, -0.0000000000000000E+00
  40,  19,   2,  1.2732395447351628E+00, -0.0000000000000000E+00
  40,  19,   3,  1.2732395447351628E+00, -0.0000000000000000E+00
  40,  19,   4,  1.2732395447351628E+00, -0.0000000000000000E+00
  40,  19,   5,  1.2732395447351628E+00, -0.0000000000000000E+00
  40,  19,   6,  1.2732395447351628E+00, -0.0000000000000000E+00
  40,  19,   7,  1.2732395447351628E+00, -0.0000000000000000E+00
  40,  19,   8,  1.2732395447351628E+00, -0.0000000000000000E+00
  40,  19,   9,  1.2732395447351628E+00, -0.0000000000000000E+00
  40,  19,  10,  1.2732395447351628E+00, -0.0000000000000000E+00
  40,  19,  11,  1.2732395447351628E+00, -0.0000000000000000E+00
  40,  19,  12,  1.2732395447351628E+00, -0.0000000000000000E+00
  40,  19,  13,  1.2732395447351628E+00, -0.0000000000000000E+00
  40,  19,  14,  1.2732395447351628E+00, -0.0000000000000000E+00
  40,  19,  15,  1.2732395447351628E+00, -0.0000000000000000E+00
  40,  19,  16,  1.2732395447351628E+00, -0.0000000000000000E+00
  40,  19,  17,  1.2732395447351628E+00, -0.0000000000000000E+00
  40,  19,  18,  1.2732395447351628E+00,  3.1422886734556234E-04
  40,  19,  19,  1.2732395447351628E+00, -2.1871401007414231E-02
  40,  19,  20,  1.2732395447351628E+00, -3.1408966337239633E-04
  40,  19,  21,  1.2732395447351628E+00, -0.0000000000000000E+00
  40,  19,  22,  1.2732395447351628E+00, -0.0000000000000000E+00
  40,  19,  23,  1.2732395447351628E+00, -0.0000000000000000E+00
  40,  19,  24,  1.2732395447351628E+00, -0.0000000000000000E+00
  40,  19,  25,  1.2732395447351628E+00, -0.0000000000000000E+00
  40,  19,  26,  1.2732395447351628E+00, -0.0000000000000000E+00
  40,  19,  27,  1.2732395447351628E+00, -0.0000000000000000E+00
  40,  19,  28,  1.2732395447351628E+00, -0.0000000000000000E+00
  40,  19,  29,  1.2732395447351628E+00, -0.0000000000000000E+00
  40,  19,  30,  1.2732395447351628E+00, -0.0000000000000000E+00
  40,  19,  31,  1.2732395447351628E+00, -0.0000000000000000E+00
  40,  19,  32,  1.2732395447351628E+00, -0.0000000000000000E+00
  40,  19,  33,  1.2732395447351628E+00, -0.0000000000000000E+00
  40,  19,  34,  1.2732395447351628E+00, -0.0000000000000000E+00
  40,  19,  35,  1.2732395447351628E+00, -0.0000000000000000E+00
  40,  19,  36,  1.2732395447351628E+00, -0.0000000000000000E+00
  40,  19,  37,  1.2732395447351628E+00, -0.0000000000000000E+00
  40,  19,  38,  1.2732395447351628E+00, -0.0000000000000000E+00
  40,  19,  39,  1.2732395447351628E+00, -0.0000000000000000E+00
  40,  19,  40,  1.2732395447351628E+00, -0.0000000000000000E+00
  40,  19,  41,  1.2732395447351628E+00, -0.0000000000000000E+00
  40,  19,  42,  1.2732395447351628E+00, -0.0000000000000000E+00
  40,  19,  43,  1.2732395447351628E+00, -0.0000000000000000E+00
  40,  19,  44,  1.2732395447351628E+00, -0.0000000000000000E+00
  40,  19,  45,  1.2732395447351628E+00, -0.0000000000000000E+00
  40,  19,  46,  1.2732395447351628E+00, -0.0000000000000000E+00
  40,  19,  47,  1.2732395447351628E+00, -0.0000000000000000E+00
  40,  19,  48,  1.2732395447351628E+00, -0.0000000000000000E+00
  40,  19,  49,  1.2732395447351628E+00, -0.0000000000000000E+00
  40,  19,  50,  1.2732395447351628E+00, -0.0000000000000000E+00
  40,  19,  51,  1.2732395447351628E+00, -0.0000000000000000E+00
  40,  19,  52,  1.2732395447351628E+00, -0.0000000000000000E+00
  40,  19,  53,  1.2732395447351628E+00, -0.0000000000000000E+00
  40,  19,  54,  1.2732395447351628E+00, -0.0000000000000000E+00
  40,  19,  55,  1.2732395447351628E+00, -0.0000000000000000E+00
  40,  19,  56,  1.2732395447351628E+00, -0.0000000000000000E+00
  40,  19,  57,  1.2732395447351628E+00, -0.0000000000000000E+00
  40,  19,  58,  1.2732395447351628E+00, -0.0000000000000000E+00
  40,  19,  59,  1.2732395447351628E+00, -0.0000000000000000E+00
  40,  19,  60,  1.2732395447351628E+00, -0.0000000000000000E+00
  40,  19,  61,  1.2732395447351628E+00, -0.0000000000000000E+00
  40,  19,  62,  1.2732395447351628E+00, -0.0000000000000000E+00
  40,  19,  63,  1.2732395447351628E+00, -0.0000000000000000E+00
  40,  19,  64,  1.2732395447351628E+00, -0.0000000000000000E+00
  40,  19,  65,  1.2732395447351628E+00, -0.0000000000000000E+00
  40,  19,  66,  1.2732395447351628E+00, -0.0000000000000000E+00
  40,  19,  67,  1.2732395447351628E+00, -0.0000000000000000E+00
  40,  19,  68,  1.2732395447351628E+00, -0.0000000000000000E+00
  40,  19,  69,  1.2732395447351628E+00, -0.0000000000000000E+00
  40,  19,  70,  1.2732395447351628E+00, -0.0000000000000000E+00
  40,  19,  71,  1.2732395447351628E+00, -0.0000000000000000E+00
  40,  19,  72,  1.2732395447351628E+00, -0.0000000000000000E+00
  40,  19,  73,  1.2732395447351628E+00, -0.0000000000000000E+00
  40,  19,  74,  1.2732395447351628E+00, -0.0000000000000000E+00
  40,  19,  75,  1.2732395447351628E+00, -0.0000000000000000E+00
  40,  19,  76,  1.2732395447351628E+00, -0.0000000000000000E+00
  40,  19,  77,  1.2732395447351628E+00, -0.0000000000000000E+00
  40,  19,  78,  1.2732395447351628E+00, -0.0000000000000000E+00
  40,  19,  79,  1.2732395447351628E+00, -0.0000000000000000E+00
  40,  19,  80,  1.2732395447351628E+00, -0.0000000000000000E+00
  40,  20,   1,  1.5142540794675774E-02, -0.0000000000000000E+00
  40,  20,   2,  1.5142540794675774E-02, -0.0000000000000000E+00
  40,  20,   3,  1.5142540794675774E-02, -0.0000000000000000E+00
  40,  20,   4,  1.5142540794675774E-02, -0.0000000000000000E+00
  40,  20,   5,  1.5142540794675774E-02, -0.0000000000000000E+00
  40,  20,   6,  1.5142540794675774E-02, -0.0000000000000000E+00
  40,  20,   7,  1.5142540794675774E-02, -0.0000000000000000E+00
  40,  20,   8,  1.5142540794675774E-02, -0.0000000000000000E+00
  40,  20,   9,  1.5142540794675774E-02, -0.0000000000000000E+00
  40,  20,  10,  1.5142540794675774E-02, -0.0000000000000000E+00
  40,  20,  11,  1.5142540794675774E-02, -0.0000000000000000E+00
  40,  20,  12,  1.5142540794675774E-02, -0.0000000000000000E+00
  40,  20,  13,  1.5142540794675774E-02, -0.0000000000000000E+00
  40,  20,  14,  1.5142540794675774E-02, -0.0000000000000000E+00
  40,  20,  15,  1.5142540794675774E-02, -0.0000000000000000E+00
  40,  20,  16,  1.5142540794675774E-02, -0.0000000000000000E+00
  40,  20,  17,  1.5142540794675774E-02, -0.0000000000000000E+00
  40,  20,  18,  1.5142540794675774E-02, -0.0000000000000000E+00
  40,  20,  19,  1.5142540794675774E-02,  6.6039115466778682E+01
  40,  20,  20,  1.5142540794675774E-02, -0.0000000000000000E+00
  40,  20,  21,  1.5142540794675774E-02, -6.6039115466778682E+01
  40,  20,  22,  1.5142540794675774E-02, -0.0000000000000000E+00
  40,  20,  23,  1.5142540794675774E-02, -0.0000000000000000E+00
  40,  20,  24,  1.5142540794675774E-02, -0.0000000000000000E+00
  40,  20,  25,  1.5142540794675774E-02, -0.0000000000000000E+00
  40,  20,  26,  1.5142540794675774E-02, -0.0000000000000000E+00
  40,  20,  27,  1.5142540794675774E-02, -0.0000000000000000E+00
  40,  20,  28,  1.5142540794675774E-02, -0.0000000000000000E+00
  40,  20,  29,  1.5142540794675774E-02, -0.0000000000000000E+00
  40,  20,  30,  1.5142540794675774E-02, -0.0000000000000000E+00
  40,  20,  31,  1.5142540794675774E-02, -0.0000000000000000E+00
  40,  20,  32,  1.5142540794675774E-02, -0.0000000000000000E+00
  40,  20,  33,  1.5142540794675774E-02, -0.0000000000000000E+00
  40,  20,  34,  1.5142540794675774E-02, -0.0000000000000000E+00
  40,  20,  35,  1.5142540794675774E-02, -0.0000000000000000E+00
  40,  20,  36,  1.5142540794675774E-02, -0.0000000000000000E+00
  40,  20,  37,  1.5142540794675774E-02, -0.0000000000000000E+00
  40,  20,  38,  1.5142540794675774E-02, -0.0000000000000000E+00
  40,  20,  39,  1.5142540794675774E-02, -0.0000000000000000E+00
  40,  20,  40,  1.5142540794675774E-02, -0.0000000000000000E+00
  40,  20,  41,  1.5142540794675774E-02, -0.0000000000000000E+00
  40,  20,  42,  1.5142540794675774E-02, -0.0000000000000000E+00
  40,  20,  43,  1.5142540794675774E-02, -0.0000000000000000E+00
  40,  20,  44,  1.5142540794675774E-02, -0.0000000000000000E+00
  40,  20,  45,  1.5142540794675774E-02, -0.0000000000000000E+00
  40,  20,  46,  1.5142540794675774E-02, -0.0000000000000000E+00
  40,  20,  47,  1.5142540794675774E-02, -0.0000000000000000E+00
  40,  20,  48,  1.5142540794675774E-02, -0.0000000000000000E+00
  40,  20,  49,  1.5142540794675774E-02, -0.0000000000000000E+00
  40,  20,  50,  1.5142540794675774E-02, -0.0000000000000000E+00
  40,  20,  51,  1.5142540794675774E-02, -0.0000000000000000E+00
  40,  20,  52,  1.5142540794675774E-02, -0.0000000000000000E+00
  40,  20,  53,  1.5142540794675774E-02, -0.0000000000000000E+00
  40,  20,  54,  1.5142540794675774E-02, -0.0000000000000000E+00
  40,  20,  55,  1.5142540794675774E-02, -0.0000000000000000E+00
  40,  20,  56,  1.5142540794675774E-02, -0.0000000000000000E+00
  40,  20,  57,  1.5142540794675774E-02, -0.0000000000000000E+00
  40,  20,  58,  1.5142540794675774E-02, -0.0000000000000000E+00
  40,  20,  59,  1.5142540794675774E-02, -0.0000000000000000E+00
  40,  20,  60,  1.5142540794675774E-02, -0.0000000000000000E+00
  40,  20,  61,  1.5142540794675774E-02, -0.0000000000000000E+00
  40,  20,  62,  1.5142540794675774E-02, -0.0000000000000000E+00
  40,  20,  63,  1.5142540794675774E-02, -0.0000000000000000E+00
  40,  20,  64,  1.5142540794675774E-02, -0.0000000000000000E+00
  40,  20,  65,  1.5142540794675774E-02, -0.0000000000000000E+00
  40,  20,  66,  1.5142540794675774E-02, -0.0000000000000000E+00
  40,  20,  67,  1.5142540794675774E-02, -0.0000000000000000E+00
  40,  20,  68,  1.5142540794675774E-02, -0.0000000000000000E+00
  40,  20,  69,  1.5142540794675774E-02, -0.0000000000000000E+00
  40,  20,  70,  1.5142540794675774E-02, -0.0000000000000000E+00
  40,  20,  71,  1.5142540794675774E-02, -0.0000000000000000E+00
  40,  20,  72,  1.5142540794675774E-02, -0.0000000000000000E+00
  40,  20,  73,  1.5142540794675774E-02, -0.0000000000000000E+00
  40,  20,  74,  1.5142540794675774E-02, -0.0000000000000000E+00
  40,  20,  75,  1.5142540794675774E-02, -0.0000000000000000E+00
  40,  20,  76,  1.5142540794675774E-02, -0.0000000000000000E+00
  40,  20,  77,  1.5142540794675774E-02, -0.0000000000000000E+00
  40,  20,  78,  1.5142540794675774E-02, -0.0000000000000000E+00
  40,  20,  79,  1.5142540794675774E-02, -0.0000000000000000E+00
  40,  20,  80,  1.5142540794675774E-02, -0.0000000000000000E+00
  40,  21,   1,  1.2732395447351628E+00, -0.0000000000000000E+00
  40,  21,   2,  1.2732395447351628E+00, -0.0000000000000000E+00
  40,  21,   3,  1.2732395447351628E+00, -0.0000000000000000E+00
  40,  21,   4,  1.2732395447351628E+00, -0.0000000000000000E+00
  40,  21,   5,  1.2732395447351628E+00, -0.0000000000000000E+00
  40,  21,   6,  1.2732395447351628E+00, -0.0000000000000000E+00
  40,  21,   7,  1.2732395447351628E+00, -0.0000000000000000E+00
  40,  21,   8,  1.2732395447351628E+00, -0.0000000000000000E+00
  40,  21,   9,  1.2732395447351628E+00, -0.0000000000000000E+00
  40,  21,  10,  1.2732395447351628E+00, -0.0000000000000000E+00
  40,  21,  11,  1.2732395447351628E+00, -0.0000000000000000E+00
  40,  21,  12,  1.2732395447351628E+00, -0.0000000000000000E+00
  40,  21,  13,  1.2732395447351628E+00, -0.0000000000000000E+00
  40,  21,  14,  1.2732395447351628E+00, -0.0000000000000000E+00
  40,  21,  15,  1.2732395447351628E+00, -0.0000000000000000E+00
  40,  21,  16,  1.2732395447351628E+00, -0.0000000000000000E+00
  40,  21,  17,  1.2732395447351628E+00, -0.0000000000000000E+00
  40,  21,  18,  1.2732395447351628E+00, -0.0000000000000000E+00
  40,  21,  19,  1.2732395447351628E+00, -0.0000000000000000E+00
  40,  21,  20,  1.2732395447351628E+00,  3.1422892908155751E-04
  40,  21,  21,  1.2732395447351628E+00, -2.1881098671893109E-02
  40,  21,  22,  1.2732395447351628E+00, -3.1408960163640111E-04
  40,  21,  23,  1.2732395447351628E+00, -0.0000000000000000E+00
  40,  21,  24,  1.2732395447351628E+00, -0.0000000000000000E+00
  40,  21,  25,  1.2732395447351628E+00, -0.0000000000000000E+00
  40,  21,  26,  1.2732395447351628E+00, -0.0000000000000000E+00
  40,  21,  27,  1.2732395447351628E+00, -0.0000000000000000E+00
  40,  21,  28,  1.2732395447351628E+00, -0.0000000000000000E+00
  40,  21,  29,  1.2732395447351628E+00, -0.0000000000000000E+00
  40,  21,  30,  1.2732395447351628E+00, -0.0000000000000000E+00
  40,  21,  31,  1.2732395447351628E+00, -0.0000000000000000E+00
  40,  21,  32,  1.2732395447351628E+00, -0.0000000000000000E+00
  40,  21,  33,  1.2732395447351628E+00, -0.0000000000000000E+00
  40,  21,  34,  1.2732395447351628E+00, -0.0000000000000000E+00
  40,  21,  35,  1.2732395447351628E+00, -0.0000000000000000E+00
  40,  21,  36,  1.2732395447351628E+00, -0.0000000000000000E+00
  40,  21,  37,  1.2732395447351628E+00, -0.0000000000000000E+00
  40,  21,  38,  1.2732395447351628E+00, -0.0000000000000000E+00
  40,  21,  39,  1.2732395447351628E+00, -0.0000000000000000E+00
  40,  21,  40,  1.2732395447351628E+00, -0.0000000000000000E+00
  40,  21,  41,  1.2732395447351628E+00, -0.0000000000000000E+00
  40,  21,  42,  1.2732395447351628E+00, -0.0000000000000000E+00
  40,  21,  43,  1.2732395447351628E+00, -0.0000000000000000E+00
  40,  21,  44,  1.2732395447351628E+00, -0.0000000000000000E+00
  40,  21,  45,  1.2732395447351628E+00, -0.0000000000000000E+00
  40,  21,  46,  1.2732395447351628E+00, -0.0000000000000000E+00
  40,  21,  47,  1.2732395447351628E+00, -0.0000000000000000E+00
  40,  21,  48,  1.2732395447351628E+00, -0.0000000000000000E+00
  40,  21,  49,  1.2732395447351628E+00, -0.0000000000000000E+00
  40,  21,  50,  1.2732395447351628E+00, -0.0000000000000000E+00
  40,  21,  51,  1.2732395447351628E+00, -0.0000000000000000E+00
  40,  21,  52,  1.2732395447351628E+00, -0.0000000000000000E+00
  40,  21,  53,  1.2732395447351628E+00, -0.0000000000000000E+00
  40,  21,  54,  1.2732395447351628E+00, -0.0000000000000000E+00
  40,  21,  55,  1.2732395447351628E+00, -0.0000000000000000E+00
  40,  21,  56,  1.2732395447351628E+00, -0.0000000000000000E+00
  40,  21,  57,  1.2732395447351628E+00, -0.0000000000000000E+00
  40,  21,  58,  1.2732395447351628E+00, -0.0000000000000000E+00
  40,  21,  59,  1.2732395447351628E+00, -0.0000000000000000E+00
  40,  21,  60,  1.2732395447351628E+00, -0.0000000000000000E+00
  40,  21,  61,  1.2732395447351628E+00, -0.0000000000000000E+00
  40,  21,  62,  1.2732395447351628E+00, -0.0000000000000000E+00
  40,  21,  63,  1.2732395447351628E+00, -0.0000000000000000E+00
  40,  21,  64,  1.2732395447351628E+00, -0.0000000000000000E+00
  40,  21,  65,  1.2732395447351628E+00, -0.0000000000000000E+00
  40,  21,  66,  1.2732395447351628E+00, -0.0000000000000000E+00
  40,  21,  67,  1.2732395447351628E+00, -0.0000000000000000E+00
  40,  21,  68,  1.2732395447351628E+00, -0.0000000000000000E+00
  40,  21,  69,  1.2732395447351628E+00, -0.0000000000000000E+00
  40,  21,  70,  1.2732395447351628E+00, -0.0000000000000000E+00
  40,  21,  71,  1.2732395447351628E+00, -0.0000000000000000E+00
  40,  21,  72,  1.2732395447351628E+00, -0.0000000000000000E+00
  40,  21,  73,  1.2732395447351628E+00, -0.0000000000000000E+00
  40,  21,  74,  1.2732395447351628E+00, -0.0000000000000000E+00
  40,  21,  75,  1.2732395447351628E+00, -0.0000000000000000E+00
  40,  21,  76,  1.2732395447351628E+00, -0.0000000000000000E+00
  40,  21,  77,  1.2732395447351628E+00, -0.0000000000000000E+00
  40,  21,  78,  1.2732395447351628E+00, -0.0000000000000000E+00
  40,  21,  79,  1.2732395447351628E+00, -0.0000000000000000E+00
  40,  21,  80,  1.2732395447351628E+00, -0.0000000000000000E+00
  40,  22,   1,  1.5142540794675774E-02, -0.0000000000000000E+00
  40,  22,   2,  1.5142540794675774E-02, -0.0000000000000000E+00
  40,  22,   3,  1.5142540794675774E-02, -0.0000000000000000E+00
  40,  22,   4,  1.5142540794675774E-02, -0.0000000000000000E+00
  40,  22,   5,  1.5142540794675774E-02, -0.0000000000000000E+00
  40,  22,   6,  1.5142540794675774E-02, -0.0000000000000000E+00
  40,  22,   7,  1.5142540794675774E-02, -0.0000000000000000E+00
  40,  22,   8,  1.5142540794675774E-02, -0.0000000000000000E+00
  40,  22,   9,  1.5142540794675774E-02, -0.0000000000000000E+00
  40,  22,  10,  1.5142540794675774E-02, -0.0000000000000000E+00
  40,  22,  11,  1.5142540794675774E-02, -0.0000000000000000E+00
  40,  22,  12,  1.5142540794675774E-02, -0.0000000000000000E+00
  40,  22,  13,  1.5142540794675774E-02, -0.0000000000000000E+00
  40,  22,  14,  1.5142540794675774E-02, -0.0000000000000000E+00
  40,  22,  15,  1.5142540794675774E-02, -0.0000000000000000E+00
  40,  22,  16,  1.5142540794675774E-02, -0.0000000000000000E+00
  40,  22,  17,  1.5142540794675774E-02, -0.0000000000000000E+00
  40,  22,  18,  1.5142540794675774E-02, -0.0000000000000000E+00
  40,  22,  19,  1.5142540794675774E-02, -0.0000000000000000E+00
  40,  22,  20,  1.5142540794675774E-02, -0.0000000000000000E+00
  40,  22,  21,  1.5142540794675774E-02,  6.6039115466778682E+01
  40,  22,  22,  1.5142540794675774E-02, -0.0000000000000000E+00
  40,  22,  23,  1.5142540794675774E-02, -6.6039115466778682E+01
  40,  22,  24,  1.5142540794675774E-02, -0.0000000000000000E+00
  40,  22,  25,  1.5142540794675774E-02, -0.0000000000000000E+00
  40,  22,  26,  1.5142540794675774E-02, -0.0000000000000000E+00
  40,  22,  27,  1.5142540794675774E-02, -0.0000000000000000E+00
  40,  22,  28,  1.5142540794675774E-02, -0.0000000000000000E+00
  40,  22,  29,  1.5142540794675774E-02, -0.0000000000000000E+00
  40,  22,  30,  1.5142540794675774E-02, -0.0000000000000000E+00
  40,  22,  31,  1.5142540794675774E-02, -0.0000000000000000E+00
  40,  22,  32,  1.5142540794675774E-02, -0.0000000000000000E+00
  40,  22,  33,  1.5142540794675774E-02, -0.0000000000000000E+00
  40,  22,  34,  1.5142540794675774E-02, -0.0000000000000000E+00
  40,  22,  35,  1.5142540794675774E-02, -0.0000000000000000E+00
  40,  22,  36,  1.5142540794675774E-02, -0.0000000000000000E+00
  40,  22,  37,  1.5142540794675774E-02, -0.0000000000000000E+00
  40,  22,  38,  1.5142540794675774E-02, -0.0000000000000000E+00
  40,  22,  39,  1.5142540794675774E-02, -0.0000000000000000E+00
  40,  22,  40,  1.5142540794675774E-02, -0.0000000000000000E+00
  40,  22,  41,  1.5142540794675774E-02, -0.0000000000000000E+00
  40,  22,  42,  1.5142540794675774E-02, -0.0000000000000000E+00
  40,  22,  43,  1.5142540794675774E-02, -0.0000000000000000E+00
  40,  22,  44,  1.5142540794675774E-02, -0.0000000000000000E+00
  40,  22,  45,  1.5142540794675774E-02, -0.0000000000000000E+00
  40,  22,  46,  1.5142540794675774E-02, -0.0000000000000000E+00
  40,  22,  47,  1.5142540794675774E-02, -0.0000000000000000E+00
  40,  22,  48,  1.5142540794675774E-02, -0.0000000000000000E+00
  40,  22,  49,  1.5142540794675774E-02, -0.0000000000000000E+00
  40,  22,  50,  1.5142540794675774E-02, -0.0000000000000000E+00
  40,  22,  51,  1.5142540794675774E-02, -0.0000000000000000E+00
  40,  22,  52,  1.5142540794675774E-02, -0.0000000000000000E+00
  40,  22,  53,  1.5142540794675774E-02, -0.0000000000000000E+00
  40,  22,  54,  1.5142540794675774E-02, -0.0000000000000000E+00
  40,  22,  55,  1.5142540794675774E-02, -0.0000000000000000E+00
  40,  22,  56,  1.5142540794675774E-02, -0.0000000000000000E+00
  40,  22,  57,  1.5142540794675774E-02, -0.0000000000000000E+00
  40,  22,  58,  1.5142540794675774E-02, -0.0000000000000000E+00
  40,  22,  59,  1.5142540794675774E-02, -0.0000000000000000E+00
  40,  22,  60,  1.5142540794675774E-02, -0.0000000000000000E+00
  40,  22,  61,  1.5142540794675774E-02, -0.0000000000000000E+00
  40,  22,  62,  1.5142540794675774E-02, -0.0000000000000000E+00
  40,  22,  63,  1.5142540794675774E-02, -0.0000000000000000E+00
  40,  22,  64,  1.5142540794675774E-02, -0.0000000000000000E+00
  40,  22,  65,  1.5142540794675774E-02, -0.0000000000000000E+00
  40,  22,  66,  1.5142540794675774E-02, -0.0000000000000000E+00
  40,  22,  67,  1.5142540794675774E-02, -0.0000000000000000E+00
  40,  22,  68,  1.5142540794675774E-02, -0.0000000000000000E+00
  40,  22,  69,  1.5142540794675774E-02, -0.0000000000000000E+00
  40,  22,  70,  1.5142540794675774E-02, -0.0000000000000000E+00
  40,  22,  71,  1.5142540794675774E-02, -0.0000000000000000E+00
  40,  22,  72,  1.5142540794675774E-02, -0.0000000000000000E+00
  40,  22,  73,  1.5142540794675774E-02, -0.0000000000000000E+00
  40,  22,  74,  1.5142540794675774E-02, -0.0000000000000000E+00
  40,  22,  75,  1.5142540794675774E-02, -0.0000000000000000E+00
  40,  22,  76,  1.5142540794675774E-02, -0.0000000000000000E+00
  40,  22,  77,  1.5142540794675774E-02, -0.0000000000000000E+00
  40,  22,  78,  1.5142540794675774E-02, -0.0000000000000000E+00
  40,  22,  79,  1.5142540794675774E-02, -0.0000000000000000E+00
  40,  22,  80,  1.5142540794675774E-02, -0.0000000000000000E+00
  40,  23,   1,  1.2732395447351628E+00, -0.0000000000000000E+00
  40,  23,   2,  1.2732395447351628E+00, -0.0000000000000000E+00
  40,  23,   3,  1.2732395447351628E+00, -0.0000000000000000E+00
  40,  23,   4,  1.2732395447351628E+00, -0.0000000000000000E+00
  40,  23,   5,  1.2732395447351628E+00, -0.0000000000000000E+00
  40,  23,   6,  1.2732395447351628E+00, -0.0000000000000000E+00
  40,  23,   7,  1.2732395447351628E+00, -0.0000000000000000E+00
  40,  23,   8,  1.2732395447351628E+00, -0.0000000000000000E+00
  40,  23,   9,  1.2732395447351628E+00, -0.0000000000000000E+00
  40,  23,  10,  1.2732395447351628E+00, -0.0000000000000000E+00
  40,  23,  11,  1.2732395447351628E+00, -0.0000000000000000E+00
  40,  23,  12,  1.2732395447351628E+00, -0.0000000000000000E+00
  40,  23,  13,  1.2732395447351628E+00, -0.0000000000000000E+00
  40,  23,  14,  1.2732395447351628E+00, -0.0000000000000000E+00
  40,  23,  15,  1.2732395447351628E+00, -0.0000000000000000E+00
  40,  23,  16,  1.2732395447351628E+00, -0.0000000000000000E+00
  40,  23,  17,  1.2732395447351628E+00, -0.0000000000000000E+00
  40,  23,  18,  1.2732395447351628E+00, -0.0000000000000000E+00
  40,  23,  19,  1.2732395447351628E+00, -0.0000000000000000E+00
  40,  23,  20,  1.2732395447351628E+00, -0.0000000000000000E+00
  40,  23,  21,  1.2732395447351628E+00, -0.0000000000000000E+00
  40,  23,  22,  1.2732395447351628E+00,  3.1422899092716785E-04
  40,  23,  23,  1.2732395447351628E+00, -2.1890809247503223E-02
  40,  23,  24,  1.2732395447351628E+00, -3.1408953979079082E-04
  40,  23,  25,  1.2732395447351628E+00, -0.0000000000000000E+00
  40,  23,  26,  1.2732395447351628E+00, -0.0000000000000000E+00
  40,  23,  27,  1.2732395447351628E+00, -0.0000000000000000E+00
  40,  23,  28,  1.2732395447351628E+00, -0.0000000000000000E+00
  40,  23,  29,  1.2732395447351628E+00, -0.0000000000000000E+00
  40,  23,  30,  1.2732395447351628E+00, -0.0000000000000000E+00
  40,  23,  31,  1.2732395447351628E+00, -0.0000000000000000E+00
  40,  23,  32,  1.2732395447351628E+00, -0.0000000000000000E+00
  40,  23,  33,  1.2732395447351628E+00, -0.0000000000000000E+00
  40,  23,  34,  1.2732395447351628E+00, -0.0000000000000000E+00
  40,  23,  35,  1.2732395447351628E+00, -0.0000000000000000E+00
  40,  23,  36,  1.2732395447351628E+00, -0.0000000000000000E+00
  40,  23,  37,  1.2732395447351628E+00, -0.0000000000000000E+00
  40,  23,  38,  1.2732395447351628E+00, -0.0000000000000000E+00
  40,  23,  39,  1.2732395447351628E+00, -0.0000000000000000E+00
  40,  23,  40,  1.2732395447351628E+00, -0.0000000000000000E+00
  40,  23,  41,  1.2732395447351628E+00, -0.0000000000000000E+00
  40,  23,  42,  1.2732395447351628E+00, -0.0000000000000000E+00
  40,  23,  43,  1.2732395447351628E+00, -0.0000000000000000E+00
  40,  23,  44,  1.2732395447351628E+00, -0.0000000000000000E+00
  40,  23,  45,  1.2732395447351628E+00, -0.0000000000000000E+00
  40,  23,  46,  1.2732395447351628E+00, -0.0000000000000000E+00
  40,  23,  47,  1.2732395447351628E+00, -0.0000000000000000E+00
  40,  23,  48,  1.2732395447351628E+00, -0.0000000000000000E+00
  40,  23,  49,  1.2732395447351628E+00, -0.0000000000000000E+00
  40,  23,  50,  1.2732395447351628E+00, -0.0000000000000000E+00
  40,  23,  51,  1.2732395447351628E+00, -0.0000000000000000E+00
  40,  23,  52,  1.2732395447351628E+00, -0.0000000000000000E+00
  40,  23,  53,  1.2732395447351628E+00, -0.0000000000000000E+00
  40,  23,  54,  1.2732395447351628E+00, -0.0000000000000000E+00
  40,  23,  55,  1.2732395447351628E+00, -0.0000000000000000E+00
  40,  23,  56,  1.2732395447351628E+00, -0.0000000000000000E+00
  40,  23,  57,  1.2732395447351628E+00, -0.0000000000000000E+00
  40,  23,  58,  1.2732395447351628E+00, -0.0000000000000000E+00
  40,  23,  59,  1.2732395447351628E+00, -0.0000000000000000E+00
  40,  23,  60,  1.2732395447351628E+00, -0.0000000000000000E+00
  40,  23,  61,  1.2732395447351628E+00, -0.0000000000000000E+00
  40,  23,  62,  1.2732395447351628E+00, -0.0000000000000000E+00
  40,  23,  63,  1.2732395447351628E+00, -0.0000000000000000E+00
  40,  23,  64,  1.2732395447351628E+00, -0.0000000000000000E+00
  40,  23,  65,  1.2732395447351628E+00, -0.0000000000000000E+00
  40,  23,  66,  1.2732395447351628E+00, -0.0000000000000000E+00
  40,  23,  67,  1.2732395447351628E+00, -0.0000000000000000E+00
  40,  23,  68,  1.2732395447351628E+00, -0.0000000000000000E+00
  40,  23,  69,  1.2732395447351628E+00, -0.0000000000000000E+00
  40,  23,  70,  1.2732395447351628E+00, -0.0000000000000000E+00
  40,  23,  71,  1.2732395447351628E+00, -0.0000000000000000E+00
  40,  23,  72,  1.2732395447351628E+00, -0.0000000000000000E+00
  40,  23,  73,  1.2732395447351628E+00, -0.0000000000000000E+00
  40,  23,  74,  1.2732395447351628E+00, -0.0000000000000000E+00
  40,  23,  75,  1.2732395447351628E+00, -0.0000000000000000E+00
  40,  23,  76,  1.2732395447351628E+00, -0.0000000000000000E+00
  40,  23,  77,  1.2732395447351628E+00, -0.0000000000000000E+00
  40,  23,  78,  1.2732395447351628E+00, -0.0000000000000000E+00
  40,  23,  79,  1.2732395447351628E+00, -0.0000000000000000E+00
  40,  23,  80,  1.2732395447351628E+00, -0.0000000000000000E+00
  40,  24,   1,  1.5142540794675774E-02, -0.0000000000000000E+00
  40,  24,   2,  1.5142540794675774E-02, -0.0000000000000000E+00
  40,  24,   3,  1.5142540794675774E-02, -0.0000000000000000E+00
  40,  24,   4,  1.5142540794675774E-02, -0.0000000000000000E+00
  40,  24,   5,  1.5142540794675774E-02, -0.0000000000000000E+00
  40,  24,   6,  1.5142540794675774E-02, -0.0000000000000000E+00
  40,  24,   7,  1.5142540794675774E-02, -0.0000000000000000E+00
  40,  24,   8,  1.5142540794675774E-02, -0.0000000000000000E+00
  40,  24,   9,  1.5142540794675774E-02, -0.0000000000000000E+00
  40,  24,  10,  1.5142540794675774E-02, -0.0000000000000000E+00
  40,  24,  11,  1.5142540794675774E-02, -0.0000000000000000E+00
  40,  24,  12,  1.5142540794675774E-02, -0.0000000000000000E+00
  40,  24,  13,  1.5142540794675774E-02, -0.0000000000000000E+00
  40,  24,  14,  1.5142540794675774E-02, -0.0000000000000000E+00
  40,  24,  15,  1.5142540794675774E-02, -0.0000000000000000E+00
  40,  24,  16,  1.5142540794675774E-02, -0.0000000000000000E+00
  40,  24,  17,  1.5142540794675774E-02, -0.0000000000000000E+00
  40,  24,  18,  1.5142540794675774E-02, -0.0000000000000000E+00
  40,  24,  19,  1.5142540794675774E-02, -0.0000000000000000E+00
  40,  24,  20,  1.5142540794675774E-02, -0.0000000000000000E+00
  40,  24,  21,  1.5142540794675774E-02, -0.0000000000000000E+00
  40,  24,  22,  1.5142540794675774E-02, -0.0000000000000000E+00
  40,  24,  23,  1.5142540794675774E-02,  6.6039115466778682E+01
  40,  24,  24,  1.5142540794675774E-02, -0.0000000000000000E+00
  40,  24,  25,  1.5142540794675774E-02, -6.6039115466778682E+01
  40,  24,  26,  1.5142540794675774E-02, -0.0000000000000000E+00
  40,  24,  27,  1.5142540794675774E-02, -0.0000000000000000E+00
  40,  24,  28,  1.5142540794675774E-02, -0.0000000000000000E+00
  40,  24,  29,  1.5142540794675774E-02, -0.0000000000000000E+00
  40,  24,  30,  1.5142540794675774E-02, -0.0000000000000000E+00
  40,  24,  31,  1.5142540794675774E-02, -0.0000000000000000E+00
  40,  24,  32,  1.5142540794675774E-02, -0.0000000000000000E+00
  40,  24,  33,  1.5142540794675774E-02, -0.0000000000000000E+00
  40,  24,  34,  1.5142540794675774E-02, -0.0000000000000000E+00
  40,  24,  35,  1.5142540794675774E-02, -0.0000000000000000E+00
  40,  24,  36,  1.5142540794675774E-02, -0.0000000000000000E+00
  40,  24,  37,  1.5142540794675774E-02, -0.0000000000000000E+00
  40,  24,  38,  1.5142540794675774E-02, -0.0000000000000000E+00
  40,  24,  39,  1.5142540794675774E-02, -0.0000000000000000E+00
  40,  24,  40,  1.5142540794675774E-02, -0.0000000000000000E+00
  40,  24,  41,  1.5142540794675774E-02, -0.0000000000000000E+00
  40,  24,  42,  1.5142540794675774E-02, -0.0000000000000000E+00
  40,  24,  43,  1.5142540794675774E-02, -0.0000000000000000E+00
  40,  24,  44,  1.5142540794675774E-02, -0.0000000000000000E+00
  40,  24,  45,  1.5142540794675774E-02, -0.0000000000000000E+00
  40,  24,  46,  1.5142540794675774E-02, -0.0000000000000000E+00
  40,  24,  47,  1.5142540794675774E-02, -0.0000000000000000E+00
  40,  24,  48,  1.5142540794675774E-02, -0.0000000000000000E+00
  40,  24,  49,  1.5142540794675774E-02, -0.0000000000000000E+00
  40,  24,  50,  1.5142540794675774E-02, -0.0000000000000000E+00
  40,  24,  51,  1.5142540794675774E-02, -0.0000000000000000E+00
  40,  24,  52,  1.5142540794675774E-02, -0.0000000000000000E+00
  40,  24,  53,  1.5142540794675774E-02, -0.0000000000000000E+00
  40,  24,  54,  1.5142540794675774E-02, -0.0000000000000000E+00
  40,  24,  55,  1.5142540794675774E-02, -0.0000000000000000E+00
  40,  24,  56,  1.5142540794675774E-02, -0.0000000000000000E+00
  40,  24,  57,  1.5142540794675774E-02, -0.0000000000000000E+00
  40,  24,  58,  1.5142540794675774E-02, -0.0000000000000000E+00
  40,  24,  59,  1.5142540794675774E-02, -0.0000000000000000E+00
  40,  24,  60,  1.5142540794675774E-02, -0.0000000000000000E+00
  40,  24,  61,  1.5142540794675774E-02, -0.0000000000000000E+00
  40,  24,  62,  1.5142540794675774E-02, -0.0000000000000000E+00
  40,  24,  63,  1.5142540794675774E-02, -0.0000000000000000E+00
  40,  24,  64,  1.5142540794675774E-02, -0.0000000000000000E+00
  40,  24,  65,  1.5142540794675774E-02, -0.0000000000000000E+00
  40,  24,  66,  1.5142540794675774E-02, -0.0000000000000000E+00
  40,  24,  67,  1.5142540794675774E-02, -0.0000000000000000E+00
  40,  24,  68,  1.5142540794675774E-02, -0.0000000000000000E+00
  40,  24,  69,  1.5142540794675774E-02, -0.0000000000000000E+00
  40,  24,  70,  1.5142540794675774E-02, -0.0000000000000000E+00
  40,  24,  71,  1.5142540794675774E-02, -0.0000000000000000E+00
  40,  24,  72,  1.5142540794675774E-02, -0.0000000000000000E+00
  40,  24,  73,  1.5142540794675774E-02, -0.0000000000000000E+00
  40,  24,  74,  1.5142540794675774E-02, -0.0000000000000000E+00
  40,  24,  75,  1.5142540794675774E-02, -0.0000000000000000E+00
  40,  24,  76,  1.5142540794675774E-02, -0.0000000000000000E+00
  40,  24,  77,  1.5142540794675774E-02, -0.0000000000000000E+00
  40,  24,  78,  1.5142540794675774E-02, -0.0000000000000000E+00
  40,  24,  79,  1.5142540794675774E-02, -0.0000000000000000E+00
  40,  24,  80,  1.5142540794675774E-02, -0.0000000000000000E+00
  40,  25,   1,  1.2732395447351628E+00, -0.0000000000000000E+00
  40,  25,   2,  1.2732395447351628E+00, -0.0000000000000000E+00
  40,  25,   3,  1.2732395447351628E+00, -0.0000000000000000E+00
  40,  25,   4,  1.2732395447351628E+00, -0.0000000000000000E+00
  40,  25,   5,  1.2732395447351628E+00, -0.0000000000000000E+00
  40,  25,   6,  1.2732395447351628E+00, -0.0000000000000000E+00
  40,  25,   7,  1.2732395447351628E+00, -0.0000000000000000E+00
  40,  25,   8,  1.2732395447351628E+00, -0.0000000000000000E+00
  40,  25,   9,  1.2732395447351628E+00, -0.0000000000000000E+00
  40,  25,  10,  1.2732395447351628E+00, -0.0000000000000000E+00
  40,  25,  11,  1.2732395447351628E+00, -0.0000000000000000E+00
  40,  25,  12,  1.2732395447351628E+00, -0.0000000000000000E+00
  40,  25,  13,  1.2732395447351628E+00, -0.0000000000000000E+00
  40,  25,  14,  1.2732395447351628E+00, -0.0000000000000000E+00
  40,  25,  15,  1.2732395447351628E+00, -0.0000000000000000E+00
  40,  25,  16,  1.2732395447351628E+00, -0.0000000000000000E+00
  40,  25,  17,  1.2732395447351628E+00, -0.0000000000000000E+00
  40,  25,  18,  1.2732395447351628E+00, -0.0000000000000000E+00
  40,  25,  19,  1.2732395447351628E+00, -0.0000000000000000E+00
  40,  25,  20,  1.2732395447351628E+00, -0.0000000000000000E+00
  40,  25,  21,  1.2732395447351628E+00, -0.0000000000000000E+00
  40,  25,  22,  1.2732395447351628E+00, -0.0000000000000000E+00
  40,  25,  23,  1.2732395447351628E+00, -0.0000000000000000E+00
  40,  25,  24,  1.2732395447351628E+00,  3.1422905288268555E-04
  40,  25,  25,  1.2732395447351628E+00, -2.1900532762919388E-02
  40,  25,  26,  1.2732395447351628E+00, -3.1408947783527307E-04
  40,  25,  27,  1.2732395447351628E+00, -0.0000000000000000E+00
  40,  25,  28,  1.2732395447351628E+00, -0.0000000000000000E+00
  40,  25,  29,  1.2732395447351628E+00, -0.0000000000000000E+00
  40,  25,  30,  1.2732395447351628E+00, -0.0000000000000000E+00
  40,  25,  31,  1.2732395447351628E+00, -0.0000000000000000E+00
  40,  25,  32,  1.2732395447351628E+00, -0.0000000000000000E+00
  40,  25,  33,  1.2732395447351628E+00, -0.0000000000000000E+00
  40,  25,  34,  1.2732395447351628E+00, -0.0000000000000000E+00
  40,  25,  35,  1.2732395447351628E+00, -0.0000000000000000E+00
  40,  25,  36,  1.2732395447351628E+00, -0.0000000000000000E+00
  40,  25,  37,  1.2732395447351628E+00, -0.0000000000000000E+00
  40,  25,  38,  1.2732395447351628E+00, -0.0000000000000000E+00
  40,  25,  39,  1.2732395447351628E+00, -0.0000000000000000E+00
  40,  25,  40,  1.2732395447351628E+00, -0.0000000000000000E+00
  40,  25,  41,  1.2732395447351628E+00, -0.0000000000000000E+00
  40,  25,  42,  1.2732395447351628E+00, -0.0000000000000000E+00
  40,  25,  43,  1.2732395447351628E+00, -0.0000000000000000E+00
  40,  25,  44,  1.2732395447351628E+00, -0.0000000000000000E+00
  40,  25,  45,  1.2732395447351628E+00, -0.0000000000000000E+00
  40,  25,  46,  1.2732395447351628E+00, -0.0000000000000000E+00
  40,  25,  47,  1.2732395447351628E+00, -0.0000000000000000E+00
  40,  25,  48,  1.2732395447351628E+00, -0.0000000000000000E+00
  40,  25,  49,  1.2732395447351628E+00, -0.0000000000000000E+00
  40,  25,  50,  1.2732395447351628E+00, -0.0000000000000000E+00
  40,  25,  51,  1.2732395447351628E+00, -0.0000000000000000E+00
  40,  25,  52,  1.2732395447351628E+00, -0.0000000000000000E+00
  40,  25,  53,  1.2732395447351628E+00, -0.0000000000000000E+00
  40,  25,  54,  1.2732395447351628E+00, -0.0000000000000000E+00
  40,  25,  55,  1.2732395447351628E+00, -0.0000000000000000E+00
  40,  25,  56,  1.2732395447351628E+00, -0.0000000000000000E+00
  40,  25,  57,  1.2732395447351628E+00, -0.0000000000000000E+00
  40,  25,  58,  1.2732395447351628E+00, -0.0000000000000000E+00
  40,  25,  59,  1.2732395447351628E+00, -0.0000000000000000E+00
  40,  25,  60,  1.2732395447351628E+00, -0.0000000000000000E+00
  40,  25,  61,  1.2732395447351628E+00, -0.0000000000000000E+00
  40,  25,  62,  1.2732395447351628E+00, -0.0000000000000000E+00
  40,  25,  63,  1.2732395447351628E+00, -0.0000000000000000E+00
  40,  25,  64,  1.2732395447351628E+00, -0.0000000000000000E+00
  40,  25,  65,  1.2732395447351628E+00, -0.0000000000000000E+00
  40,  25,  66,  1.2732395447351628E+00, -0.0000000000000000E+00
  40,  25,  67,  1.2732395447351628E+00, -0.0000000000000000E+00
  40,  25,  68,  1.2732395447351628E+00, -0.0000000000000000E+00
  40,  25,  69,  1.2732395447351628E+00, -0.0000000000000000E+00
  40,  25,  70,  1.2732395447351628E+00, -0.0000000000000000E+00
  40,  25,  71,  1.2732395447351628E+00, -0.0000000000000000E+00
  40,  25,  72,  1.2732395447351628E+00, -0.0000000000000000E+00
  40,  25,  73,  1.2732395447351628E+00, -0.0000000000000000E+00
  40,  25,  74,  1.2732395447351628E+00, -0.0000000000000000E+00
  40,  25,  75,  1.2732395447351628E+00, -0.0000000000000000E+00
  40,  25,  76,  1.2732395447351628E+00, -0.0000000000000000E+00
  40,  25,  77,  1.2732395447351628E+00, -0.0000000000000000E+00
  40,  25,  78,  1.2732395447351628E+00, -0.0000000000000000E+00
  40,  25,  79,  1.2732395447351628E+00, -0.0000000000000000E+00
  40,  25,  80,  1.2732395447351628E+00, -0.0000000000000000E+00
  40,  26,   1,  1.5142540794675774E-02, -0.0000000000000000E+00
  40,  26,   2,  1.5142540794675774E-02, -0.0000000000000000E+00
  40,  26,   3,  1.5142540794675774E-02, -0.0000000000000000E+00
  40,  26,   4,  1.5142540794675774E-02, -0.0000000000000000E+00
  40,  26,   5,  1.5142540794675774E-02, -0.0000000000000000E+00
  40,  26,   6,  1.5142540794675774E-02, -0.0000000000000000E+00
  40,  26,   7,  1.5142540794675774E-02, -0.0000000000000000E+00
  40,  26,   8,  1.5142540794675774E-02, -0.0000000000000000E+00
  40,  26,   9,  1.5142540794675774E-02, -0.0000000000000000E+00
  40,  26,  10,  1.5142540794675774E-02, -0.0000000000000000E+00
  40,  26,  11,  1.5142540794675774E-02, -0.0000000000000000E+00
  40,  26,  12,  1.5142540794675774E-02, -0.0000000000000000E+00
  40,  26,  13,  1.5142540794675774E-02, -0.0000000000000000E+00
  40,  26,  14,  1.5142540794675774E-02, -0.0000000000000000E+00
  40,  26,  15,  1.5142540794675774E-02, -0.0000000000000000E+00
  40,  26,  16,  1.5142540794675774E-02, -0.0000000000000000E+00
  40,  26,  17,  1.5142540794675774E-02, -0.0000000000000000E+00
  40,  26,  18,  1.5142540794675774E-02, -0.0000000000000000E+00
  40,  26,  19,  1.5142540794675774E-02, -0.0000000000000000E+00
  40,  26,  20,  1.5142540794675774E-02, -0.0000000000000000E+00
  40,  26,  21,  1.5142540794675774E-02, -0.0000000000000000E+00
  40,  26,  22,  1.5142540794675774E-02, -0.0000000000000000E+00
  40,  26,  23,  1.5142540794675774E-02, -0.0000000000000000E+00
  40,  26,  24,  1.5142540794675774E-02, -0.0000000000000000E+00
  40,  26,  25,  1.5142540794675774E-02,  6.6039115466778682E+01
  40,  26,  26,  1.5142540794675774E-02, -0.0000000000000000E+00
  40,  26,  27,  1.5142540794675774E-02, -6.6039115466778682E+01
  40,  26,  28,  1.5142540794675774E-02, -0.0000000000000000E+00
  40,  26,  29,  1.5142540794675774E-02, -0.0000000000000000E+00
  40,  26,  30,  1.5142540794675774E-02, -0.0000000000000000E+00
  40,  26,  31,  1.5142540794675774E-02, -0.0000000000000000E+00
  40,  26,  32,  1.5142540794675774E-02, -0.0000000000000000E+00
  40,  26,  33,  1.5142540794675774E-02, -0.0000000000000000E+00
  40,  26,  34,  1.5142540794675774E-02, -0.0000000000000000E+00
  40,  26,  35,  1.5142540794675774E-02, -0.0000000000000000E+00
  40,  26,  36,  1.5142540794675774E-02, -0.0000000000000000E+00
  40,  26,  37,  1.5142540794675774E-02, -0.0000000000000000E+00
  40,  26,  38,  1.5142540794675774E-02, -0.0000000000000000E+00
  40,  26,  39,  1.5142540794675774E-02, -0.0000000000000000E+00
  40,  26,  40,  1.5142540794675774E-02, -0.0000000000000000E+00
  40,  26,  41,  1.5142540794675774E-02, -0.0000000000000000E+00
  40,  26,  42,  1.5142540794675774E-02, -0.0000000000000000E+00
  40,  26,  43,  1.5142540794675774E-02, -0.0000000000000000E+00
  40,  26,  44,  1.5142540794675774E-02, -0.0000000000000000E+00
  40,  26,  45,  1.5142540794675774E-02, -0.0000000000000000E+00
  40,  26,  46,  1.5142540794675774E-02, -0.0000000000000000E+00
  40,  26,  47,  1.5142540794675774E-02, -0.0000000000000000E+00
  40,  26,  48,  1.5142540794675774E-02, -0.0000000000000000E+00
  40,  26,  49,  1.5142540794675774E-02, -0.0000000000000000E+00
  40,  26,  50,  1.5142540794675774E-02, -0.0000000000000000E+00
  40,  26,  51,  1.5142540794675774E-02, -0.0000000000000000E+00
  40,  26,  52,  1.5142540794675774E-02, -0.0000000000000000E+00
  40,  26,  53,  1.5142540794675774E-02, -0.0000000000000000E+00
  40,  26,  54,  1.5142540794675774E-02, -0.0000000000000000E+00
  40,  26,  55,  1.5142540794675774E-02, -0.0000000000000000E+00
  40,  26,  56,  1.5142540794675774E-02, -0.0000000000000000E+00
  40,  26,  57,  1.5142540794675774E-02, -0.0000000000000000E+00
  40,  26,  58,  1.5142540794675774E-02, -0.0000000000000000E+00
  40,  26,  59,  1.5142540794675774E-02, -0.0000000000000000E+00
  40,  26,  60,  1.5142540794675774E-02, -0.0000000000000000E+00
  40,  26,  61,  1.5142540794675774E-02, -0.0000000000000000E+00
  40,  26,  62,  1.5142540794675774E-02, -0.0000000000000000E+00
  40,  26,  63,  1.5142540794675774E-02, -0.0000000000000000E+00
  40,  26,  64,  1.5142540794675774E-02, -0.0000000000000000E+00
  40,  26,  65,  1.5142540794675774E-02, -0.0000000000000000E+00
  40,  26,  66,  1.5142540794675774E-02, -0.0000000000000000E+00
  40,  26,  67,  1.5142540794675774E-02, -0.0000000000000000E+00
  40,  26,  68,  1.5142540794675774E-02, -0.0000000000000000E+00
  40,  26,  69,  1.5142540794675774E-02, -0.0000000000000000E+00
  40,  26,  70,  1.5142540794675774E-02, -0.0000000000000000E+00
  40,  26,  71,  1.5142540794675774E-02, -0.0000000000000000E+00
  40,  26,  72,  1.5142540794675774E-02, -0.0000000000000000E+00
  40,  26,  73,  1.5142540794675774E-02, -0.0000000000000000E+00
  40,  26,  74,  1.5142540794675774E-02, -0.0000000000000000E+00
  40,  26,  75,  1.5142540794675774E-02, -0.0000000000000000E+00
  40,  26,  76,  1.5142540794675774E-02, -0.0000000000000000E+00
  40,  26,  77,  1.5142540794675774E-02, -0.0000000000000000E+00
  40,  26,  78,  1.5142540794675774E-02, -0.0000000000000000E+00
  40,  26,  79,  1.5142540794675774E-02, -0.0000000000000000E+00
  40,  26,  80,  1.5142540794675774E-02, -0.0000000000000000E+00
  40,  27,   1,  1.2732395447351628E+00, -0.0000000000000000E+00
  40,  27,   2,  1.2732395447351628E+00, -0.0000000000000000E+00
  40,  27,   3,  1.2732395447351628E+00, -0.0000000000000000E+00
  40,  27,   4,  1.2732395447351628E+00, -0.0000000000000000E+00
  40,  27,   5,  1.2732395447351628E+00, -0.0000000000000000E+00
  40,  27,   6,  1.2732395447351628E+00, -0.0000000000000000E+00
  40,  27,   7,  1.2732395447351628E+00, -0.0000000000000000E+00
  40,  27,   8,  1.2732395447351628E+00, -0.0000000000000000E+00
  40,  27,   9,  1.2732395447351628E+00, -0.0000000000000000E+00
  40,  27,  10,  1.2732395447351628E+00, -0.0000000000000000E+00
  40,  27,  11,  1.2732395447351628E+00, -0.0000000000000000E+00
  40,  27,  12,  1.2732395447351628E+00, -0.0000000000000000E+00
  40,  27,  13,  1.2732395447351628E+00, -0.0000000000000000E+00
  40,  27,  14,  1.2732395447351628E+00, -0.0000000000000000E+00
  40,  27,  15,  1.2732395447351628E+00, -0.0000000000000000E+00
  40,  27,  16,  1.2732395447351628E+00, -0.0000000000000000E+00
  40,  27,  17,  1.2732395447351628E+00, -0.0000000000000000E+00
  40,  27,  18,  1.2732395447351628E+00, -0.0000000000000000E+00
  40,  27,  19,  1.2732395447351628E+00, -0.0000000000000000E+00
  40,  27,  20,  1.2732395447351628E+00, -0.0000000000000000E+00
  40,  27,  21,  1.2732395447351628E+00, -0.0000000000000000E+00
  40,  27,  22,  1.2732395447351628E+00, -0.0000000000000000E+00
  40,  27,  23,  1.2732395447351628E+00, -0.0000000000000000E+00
  40,  27,  24,  1.2732395447351628E+00, -0.0000000000000000E+00
  40,  27,  25,  1.2732395447351628E+00, -0.0000000000000000E+00
  40,  27,  26,  1.2732395447351628E+00,  3.1422911494840389E-04
  40,  27,  27,  1.2732395447351628E+00, -2.1910269246905180E-02
  40,  27,  28,  1.2732395447351628E+00, -3.1408941576955472E-04
  40,  27,  29,  1.2732395447351628E+00, -0.0000000000000000E+00
  40,  27,  30,  1.2732395447351628E+00, -0.0000000000000000E+00
  40,  27,  31,  1.2732395447351628E+00, -0.0000000000000000E+00
  40,  27,  32,  1.2732395447351628E+00, -0.0000000000000000E+00
  40,  27,  33,  1.2732395447351628E+00, -0.0000000000000000E+00
  40,  27,  34,  1.2732395447351628E+00, -0.0000000000000000E+00
  40,  27,  35,  1.2732395447351628E+00, -0.0000000000000000E+00
  40,  27,  36,  1.2732395447351628E+00, -0.0000000000000000E+00
  40,  27,  37,  1.2732395447351628E+00, -0.0000000000000000E+00
  40,  27,  38,  1.2732395447351628E+00, -0.0000000000000000E+00
  40,  27,  39,  1.2732395447351628E+00, -0.0000000000000000E+00
  40,  27,  40,  1.2732395447351628E+00, -0.0000000000000000E+00
  40,  27,  41,  1.2732395447351628E+00, -0.0000000000000000E+00
  40,  27,  42,  1.2732395447351628E+00, -0.0000000000000000E+00
  40,  27,  43,  1.2732395447351628E+00, -0.0000000000000000E+00
  40,  27,  44,  1.2732395447351628E+00, -0.0000000000000000E+00
  40,  27,  45,  1.2732395447351628E+00, -0.0000000000000000E+00
  40,  27,  46,  1.2732395447351628E+00, -0.0000000000000000E+00
  40,  27,  47,  1.2732395447351628E+00, -0.0000000000000000E+00
  40,  27,  48,  1.2732395447351628E+00, -0.0000000000000000E+00
  40,  27,  49,  1.2732395447351628E+00, -0.0000000000000000E+00
  40,  27,  50,  1.2732395447351628E+00, -0.0000000000000000E+00
  40,  27,  51,  1.2732395447351628E+00, -0.0000000000000000E+00
  40,  27,  52,  1.2732395447351628E+00, -0.0000000000000000E+00
  40,  27,  53,  1.2732395447351628E+00, -0.0000000000000000E+00
  40,  27,  54,  1.2732395447351628E+00, -0.0000000000000000E+00
  40,  27,  55,  1.2732395447351628E+00, -0.0000000000000000E+00
  40,  27,  56,  1.2732395447351628E+00, -0.0000000000000000E+00
  40,  27,  57,  1.2732395447351628E+00, -0.0000000000000000E+00
  40,  27,  58,  1.2732395447351628E+00, -0.0000000000000000E+00
  40,  27,  59,  1.2732395447351628E+00, -0.0000000000000000E+00
  40,  27,  60,  1.2732395447351628E+00, -0.0000000000000000E+00
  40,  27,  61,  1.2732395447351628E+00, -0.0000000000000000E+00
  40,  27,  62,  1.2732395447351628E+00, -0.0000000000000000E+00
  40,  27,  63,  1.2732395447351628E+00, -0.0000000000000000E+00
  40,  27,  64,  1.2732395447351628E+00, -0.0000000000000000E+00
  40,  27,  65,  1.2732395447351628E+00, -0.0000000000000000E+00
  40,  27,  66,  1.2732395447351628E+00, -0.0000000000000000E+00
  40,  27,  67,  1.2732395447351628E+00, -0.0000000000000000E+00
  40,  27,  68,  1.2732395447351628E+00, -0.0000000000000000E+00
  40,  27,  69,  1.2732395447351628E+00, -0.0000000000000000E+00
  40,  27,  70,  1.2732395447351628E+00, -0.0000000000000000E+00
  40,  27,  71,  1.2732395447351628E+00, -0.0000000000000000E+00
  40,  27,  72,  1.2732395447351628E+00, -0.0000000000000000E+00
  40,  27,  73,  1.2732395447351628E+00, -0.0000000000000000E+00
  40,  27,  74,  1.2732395447351628E+00, -0.0000000000000000E+00
  40,  27,  75,  1.2732395447351628E+00, -0.0000000000000000E+00
  40,  27,  76,  1.2732395447351628E+00, -0.0000000000000000E+00
  40,  27,  77,  1.2732395447351628E+00, -0.0000000000000000E+00
  40,  27,  78,  1.2732395447351628E+00, -0.0000000000000000E+00
  40,  27,  79,  1.2732395447351628E+00, -0.0000000000000000E+00
  40,  27,  80,  1.2732395447351628E+00, -0.0000000000000000E+00
  40,  28,   1,  1.5142540794675774E-02, -0.0000000000000000E+00
  40,  28,   2,  1.5142540794675774E-02, -0.0000000000000000E+00
  40,  28,   3,  1.5142540794675774E-02, -0.0000000000000000E+00
  40,  28,   4,  1.5142540794675774E-02, -0.0000000000000000E+00
  40,  28,   5,  1.5142540794675774E-02, -0.0000000000000000E+00
  40,  28,   6,  1.5142540794675774E-02, -0.0000000000000000E+00
  40,  28,   7,  1.5142540794675774E-02, -0.0000000000000000E+00
  40,  28,   8,  1.5142540794675774E-02, -0.0000000000000000E+00
  40,  28,   9,  1.5142540794675774E-02, -0.0000000000000000E+00
  40,  28,  10,  1.5142540794675774E-02, -0.0000000000000000E+00
  40,  28,  11,  1.5142540794675774E-02, -0.0000000000000000E+00
  40,  28,  12,  1.5142540794675774E-02, -0.0000000000000000E+00
  40,  28,  13,  1.5142540794675774E-02, -0.0000000000000000E+00
  40,  28,  14,  1.5142540794675774E-02, -0.0000000000000000E+00
  40,  28,  15,  1.5142540794675774E-02, -0.0000000000000000E+00
  40,  28,  16,  1.5142540794675774E-02, -0.0000000000000000E+00
  40,  28,  17,  1.5142540794675774E-02, -0.0000000000000000E+00
  40,  28,  18,  1.5142540794675774E-02, -0.0000000000000000E+00
  40,  28,  19,  1.5142540794675774E-02, -0.0000000000000000E+00
  40,  28,  20,  1.5142540794675774E-02, -0.0000000000000000E+00
  40,  28,  21,  1.5142540794675774E-02, -0.0000000000000000E+00
  40,  28,  22,  1.5142540794675774E-02, -0.0000000000000000E+00
  40,  28,  23,  1.5142540794675774E-02, -0.0000000000000000E+00
  40,  28,  24,  1.5142540794675774E-02, -0.0000000000000000E+00
  40,  28,  25,  1.5142540794675774E-02, -0.0000000000000000E+00
  40,  28,  26,  1.5142540794675774E-02, -0.0000000000000000E+00
  40,  28,  27,  1.5142540794675774E-02,  6.6039115466778682E+01
  40,  28,  28,  1.5142540794675774E-02, -0.0000000000000000E+00
  40,  28,  29,  1.5142540794675774E-02, -6.6039115466778682E+01
  40,  28,  30,  1.5142540794675774E-02, -0.0000000000000000E+00
  40,  28,  31,  1.5142540794675774E-02, -0.0000000000000000E+00
  40,  28,  32,  1.5142540794675774E-02, -0.0000000000000000E+00
  40,  28,  33,  1.5142540794675774E-02, -0.0000000000000000E+00
  40,  28,  34,  1.5142540794675774E-02, -0.0000000000000000E+00
  40,  28,  35,  1.5142540794675774E-02, -0.0000000000000000E+00
  40,  28,  36,  1.5142540794675774E-02, -0.0000000000000000E+00
  40,  28,  37,  1.5142540794675774E-02, -0.0000000000000000E+00
  40,  28,  38,  1.5142540794675774E-02, -0.0000000000000000E+00
  40,  28,  39,  1.5142540794675774E-02, -0.0000000000000000E+00
  40,  28,  40,  1.5142540794675774E-02, -0.0000000000000000E+00
  40,  28,  41,  1.5142540794675774E-02, -0.0000000000000000E+00
  40,  28,  42,  1.5142540794675774E-02, -0.0000000000000000E+00
  40,  28,  43,  1.5142540794675774E-02, -0.0000000000000000E+00
  40,  28,  44,  1.5142540794675774E-02, -0.0000000000000000E+00
  40,  28,  45,  1.5142540794675774E-02, -0.0000000000000000E+00
  40,  28,  46,  1.5142540794675774E-02, -0.0000000000000000E+00
  40,  28,  47,  1.5142540794675774E-02, -0.0000000000000000E+00
  40,  28,  48,  1.5142540794675774E-02, -0.0000000000000000E+00
  40,  28,  49,  1.5142540794675774E-02, -0.0000000000000000E+00
  40,  28,  50,  1.5142540794675774E-02, -0.0000000000000000E+00
  40,  28,  51,  1.5142540794675774E-02, -0.0000000000000000E+00
  40,  28,  52,  1.5142540794675774E-02, -0.0000000000000000E+00
  40,  28,  53,  1.5142540794675774E-02, -0.0000000000000000E+00
  40,  28,  54,  1.5142540794675774E-02, -0.0000000000000000E+00
  40,  28,  55,  1.5142540794675774E-02, -0.0000000000000000E+00
  40,  28,  56,  1.5142540794675774E-02, -0.0000000000000000E+00
  40,  28,  57,  1.5142540794675774E-02, -0.0000000000000000E+00
  40,  28,  58,  1.5142540794675774E-02, -0.0000000000000000E+00
  40,  28,  59,  1.5142540794675774E-02, -0.0000000000000000E+00
  40,  28,  60,  1.5142540794675774E-02, -0.0000000000000000E+00
  40,  28,  61,  1.5142540794675774E-02, -0.0000000000000000E+00
  40,  28,  62,  1.5142540794675774E-02, -0.0000000000000000E+00
  40,  28,  63,  1.5142540794675774E-02, -0.0000000000000000E+00
  40,  28,  64,  1.5142540794675774E-02, -0.0000000000000000E+00
  40,  28,  65,  1.5142540794675774E-02, -0.0000000000000000E+00
  40,  28,  66,  1.5142540794675774E-02, -0.0000000000000000E+00
  40,  28,  67,  1.5142540794675774E-02, -0.0000000000000000E+00
  40,  28,  68,  1.5142540794675774E-02, -0.0000000000000000E+00
  40,  28,  69,  1.5142540794675774E-02, -0.0000000000000000E+00
  40,  28,  70,  1.5142540794675774E-02, -0.0000000000000000E+00
  40,  28,  71,  1.5142540794675774E-02, -0.0000000000000000E+00
  40,  28,  72,  1.5142540794675774E-02, -0.0000000000000000E+00
  40,  28,  73,  1.5142540794675774E-02, -0.0000000000000000E+00
  40,  28,  74,  1.5142540794675774E-02, -0.0000000000000000E+00
  40,  28,  75,  1.5142540794675774E-02, -0.0000000000000000E+00
  40,  28,  76,  1.5142540794675774E-02, -0.0000000000000000E+00
  40,  28,  77,  1.5142540794675774E-02, -0.0000000000000000E+00
  40,  28,  78,  1.5142540794675774E-02, -0.0000000000000000E+00
  40,  28,  79,  1.5142540794675774E-02, -0.0000000000000000E+00
  40,  28,  80,  1.5142540794675774E-02, -0.0000000000000000E+00
  40,  29,   1,  1.2732395447351628E+00, -0.0000000000000000E+00
  40,  29,   2,  1.2732395447351628E+00, -0.0000000000000000E+00
  40,  29,   3,  1.2732395447351628E+00, -0.0000000000000000E+00
  40,  29,   4,  1.2732395447351628E+00, -0.0000000000000000E+00
  40,  29,   5,  1.2732395447351628E+00, -0.0000000000000000E+00
  40,  29,   6,  1.2732395447351628E+00, -0.0000000000000000E+00
  40,  29,   7,  1.2732395447351628E+00, -0.0000000000000000E+00
  40,  29,   8,  1.2732395447351628E+00, -0.0000000000000000E+00
  40,  29,   9,  1.2732395447351628E+00, -0.0000000000000000E+00
  40,  29,  10,  1.2732395447351628E+00, -0.0000000000000000E+00
  40,  29,  11,  1.2732395447351628E+00, -0.0000000000000000E+00
  40,  29,  12,  1.2732395447351628E+00, -0.0000000000000000E+00
  40,  29,  13,  1.2732395447351628E+00, -0.0000000000000000E+00
  40,  29,  14,  1.2732395447351628E+00, -0.0000000000000000E+00
  40,  29,  15,  1.2732395447351628E+00, -0.0000000000000000E+00
  40,  29,  16,  1.2732395447351628E+00, -0.0000000000000000E+00
  40,  29,  17,  1.2732395447351628E+00, -0.0000000000000000E+00
  40,  29,  18,  1.2732395447351628E+00, -0.0000000000000000E+00
  40,  29,  19,  1.2732395447351628E+00, -0.0000000000000000E+00
  40,  29,  20,  1.2732395447351628E+00, -0.0000000000000000E+00
  40,  29,  21,  1.2732395447351628E+00, -0.0000000000000000E+00
  40,  29,  22,  1.2732395447351628E+00, -0.0000000000000000E+00
  40,  29,  23,  1.2732395447351628E+00, -0.0000000000000000E+00
  40,  29,  24,  1.2732395447351628E+00, -0.0000000000000000E+00
  40,  29,  25,  1.2732395447351628E+00, -0.0000000000000000E+00
  40,  29,  26,  1.2732395447351628E+00, -0.0000000000000000E+00
  40,  29,  27,  1.2732395447351628E+00, -0.0000000000000000E+00
  40,  29,  28,  1.2732395447351628E+00,  3.1422917712461713E-04
  40,  29,  29,  1.2732395447351628E+00, -2.1920018728313995E-02
  40,  29,  30,  1.2732395447351628E+00, -3.1408935359334149E-04
  40,  29,  31,  1.2732395447351628E+00, -0.0000000000000000E+00
  40,  29,  32,  1.2732395447351628E+00, -0.0000000000000000E+00
  40,  29,  33,  1.2732395447351628E+00, -0.0000000000000000E+00
  40,  29,  34,  1.2732395447351628E+00, -0.0000000000000000E+00
  40,  29,  35,  1.2732395447351628E+00, -0.0000000000000000E+00
  40,  29,  36,  1.2732395447351628E+00, -0.0000000000000000E+00
  40,  29,  37,  1.2732395447351628E+00, -0.0000000000000000E+00
  40,  29,  38,  1.2732395447351628E+00, -0.0000000000000000E+00
  40,  29,  39,  1.2732395447351628E+00, -0.0000000000000000E+00
  40,  29,  40,  1.2732395447351628E+00, -0.0000000000000000E+00
  40,  29,  41,  1.2732395447351628E+00, -0.0000000000000000E+00
  40,  29,  42,  1.2732395447351628E+00, -0.0000000000000000E+00
  40,  29,  43,  1.2732395447351628E+00, -0.0000000000000000E+00
  40,  29,  44,  1.2732395447351628E+00, -0.0000000000000000E+00
  40,  29,  45,  1.2732395447351628E+00, -0.0000000000000000E+00
  40,  29,  46,  1.2732395447351628E+00, -0.0000000000000000E+00
  40,  29,  47,  1.2732395447351628E+00, -0.0000000000000000E+00
  40,  29,  48,  1.2732395447351628E+00, -0.0000000000000000E+00
  40,  29,  49,  1.2732395447351628E+00, -0.0000000000000000E+00
  40,  29,  50,  1.2732395447351628E+00, -0.0000000000000000E+00
  40,  29,  51,  1.2732395447351628E+00, -0.0000000000000000E+00
  40,  29,  52,  1.2732395447351628E+00, -0.0000000000000000E+00
  40,  29,  53,  1.2732395447351628E+00, -0.0000000000000000E+00
  40,  29,  54,  1.2732395447351628E+00, -0.0000000000000000E+00
  40,  29,  55,  1.2732395447351628E+00, -0.0000000000000000E+00
  40,  29,  56,  1.2732395447351628E+00, -0.0000000000000000E+00
  40,  29,  57,  1.2732395447351628E+00, -0.0000000000000000E+00
  40,  29,  58,  1.2732395447351628E+00, -0.0000000000000000E+00
  40,  29,  59,  1.2732395447351628E+00, -0.0000000000000000E+00
  40,  29,  60,  1.2732395447351628E+00, -0.0000000000000000E+00
  40,  29,  61,  1.2732395447351628E+00, -0.0000000000000000E+00
  40,  29,  62,  1.2732395447351628E+00, -0.0000000000000000E+00
  40,  29,  63,  1.2732395447351628E+00, -0.0000000000000000E+00
  40,  29,  64,  1.2732395447351628E+00, -0.0000000000000000E+00
  40,  29,  65,  1.2732395447351628E+00, -0.0000000000000000E+00
  40,  29,  66,  1.2732395447351628E+00, -0.0000000000000000E+00
  40,  29,  67,  1.2732395447351628E+00, -0.0000000000000000E+00
  40,  29,  68,  1.2732395447351628E+00, -0.0000000000000000E+00
  40,  29,  69,  1.2732395447351628E+00, -0.0000000000000000E+00
  40,  29,  70,  1.2732395447351628E+00, -0.0000000000000000E+00
  40,  29,  71,  1.2732395447351628E+00, -0.0000000000000000E+00
  40,  29,  72,  1.2732395447351628E+00, -0.0000000000000000E+00
  40,  29,  73,  1.2732395447351628E+00, -0.0000000000000000E+00
  40,  29,  74,  1.2732395447351628E+00, -0.0000000000000000E+00
  40,  29,  75,  1.2732395447351628E+00, -0.0000000000000000E+00
  40,  29,  76,  1.2732395447351628E+00, -0.0000000000000000E+00
  40,  29,  77,  1.2732395447351628E+00, -0.0000000000000000E+00
  40,  29,  78,  1.2732395447351628E+00, -0.0000000000000000E+00
  40,  29,  79,  1.2732395447351628E+00, -0.0000000000000000E+00
  40,  29,  80,  1.2732395447351628E+00, -0.0000000000000000E+00
  40,  30,   1,  1.5142540794675774E-02, -0.0000000000000000E+00
  40,  30,   2,  1.5142540794675774E-02, -0.0000000000000000E+00
  40,  30,   3,  1.5142540794675774E-02, -0.0000000000000000E+00
  40,  30,   4,  1.5142540794675774E-02, -0.0000000000000000E+00
  40,  30,   5,  1.5142540794675774E-02, -0.0000000000000000E+00
  40,  30,   6,  1.5142540794675774E-02, -0.0000000000000000E+00
  40,  30,   7,  1.5142540794675774E-02, -0.0000000000000000E+00
  40,  30,   8,  1.5142540794675774E-02, -0.0000000000000000E+00
  40,  30,   9,  1.5142540794675774E-02, -0.0000000000000000E+00
  40,  30,  10,  1.5142540794675774E-02, -0.0000000000000000E+00
  40,  30,  11,  1.5142540794675774E-02, -0.0000000000000000E+00
  40,  30,  12,  1.5142540794675774E-02, -0.0000000000000000E+00
  40,  30,  13,  1.5142540794675774E-02, -0.0000000000000000E+00
  40,  30,  14,  1.5142540794675774E-02, -0.0000000000000000E+00
  40,  30,  15,  1.5142540794675774E-02, -0.0000000000000000E+00
  40,  30,  16,  1.5142540794675774E-02, -0.0000000000000000E+00
  40,  30,  17,  1.5142540794675774E-02, -0.0000000000000000E+00
  40,  30,  18,  1.5142540794675774E-02, -0.0000000000000000E+00
  40,  30,  19,  1.5142540794675774E-02, -0.0000000000000000E+00
  40,  30,  20,  1.5142540794675774E-02, -0.0000000000000000E+00
  40,  30,  21,  1.5142540794675774E-02, -0.0000000000000000E+00
  40,  30,  22,  1.5142540794675774E-02, -0.0000000000000000E+00
  40,  30,  23,  1.5142540794675774E-02, -0.0000000000000000E+00
  40,  30,  24,  1.5142540794675774E-02, -0.0000000000000000E+00
  40,  30,  25,  1.5142540794675774E-02, -0.0000000000000000E+00
  40,  30,  26,  1.5142540794675774E-02, -0.0000000000000000E+00
  40,  30,  27,  1.5142540794675774E-02, -0.0000000000000000E+00
  40,  30,  28,  1.5142540794675774E-02, -0.0000000000000000E+00
  40,  30,  29,  1.5142540794675774E-02,  6.6039115466778682E+01
  40,  30,  30,  1.5142540794675774E-02, -0.0000000000000000E+00
  40,  30,  31,  1.5142540794675774E-02, -6.6039115466778682E+01
  40,  30,  32,  1.5142540794675774E-02, -0.0000000000000000E+00
  40,  30,  33,  1.5142540794675774E-02, -0.0000000000000000E+00
  40,  30,  34,  1.5142540794675774E-02, -0.0000000000000000E+00
  40,  30,  35,  1.5142540794675774E-02, -0.0000000000000000E+00
  40,  30,  36,  1.5142540794675774E-02, -0.0000000000000000E+00
  40,  30,  37,  1.5142540794675774E-02, -0.0000000000000000E+00
  40,  30,  38,  1.5142540794675774E-02, -0.0000000000000000E+00
  40,  30,  39,  1.5142540794675774E-02, -0.0000000000000000E+00
  40,  30,  40,  1.5142540794675774E-02, -0.0000000000000000E+00
  40,  30,  41,  1.5142540794675774E-02, -0.0000000000000000E+00
  40,  30,  42,  1.5142540794675774E-02, -0.0000000000000000E+00
  40,  30,  43,  1.5142540794675774E-02, -0.0000000000000000E+00
  40,  30,  44,  1.5142540794675774E-02, -0.0000000000000000E+00
  40,  30,  45,  1.5142540794675774E-02, -0.0000000000000000E+00
  40,  30,  46,  1.5142540794675774E-02, -0.0000000000000000E+00
  40,  30,  47,  1.5142540794675774E-02, -0.0000000000000000E+00
  40,  30,  48,  1.5142540794675774E-02, -0.0000000000000000E+00
  40,  30,  49,  1.5142540794675774E-02, -0.0000000000000000E+00
  40,  30,  50,  1.5142540794675774E-02, -0.0000000000000000E+00
  40,  30,  51,  1.5142540794675774E-02, -0.0000000000000000E+00
  40,  30,  52,  1.5142540794675774E-02, -0.0000000000000000E+00
  40,  30,  53,  1.5142540794675774E-02, -0.0000000000000000E+00
  40,  30,  54,  1.5142540794675774E-02, -0.0000000000000000E+00
  40,  30,  55,  1.5142540794675774E-02, -0.0000000000000000E+00
  40,  30,  56,  1.5142540794675774E-02, -0.0000000000000000E+00
  40,  30,  57,  1.5142540794675774E-02, -0.0000000000000000E+00
  40,  30,  58,  1.5142540794675774E-02, -0.0000000000000000E+00
  40,  30,  59,  1.5142540794675774E-02, -0.0000000000000000E+00
  40,  30,  60,  1.5142540794675774E-02, -0.0000000000000000E+00
  40,  30,  61,  1.5142540794675774E-02, -0.0000000000000000E+00
  40,  30,  62,  1.5142540794675774E-02, -0.0000000000000000E+00
  40,  30,  63,  1.5142540794675774E-02, -0.0000000000000000E+00
  40,  30,  64,  1.5142540794675774E-02, -0.0000000000000000E+00
  40,  30,  65,  1.5142540794675774E-02, -0.0000000000000000E+00
  40,  30,  66,  1.5142540794675774E-02, -0.0000000000000000E+00
  40,  30,  67,  1.5142540794675774E-02, -0.0000000000000000E+00
  40,  30,  68,  1.5142540794675774E-02, -0.0000000000000000E+00
  40,  30,  69,  1.5142540794675774E-02, -0.0000000000000000E+00
  40,  30,  70,  1.5142540794675774E-02, -0.0000000000000000E+00
  40,  30,  71,  1.5142540794675774E-02, -0.0000000000000000E+00
  40,  30,  72,  1.5142540794675774E-02, -0.0000000000000000E+00
  40,  30,  73,  1.5142540794675774E-02, -0.0000000000000000E+00
  40,  30,  74,  1.5142540794675774E-02, -0.0000000000000000E+00
  40,  30,  75,  1.5142540794675774E-02, -0.0000000000000000E+00
  40,  30,  76,  1.5142540794675774E-02, -0.0000000000000000E+00
  40,  30,  77,  1.5142540794675774E-02, -0.0000000000000000E+00
  40,  30,  78,  1.5142540794675774E-02, -0.0000000000000000E+00
  40,  30,  79,  1.5142540794675774E-02, -0.0000000000000000E+00
  40,  30,  80,  1.5142540794675774E-02, -0.0000000000000000E+00
  40,  31,   1,  1.2732395447351628E+00, -0.0000000000000000E+00
  40,  31,   2,  1.2732395447351628E+00, -0.0000000000000000E+00
  40,  31,   3,  1.2732395447351628E+00, -0.0000000000000000E+00
  40,  31,   4,  1.2732395447351628E+00, -0.0000000000000000E+00
  40,  31,   5,  1.2732395447351628E+00, -0.0000000000000000E+00
  40,  31,   6,  1.2732395447351628E+00, -0.0000000000000000E+00
  40,  31,   7,  1.2732395447351628E+00, -0.0000000000000000E+00
  40,  31,   8,  1.2732395447351628E+00, -0.0000000000000000E+00
  40,  31,   9,  1.2732395447351628E+00, -0.0000000000000000E+00
  40,  31,  10,  1.2732395447351628E+00, -0.0000000000000000E+00
  40,  31,  11,  1.2732395447351628E+00, -0.0000000000000000E+00
  40,  31,  12,  1.2732395447351628E+00, -0.0000000000000000E+00
  40,  31,  13,  1.2732395447351628E+00, -0.0000000000000000E+00
  40,  31,  14,  1.2732395447351628E+00, -0.0000000000000000E+00
  40,  31,  15,  1.2732395447351628E+00, -0.0000000000000000E+00
  40,  31,  16,  1.2732395447351628E+00, -0.0000000000000000E+00
  40,  31,  17,  1.2732395447351628E+00, -0.0000000000000000E+00
  40,  31,  18,  1.2732395447351628E+00, -0.0000000000000000E+00
  40,  31,  19,  1.2732395447351628E+00, -0.0000000000000000E+00
  40,  31,  20,  1.2732395447351628E+00, -0.0000000000000000E+00
  40,  31,  21,  1.2732395447351628E+00, -0.0000000000000000E+00
  40,  31,  22,  1.2732395447351628E+00, -0.0000000000000000E+00
  40,  31,  23,  1.2732395447351628E+00, -0.0000000000000000E+00
  40,  31,  24,  1.2732395447351628E+00, -0.0000000000000000E+00
  40,  31,  25,  1.2732395447351628E+00, -0.0000000000000000E+00
  40,  31,  26,  1.2732395447351628E+00, -0.0000000000000000E+00
  40,  31,  27,  1.2732395447351628E+00, -0.0000000000000000E+00
  40,  31,  28,  1.2732395447351628E+00, -0.0000000000000000E+00
  40,  31,  29,  1.2732395447351628E+00, -0.0000000000000000E+00
  40,  31,  30,  1.2732395447351628E+00,  3.1422923941162059E-04
  40,  31,  31,  1.2732395447351628E+00, -2.1929781236088863E-02
  40,  31,  32,  1.2732395447351628E+00, -3.1408929130633808E-04
  40,  31,  33,  1.2732395447351628E+00, -0.0000000000000000E+00
  40,  31,  34,  1.2732395447351628E+00, -0.0000000000000000E+00
  40,  31,  35,  1.2732395447351628E+00, -0.0000000000000000E+00
  40,  31,  36,  1.2732395447351628E+00, -0.0000000000000000E+00
  40,  31,  37,  1.2732395447351628E+00, -0.0000000000000000E+00
  40,  31,  38,  1.2732395447351628E+00, -0.0000000000000000E+00
  40,  31,  39,  1.2732395447351628E+00, -0.0000000000000000E+00
  40,  31,  40,  1.2732395447351628E+00, -0.0000000000000000E+00
  40,  31,  41,  1.2732395447351628E+00, -0.0000000000000000E+00
  40,  31,  42,  1.2732395447351628E+00, -0.0000000000000000E+00
  40,  31,  43,  1.2732395447351628E+00, -0.0000000000000000E+00
  40,  31,  44,  1.2732395447351628E+00, -0.0000000000000000E+00
  40,  31,  45,  1.2732395447351628E+00, -0.0000000000000000E+00
  40,  31,  46,  1.2732395447351628E+00, -0.0000000000000000E+00
  40,  31,  47,  1.2732395447351628E+00, -0.0000000000000000E+00
  40,  31,  48,  1.2732395447351628E+00, -0.0000000000000000E+00
  40,  31,  49,  1.2732395447351628E+00, -0.0000000000000000E+00
  40,  31,  50,  1.2732395447351628E+00, -0.0000000000000000E+00
  40,  31,  51,  1.2732395447351628E+00, -0.0000000000000000E+00
  40,  31,  52,  1.2732395447351628E+00, -0.0000000000000000E+00
  40,  31,  53,  1.2732395447351628E+00, -0.0000000000000000E+00
  40,  31,  54,  1.2732395447351628E+00, -0.0000000000000000E+00
  40,  31,  55,  1.2732395447351628E+00, -0.0000000000000000E+00
  40,  31,  56,  1.2732395447351628E+00, -0.0000000000000000E+00
  40,  31,  57,  1.2732395447351628E+00, -0.0000000000000000E+00
  40,  31,  58,  1.2732395447351628E+00, -0.0000000000000000E+00
  40,  31,  59,  1.2732395447351628E+00, -0.0000000000000000E+00
  40,  31,  60,  1.2732395447351628E+00, -0.0000000000000000E+00
  40,  31,  61,  1.2732395447351628E+00, -0.0000000000000000E+00
  40,  31,  62,  1.2732395447351628E+00, -0.0000000000000000E+00
  40,  31,  63,  1.2732395447351628E+00, -0.0000000000000000E+00
  40,  31,  64,  1.2732395447351628E+00, -0.0000000000000000E+00
  40,  31,  65,  1.2732395447351628E+00, -0.0000000000000000E+00
  40,  31,  66,  1.2732395447351628E+00, -0.0000000000000000E+00
  40,  31,  67,  1.2732395447351628E+00, -0.0000000000000000E+00
  40,  31,  68,  1.2732395447351628E+00, -0.0000000000000000E+00
  40,  31,  69,  1.2732395447351628E+00, -0.0000000000000000E+00
  40,  31,  70,  1.2732395447351628E+00, -0.0000000000000000E+00
  40,  31,  71,  1.2732395447351628E+00, -0.0000000000000000E+00
  40,  31,  72,  1.2732395447351628E+00, -0.0000000000000000E+00
  40,  31,  73,  1.2732395447351628E+00, -0.0000000000000000E+00
  40,  31,  74,  1.2732395447351628E+00, -0.0000000000000000E+00
  40,  31,  75,  1.2732395447351628E+00, -0.0000000000000000E+00
  40,  31,  76,  1.2732395447351628E+00, -0.0000000000000000E+00
  40,  31,  77,  1.2732395447351628E+00, -0.0000000000000000E+00
  40,  31,  78,  1.2732395447351628E+00, -0.0000000000000000E+00
  40,  31,  79,  1.2732395447351628E+00, -0.0000000000000000E+00
  40,  31,  80,  1.2732395447351628E+00, -0.0000000000000000E+00
  40,  32,   1,  1.5142540794675774E-02, -0.0000000000000000E+00
  40,  32,   2,  1.5142540794675774E-02, -0.0000000000000000E+00
  40,  32,   3,  1.5142540794675774E-02, -0.0000000000000000E+00
  40,  32,   4,  1.5142540794675774E-02, -0.0000000000000000E+00
  40,  32,   5,  1.5142540794675774E-02, -0.0000000000000000E+00
  40,  32,   6,  1.5142540794675774E-02, -0.0000000000000000E+00
  40,  32,   7,  1.5142540794675774E-02, -0.0000000000000000E+00
  40,  32,   8,  1.5142540794675774E-02, -0.0000000000000000E+00
  40,  32,   9,  1.5142540794675774E-02, -0.0000000000000000E+00
  40,  32,  10,  1.5142540794675774E-02, -0.0000000000000000E+00
  40,  32,  11,  1.5142540794675774E-02, -0.0000000000000000E+00
  40,  32,  12,  1.5142540794675774E-02, -0.0000000000000000E+00
  40,  32,  13,  1.5142540794675774E-02, -0.0000000000000000E+00
  40,  32,  14,  1.5142540794675774E-02, -0.0000000000000000E+00
  40,  32,  15,  1.5142540794675774E-02, -0.0000000000000000E+00
  40,  32,  16,  1.5142540794675774E-02, -0.0000000000000000E+00
  40,  32,  17,  1.5142540794675774E-02, -0.0000000000000000E+00
  40,  32,  18,  1.5142540794675774E-02, -0.0000000000000000E+00
  40,  32,  19,  1.5142540794675774E-02, -0.0000000000000000E+00
  40,  32,  20,  1.5142540794675774E-02, -0.0000000000000000E+00
  40,  32,  21,  1.5142540794675774E-02, -0.0000000000000000E+00
  40,  32,  22,  1.5142540794675774E-02, -0.0000000000000000E+00
  40,  32,  23,  1.5142540794675774E-02, -0.0000000000000000E+00
  40,  32,  24,  1.5142540794675774E-02, -0.0000000000000000E+00
  40,  32,  25,  1.5142540794675774E-02, -0.0000000000000000E+00
  40,  32,  26,  1.5142540794675774E-02, -0.0000000000000000E+00
  40,  32,  27,  1.5142540794675774E-02, -0.0000000000000000E+00
  40,  32,  28,  1.5142540794675774E-02, -0.0000000000000000E+00
  40,  32,  29,  1.5142540794675774E-02, -0.0000000000000000E+00
  40,  32,  30,  1.5142540794675774E-02, -0.0000000000000000E+00
  40,  32,  31,  1.5142540794675774E-02,  6.6039115466778682E+01
  40,  32,  32,  1.5142540794675774E-02, -0.0000000000000000E+00
  40,  32,  33,  1.5142540794675774E-02, -6.6039115466778682E+01
  40,  32,  34,  1.5142540794675774E-02, -0.0000000000000000E+00
  40,  32,  35,  1.5142540794675774E-02, -0.0000000000000000E+00
  40,  32,  36,  1.5142540794675774E-02, -0.0000000000000000E+00
  40,  32,  37,  1.5142540794675774E-02, -0.0000000000000000E+00
  40,  32,  38,  1.5142540794675774E-02, -0.0000000000000000E+00
  40,  32,  39,  1.5142540794675774E-02, -0.0000000000000000E+00
  40,  32,  40,  1.5142540794675774E-02, -0.0000000000000000E+00
  40,  32,  41,  1.5142540794675774E-02, -0.0000000000000000E+00
  40,  32,  42,  1.5142540794675774E-02, -0.0000000000000000E+00
  40,  32,  43,  1.5142540794675774E-02, -0.0000000000000000E+00
  40,  32,  44,  1.5142540794675774E-02, -0.0000000000000000E+00
  40,  32,  45,  1.5142540794675774E-02, -0.0000000000000000E+00
  40,  32,  46,  1.5142540794675774E-02, -0.0000000000000000E+00
  40,  32,  47,  1.5142540794675774E-02, -0.0000000000000000E+00
  40,  32,  48,  1.5142540794675774E-02, -0.0000000000000000E+00
  40,  32,  49,  1.5142540794675774E-02, -0.0000000000000000E+00
  40,  32,  50,  1.5142540794675774E-02, -0.0000000000000000E+00
  40,  32,  51,  1.5142540794675774E-02, -0.0000000000000000E+00
  40,  32,  52,  1.5142540794675774E-02, -0.0000000000000000E+00
  40,  32,  53,  1.5142540794675774E-02, -0.0000000000000000E+00
  40,  32,  54,  1.5142540794675774E-02, -0.0000000000000000E+00
  40,  32,  55,  1.5142540794675774E-02, -0.0000000000000000E+00
  40,  32,  56,  1.5142540794675774E-02, -0.0000000000000000E+00
  40,  32,  57,  1.5142540794675774E-02, -0.0000000000000000E+00
  40,  32,  58,  1.5142540794675774E-02, -0.0000000000000000E+00
  40,  32,  59,  1.5142540794675774E-02, -0.0000000000000000E+00
  40,  32,  60,  1.5142540794675774E-02, -0.0000000000000000E+00
  40,  32,  61,  1.5142540794675774E-02, -0.0000000000000000E+00
  40,  32,  62,  1.5142540794675774E-02, -0.0000000000000000E+00
  40,  32,  63,  1.5142540794675774E-02, -0.0000000000000000E+00
  40,  32,  64,  1.5142540794675774E-02, -0.0000000000000000E+00
  40,  32,  65,  1.5142540794675774E-02, -0.0000000000000000E+00
  40,  32,  66,  1.5142540794675774E-02, -0.0000000000000000E+00
  40,  32,  67,  1.5142540794675774E-02, -0.0000000000000000E+00
  40,  32,  68,  1.5142540794675774E-02, -0.0000000000000000E+00
  40,  32,  69,  1.5142540794675774E-02, -0.0000000000000000E+00
  40,  32,  70,  1.5142540794675774E-02, -0.0000000000000000E+00
  40,  32,  71,  1.5142540794675774E-02, -0.0000000000000000E+00
  40,  32,  72,  1.5142540794675774E-02, -0.0000000000000000E+00
  40,  32,  73,  1.5142540794675774E-02, -0.0000000000000000E+00
  40,  32,  74,  1.5142540794675774E-02, -0.0000000000000000E+00
  40,  32,  75,  1.5142540794675774E-02, -0.0000000000000000E+00
  40,  32,  76,  1.5142540794675774E-02, -0.0000000000000000E+00
  40,  32,  77,  1.5142540794675774E-02, -0.0000000000000000E+00
  40,  32,  78,  1.5142540794675774E-02, -0.0000000000000000E+00
  40,  32,  79,  1.5142540794675774E-02, -0.0000000000000000E+00
  40,  32,  80,  1.5142540794675774E-02, -0.0000000000000000E+00
  40,  33,   1,  1.2732395447351628E+00, -0.0000000000000000E+00
  40,  33,   2,  1.2732395447351628E+00, -0.0000000000000000E+00
  40,  33,   3,  1.2732395447351628E+00, -0.0000000000000000E+00
  40,  33,   4,  1.2732395447351628E+00, -0.0000000000000000E+00
  40,  33,   5,  1.2732395447351628E+00, -0.0000000000000000E+00
  40,  33,   6,  1.2732395447351628E+00, -0.0000000000000000E+00
  40,  33,   7,  1.2732395447351628E+00, -0.0000000000000000E+00
  40,  33,   8,  1.2732395447351628E+00, -0.0000000000000000E+00
  40,  33,   9,  1.2732395447351628E+00, -0.0000000000000000E+00
  40,  33,  10,  1.2732395447351628E+00, -0.0000000000000000E+00
  40,  33,  11,  1.2732395447351628E+00, -0.0000000000000000E+00
  40,  33,  12,  1.2732395447351628E+00, -0.0000000000000000E+00
  40,  33,  13,  1.2732395447351628E+00, -0.0000000000000000E+00
  40,  33,  14,  1.2732395447351628E+00, -0.0000000000000000E+00
  40,  33,  15,  1.2732395447351628E+00, -0.0000000000000000E+00
  40,  33,  16,  1.2732395447351628E+00, -0.0000000000000000E+00
  40,  33,  17,  1.2732395447351628E+00, -0.0000000000000000E+00
  40,  33,  18,  1.2732395447351628E+00, -0.0000000000000000E+00
  40,  33,  19,  1.2732395447351628E+00, -0.0000000000000000E+00
  40,  33,  20,  1.2732395447351628E+00, -0.0000000000000000E+00
  40,  33,  21,  1.2732395447351628E+00, -0.0000000000000000E+00
  40,  33,  22,  1.2732395447351628E+00, -0.0000000000000000E+00
  40,  33,  23,  1.2732395447351628E+00, -0.0000000000000000E+00
  40,  33,  24,  1.2732395447351628E+00, -0.0000000000000000E+00
  40,  33,  25,  1.2732395447351628E+00, -0.0000000000000000E+00
  40,  33,  26,  1.2732395447351628E+00, -0.0000000000000000E+00
  40,  33,  27,  1.2732395447351628E+00, -0.0000000000000000E+00
  40,  33,  28,  1.2732395447351628E+00, -0.0000000000000000E+00
  40,  33,  29,  1.2732395447351628E+00, -0.0000000000000000E+00
  40,  33,  30,  1.2732395447351628E+00, -0.0000000000000000E+00
  40,  33,  31,  1.2732395447351628E+00, -0.0000000000000000E+00
  40,  33,  32,  1.2732395447351628E+00,  3.1422930180971065E-04
  40,  33,  33,  1.2732395447351628E+00, -2.1939556799263845E-02
  40,  33,  34,  1.2732395447351628E+00, -3.1408922890824797E-04
  40,  33,  35,  1.2732395447351628E+00, -0.0000000000000000E+00
  40,  33,  36,  1.2732395447351628E+00, -0.0000000000000000E+00
  40,  33,  37,  1.2732395447351628E+00, -0.0000000000000000E+00
  40,  33,  38,  1.2732395447351628E+00, -0.0000000000000000E+00
  40,  33,  39,  1.2732395447351628E+00, -0.0000000000000000E+00
  40,  33,  40,  1.2732395447351628E+00, -0.0000000000000000E+00
  40,  33,  41,  1.2732395447351628E+00, -0.0000000000000000E+00
  40,  33,  42,  1.2732395447351628E+00, -0.0000000000000000E+00
  40,  33,  43,  1.2732395447351628E+00, -0.0000000000000000E+00
  40,  33,  44,  1.2732395447351628E+00, -0.0000000000000000E+00
  40,  33,  45,  1.2732395447351628E+00, -0.0000000000000000E+00
  40,  33,  46,  1.2732395447351628E+00, -0.0000000000000000E+00
  40,  33,  47,  1.2732395447351628E+00, -0.0000000000000000E+00
  40,  33,  48,  1.2732395447351628E+00, -0.0000000000000000E+00
  40,  33,  49,  1.2732395447351628E+00, -0.0000000000000000E+00
  40,  33,  50,  1.2732395447351628E+00, -0.0000000000000000E+00
  40,  33,  51,  1.2732395447351628E+00, -0.0000000000000000E+00
  40,  33,  52,  1.2732395447351628E+00, -0.0000000000000000E+00
  40,  33,  53,  1.2732395447351628E+00, -0.0000000000000000E+00
  40,  33,  54,  1.2732395447351628E+00, -0.0000000000000000E+00
  40,  33,  55,  1.2732395447351628E+00, -0.0000000000000000E+00
  40,  33,  56,  1.2732395447351628E+00, -0.0000000000000000E+00
  40,  33,  57,  1.2732395447351628E+00, -0.0000000000000000E+00
  40,  33,  58,  1.2732395447351628E+00, -0.0000000000000000E+00
  40,  33,  59,  1.2732395447351628E+00, -0.0000000000000000E+00
  40,  33,  60,  1.2732395447351628E+00, -0.0000000000000000E+00
  40,  33,  61,  1.2732395447351628E+00, -0.0000000000000000E+00
  40,  33,  62,  1.2732395447351628E+00, -0.0000000000000000E+00
  40,  33,  63,  1.2732395447351628E+00, -0.0000000000000000E+00
  40,  33,  64,  1.2732395447351628E+00, -0.0000000000000000E+00
  40,  33,  65,  1.2732395447351628E+00, -0.0000000000000000E+00
  40,  33,  66,  1.2732395447351628E+00, -0.0000000000000000E+00
  40,  33,  67,  1.2732395447351628E+00, -0.0000000000000000E+00
  40,  33,  68,  1.2732395447351628E+00, -0.0000000000000000E+00
  40,  33,  69,  1.2732395447351628E+00, -0.0000000000000000E+00
  40,  33,  70,  1.2732395447351628E+00, -0.0000000000000000E+00
  40,  33,  71,  1.2732395447351628E+00, -0.0000000000000000E+00
  40,  33,  72,  1.2732395447351628E+00, -0.0000000000000000E+00
  40,  33,  73,  1.2732395447351628E+00, -0.0000000000000000E+00
  40,  33,  74,  1.2732395447351628E+00, -0.0000000000000000E+00
  40,  33,  75,  1.2732395447351628E+00, -0.0000000000000000E+00
  40,  33,  76,  1.2732395447351628E+00, -0.0000000000000000E+00
  40,  33,  77,  1.2732395447351628E+00, -0.0000000000000000E+00
  40,  33,  78,  1.2732395447351628E+00, -0.0000000000000000E+00
  40,  33,  79,  1.2732395447351628E+00, -0.0000000000000000E+00
  40,  33,  80,  1.2732395447351628E+00, -0.0000000000000000E+00
  40,  34,   1,  1.5142540794675774E-02, -0.0000000000000000E+00
  40,  34,   2,  1.5142540794675774E-02, -0.0000000000000000E+00
  40,  34,   3,  1.5142540794675774E-02, -0.0000000000000000E+00
  40,  34,   4,  1.5142540794675774E-02, -0.0000000000000000E+00
  40,  34,   5,  1.5142540794675774E-02, -0.0000000000000000E+00
  40,  34,   6,  1.5142540794675774E-02, -0.0000000000000000E+00
  40,  34,   7,  1.5142540794675774E-02, -0.0000000000000000E+00
  40,  34,   8,  1.5142540794675774E-02, -0.0000000000000000E+00
  40,  34,   9,  1.5142540794675774E-02, -0.0000000000000000E+00
  40,  34,  10,  1.5142540794675774E-02, -0.0000000000000000E+00
  40,  34,  11,  1.5142540794675774E-02, -0.0000000000000000E+00
  40,  34,  12,  1.5142540794675774E-02, -0.0000000000000000E+00
  40,  34,  13,  1.5142540794675774E-02, -0.0000000000000000E+00
  40,  34,  14,  1.5142540794675774E-02, -0.0000000000000000E+00
  40,  34,  15,  1.5142540794675774E-02, -0.0000000000000000E+00
  40,  34,  16,  1.5142540794675774E-02, -0.0000000000000000E+00
  40,  34,  17,  1.5142540794675774E-02, -0.0000000000000000E+00
  40,  34,  18,  1.5142540794675774E-02, -0.0000000000000000E+00
  40,  34,  19,  1.5142540794675774E-02, -0.0000000000000000E+00
  40,  34,  20,  1.5142540794675774E-02, -0.0000000000000000E+00
  40,  34,  21,  1.5142540794675774E-02, -0.0000000000000000E+00
  40,  34,  22,  1.5142540794675774E-02, -0.0000000000000000E+00
  40,  34,  23,  1.5142540794675774E-02, -0.0000000000000000E+00
  40,  34,  24,  1.5142540794675774E-02, -0.0000000000000000E+00
  40,  34,  25,  1.5142540794675774E-02, -0.0000000000000000E+00
  40,  34,  26,  1.5142540794675774E-02, -0.0000000000000000E+00
  40,  34,  27,  1.5142540794675774E-02, -0.0000000000000000E+00
  40,  34,  28,  1.5142540794675774E-02, -0.0000000000000000E+00
  40,  34,  29,  1.5142540794675774E-02, -0.0000000000000000E+00
  40,  34,  30,  1.5142540794675774E-02, -0.0000000000000000E+00
  40,  34,  31,  1.5142540794675774E-02, -0.0000000000000000E+00
  40,  34,  32,  1.5142540794675774E-02, -0.0000000000000000E+00
  40,  34,  33,  1.5142540794675774E-02,  6.6039115466778682E+01
  40,  34,  34,  1.5142540794675774E-02, -0.0000000000000000E+00
  40,  34,  35,  1.5142540794675774E-02, -6.6039115466778682E+01
  40,  34,  36,  1.5142540794675774E-02, -0.0000000000000000E+00
  40,  34,  37,  1.5142540794675774E-02, -0.0000000000000000E+00
  40,  34,  38,  1.5142540794675774E-02, -0.0000000000000000E+00
  40,  34,  39,  1.5142540794675774E-02, -0.0000000000000000E+00
  40,  34,  40,  1.5142540794675774E-02, -0.0000000000000000E+00
  40,  34,  41,  1.5142540794675774E-02, -0.0000000000000000E+00
  40,  34,  42,  1.5142540794675774E-02, -0.0000000000000000E+00
  40,  34,  43,  1.5142540794675774E-02, -0.0000000000000000E+00
  40,  34,  44,  1.5142540794675774E-02, -0.0000000000000000E+00
  40,  34,  45,  1.5142540794675774E-02, -0.0000000000000000E+00
  40,  34,  46,  1.5142540794675774E-02, -0.0000000000000000E+00
  40,  34,  47,  1.5142540794675774E-02, -0.0000000000000000E+00
  40,  34,  48,  1.5142540794675774E-02, -0.0000000000000000E+00
  40,  34,  49,  1.5142540794675774E-02, -0.0000000000000000E+00
  40,  34,  50,  1.5142540794675774E-02, -0.0000000000000000E+00
  40,  34,  51,  1.5142540794675774E-02, -0.0000000000000000E+00
  40,  34,  52,  1.5142540794675774E-02, -0.0000000000000000E+00
  40,  34,  53,  1.5142540794675774E-02, -0.0000000000000000E+00
  40,  34,  54,  1.5142540794675774E-02, -0.0000000000000000E+00
  40,  34,  55,  1.5142540794675774E-02, -0.0000000000000000E+00
  40,  34,  56,  1.5142540794675774E-02, -0.0000000000000000E+00
  40,  34,  57,  1.5142540794675774E-02, -0.0000000000000000E+00
  40,  34,  58,  1.5142540794675774E-02, -0.0000000000000000E+00
  40,  34,  59,  1.5142540794675774E-02, -0.0000000000000000E+00
  40,  34,  60,  1.5142540794675774E-02, -0.0000000000000000E+00
  40,  34,  61,  1.5142540794675774E-02, -0.0000000000000000E+00
  40,  34,  62,  1.5142540794675774E-02, -0.0000000000000000E+00
  40,  34,  63,  1.5142540794675774E-02, -0.0000000000000000E+00
  40,  34,  64,  1.5142540794675774E-02, -0.0000000000000000E+00
  40,  34,  65,  1.5142540794675774E-02, -0.0000000000000000E+00
  40,  34,  66,  1.5142540794675774E-02, -0.0000000000000000E+00
  40,  34,  67,  1.5142540794675774E-02, -0.0000000000000000E+00
  40,  34,  68,  1.5142540794675774E-02, -0.0000000000000000E+00
  40,  34,  69,  1.5142540794675774E-02, -0.0000000000000000E+00
  40,  34,  70,  1.5142540794675774E-02, -0.0000000000000000E+00
  40,  34,  71,  1.5142540794675774E-02, -0.0000000000000000E+00
  40,  34,  72,  1.5142540794675774E-02, -0.0000000000000000E+00
  40,  34,  73,  1.5142540794675774E-02, -0.0000000000000000E+00
  40,  34,  74,  1.5142540794675774E-02, -0.0000000000000000E+00
  40,  34,  75,  1.5142540794675774E-02, -0.0000000000000000E+00
  40,  34,  76,  1.5142540794675774E-02, -0.0000000000000000E+00
  40,  34,  77,  1.5142540794675774E-02, -0.0000000000000000E+00
  40,  34,  78,  1.5142540794675774E-02, -0.0000000000000000E+00
  40,  34,  79,  1.5142540794675774E-02, -0.0000000000000000E+00
  40,  34,  80,  1.5142540794675774E-02, -0.0000000000000000E+00
  40,  35,   1,  1.2732395447351628E+00, -0.0000000000000000E+00
  40,  35,   2,  1.2732395447351628E+00, -0.0000000000000000E+00
  40,  35,   3,  1.2732395447351628E+00, -0.0000000000000000E+00
  40,  35,   4,  1.2732395447351628E+00, -0.0000000000000000E+00
  40,  35,   5,  1.2732395447351628E+00, -0.0000000000000000E+00
  40,  35,   6,  1.2732395447351628E+00, -0.0000000000000000E+00
  40,  35,   7,  1.2732395447351628E+00, -0.0000000000000000E+00
  40,  35,   8,  1.2732395447351628E+00, -0.0000000000000000E+00
  40,  35,   9,  1.2732395447351628E+00, -0.0000000000000000E+00
  40,  35,  10,  1.2732395447351628E+00, -0.0000000000000000E+00
  40,  35,  11,  1.2732395447351628E+00, -0.0000000000000000E+00
  40,  35,  12,  1.2732395447351628E+00, -0.0000000000000000E+00
  40,  35,  13,  1.2732395447351628E+00, -0.0000000000000000E+00
  40,  35,  14,  1.2732395447351628E+00, -0.0000000000000000E+00
  40,  35,  15,  1.2732395447351628E+00, -0.0000000000000000E+00
  40,  35,  16,  1.2732395447351628E+00, -0.0000000000000000E+00
  40,  35,  17,  1.2732395447351628E+00, -0.0000000000000000E+00
  40,  35,  18,  1.2732395447351628E+00, -0.0000000000000000E+00
  40,  35,  19,  1.2732395447351628E+00, -0.0000000000000000E+00
  40,  35,  20,  1.2732395447351628E+00, -0.0000000000000000E+00
  40,  35,  21,  1.2732395447351628E+00, -0.0000000000000000E+00
  40,  35,  22,  1.2732395447351628E+00, -0.0000000000000000E+00
  40,  35,  23,  1.2732395447351628E+00, -0.0000000000000000E+00
  40,  35,  24,  1.2732395447351628E+00, -0.0000000000000000E+00
  40,  35,  25,  1.2732395447351628E+00, -0.0000000000000000E+00
  40,  35,  26,  1.2732395447351628E+00, -0.0000000000000000E+00
  40,  35,  27,  1.2732395447351628E+00, -0.0000000000000000E+00
  40,  35,  28,  1.2732395447351628E+00, -0.0000000000000000E+00
  40,  35,  29,  1.2732395447351628E+00, -0.0000000000000000E+00
  40,  35,  30,  1.2732395447351628E+00, -0.0000000000000000E+00
  40,  35,  31,  1.2732395447351628E+00, -0.0000000000000000E+00
  40,  35,  32,  1.2732395447351628E+00, -0.0000000000000000E+00
  40,  35,  33,  1.2732395447351628E+00, -0.0000000000000000E+00
  40,  35,  34,  1.2732395447351628E+00,  3.1422936431918475E-04
  40,  35,  35,  1.2732395447351628E+00, -2.1949345446962820E-02
  40,  35,  36,  1.2732395447351628E+00, -3.1408916639877386E-04
  40,  35,  37,  1.2732395447351628E+00, -0.0000000000000000E+00
  40,  35,  38,  1.2732395447351628E+00, -0.0000000000000000E+00
  40,  35,  39,  1.2732395447351628E+00, -0.0000000000000000E+00
  40,  35,  40,  1.2732395447351628E+00, -0.0000000000000000E+00
  40,  35,  41,  1.2732395447351628E+00, -0.0000000000000000E+00
  40,  35,  42,  1.2732395447351628E+00, -0.0000000000000000E+00
  40,  35,  43,  1.2732395447351628E+00, -0.0000000000000000E+00
  40,  35,  44,  1.2732395447351628E+00, -0.0000000000000000E+00
  40,  35,  45,  1.2732395447351628E+00, -0.0000000000000000E+00
  40,  35,  46,  1.2732395447351628E+00, -0.0000000000000000E+00
  40,  35,  47,  1.2732395447351628E+00, -0.0000000000000000E+00
  40,  35,  48,  1.2732395447351628E+00, -0.0000000000000000E+00
  40,  35,  49,  1.2732395447351628E+00, -0.0000000000000000E+00
  40,  35,  50,  1.2732395447351628E+00, -0.0000000000000000E+00
  40,  35,  51,  1.2732395447351628E+00, -0.0000000000000000E+00
  40,  35,  52,  1.2732395447351628E+00, -0.0000000000000000E+00
  40,  35,  53,  1.2732395447351628E+00, -0.0000000000000000E+00
  40,  35,  54,  1.2732395447351628E+00, -0.0000000000000000E+00
  40,  35,  55,  1.2732395447351628E+00, -0.0000000000000000E+00
  40,  35,  56,  1.2732395447351628E+00, -0.0000000000000000E+00
  40,  35,  57,  1.2732395447351628E+00, -0.0000000000000000E+00
  40,  35,  58,  1.2732395447351628E+00, -0.0000000000000000E+00
  40,  35,  59,  1.2732395447351628E+00, -0.0000000000000000E+00
  40,  35,  60,  1.2732395447351628E+00, -0.0000000000000000E+00
  40,  35,  61,  1.2732395447351628E+00, -0.0000000000000000E+00
  40,  35,  62,  1.2732395447351628E+00, -0.0000000000000000E+00
  40,  35,  63,  1.2732395447351628E+00, -0.0000000000000000E+00
  40,  35,  64,  1.2732395447351628E+00, -0.0000000000000000E+00
  40,  35,  65,  1.2732395447351628E+00, -0.0000000000000000E+00
  40,  35,  66,  1.2732395447351628E+00, -0.0000000000000000E+00
  40,  35,  67,  1.2732395447351628E+00, -0.0000000000000000E+00
  40,  35,  68,  1.2732395447351628E+00, -0.0000000000000000E+00
  40,  35,  69,  1.2732395447351628E+00, -0.0000000000000000E+00
  40,  35,  70,  1.2732395447351628E+00, -0.0000000000000000E+00
  40,  35,  71,  1.2732395447351628E+00, -0.0000000000000000E+00
  40,  35,  72,  1.2732395447351628E+00, -0.0000000000000000E+00
  40,  35,  73,  1.2732395447351628E+00, -0.0000000000000000E+00
  40,  35,  74,  1.2732395447351628E+00, -0.0000000000000000E+00
  40,  35,  75,  1.2732395447351628E+00, -0.0000000000000000E+00
  40,  35,  76,  1.2732395447351628E+00, -0.0000000000000000E+00
  40,  35,  77,  1.2732395447351628E+00, -0.0000000000000000E+00
  40,  35,  78,  1.2732395447351628E+00, -0.0000000000000000E+00
  40,  35,  79,  1.2732395447351628E+00, -0.0000000000000000E+00
  40,  35,  80,  1.2732395447351628E+00, -0.0000000000000000E+00
  40,  36,   1,  1.5142540794675774E-02, -0.0000000000000000E+00
  40,  36,   2,  1.5142540794675774E-02, -0.0000000000000000E+00
  40,  36,   3,  1.5142540794675774E-02, -0.0000000000000000E+00
  40,  36,   4,  1.5142540794675774E-02, -0.0000000000000000E+00
  40,  36,   5,  1.5142540794675774E-02, -0.0000000000000000E+00
  40,  36,   6,  1.5142540794675774E-02, -0.0000000000000000E+00
  40,  36,   7,  1.5142540794675774E-02, -0.0000000000000000E+00
  40,  36,   8,  1.5142540794675774E-02, -0.0000000000000000E+00
  40,  36,   9,  1.5142540794675774E-02, -0.0000000000000000E+00
  40,  36,  10,  1.5142540794675774E-02, -0.0000000000000000E+00
  40,  36,  11,  1.5142540794675774E-02, -0.0000000000000000E+00
  40,  36,  12,  1.5142540794675774E-02, -0.0000000000000000E+00
  40,  36,  13,  1.5142540794675774E-02, -0.0000000000000000E+00
  40,  36,  14,  1.5142540794675774E-02, -0.0000000000000000E+00
  40,  36,  15,  1.5142540794675774E-02, -0.0000000000000000E+00
  40,  36,  16,  1.5142540794675774E-02, -0.0000000000000000E+00
  40,  36,  17,  1.5142540794675774E-02, -0.0000000000000000E+00
  40,  36,  18,  1.5142540794675774E-02, -0.0000000000000000E+00
  40,  36,  19,  1.5142540794675774E-02, -0.0000000000000000E+00
  40,  36,  20,  1.5142540794675774E-02, -0.0000000000000000E+00
  40,  36,  21,  1.5142540794675774E-02, -0.0000000000000000E+00
  40,  36,  22,  1.5142540794675774E-02, -0.0000000000000000E+00
  40,  36,  23,  1.5142540794675774E-02, -0.0000000000000000E+00
  40,  36,  24,  1.5142540794675774E-02, -0.0000000000000000E+00
  40,  36,  25,  1.5142540794675774E-02, -0.0000000000000000E+00
  40,  36,  26,  1.5142540794675774E-02, -0.0000000000000000E+00
  40,  36,  27,  1.5142540794675774E-02, -0.0000000000000000E+00
  40,  36,  28,  1.5142540794675774E-02, -0.0000000000000000E+00
  40,  36,  29,  1.5142540794675774E-02, -0.0000000000000000E+00
  40,  36,  30,  1.5142540794675774E-02, -0.0000000000000000E+00
  40,  36,  31,  1.5142540794675774E-02, -0.0000000000000000E+00
  40,  36,  32,  1.5142540794675774E-02, -0.0000000000000000E+00
  40,  36,  33,  1.5142540794675774E-02, -0.0000000000000000E+00
  40,  36,  34,  1.5142540794675774E-02, -0.0000000000000000E+00
  40,  36,  35,  1.5142540794675774E-02,  6.6039115466778682E+01
  40,  36,  36,  1.5142540794675774E-02, -0.0000000000000000E+00
  40,  36,  37,  1.5142540794675774E-02, -6.6039115466778682E+01
  40,  36,  38,  1.5142540794675774E-02, -0.0000000000000000E+00
  40,  36,  39,  1.5142540794675774E-02, -0.0000000000000000E+00
  40,  36,  40,  1.5142540794675774E-02, -0.0000000000000000E+00
  40,  36,  41,  1.5142540794675774E-02, -0.0000000000000000E+00
  40,  36,  42,  1.5142540794675774E-02, -0.0000000000000000E+00
  40,  36,  43,  1.5142540794675774E-02, -0.0000000000000000E+00
  40,  36,  44,  1.5142540794675774E-02, -0.0000000000000000E+00
  40,  36,  45,  1.5142540794675774E-02, -0.0000000000000000E+00
  40,  36,  46,  1.5142540794675774E-02, -0.0000000000000000E+00
  40,  36,  47,  1.5142540794675774E-02, -0.0000000000000000E+00
  40,  36,  48,  1.5142540794675774E-02, -0.0000000000000000E+00
  40,  36,  49,  1.5142540794675774E-02, -0.0000000000000000E+00
  40,  36,  50,  1.5142540794675774E-02, -0.0000000000000000E+00
  40,  36,  51,  1.5142540794675774E-02, -0.0000000000000000E+00
  40,  36,  52,  1.5142540794675774E-02, -0.0000000000000000E+00
  40,  36,  53,  1.5142540794675774E-02, -0.0000000000000000E+00
  40,  36,  54,  1.5142540794675774E-02, -0.0000000000000000E+00
  40,  36,  55,  1.5142540794675774E-02, -0.0000000000000000E+00
  40,  36,  56,  1.5142540794675774E-02, -0.0000000000000000E+00
  40,  36,  57,  1.5142540794675774E-02, -0.0000000000000000E+00
  40,  36,  58,  1.5142540794675774E-02, -0.0000000000000000E+00
  40,  36,  59,  1.5142540794675774E-02, -0.0000000000000000E+00
  40,  36,  60,  1.5142540794675774E-02, -0.0000000000000000E+00
  40,  36,  61,  1.5142540794675774E-02, -0.0000000000000000E+00
  40,  36,  62,  1.5142540794675774E-02, -0.0000000000000000E+00
  40,  36,  63,  1.5142540794675774E-02, -0.0000000000000000E+00
  40,  36,  64,  1.5142540794675774E-02, -0.0000000000000000E+00
  40,  36,  65,  1.5142540794675774E-02, -0.0000000000000000E+00
  40,  36,  66,  1.5142540794675774E-02, -0.0000000000000000E+00
  40,  36,  67,  1.5142540794675774E-02, -0.0000000000000000E+00
  40,  36,  68,  1.5142540794675774E-02, -0.0000000000000000E+00
  40,  36,  69,  1.5142540794675774E-02, -0.0000000000000000E+00
  40,  36,  70,  1.5142540794675774E-02, -0.0000000000000000E+00
  40,  36,  71,  1.5142540794675774E-02, -0.0000000000000000E+00
  40,  36,  72,  1.5142540794675774E-02, -0.0000000000000000E+00
  40,  36,  73,  1.5142540794675774E-02, -0.0000000000000000E+00
  40,  36,  74,  1.5142540794675774E-02, -0.0000000000000000E+00
  40,  36,  75,  1.5142540794675774E-02, -0.0000000000000000E+00
  40,  36,  76,  1.5142540794675774E-02, -0.0000000000000000E+00
  40,  36,  77,  1.5142540794675774E-02, -0.0000000000000000E+00
  40,  36,  78,  1.5142540794675774E-02, -0.0000000000000000E+00
  40,  36,  79,  1.5142540794675774E-02, -0.0000000000000000E+00
  40,  36,  80,  1.5142540794675774E-02, -0.0000000000000000E+00
  40,  37,   1,  1.2732395447351628E+00, -0.0000000000000000E+00
  40,  37,   2,  1.2732395447351628E+00, -0.0000000000000000E+00
  40,  37,   3,  1.2732395447351628E+00, -0.0000000000000000E+00
  40,  37,   4,  1.2732395447351628E+00, -0.0000000000000000E+00
  40,  37,   5,  1.2732395447351628E+00, -0.0000000000000000E+00
  40,  37,   6,  1.2732395447351628E+00, -0.0000000000000000E+00
  40,  37,   7,  1.2732395447351628E+00, -0.0000000000000000E+00
  40,  37,   8,  1.2732395447351628E+00, -0.0000000000000000E+00
  40,  37,   9,  1.2732395447351628E+00, -0.0000000000000000E+00
  40,  37,  10,  1.2732395447351628E+00, -0.0000000000000000E+00
  40,  37,  11,  1.2732395447351628E+00, -0.0000000000000000E+00
  40,  37,  12,  1.2732395447351628E+00, -0.0000000000000000E+00
  40,  37,  13,  1.2732395447351628E+00, -0.0000000000000000E+00
  40,  37,  14,  1.2732395447351628E+00, -0.0000000000000000E+00
  40,  37,  15,  1.2732395447351628E+00, -0.0000000000000000E+00
  40,  37,  16,  1.2732395447351628E+00, -0.0000000000000000E+00
  40,  37,  17,  1.2732395447351628E+00, -0.0000000000000000E+00
  40,  37,  18,  1.2732395447351628E+00, -0.0000000000000000E+00
  40,  37,  19,  1.2732395447351628E+00, -0.0000000000000000E+00
  40,  37,  20,  1.2732395447351628E+00, -0.0000000000000000E+00
  40,  37,  21,  1.2732395447351628E+00, -0.0000000000000000E+00
  40,  37,  22,  1.2732395447351628E+00, -0.0000000000000000E+00
  40,  37,  23,  1.2732395447351628E+00, -0.0000000000000000E+00
  40,  37,  24,  1.2732395447351628E+00, -0.0000000000000000E+00
  40,  37,  25,  1.2732395447351628E+00, -0.0000000000000000E+00
  40,  37,  26,  1.2732395447351628E+00, -0.0000000000000000E+00
  40,  37,  27,  1.2732395447351628E+00, -0.0000000000000000E+00
  40,  37,  28,  1.2732395447351628E+00, -0.0000000000000000E+00
  40,  37,  29,  1.2732395447351628E+00, -0.0000000000000000E+00
  40,  37,  30,  1.2732395447351628E+00, -0.0000000000000000E+00
  40,  37,  31,  1.2732395447351628E+00, -0.0000000000000000E+00
  40,  37,  32,  1.2732395447351628E+00, -0.0000000000000000E+00
  40,  37,  33,  1.2732395447351628E+00, -0.0000000000000000E+00
  40,  37,  34,  1.2732395447351628E+00, -0.0000000000000000E+00
  40,  37,  35,  1.2732395447351628E+00, -0.0000000000000000E+00
  40,  37,  36,  1.2732395447351628E+00,  3.1422942694034144E-04
  40,  37,  37,  1.2732395447351628E+00, -2.1959147208401218E-02
  40,  37,  38,  1.2732395447351628E+00, -3.1408910377761718E-04
  40,  37,  39,  1.2732395447351628E+00, -0.0000000000000000E+00
  40,  37,  40,  1.2732395447351628E+00, -0.0000000000000000E+00
  40,  37,  41,  1.2732395447351628E+00, -0.0000000000000000E+00
  40,  37,  42,  1.2732395447351628E+00, -0.0000000000000000E+00
  40,  37,  43,  1.2732395447351628E+00, -0.0000000000000000E+00
  40,  37,  44,  1.2732395447351628E+00, -0.0000000000000000E+00
  40,  37,  45,  1.2732395447351628E+00, -0.0000000000000000E+00
  40,  37,  46,  1.2732395447351628E+00, -0.0000000000000000E+00
  40,  37,  47,  1.2732395447351628E+00, -0.0000000000000000E+00
  40,  37,  48,  1.2732395447351628E+00, -0.0000000000000000E+00
  40,  37,  49,  1.2732395447351628E+00, -0.0000000000000000E+00
  40,  37,  50,  1.2732395447351628E+00, -0.0000000000000000E+00
  40,  37,  51,  1.2732395447351628E+00, -0.0000000000000000E+00
  40,  37,  52,  1.2732395447351628E+00, -0.0000000000000000E+00
  40,  37,  53,  1.2732395447351628E+00, -0.0000000000000000E+00
  40,  37,  54,  1.2732395447351628E+00, -0.0000000000000000E+00
  40,  37,  55,  1.2732395447351628E+00, -0.0000000000000000E+00
  40,  37,  56,  1.2732395447351628E+00, -0.0000000000000000E+00
  40,  37,  57,  1.2732395447351628E+00, -0.0000000000000000E+00
  40,  37,  58,  1.2732395447351628E+00, -0.0000000000000000E+00
  40,  37,  59,  1.2732395447351628E+00, -0.0000000000000000E+00
  40,  37,  60,  1.2732395447351628E+00, -0.0000000000000000E+00
  40,  37,  61,  1.2732395447351628E+00, -0.0000000000000000E+00
  40,  37,  62,  1.2732395447351628E+00, -0.0000000000000000E+00
  40,  37,  63,  1.2732395447351628E+00, -0.0000000000000000E+00
  40,  37,  64,  1.2732395447351628E+00, -0.0000000000000000E+00
  40,  37,  65,  1.2732395447351628E+00, -0.0000000000000000E+00
  40,  37,  66,  1.2732395447351628E+00, -0.0000000000000000E+00
  40,  37,  67,  1.2732395447351628E+00, -0.0000000000000000E+00
  40,  37,  68,  1.2732395447351628E+00, -0.0000000000000000E+00
  40,  37,  69,  1.2732395447351628E+00, -0.0000000000000000E+00
  40,  37,  70,  1.2732395447351628E+00, -0.0000000000000000E+00
  40,  37,  71,  1.2732395447351628E+00, -0.0000000000000000E+00
  40,  37,  72,  1.2732395447351628E+00, -0.0000000000000000E+00
  40,  37,  73,  1.2732395447351628E+00, -0.0000000000000000E+00
  40,  37,  74,  1.2732395447351628E+00, -0.0000000000000000E+00
  40,  37,  75,  1.2732395447351628E+00, -0.0000000000000000E+00
  40,  37,  76,  1.2732395447351628E+00, -0.0000000000000000E+00
  40,  37,  77,  1.2732395447351628E+00, -0.0000000000000000E+00
  40,  37,  78,  1.2732395447351628E+00, -0.0000000000000000E+00
  40,  37,  79,  1.2732395447351628E+00, -0.0000000000000000E+00
  40,  37,  80,  1.2732395447351628E+00, -0.0000000000000000E+00
  40,  38,   1,  1.5142540794675774E-02, -0.0000000000000000E+00
  40,  38,   2,  1.5142540794675774E-02, -0.0000000000000000E+00
  40,  38,   3,  1.5142540794675774E-02, -0.0000000000000000E+00
  40,  38,   4,  1.5142540794675774E-02, -0.0000000000000000E+00
  40,  38,   5,  1.5142540794675774E-02, -0.0000000000000000E+00
  40,  38,   6,  1.5142540794675774E-02, -0.0000000000000000E+00
  40,  38,   7,  1.5142540794675774E-02, -0.0000000000000000E+00
  40,  38,   8,  1.5142540794675774E-02, -0.0000000000000000E+00
  40,  38,   9,  1.5142540794675774E-02, -0.0000000000000000E+00
  40,  38,  10,  1.5142540794675774E-02, -0.0000000000000000E+00
  40,  38,  11,  1.5142540794675774E-02, -0.0000000000000000E+00
  40,  38,  12,  1.5142540794675774E-02, -0.0000000000000000E+00
  40,  38,  13,  1.5142540794675774E-02, -0.0000000000000000E+00
  40,  38,  14,  1.5142540794675774E-02, -0.0000000000000000E+00
  40,  38,  15,  1.5142540794675774E-02, -0.0000000000000000E+00
  40,  38,  16,  1.5142540794675774E-02, -0.0000000000000000E+00
  40,  38,  17,  1.5142540794675774E-02, -0.0000000000000000E+00
  40,  38,  18,  1.5142540794675774E-02, -0.0000000000000000E+00
  40,  38,  19,  1.5142540794675774E-02, -0.0000000000000000E+00
  40,  38,  20,  1.5142540794675774E-02, -0.0000000000000000E+00
  40,  38,  21,  1.5142540794675774E-02, -0.0000000000000000E+00
  40,  38,  22,  1.5142540794675774E-02, -0.0000000000000000E+00
  40,  38,  23,  1.5142540794675774E-02, -0.0000000000000000E+00
  40,  38,  24,  1.5142540794675774E-02, -0.0000000000000000E+00
  40,  38,  25,  1.5142540794675774E-02, -0.0000000000000000E+00
  40,  38,  26,  1.5142540794675774E-02, -0.0000000000000000E+00
  40,  38,  27,  1.5142540794675774E-02, -0.0000000000000000E+00
  40,  38,  28,  1.5142540794675774E-02, -0.0000000000000000E+00
  40,  38,  29,  1.5142540794675774E-02, -0.0000000000000000E+00
  40,  38,  30,  1.5142540794675774E-02, -0.0000000000000000E+00
  40,  38,  31,  1.5142540794675774E-02, -0.0000000000000000E+00
  40,  38,  32,  1.5142540794675774E-02, -0.0000000000000000E+00
  40,  38,  33,  1.5142540794675774E-02, -0.0000000000000000E+00
  40,  38,  34,  1.5142540794675774E-02, -0.0000000000000000E+00
  40,  38,  35,  1.5142540794675774E-02, -0.0000000000000000E+00
  40,  38,  36,  1.5142540794675774E-02, -0.0000000000000000E+00
  40,  38,  37,  1.5142540794675774E-02,  6.6039115466778682E+01
  40,  38,  38,  1.5142540794675774E-02, -0.0000000000000000E+00
  40,  38,  39,  1.5142540794675774E-02, -6.6039115466778682E+01
  40,  38,  40,  1.5142540794675774E-02, -0.0000000000000000E+00
  40,  38,  41,  1.5142540794675774E-02, -0.0000000000000000E+00
  40,  38,  42,  1.5142540794675774E-02, -0.0000000000000000E+00
  40,  38,  43,  1.5142540794675774E-02, -0.0000000000000000E+00
  40,  38,  44,  1.5142540794675774E-02, -0.0000000000000000E+00
  40,  38,  45,  1.5142540794675774E-02, -0.0000000000000000E+00
  40,  38,  46,  1.5142540794675774E-02, -0.0000000000000000E+00
  40,  38,  47,  1.5142540794675774E-02, -0.0000000000000000E+00
  40,  38,  48,  1.5142540794675774E-02, -0.0000000000000000E+00
  40,  38,  49,  1.5142540794675774E-02, -0.0000000000000000E+00
  40,  38,  50,  1.5142540794675774E-02, -0.0000000000000000E+00
  40,  38,  51,  1.5142540794675774E-02, -0.0000000000000000E+00
  40,  38,  52,  1.5142540794675774E-02, -0.0000000000000000E+00
  40,  38,  53,  1.5142540794675774E-02, -0.0000000000000000E+00
  40,  38,  54,  1.5142540794675774E-02, -0.0000000000000000E+00
  40,  38,  55,  1.5142540794675774E-02, -0.0000000000000000E+00
  40,  38,  56,  1.5142540794675774E-02, -0.0000000000000000E+00
  40,  38,  57,  1.5142540794675774E-02, -0.0000000000000000E+00
  40,  38,  58,  1.5142540794675774E-02, -0.0000000000000000E+00
  40,  38,  59,  1.5142540794675774E-02, -0.0000000000000000E+00
  40,  38,  60,  1.5142540794675774E-02, -0.0000000000000000E+00
  40,  38,  61,  1.5142540794675774E-02, -0.0000000000000000E+00
  40,  38,  62,  1.5142540794675774E-02, -0.0000000000000000E+00
  40,  38,  63,  1.5142540794675774E-02, -0.0000000000000000E+00
  40,  38,  64,  1.5142540794675774E-02, -0.0000000000000000E+00
  40,  38,  65,  1.5142540794675774E-02, -0.0000000000000000E+00
  40,  38,  66,  1.5142540794675774E-02, -0.0000000000000000E+00
  40,  38,  67,  1.5142540794675774E-02, -0.0000000000000000E+00
  40,  38,  68,  1.5142540794675774E-02, -0.0000000000000000E+00
  40,  38,  69,  1.5142540794675774E-02, -0.0000000000000000E+00
  40,  38,  70,  1.5142540794675774E-02, -0.0000000000000000E+00
  40,  38,  71,  1.5142540794675774E-02, -0.0000000000000000E+00
  40,  38,  72,  1.5142540794675774E-02, -0.0000000000000000E+00
  40,  38,  73,  1.5142540794675774E-02, -0.0000000000000000E+00
  40,  38,  74,  1.5142540794675774E-02, -0.0000000000000000E+00
  40,  38,  75,  1.5142540794675774E-02, -0.0000000000000000E+00
  40,  38,  76,  1.5142540794675774E-02, -0.0000000000000000E+00
  40,  38,  77,  1.5142540794675774E-02, -0.0000000000000000E+00
  40,  38,  78,  1.5142540794675774E-02, -0.0000000000000000E+00
  40,  38,  79,  1.5142540794675774E-02, -0.0000000000000000E+00
  40,  38,  80,  1.5142540794675774E-02, -0.0000000000000000E+00
  40,  39,   1,  1.2732395447351628E+00, -0.0000000000000000E+00
  40,  39,   2,  1.2732395447351628E+00, -0.0000000000000000E+00
  40,  39,   3,  1.2732395447351628E+00, -0.0000000000000000E+00
  40,  39,   4,  1.2732395447351628E+00, -0.0000000000000000E+00
  40,  39,   5,  1.2732395447351628E+00, -0.0000000000000000E+00
  40,  39,   6,  1.2732395447351628E+00, -0.0000000000000000E+00
  40,  39,   7,  1.2732395447351628E+00, -0.0000000000000000E+00
  40,  39,   8,  1.2732395447351628E+00, -0.0000000000000000E+00
  40,  39,   9,  1.2732395447351628E+00, -0.0000000000000000E+00
  40,  39,  10,  1.2732395447351628E+00, -0.0000000000000000E+00
  40,  39,  11,  1.2732395447351628E+00, -0.0000000000000000E+00
  40,  39,  12,  1.2732395447351628E+00, -0.0000000000000000E+00
  40,  39,  13,  1.2732395447351628E+00, -0.0000000000000000E+00
  40,  39,  14,  1.2732395447351628E+00, -0.0000000000000000E+00
  40,  39,  15,  1.2732395447351628E+00, -0.0000000000000000E+00
  40,  39,  16,  1.2732395447351628E+00, -0.0000000000000000E+00
  40,  39,  17,  1.2732395447351628E+00, -0.0000000000000000E+00
  40,  39,  18,  1.2732395447351628E+00, -0.0000000000000000E+00
  40,  39,  19,  1.2732395447351628E+00, -0.0000000000000000E+00
  40,  39,  20,  1.2732395447351628E+00, -0.0000000000000000E+00
  40,  39,  21,  1.2732395447351628E+00, -0.0000000000000000E+00
  40,  39,  22,  1.2732395447351628E+00, -0.0000000000000000E+00
  40,  39,  23,  1.2732395447351628E+00, -0.0000000000000000E+00
  40,  39,  24,  1.2732395447351628E+00, -0.0000000000000000E+00
  40,  39,  25,  1.2732395447351628E+00, -0.0000000000000000E+00
  40,  39,  26,  1.2732395447351628E+00, -0.0000000000000000E+00
  40,  39,  27,  1.2732395447351628E+00, -0.0000000000000000E+00
  40,  39,  28,  1.2732395447351628E+00, -0.0000000000000000E+00
  40,  39,  29,  1.2732395447351628E+00, -0.0000000000000000E+00
  40,  39,  30,  1.2732395447351628E+00, -0.0000000000000000E+00
  40,  39,  31,  1.2732395447351628E+00, -0.0000000000000000E+00
  40,  39,  32,  1.2732395447351628E+00, -0.0000000000000000E+00
  40,  39,  33,  1.2732395447351628E+00, -0.0000000000000000E+00
  40,  39,  34,  1.2732395447351628E+00, -0.0000000000000000E+00
  40,  39,  35,  1.2732395447351628E+00, -0.0000000000000000E+00
  40,  39,  36,  1.2732395447351628E+00, -0.0000000000000000E+00
  40,  39,  37,  1.2732395447351628E+00, -0.0000000000000000E+00
  40,  39,  38,  1.2732395447351628E+00,  3.1422948967348027E-04
  40,  39,  39,  1.2732395447351628E+00, -2.1968962112885859E-02
  40,  39,  40,  1.2732395447351628E+00, -3.1408904104447834E-04
  40,  39,  41,  1.2732395447351628E+00, -0.0000000000000000E+00
  40,  39,  42,  1.2732395447351628E+00, -0.0000000000000000E+00
  40,  39,  43,  1.2732395447351628E+00, -0.0000000000000000E+00
  40,  39,  44,  1.2732395447351628E+00, -0.0000000000000000E+00
  40,  39,  45,  1.2732395447351628E+00, -0.0000000000000000E+00
  40,  39,  46,  1.2732395447351628E+00, -0.0000000000000000E+00
  40,  39,  47,  1.2732395447351628E+00, -0.0000000000000000E+00
  40,  39,  48,  1.2732395447351628E+00, -0.0000000000000000E+00
  40,  39,  49,  1.2732395447351628E+00, -0.0000000000000000E+00
  40,  39,  50,  1.2732395447351628E+00, -0.0000000000000000E+00
  40,  39,  51,  1.2732395447351628E+00, -0.0000000000000000E+00
  40,  39,  52,  1.2732395447351628E+00, -0.0000000000000000E+00
  40,  39,  53,  1.2732395447351628E+00, -0.0000000000000000E+00
  40,  39,  54,  1.2732395447351628E+00, -0.0000000000000000E+00
  40,  39,  55,  1.2732395447351628E+00, -0.0000000000000000E+00
  40,  39,  56,  1.2732395447351628E+00, -0.0000000000000000E+00
  40,  39,  57,  1.2732395447351628E+00, -0.0000000000000000E+00
  40,  39,  58,  1.2732395447351628E+00, -0.0000000000000000E+00
  40,  39,  59,  1.2732395447351628E+00, -0.0000000000000000E+00
  40,  39,  60,  1.2732395447351628E+00, -0.0000000000000000E+00
  40,  39,  61,  1.2732395447351628E+00, -0.0000000000000000E+00
  40,  39,  62,  1.2732395447351628E+00, -0.0000000000000000E+00
  40,  39,  63,  1.2732395447351628E+00, -0.0000000000000000E+00
  40,  39,  64,  1.2732395447351628E+00, -0.0000000000000000E+00
  40,  39,  65,  1.2732395447351628E+00, -0.0000000000000000E+00
  40,  39,  66,  1.2732395447351628E+00, -0.0000000000000000E+00
  40,  39,  67,  1.2732395447351628E+00, -0.0000000000000000E+00
  40,  39,  68,  1.2732395447351628E+00, -0.0000000000000000E+00
  40,  39,  69,  1.2732395447351628E+00, -0.0000000000000000E+00
  40,  39,  70,  1.2732395447351628E+00, -0.0000000000000000E+00
  40,  39,  71,  1.2732395447351628E+00, -0.0000000000000000E+00
  40,  39,  72,  1.2732395447351628E+00, -0.0000000000000000E+00
  40,  39,  73,  1.2732395447351628E+00, -0.0000000000000000E+00
  40,  39,  74,  1.2732395447351628E+00, -0.0000000000000000E+00
  40,  39,  75,  1.2732395447351628E+00, -0.0000000000000000E+00
  40,  39,  76,  1.2732395447351628E+00, -0.0000000000000000E+00
  40,  39,  77,  1.2732395447351628E+00, -0.0000000000000000E+00
  40,  39,  78,  1.2732395447351628E+00, -0.0000000000000000E+00
  40,  39,  79,  1.2732395447351628E+00, -0.0000000000000000E+00
  40,  39,  80,  1.2732395447351628E+00, -0.0000000000000000E+00
  40,  40,   1,  1.5142540794675774E-02, -0.0000000000000000E+00
  40,  40,   2,  1.5142540794675774E-02, -0.0000000000000000E+00
  40,  40,   3,  1.5142540794675774E-02, -0.0000000000000000E+00
  40,  40,   4,  1.5142540794675774E-02, -0.0000000000000000E+00
  40,  40,   5,  1.5142540794675774E-02, -0.0000000000000000E+00
  40,  40,   6,  1.5142540794675774E-02, -0.0000000000000000E+00
  40,  40,   7,  1.5142540794675774E-02, -0.0000000000000000E+00
  40,  40,   8,  1.5142540794675774E-02, -0.0000000000000000E+00
  40,  40,   9,  1.5142540794675774E-02, -0.0000000000000000E+00
  40,  40,  10,  1.5142540794675774E-02, -0.0000000000000000E+00
  40,  40,  11,  1.5142540794675774E-02, -0.0000000000000000E+00
  40,  40,  12,  1.5142540794675774E-02, -0.0000000000000000E+00
  40,  40,  13,  1.5142540794675774E-02, -0.0000000000000000E+00
  40,  40,  14,  1.5142540794675774E-02, -0.0000000000000000E+00
  40,  40,  15,  1.5142540794675774E-02, -0.0000000000000000E+00
  40,  40,  16,  1.5142540794675774E-02, -0.0000000000000000E+00
  40,  40,  17,  1.5142540794675774E-02, -0.0000000000000000E+00
  40,  40,  18,  1.5142540794675774E-02, -0.0000000000000000E+00
  40,  40,  19,  1.5142540794675774E-02, -0.0000000000000000E+00
  40,  40,  20,  1.5142540794675774E-02, -0.0000000000000000E+00
  40,  40,  21,  1.5142540794675774E-02, -0.0000000000000000E+00
  40,  40,  22,  1.5142540794675774E-02, -0.0000000000000000E+00
  40,  40,  23,  1.5142540794675774E-02, -0.0000000000000000E+00
  40,  40,  24,  1.5142540794675774E-02, -0.0000000000000000E+00
  40,  40,  25,  1.5142540794675774E-02, -0.0000000000000000E+00
  40,  40,  26,  1.5142540794675774E-02, -0.0000000000000000E+00
  40,  40,  27,  1.5142540794675774E-02, -0.0000000000000000E+00
  40,  40,  28,  1.5142540794675774E-02, -0.0000000000000000E+00
  40,  40,  29,  1.5142540794675774E-02, -0.0000000000000000E+00
  40,  40,  30,  1.5142540794675774E-02, -0.0000000000000000E+00
  40,  40,  31,  1.5142540794675774E-02, -0.0000000000000000E+00
  40,  40,  32,  1.5142540794675774E-02, -0.0000000000000000E+00
  40,  40,  33,  1.5142540794675774E-02, -0.0000000000000000E+00
  40,  40,  34,  1.5142540794675774E-02, -0.0000000000000000E+00
  40,  40,  35,  1.5142540794675774E-02, -0.0000000000000000E+00
  40,  40,  36,  1.5142540794675774E-02, -0.0000000000000000E+00
  40,  40,  37,  1.5142540794675774E-02, -0.0000000000000000E+00
  40,  40,  38,  1.5142540794675774E-02, -0.0000000000000000E+00
  40,  40,  39,  1.5142540794675774E-02,  6.6039115466778682E+01
  40,  40,  40,  1.5142540794675774E-02, -0.0000000000000000E+00
  40,  40,  41,  1.5142540794675774E-02, -6.6039115466778682E+01
  40,  40,  42,  1.5142540794675774E-02, -0.0000000000000000E+00
  40,  40,  43,  1.5142540794675774E-02, -0.0000000000000000E+00
  40,  40,  44,  1.5142540794675774E-02, -0.0000000000000000E+00
  40,  40,  45,  1.5142540794675774E-02, -0.0000000000000000E+00
  40,  40,  46,  1.5142540794675774E-02, -0.0000000000000000E+00
  40,  40,  47,  1.5142540794675774E-02, -0.0000000000000000E+00
  40,  40,  48,  1.5142540794675774E-02, -0.0000000000000000E+00
  40,  40,  49,  1.5142540794675774E-02, -0.0000000000000000E+00
  40,  40,  50,  1.5142540794675774E-02, -0.0000000000000000E+00
  40,  40,  51,  1.5142540794675774E-02, -0.0000000000000000E+00
  40,  40,  52,  1.5142540794675774E-02, -0.0000000000000000E+00
  40,  40,  53,  1.5142540794675774E-02, -0.0000000000000000E+00
  40,  40,  54,  1.5142540794675774E-02, -0.0000000000000000E+00
  40,  40,  55,  1.5142540794675774E-02, -0.0000000000000000E+00
  40,  40,  56,  1.5142540794675774E-02, -0.0000000000000000E+00
  40,  40,  57,  1.5142540794675774E-02, -0.0000000000000000E+00
  40,  40,  58,  1.5142540794675774E-02, -0.0000000000000000E+00
  40,  40,  59,  1.5142540794675774E-02, -0.0000000000000000E+00
  40,  40,  60,  1.5142540794675774E-02, -0.0000000000000000E+00
  40,  40,  61,  1.5142540794675774E-02, -0.0000000000000000E+00
  40,  40,  62,  1.5142540794675774E-02, -0.0000000000000000E+00
  40,  40,  63,  1.5142540794675774E-02, -0.0000000000000000E+00
  40,  40,  64,  1.5142540794675774E-02, -0.0000000000000000E+00
  40,  40,  65,  1.5142540794675774E-02, -0.0000000000000000E+00
  40,  40,  66,  1.5142540794675774E-02, -0.0000000000000000E+00
  40,  40,  67,  1.5142540794675774E-02, -0.0000000000000000E+00
  40,  40,  68,  1.5142540794675774E-02, -0.0000000000000000E+00
  40,  40,  69,  1.5142540794675774E-02, -0.0000000000000000E+00
  40,  40,  70,  1.5142540794675774E-02, -0.0000000000000000E+00
  40,  40,  71,  1.5142540794675774E-02, -0.0000000000000000E+00
  40,  40,  72,  1.5142540794675774E-02, -0.0000000000000000E+00
  40,  40,  73,  1.5142540794675774E-02, -0.0000000000000000E+00
  40,  40,  74,  1.5142540794675774E-02, -0.0000000000000000E+00
  40,  40,  75,  1.5142540794675774E-02, -0.0000000000000000E+00
  40,  40,  76,  1.5142540794675774E-02, -0.0000000000000000E+00
  40,  40,  77,  1.5142540794675774E-02, -0.0000000000000000E+00
  40,  40,  78,  1.5142540794675774E-02, -0.0000000000000000E+00
  40,  40,  79,  1.5142540794675774E-02, -0.0000000000000000E+00
  40,  40,  80,  1.5142540794675774E-02, -0.0000000000000000E+00
  40,  41,   1,  1.2732395447351628E+00, -0.0000000000000000E+00
  40,  41,   2,  1.2732395447351628E+00, -0.0000000000000000E+00
  40,  41,   3,  1.2732395447351628E+00, -0.0000000000000000E+00
  40,  41,   4,  1.2732395447351628E+00, -0.0000000000000000E+00
  40,  41,   5,  1.2732395447351628E+00, -0.0000000000000000E+00
  40,  41,   6,  1.2732395447351628E+00, -0.0000000000000000E+00
  40,  41,   7,  1.2732395447351628E+00, -0.0000000000000000E+00
  40,  41,   8,  1.2732395447351628E+00, -0.0000000000000000E+00
  40,  41,   9,  1.2732395447351628E+00, -0.0000000000000000E+00
  40,  41,  10,  1.2732395447351628E+00, -0.0000000000000000E+00
  40,  41,  11,  1.2732395447351628E+00, -0.0000000000000000E+00
  40,  41,  12,  1.2732395447351628E+00, -0.0000000000000000E+00
  40,  41,  13,  1.2732395447351628E+00, -0.0000000000000000E+00
  40,  41,  14,  1.2732395447351628E+00, -0.0000000000000000E+00
  40,  41,  15,  1.2732395447351628E+00, -0.0000000000000000E+00
  40,  41,  16,  1.2732395447351628E+00, -0.0000000000000000E+00
  40,  41,  17,  1.2732395447351628E+00, -0.0000000000000000E+00
  40,  41,  18,  1.2732395447351628E+00, -0.0000000000000000E+00
  40,  41,  19,  1.2732395447351628E+00, -0.0000000000000000E+00
  40,  41,  20,  1.2732395447351628E+00, -0.0000000000000000E+00
  40,  41,  21,  1.2732395447351628E+00, -0.0000000000000000E+00
  40,  41,  22,  1.2732395447351628E+00, -0.0000000000000000E+00
  40,  41,  23,  1.2732395447351628E+00, -0.0000000000000000E+00
  40,  41,  24,  1.2732395447351628E+00, -0.0000000000000000E+00
  40,  41,  25,  1.2732395447351628E+00, -0.0000000000000000E+00
  40,  41,  26,  1.2732395447351628E+00, -0.0000000000000000E+00
  40,  41,  27,  1.2732395447351628E+00, -0.0000000000000000E+00
  40,  41,  28,  1.2732395447351628E+00, -0.0000000000000000E+00
  40,  41,  29,  1.2732395447351628E+00, -0.0000000000000000E+00
  40,  41,  30,  1.2732395447351628E+00, -0.0000000000000000E+00
  40,  41,  31,  1.2732395447351628E+00, -0.0000000000000000E+00
  40,  41,  32,  1.2732395447351628E+00, -0.0000000000000000E+00
  40,  41,  33,  1.2732395447351628E+00, -0.0000000000000000E+00
  40,  41,  34,  1.2732395447351628E+00, -0.0000000000000000E+00
  40,  41,  35,  1.2732395447351628E+00, -0.0000000000000000E+00
  40,  41,  36,  1.2732395447351628E+00, -0.0000000000000000E+00
  40,  41,  37,  1.2732395447351628E+00, -0.0000000000000000E+00
  40,  41,  38,  1.2732395447351628E+00, -0.0000000000000000E+00
  40,  41,  39,  1.2732395447351628E+00, -0.0000000000000000E+00
  40,  41,  40,  1.2732395447351628E+00,  3.1422955251890185E-04
  40,  41,  41,  1.2732395447351628E+00, -2.1978790189815283E-02
  40,  41,  42,  1.2732395447351628E+00, -3.1408897819905677E-04
  40,  41,  43,  1.2732395447351628E+00, -0.0000000000000000E+00
  40,  41,  44,  1.2732395447351628E+00, -0.0000000000000000E+00
  40,  41,  45,  1.2732395447351628E+00, -0.0000000000000000E+00
  40,  41,  46,  1.2732395447351628E+00, -0.0000000000000000E+00
  40,  41,  47,  1.2732395447351628E+00, -0.0000000000000000E+00
  40,  41,  48,  1.2732395447351628E+00, -0.0000000000000000E+00
  40,  41,  49,  1.2732395447351628E+00, -0.0000000000000000E+00
  40,  41,  50,  1.2732395447351628E+00, -0.0000000000000000E+00
  40,  41,  51,  1.2732395447351628E+00, -0.0000000000000000E+00
  40,  41,  52,  1.2732395447351628E+00, -0.0000000000000000E+00
  40,  41,  53,  1.2732395447351628E+00, -0.0000000000000000E+00
  40,  41,  54,  1.2732395447351628E+00, -0.0000000000000000E+00
  40,  41,  55,  1.2732395447351628E+00, -0.0000000000000000E+00
  40,  41,  56,  1.2732395447351628E+00, -0.0000000000000000E+00
  40,  41,  57,  1.2732395447351628E+00, -0.0000000000000000E+00
  40,  41,  58,  1.2732395447351628E+00, -0.0000000000000000E+00
  40,  41,  59,  1.2732395447351628E+00, -0.0000000000000000E+00
  40,  41,  60,  1.2732395447351628E+00, -0.0000000000000000E+00
  40,  41,  61,  1.2732395447351628E+00, -0.0000000000000000E+00
  40,  41,  62,  1.2732395447351628E+00, -0.0000000000000000E+00
  40,  41,  63,  1.2732395447351628E+00, -0.0000000000000000E+00
  40,  41,  64,  1.2732395447351628E+00, -0.0000000000000000E+00
  40,  41,  65,  1.2732395447351628E+00, -0.0000000000000000E+00
  40,  41,  66,  1.2732395447351628E+00, -0.0000000000000000E+00
  40,  41,  67,  1.2732395447351628E+00, -0.0000000000000000E+00
  40,  41,  68,  1.2732395447351628E+00, -0.0000000000000000E+00
  40,  41,  69,  1.2732395447351628E+00, -0.0000000000000000E+00
  40,  41,  70,  1.2732395447351628E+00, -0.0000000000000000E+00
  40,  41,  71,  1.2732395447351628E+00, -0.0000000000000000E+00
  40,  41,  72,  1.2732395447351628E+00, -0.0000000000000000E+00
  40,  41,  73,  1.2732395447351628E+00, -0.0000000000000000E+00
  40,  41,  74,  1.2732395447351628E+00, -0.0000000000000000E+00
  40,  41,  75,  1.2732395447351628E+00, -0.0000000000000000E+00
  40,  41,  76,  1.2732395447351628E+00, -0.0000000000000000E+00
  40,  41,  77,  1.2732395447351628E+00, -0.0000000000000000E+00
  40,  41,  78,  1.2732395447351628E+00, -0.0000000000000000E+00
  40,  41,  79,  1.2732395447351628E+00, -0.0000000000000000E+00
  40,  41,  80,  1.2732395447351628E+00, -0.0000000000000000E+00
  40,  42,   1,  1.5142540794675774E-02, -0.0000000000000000E+00
  40,  42,   2,  1.5142540794675774E-02, -0.0000000000000000E+00
  40,  42,   3,  1.5142540794675774E-02, -0.0000000000000000E+00
  40,  42,   4,  1.5142540794675774E-02, -0.0000000000000000E+00
  40,  42,   5,  1.5142540794675774E-02, -0.0000000000000000E+00
  40,  42,   6,  1.5142540794675774E-02, -0.0000000000000000E+00
  40,  42,   7,  1.5142540794675774E-02, -0.0000000000000000E+00
  40,  42,   8,  1.5142540794675774E-02, -0.0000000000000000E+00
  40,  42,   9,  1.5142540794675774E-02, -0.0000000000000000E+00
  40,  42,  10,  1.5142540794675774E-02, -0.0000000000000000E+00
  40,  42,  11,  1.5142540794675774E-02, -0.0000000000000000E+00
  40,  42,  12,  1.5142540794675774E-02, -0.0000000000000000E+00
  40,  42,  13,  1.5142540794675774E-02, -0.0000000000000000E+00
  40,  42,  14,  1.5142540794675774E-02, -0.0000000000000000E+00
  40,  42,  15,  1.5142540794675774E-02, -0.0000000000000000E+00
  40,  42,  16,  1.5142540794675774E-02, -0.0000000000000000E+00
  40,  42,  17,  1.5142540794675774E-02, -0.0000000000000000E+00
  40,  42,  18,  1.5142540794675774E-02, -0.0000000000000000E+00
  40,  42,  19,  1.5142540794675774E-02, -0.0000000000000000E+00
  40,  42,  20,  1.5142540794675774E-02, -0.0000000000000000E+00
  40,  42,  21,  1.5142540794675774E-02, -0.0000000000000000E+00
  40,  42,  22,  1.5142540794675774E-02, -0.0000000000000000E+00
  40,  42,  23,  1.5142540794675774E-02, -0.0000000000000000E+00
  40,  42,  24,  1.5142540794675774E-02, -0.0000000000000000E+00
  40,  42,  25,  1.5142540794675774E-02, -0.0000000000000000E+00
  40,  42,  26,  1.5142540794675774E-02, -0.0000000000000000E+00
  40,  42,  27,  1.5142540794675774E-02, -0.0000000000000000E+00
  40,  42,  28,  1.5142540794675774E-02, -0.0000000000000000E+00
  40,  42,  29,  1.5142540794675774E-02, -0.0000000000000000E+00
  40,  42,  30,  1.5142540794675774E-02, -0.0000000000000000E+00
  40,  42,  31,  1.5142540794675774E-02, -0.0000000000000000E+00
  40,  42,  32,  1.5142540794675774E-02, -0.0000000000000000E+00
  40,  42,  33,  1.5142540794675774E-02, -0.0000000000000000E+00
  40,  42,  34,  1.5142540794675774E-02, -0.0000000000000000E+00
  40,  42,  35,  1.5142540794675774E-02, -0.0000000000000000E+00
  40,  42,  36,  1.5142540794675774E-02, -0.0000000000000000E+00
  40,  42,  37,  1.5142540794675774E-02, -0.0000000000000000E+00
  40,  42,  38,  1.5142540794675774E-02, -0.0000000000000000E+00
  40,  42,  39,  1.5142540794675774E-02, -0.0000000000000000E+00
  40,  42,  40,  1.5142540794675774E-02, -0.0000000000000000E+00
  40,  42,  41,  1.5142540794675774E-02,  6.6039115466778682E+01
  40,  42,  42,  1.5142540794675774E-02, -0.0000000000000000E+00
  40,  42,  43,  1.5142540794675774E-02, -6.6039115466778682E+01
  40,  42,  44,  1.5142540794675774E-02, -0.0000000000000000E+00
  40,  42,  45,  1.5142540794675774E-02, -0.0000000000000000E+00
  40,  42,  46,  1.5142540794675774E-02, -0.0000000000000000E+00
  40,  42,  47,  1.5142540794675774E-02, -0.0000000000000000E+00
  40,  42,  48,  1.5142540794675774E-02, -0.0000000000000000E+00
  40,  42,  49,  1.5142540794675774E-02, -0.0000000000000000E+00
  40,  42,  50,  1.5142540794675774E-02, -0.0000000000000000E+00
  40,  42,  51,  1.5142540794675774E-02, -0.0000000000000000E+00
  40,  42,  52,  1.5142540794675774E-02, -0.0000000000000000E+00
  40,  42,  53,  1.5142540794675774E-02, -0.0000000000000000E+00
  40,  42,  54,  1.5142540794675774E-02, -0.0000000000000000E+00
  40,  42,  55,  1.5142540794675774E-02, -0.0000000000000000E+00
  40,  42,  56,  1.5142540794675774E-02, -0.0000000000000000E+00
  40,  42,  57,  1.5142540794675774E-02, -0.0000000000000000E+00
  40,  42,  58,  1.5142540794675774E-02, -0.0000000000000000E+00
  40,  42,  59,  1.5142540794675774E-02, -0.0000000000000000E+00
  40,  42,  60,  1.5142540794675774E-02, -0.0000000000000000E+00
  40,  42,  61,  1.5142540794675774E-02, -0.0000000000000000E+00
  40,  42,  62,  1.5142540794675774E-02, -0.0000000000000000E+00
  40,  42,  63,  1.5142540794675774E-02, -0.0000000000000000E+00
  40,  42,  64,  1.5142540794675774E-02, -0.0000000000000000E+00
  40,  42,  65,  1.5142540794675774E-02, -0.0000000000000000E+00
  40,  42,  66,  1.5142540794675774E-02, -0.0000000000000000E+00
  40,  42,  67,  1.5142540794675774E-02, -0.0000000000000000E+00
  40,  42,  68,  1.5142540794675774E-02, -0.0000000000000000E+00
  40,  42,  69,  1.5142540794675774E-02, -0.0000000000000000E+00
  40,  42,  70,  1.5142540794675774E-02, -0.0000000000000000E+00
  40,  42,  71,  1.5142540794675774E-02, -0.0000000000000000E+00
  40,  42,  72,  1.5142540794675774E-02, -0.0000000000000000E+00
  40,  42,  73,  1.5142540794675774E-02, -0.0000000000000000E+00
  40,  42,  74,  1.5142540794675774E-02, -0.0000000000000000E+00
  40,  42,  75,  1.5142540794675774E-02, -0.0000000000000000E+00
  40,  42,  76,  1.5142540794675774E-02, -0.0000000000000000E+00
  40,  42,  77,  1.5142540794675774E-02, -0.0000000000000000E+00
  40,  42,  78,  1.5142540794675774E-02, -0.0000000000000000E+00
  40,  42,  79,  1.5142540794675774E-02, -0.0000000000000000E+00
  40,  42,  80,  1.5142540794675774E-02, -0.0000000000000000E+00
  40,  43,   1,  1.2732395447351628E+00, -0.0000000000000000E+00
  40,  43,   2,  1.2732395447351628E+00, -0.0000000000000000E+00
  40,  43,   3,  1.2732395447351628E+00, -0.0000000000000000E+00
  40,  43,   4,  1.2732395447351628E+00, -0.0000000000000000E+00
  40,  43,   5,  1.2732395447351628E+00, -0.0000000000000000E+00
  40,  43,   6,  1.2732395447351628E+00, -0.0000000000000000E+00
  40,  43,   7,  1.2732395447351628E+00, -0.0000000000000000E+00
  40,  43,   8,  1.2732395447351628E+00, -0.0000000000000000E+00
  40,  43,   9,  1.2732395447351628E+00, -0.0000000000000000E+00
  40,  43,  10,  1.2732395447351628E+00, -0.0000000000000000E+00
  40,  43,  11,  1.2732395447351628E+00, -0.0000000000000000E+00
  40,  43,  12,  1.2732395447351628E+00, -0.0000000000000000E+00
  40,  43,  13,  1.2732395447351628E+00, -0.0000000000000000E+00
  40,  43,  14,  1.2732395447351628E+00, -0.0000000000000000E+00
  40,  43,  15,  1.2732395447351628E+00, -0.0000000000000000E+00
  40,  43,  16,  1.2732395447351628E+00, -0.0000000000000000E+00
  40,  43,  17,  1.2732395447351628E+00, -0.0000000000000000E+00
  40,  43,  18,  1.2732395447351628E+00, -0.0000000000000000E+00
  40,  43,  19,  1.2732395447351628E+00, -0.0000000000000000E+00
  40,  43,  20,  1.2732395447351628E+00, -0.0000000000000000E+00
  40,  43,  21,  1.2732395447351628E+00, -0.0000000000000000E+00
  40,  43,  22,  1.2732395447351628E+00, -0.0000000000000000E+00
  40,  43,  23,  1.2732395447351628E+00, -0.0000000000000000E+00
  40,  43,  24,  1.2732395447351628E+00, -0.0000000000000000E+00
  40,  43,  25,  1.2732395447351628E+00, -0.0000000000000000E+00
  40,  43,  26,  1.2732395447351628E+00, -0.0000000000000000E+00
  40,  43,  27,  1.2732395447351628E+00, -0.0000000000000000E+00
  40,  43,  28,  1.2732395447351628E+00, -0.0000000000000000E+00
  40,  43,  29,  1.2732395447351628E+00, -0.0000000000000000E+00
  40,  43,  30,  1.2732395447351628E+00, -0.0000000000000000E+00
  40,  43,  31,  1.2732395447351628E+00, -0.0000000000000000E+00
  40,  43,  32,  1.2732395447351628E+00, -0.0000000000000000E+00
  40,  43,  33,  1.2732395447351628E+00, -0.0000000000000000E+00
  40,  43,  34,  1.2732395447351628E+00, -0.0000000000000000E+00
  40,  43,  35,  1.2732395447351628E+00, -0.0000000000000000E+00
  40,  43,  36,  1.2732395447351628E+00, -0.0000000000000000E+00
  40,  43,  37,  1.2732395447351628E+00, -0.0000000000000000E+00
  40,  43,  38,  1.2732395447351628E+00, -0.0000000000000000E+00
  40,  43,  39,  1.2732395447351628E+00, -0.0000000000000000E+00
  40,  43,  40,  1.2732395447351628E+00, -0.0000000000000000E+00
  40,  43,  41,  1.2732395447351628E+00, -0.0000000000000000E+00
  40,  43,  42,  1.2732395447351628E+00,  3.1422961547690795E-04
  40,  43,  43,  1.2732395447351628E+00, -2.1988631468679770E-02
  40,  43,  44,  1.2732395447351628E+00, -3.1408891524105066E-04
  40,  43,  45,  1.2732395447351628E+00, -0.0000000000000000E+00
  40,  43,  46,  1.2732395447351628E+00, -0.0000000000000000E+00
  40,  43,  47,  1.2732395447351628E+00, -0.0000000000000000E+00
  40,  43,  48,  1.2732395447351628E+00, -0.0000000000000000E+00
  40,  43,  49,  1.2732395447351628E+00, -0.0000000000000000E+00
  40,  43,  50,  1.2732395447351628E+00, -0.0000000000000000E+00
  40,  43,  51,  1.2732395447351628E+00, -0.0000000000000000E+00
  40,  43,  52,  1.2732395447351628E+00, -0.0000000000000000E+00
  40,  43,  53,  1.2732395447351628E+00, -0.0000000000000000E+00
  40,  43,  54,  1.2732395447351628E+00, -0.0000000000000000E+00
  40,  43,  55,  1.2732395447351628E+00, -0.0000000000000000E+00
  40,  43,  56,  1.2732395447351628E+00, -0.0000000000000000E+00
  40,  43,  57,  1.2732395447351628E+00, -0.0000000000000000E+00
  40,  43,  58,  1.2732395447351628E+00, -0.0000000000000000E+00
  40,  43,  59,  1.2732395447351628E+00, -0.0000000000000000E+00
  40,  43,  60,  1.2732395447351628E+00, -0.0000000000000000E+00
  40,  43,  61,  1.2732395447351628E+00, -0.0000000000000000E+00
  40,  43,  62,  1.2732395447351628E+00, -0.0000000000000000E+00
  40,  43,  63,  1.2732395447351628E+00, -0.0000000000000000E+00
  40,  43,  64,  1.2732395447351628E+00, -0.0000000000000000E+00
  40,  43,  65,  1.2732395447351628E+00, -0.0000000000000000E+00
  40,  43,  66,  1.2732395447351628E+00, -0.0000000000000000E+00
  40,  43,  67,  1.2732395447351628E+00, -0.0000000000000000E+00
  40,  43,  68,  1.2732395447351628E+00, -0.0000000000000000E+00
  40,  43,  69,  1.2732395447351628E+00, -0.0000000000000000E+00
  40,  43,  70,  1.2732395447351628E+00, -0.0000000000000000E+00
  40,  43,  71,  1.2732395447351628E+00, -0.0000000000000000E+00
  40,  43,  72,  1.2732395447351628E+00, -0.0000000000000000E+00
  40,  43,  73,  1.2732395447351628E+00, -0.0000000000000000E+00
  40,  43,  74,  1.2732395447351628E+00, -0.0000000000000000E+00
  40,  43,  75,  1.2732395447351628E+00, -0.0000000000000000E+00
  40,  43,  76,  1.2732395447351628E+00, -0.0000000000000000E+00
  40,  43,  77,  1.2732395447351628E+00, -0.0000000000000000E+00
  40,  43,  78,  1.2732395447351628E+00, -0.0000000000000000E+00
  40,  43,  79,  1.2732395447351628E+00, -0.0000000000000000E+00
  40,  43,  80,  1.2732395447351628E+00, -0.0000000000000000E+00
  40,  44,   1,  1.5142540794675774E-02, -0.0000000000000000E+00
  40,  44,   2,  1.5142540794675774E-02, -0.0000000000000000E+00
  40,  44,   3,  1.5142540794675774E-02, -0.0000000000000000E+00
  40,  44,   4,  1.5142540794675774E-02, -0.0000000000000000E+00
  40,  44,   5,  1.5142540794675774E-02, -0.0000000000000000E+00
  40,  44,   6,  1.5142540794675774E-02, -0.0000000000000000E+00
  40,  44,   7,  1.5142540794675774E-02, -0.0000000000000000E+00
  40,  44,   8,  1.5142540794675774E-02, -0.0000000000000000E+00
  40,  44,   9,  1.5142540794675774E-02, -0.0000000000000000E+00
  40,  44,  10,  1.5142540794675774E-02, -0.0000000000000000E+00
  40,  44,  11,  1.5142540794675774E-02, -0.0000000000000000E+00
  40,  44,  12,  1.5142540794675774E-02, -0.0000000000000000E+00
  40,  44,  13,  1.5142540794675774E-02, -0.0000000000000000E+00
  40,  44,  14,  1.5142540794675774E-02, -0.0000000000000000E+00
  40,  44,  15,  1.5142540794675774E-02, -0.0000000000000000E+00
  40,  44,  16,  1.5142540794675774E-02, -0.0000000000000000E+00
  40,  44,  17,  1.5142540794675774E-02, -0.0000000000000000E+00
  40,  44,  18,  1.5142540794675774E-02, -0.0000000000000000E+00
  40,  44,  19,  1.5142540794675774E-02, -0.0000000000000000E+00
  40,  44,  20,  1.5142540794675774E-02, -0.0000000000000000E+00
  40,  44,  21,  1.5142540794675774E-02, -0.0000000000000000E+00
  40,  44,  22,  1.5142540794675774E-02, -0.0000000000000000E+00
  40,  44,  23,  1.5142540794675774E-02, -0.0000000000000000E+00
  40,  44,  24,  1.5142540794675774E-02, -0.0000000000000000E+00
  40,  44,  25,  1.5142540794675774E-02, -0.0000000000000000E+00
  40,  44,  26,  1.5142540794675774E-02, -0.0000000000000000E+00
  40,  44,  27,  1.5142540794675774E-02, -0.0000000000000000E+00
  40,  44,  28,  1.5142540794675774E-02, -0.0000000000000000E+00
  40,  44,  29,  1.5142540794675774E-02, -0.0000000000000000E+00
  40,  44,  30,  1.5142540794675774E-02, -0.0000000000000000E+00
  40,  44,  31,  1.5142540794675774E-02, -0.0000000000000000E+00
  40,  44,  32,  1.5142540794675774E-02, -0.0000000000000000E+00
  40,  44,  33,  1.5142540794675774E-02, -0.0000000000000000E+00
  40,  44,  34,  1.5142540794675774E-02, -0.0000000000000000E+00
  40,  44,  35,  1.5142540794675774E-02, -0.0000000000000000E+00
  40,  44,  36,  1.5142540794675774E-02, -0.0000000000000000E+00
  40,  44,  37,  1.5142540794675774E-02, -0.0000000000000000E+00
  40,  44,  38,  1.5142540794675774E-02, -0.0000000000000000E+00
  40,  44,  39,  1.5142540794675774E-02, -0.0000000000000000E+00
  40,  44,  40,  1.5142540794675774E-02, -0.0000000000000000E+00
  40,  44,  41,  1.5142540794675774E-02, -0.0000000000000000E+00
  40,  44,  42,  1.5142540794675774E-02, -0.0000000000000000E+00
  40,  44,  43,  1.5142540794675774E-02,  6.6039115466778682E+01
  40,  44,  44,  1.5142540794675774E-02, -0.0000000000000000E+00
  40,  44,  45,  1.5142540794675774E-02, -6.6039115466778682E+01
  40,  44,  46,  1.5142540794675774E-02, -0.0000000000000000E+00
  40,  44,  47,  1.5142540794675774E-02, -0.0000000000000000E+00
  40,  44,  48,  1.5142540794675774E-02, -0.0000000000000000E+00
  40,  44,  49,  1.5142540794675774E-02, -0.0000000000000000E+00
  40,  44,  50,  1.5142540794675774E-02, -0.0000000000000000E+00
  40,  44,  51,  1.5142540794675774E-02, -0.0000000000000000E+00
  40,  44,  52,  1.5142540794675774E-02, -0.0000000000000000E+00
  40,  44,  53,  1.5142540794675774E-02, -0.0000000000000000E+00
  40,  44,  54,  1.5142540794675774E-02, -0.0000000000000000E+00
  40,  44,  55,  1.5142540794675774E-02, -0.0000000000000000E+00
  40,  44,  56,  1.5142540794675774E-02, -0.0000000000000000E+00
  40,  44,  57,  1.5142540794675774E-02, -0.0000000000000000E+00
  40,  44,  58,  1.5142540794675774E-02, -0.0000000000000000E+00
  40,  44,  59,  1.5142540794675774E-02, -0.0000000000000000E+00
  40,  44,  60,  1.5142540794675774E-02, -0.0000000000000000E+00
  40,  44,  61,  1.5142540794675774E-02, -0.0000000000000000E+00
  40,  44,  62,  1.5142540794675774E-02, -0.0000000000000000E+00
  40,  44,  63,  1.5142540794675774E-02, -0.0000000000000000E+00
  40,  44,  64,  1.5142540794675774E-02, -0.0000000000000000E+00
  40,  44,  65,  1.5142540794675774E-02, -0.0000000000000000E+00
  40,  44,  66,  1.5142540794675774E-02, -0.0000000000000000E+00
  40,  44,  67,  1.5142540794675774E-02, -0.0000000000000000E+00
  40,  44,  68,  1.5142540794675774E-02, -0.0000000000000000E+00
  40,  44,  69,  1.5142540794675774E-02, -0.0000000000000000E+00
  40,  44,  70,  1.5142540794675774E-02, -0.0000000000000000E+00
  40,  44,  71,  1.5142540794675774E-02, -0.0000000000000000E+00
  40,  44,  72,  1.5142540794675774E-02, -0.0000000000000000E+00
  40,  44,  73,  1.5142540794675774E-02, -0.0000000000000000E+00
  40,  44,  74,  1.5142540794675774E-02, -0.0000000000000000E+00
  40,  44,  75,  1.5142540794675774E-02, -0.0000000000000000E+00
  40,  44,  76,  1.5142540794675774E-02, -0.0000000000000000E+00
  40,  44,  77,  1.5142540794675774E-02, -0.0000000000000000E+00
  40,  44,  78,  1.5142540794675774E-02, -0.0000000000000000E+00
  40,  44,  79,  1.5142540794675774E-02, -0.0000000000000000E+00
  40,  44,  80,  1.5142540794675774E-02, -0.0000000000000000E+00
  40,  45,   1,  1.2732395447351628E+00, -0.0000000000000000E+00
  40,  45,   2,  1.2732395447351628E+00, -0.0000000000000000E+00
  40,  45,   3,  1.2732395447351628E+00, -0.0000000000000000E+00
  40,  45,   4,  1.2732395447351628E+00, -0.0000000000000000E+00
  40,  45,   5,  1.2732395447351628E+00, -0.0000000000000000E+00
  40,  45,   6,  1.2732395447351628E+00, -0.0000000000000000E+00
  40,  45,   7,  1.2732395447351628E+00, -0.0000000000000000E+00
  40,  45,   8,  1.2732395447351628E+00, -0.0000000000000000E+00
  40,  45,   9,  1.2732395447351628E+00, -0.0000000000000000E+00
  40,  45,  10,  1.2732395447351628E+00, -0.0000000000000000E+00
  40,  45,  11,  1.2732395447351628E+00, -0.0000000000000000E+00
  40,  45,  12,  1.2732395447351628E+00, -0.0000000000000000E+00
  40,  45,  13,  1.2732395447351628E+00, -0.0000000000000000E+00
  40,  45,  14,  1.2732395447351628E+00, -0.0000000000000000E+00
  40,  45,  15,  1.2732395447351628E+00, -0.0000000000000000E+00
  40,  45,  16,  1.2732395447351628E+00, -0.0000000000000000E+00
  40,  45,  17,  1.2732395447351628E+00, -0.0000000000000000E+00
  40,  45,  18,  1.2732395447351628E+00, -0.0000000000000000E+00
  40,  45,  19,  1.2732395447351628E+00, -0.0000000000000000E+00
  40,  45,  20,  1.2732395447351628E+00, -0.0000000000000000E+00
  40,  45,  21,  1.2732395447351628E+00, -0.0000000000000000E+00
  40,  45,  22,  1.2732395447351628E+00, -0.0000000000000000E+00
  40,  45,  23,  1.2732395447351628E+00, -0.0000000000000000E+00
  40,  45,  24,  1.2732395447351628E+00, -0.0000000000000000E+00
  40,  45,  25,  1.2732395447351628E+00, -0.0000000000000000E+00
  40,  45,  26,  1.2732395447351628E+00, -0.0000000000000000E+00
  40,  45,  27,  1.2732395447351628E+00, -0.0000000000000000E+00
  40,  45,  28,  1.2732395447351628E+00, -0.0000000000000000E+00
  40,  45,  29,  1.2732395447351628E+00, -0.0000000000000000E+00
  40,  45,  30,  1.2732395447351628E+00, -0.0000000000000000E+00
  40,  45,  31,  1.2732395447351628E+00, -0.0000000000000000E+00
  40,  45,  32,  1.2732395447351628E+00, -0.0000000000000000E+00
  40,  45,  33,  1.2732395447351628E+00, -0.0000000000000000E+00
  40,  45,  34,  1.2732395447351628E+00, -0.0000000000000000E+00
  40,  45,  35,  1.2732395447351628E+00, -0.0000000000000000E+00
  40,  45,  36,  1.2732395447351628E+00, -0.0000000000000000E+00
  40,  45,  37,  1.2732395447351628E+00, -0.0000000000000000E+00
  40,  45,  38,  1.2732395447351628E+00, -0.0000000000000000E+00
  40,  45,  39,  1.2732395447351628E+00, -0.0000000000000000E+00
  40,  45,  40,  1.2732395447351628E+00, -0.0000000000000000E+00
  40,  45,  41,  1.2732395447351628E+00, -0.0000000000000000E+00
  40,  45,  42,  1.2732395447351628E+00, -0.0000000000000000E+00
  40,  45,  43,  1.2732395447351628E+00, -0.0000000000000000E+00
  40,  45,  44,  1.2732395447351628E+00,  3.1422967854780141E-04
  40,  45,  45,  1.2732395447351628E+00, -2.1998485979062898E-02
  40,  45,  46,  1.2732395447351628E+00, -3.1408885217015721E-04
  40,  45,  47,  1.2732395447351628E+00, -0.0000000000000000E+00
  40,  45,  48,  1.2732395447351628E+00, -0.0000000000000000E+00
  40,  45,  49,  1.2732395447351628E+00, -0.0000000000000000E+00
  40,  45,  50,  1.2732395447351628E+00, -0.0000000000000000E+00
  40,  45,  51,  1.2732395447351628E+00, -0.0000000000000000E+00
  40,  45,  52,  1.2732395447351628E+00, -0.0000000000000000E+00
  40,  45,  53,  1.2732395447351628E+00, -0.0000000000000000E+00
  40,  45,  54,  1.2732395447351628E+00, -0.0000000000000000E+00
  40,  45,  55,  1.2732395447351628E+00, -0.0000000000000000E+00
  40,  45,  56,  1.2732395447351628E+00, -0.0000000000000000E+00
  40,  45,  57,  1.2732395447351628E+00, -0.0000000000000000E+00
  40,  45,  58,  1.2732395447351628E+00, -0.0000000000000000E+00
  40,  45,  59,  1.2732395447351628E+00, -0.0000000000000000E+00
  40,  45,  60,  1.2732395447351628E+00, -0.0000000000000000E+00
  40,  45,  61,  1.2732395447351628E+00, -0.0000000000000000E+00
  40,  45,  62,  1.2732395447351628E+00, -0.0000000000000000E+00
  40,  45,  63,  1.2732395447351628E+00, -0.0000000000000000E+00
  40,  45,  64,  1.2732395447351628E+00, -0.0000000000000000E+00
  40,  45,  65,  1.2732395447351628E+00, -0.0000000000000000E+00
  40,  45,  66,  1.2732395447351628E+00, -0.0000000000000000E+00
  40,  45,  67,  1.2732395447351628E+00, -0.0000000000000000E+00
  40,  45,  68,  1.2732395447351628E+00, -0.0000000000000000E+00
  40,  45,  69,  1.2732395447351628E+00, -0.0000000000000000E+00
  40,  45,  70,  1.2732395447351628E+00, -0.0000000000000000E+00
  40,  45,  71,  1.2732395447351628E+00, -0.0000000000000000E+00
  40,  45,  72,  1.2732395447351628E+00, -0.0000000000000000E+00
  40,  45,  73,  1.2732395447351628E+00, -0.0000000000000000E+00
  40,  45,  74,  1.2732395447351628E+00, -0.0000000000000000E+00
  40,  45,  75,  1.2732395447351628E+00, -0.0000000000000000E+00
  40,  45,  76,  1.2732395447351628E+00, -0.0000000000000000E+00
  40,  45,  77,  1.2732395447351628E+00, -0.0000000000000000E+00
  40,  45,  78,  1.2732395447351628E+00, -0.0000000000000000E+00
  40,  45,  79,  1.2732395447351628E+00, -0.0000000000000000E+00
  40,  45,  80,  1.2732395447351628E+00, -0.0000000000000000E+00
  40,  46,   1,  1.5142540794675774E-02, -0.0000000000000000E+00
  40,  46,   2,  1.5142540794675774E-02, -0.0000000000000000E+00
  40,  46,   3,  1.5142540794675774E-02, -0.0000000000000000E+00
  40,  46,   4,  1.5142540794675774E-02, -0.0000000000000000E+00
  40,  46,   5,  1.5142540794675774E-02, -0.0000000000000000E+00
  40,  46,   6,  1.5142540794675774E-02, -0.0000000000000000E+00
  40,  46,   7,  1.5142540794675774E-02, -0.0000000000000000E+00
  40,  46,   8,  1.5142540794675774E-02, -0.0000000000000000E+00
  40,  46,   9,  1.5142540794675774E-02, -0.0000000000000000E+00
  40,  46,  10,  1.5142540794675774E-02, -0.0000000000000000E+00
  40,  46,  11,  1.5142540794675774E-02, -0.0000000000000000E+00
  40,  46,  12,  1.5142540794675774E-02, -0.0000000000000000E+00
  40,  46,  13,  1.5142540794675774E-02, -0.0000000000000000E+00
  40,  46,  14,  1.5142540794675774E-02, -0.0000000000000000E+00
  40,  46,  15,  1.5142540794675774E-02, -0.0000000000000000E+00
  40,  46,  16,  1.5142540794675774E-02, -0.0000000000000000E+00
  40,  46,  17,  1.5142540794675774E-02, -0.0000000000000000E+00
  40,  46,  18,  1.5142540794675774E-02, -0.0000000000000000E+00
  40,  46,  19,  1.5142540794675774E-02, -0.0000000000000000E+00
  40,  46,  20,  1.5142540794675774E-02, -0.0000000000000000E+00
  40,  46,  21,  1.5142540794675774E-02, -0.0000000000000000E+00
  40,  46,  22,  1.5142540794675774E-02, -0.0000000000000000E+00
  40,  46,  23,  1.5142540794675774E-02, -0.0000000000000000E+00
  40,  46,  24,  1.5142540794675774E-02, -0.0000000000000000E+00
  40,  46,  25,  1.5142540794675774E-02, -0.0000000000000000E+00
  40,  46,  26,  1.5142540794675774E-02, -0.0000000000000000E+00
  40,  46,  27,  1.5142540794675774E-02, -0.0000000000000000E+00
  40,  46,  28,  1.5142540794675774E-02, -0.0000000000000000E+00
  40,  46,  29,  1.5142540794675774E-02, -0.0000000000000000E+00
  40,  46,  30,  1.5142540794675774E-02, -0.0000000000000000E+00
  40,  46,  31,  1.5142540794675774E-02, -0.0000000000000000E+00
  40,  46,  32,  1.5142540794675774E-02, -0.0000000000000000E+00
  40,  46,  33,  1.5142540794675774E-02, -0.0000000000000000E+00
  40,  46,  34,  1.5142540794675774E-02, -0.0000000000000000E+00
  40,  46,  35,  1.5142540794675774E-02, -0.0000000000000000E+00
  40,  46,  36,  1.5142540794675774E-02, -0.0000000000000000E+00
  40,  46,  37,  1.5142540794675774E-02, -0.0000000000000000E+00
  40,  46,  38,  1.5142540794675774E-02, -0.0000000000000000E+00
  40,  46,  39,  1.5142540794675774E-02, -0.0000000000000000E+00
  40,  46,  40,  1.5142540794675774E-02, -0.0000000000000000E+00
  40,  46,  41,  1.5142540794675774E-02, -0.0000000000000000E+00
  40,  46,  42,  1.5142540794675774E-02, -0.0000000000000000E+00
  40,  46,  43,  1.5142540794675774E-02, -0.0000000000000000E+00
  40,  46,  44,  1.5142540794675774E-02, -0.0000000000000000E+00
  40,  46,  45,  1.5142540794675774E-02,  6.6039115466778682E+01
  40,  46,  46,  1.5142540794675774E-02, -0.0000000000000000E+00
  40,  46,  47,  1.5142540794675774E-02, -6.6039115466778682E+01
  40,  46,  48,  1.5142540794675774E-02, -0.0000000000000000E+00
  40,  46,  49,  1.5142540794675774E-02, -0.0000000000000000E+00
  40,  46,  50,  1.5142540794675774E-02, -0.0000000000000000E+00
  40,  46,  51,  1.5142540794675774E-02, -0.0000000000000000E+00
  40,  46,  52,  1.5142540794675774E-02, -0.0000000000000000E+00
  40,  46,  53,  1.5142540794675774E-02, -0.0000000000000000E+00
  40,  46,  54,  1.5142540794675774E-02, -0.0000000000000000E+00
  40,  46,  55,  1.5142540794675774E-02, -0.0000000000000000E+00
  40,  46,  56,  1.5142540794675774E-02, -0.0000000000000000E+00
  40,  46,  57,  1.5142540794675774E-02, -0.0000000000000000E+00
  40,  46,  58,  1.5142540794675774E-02, -0.0000000000000000E+00
  40,  46,  59,  1.5142540794675774E-02, -0.0000000000000000E+00
  40,  46,  60,  1.5142540794675774E-02, -0.0000000000000000E+00
  40,  46,  61,  1.5142540794675774E-02, -0.0000000000000000E+00
  40,  46,  62,  1.5142540794675774E-02, -0.0000000000000000E+00
  40,  46,  63,  1.5142540794675774E-02, -0.0000000000000000E+00
  40,  46,  64,  1.5142540794675774E-02, -0.0000000000000000E+00
  40,  46,  65,  1.5142540794675774E-02, -0.0000000000000000E+00
  40,  46,  66,  1.5142540794675774E-02, -0.0000000000000000E+00
  40,  46,  67,  1.5142540794675774E-02, -0.0000000000000000E+00
  40,  46,  68,  1.5142540794675774E-02, -0.0000000000000000E+00
  40,  46,  69,  1.5142540794675774E-02, -0.0000000000000000E+00
  40,  46,  70,  1.5142540794675774E-02, -0.0000000000000000E+00
  40,  46,  71,  1.5142540794675774E-02, -0.0000000000000000E+00
  40,  46,  72,  1.5142540794675774E-02, -0.0000000000000000E+00
  40,  46,  73,  1.5142540794675774E-02, -0.0000000000000000E+00
  40,  46,  74,  1.5142540794675774E-02, -0.0000000000000000E+00
  40,  46,  75,  1.5142540794675774E-02, -0.0000000000000000E+00
  40,  46,  76,  1.5142540794675774E-02, -0.0000000000000000E+00
  40,  46,  77,  1.5142540794675774E-02, -0.0000000000000000E+00
  40,  46,  78,  1.5142540794675774E-02, -0.0000000000000000E+00
  40,  46,  79,  1.5142540794675774E-02, -0.0000000000000000E+00
  40,  46,  80,  1.5142540794675774E-02, -0.0000000000000000E+00
  40,  47,   1,  1.2732395447351628E+00, -0.0000000000000000E+00
  40,  47,   2,  1.2732395447351628E+00, -0.0000000000000000E+00
  40,  47,   3,  1.2732395447351628E+00, -0.0000000000000000E+00
  40,  47,   4,  1.2732395447351628E+00, -0.0000000000000000E+00
  40,  47,   5,  1.2732395447351628E+00, -0.0000000000000000E+00
  40,  47,   6,  1.2732395447351628E+00, -0.0000000000000000E+00
  40,  47,   7,  1.2732395447351628E+00, -0.0000000000000000E+00
  40,  47,   8,  1.2732395447351628E+00, -0.0000000000000000E+00
  40,  47,   9,  1.2732395447351628E+00, -0.0000000000000000E+00
  40,  47,  10,  1.2732395447351628E+00, -0.0000000000000000E+00
  40,  47,  11,  1.2732395447351628E+00, -0.0000000000000000E+00
  40,  47,  12,  1.2732395447351628E+00, -0.0000000000000000E+00
  40,  47,  13,  1.2732395447351628E+00, -0.0000000000000000E+00
  40,  47,  14,  1.2732395447351628E+00, -0.0000000000000000E+00
  40,  47,  15,  1.2732395447351628E+00, -0.0000000000000000E+00
  40,  47,  16,  1.2732395447351628E+00, -0.0000000000000000E+00
  40,  47,  17,  1.2732395447351628E+00, -0.0000000000000000E+00
  40,  47,  18,  1.2732395447351628E+00, -0.0000000000000000E+00
  40,  47,  19,  1.2732395447351628E+00, -0.0000000000000000E+00
  40,  47,  20,  1.2732395447351628E+00, -0.0000000000000000E+00
  40,  47,  21,  1.2732395447351628E+00, -0.0000000000000000E+00
  40,  47,  22,  1.2732395447351628E+00, -0.0000000000000000E+00
  40,  47,  23,  1.2732395447351628E+00, -0.0000000000000000E+00
  40,  47,  24,  1.2732395447351628E+00, -0.0000000000000000E+00
  40,  47,  25,  1.2732395447351628E+00, -0.0000000000000000E+00
  40,  47,  26,  1.2732395447351628E+00, -0.0000000000000000E+00
  40,  47,  27,  1.2732395447351628E+00, -0.0000000000000000E+00
  40,  47,  28,  1.2732395447351628E+00, -0.0000000000000000E+00
  40,  47,  29,  1.2732395447351628E+00, -0.0000000000000000E+00
  40,  47,  30,  1.2732395447351628E+00, -0.0000000000000000E+00
  40,  47,  31,  1.2732395447351628E+00, -0.0000000000000000E+00
  40,  47,  32,  1.2732395447351628E+00, -0.0000000000000000E+00
  40,  47,  33,  1.2732395447351628E+00, -0.0000000000000000E+00
  40,  47,  34,  1.2732395447351628E+00, -0.0000000000000000E+00
  40,  47,  35,  1.2732395447351628E+00, -0.0000000000000000E+00
  40,  47,  36,  1.2732395447351628E+00, -0.0000000000000000E+00
  40,  47,  37,  1.2732395447351628E+00, -0.0000000000000000E+00
  40,  47,  38,  1.2732395447351628E+00, -0.0000000000000000E+00
  40,  47,  39,  1.2732395447351628E+00, -0.0000000000000000E+00
  40,  47,  40,  1.2732395447351628E+00, -0.0000000000000000E+00
  40,  47,  41,  1.2732395447351628E+00, -0.0000000000000000E+00
  40,  47,  42,  1.2732395447351628E+00, -0.0000000000000000E+00
  40,  47,  43,  1.2732395447351628E+00, -0.0000000000000000E+00
  40,  47,  44,  1.2732395447351628E+00, -0.0000000000000000E+00
  40,  47,  45,  1.2732395447351628E+00, -0.0000000000000000E+00
  40,  47,  46,  1.2732395447351628E+00,  3.1422974173188605E-04
  40,  47,  47,  1.2732395447351628E+00, -2.2008353750640499E-02
  40,  47,  48,  1.2732395447351628E+00, -3.1408878898607257E-04
  40,  47,  49,  1.2732395447351628E+00, -0.0000000000000000E+00
  40,  47,  50,  1.2732395447351628E+00, -0.0000000000000000E+00
  40,  47,  51,  1.2732395447351628E+00, -0.0000000000000000E+00
  40,  47,  52,  1.2732395447351628E+00, -0.0000000000000000E+00
  40,  47,  53,  1.2732395447351628E+00, -0.0000000000000000E+00
  40,  47,  54,  1.2732395447351628E+00, -0.0000000000000000E+00
  40,  47,  55,  1.2732395447351628E+00, -0.0000000000000000E+00
  40,  47,  56,  1.2732395447351628E+00, -0.0000000000000000E+00
  40,  47,  57,  1.2732395447351628E+00, -0.0000000000000000E+00
  40,  47,  58,  1.2732395447351628E+00, -0.0000000000000000E+00
  40,  47,  59,  1.2732395447351628E+00, -0.0000000000000000E+00
  40,  47,  60,  1.2732395447351628E+00, -0.0000000000000000E+00
  40,  47,  61,  1.2732395447351628E+00, -0.0000000000000000E+00
  40,  47,  62,  1.2732395447351628E+00, -0.0000000000000000E+00
  40,  47,  63,  1.2732395447351628E+00, -0.0000000000000000E+00
  40,  47,  64,  1.2732395447351628E+00, -0.0000000000000000E+00
  40,  47,  65,  1.2732395447351628E+00, -0.0000000000000000E+00
  40,  47,  66,  1.2732395447351628E+00, -0.0000000000000000E+00
  40,  47,  67,  1.2732395447351628E+00, -0.0000000000000000E+00
  40,  47,  68,  1.2732395447351628E+00, -0.0000000000000000E+00
  40,  47,  69,  1.2732395447351628E+00, -0.0000000000000000E+00
  40,  47,  70,  1.2732395447351628E+00, -0.0000000000000000E+00
  40,  47,  71,  1.2732395447351628E+00, -0.0000000000000000E+00
  40,  47,  72,  1.2732395447351628E+00, -0.0000000000000000E+00
  40,  47,  73,  1.2732395447351628E+00, -0.0000000000000000E+00
  40,  47,  74,  1.2732395447351628E+00, -0.0000000000000000E+00
  40,  47,  75,  1.2732395447351628E+00, -0.0000000000000000E+00
  40,  47,  76,  1.2732395447351628E+00, -0.0000000000000000E+00
  40,  47,  77,  1.2732395447351628E+00, -0.0000000000000000E+00
  40,  47,  78,  1.2732395447351628E+00, -0.0000000000000000E+00
  40,  47,  79,  1.2732395447351628E+00, -0.0000000000000000E+00
  40,  47,  80,  1.2732395447351628E+00, -0.0000000000000000E+00
  40,  48,   1,  1.5142540794675774E-02, -0.0000000000000000E+00
  40,  48,   2,  1.5142540794675774E-02, -0.0000000000000000E+00
  40,  48,   3,  1.5142540794675774E-02, -0.0000000000000000E+00
  40,  48,   4,  1.5142540794675774E-02, -0.0000000000000000E+00
  40,  48,   5,  1.5142540794675774E-02, -0.0000000000000000E+00
  40,  48,   6,  1.5142540794675774E-02, -0.0000000000000000E+00
  40,  48,   7,  1.5142540794675774E-02, -0.0000000000000000E+00
  40,  48,   8,  1.5142540794675774E-02, -0.0000000000000000E+00
  40,  48,   9,  1.5142540794675774E-02, -0.0000000000000000E+00
  40,  48,  10,  1.5142540794675774E-02, -0.0000000000000000E+00
  40,  48,  11,  1.5142540794675774E-02, -0.0000000000000000E+00
  40,  48,  12,  1.5142540794675774E-02, -0.0000000000000000E+00
  40,  48,  13,  1.5142540794675774E-02, -0.0000000000000000E+00
  40,  48,  14,  1.5142540794675774E-02, -0.0000000000000000E+00
  40,  48,  15,  1.5142540794675774E-02, -0.0000000000000000E+00
  40,  48,  16,  1.5142540794675774E-02, -0.0000000000000000E+00
  40,  48,  17,  1.5142540794675774E-02, -0.0000000000000000E+00
  40,  48,  18,  1.5142540794675774E-02, -0.0000000000000000E+00
  40,  48,  19,  1.5142540794675774E-02, -0.0000000000000000E+00
  40,  48,  20,  1.5142540794675774E-02, -0.0000000000000000E+00
  40,  48,  21,  1.5142540794675774E-02, -0.0000000000000000E+00
  40,  48,  22,  1.5142540794675774E-02, -0.0000000000000000E+00
  40,  48,  23,  1.5142540794675774E-02, -0.0000000000000000E+00
  40,  48,  24,  1.5142540794675774E-02, -0.0000000000000000E+00
  40,  48,  25,  1.5142540794675774E-02, -0.0000000000000000E+00
  40,  48,  26,  1.5142540794675774E-02, -0.0000000000000000E+00
  40,  48,  27,  1.5142540794675774E-02, -0.0000000000000000E+00
  40,  48,  28,  1.5142540794675774E-02, -0.0000000000000000E+00
  40,  48,  29,  1.5142540794675774E-02, -0.0000000000000000E+00
  40,  48,  30,  1.5142540794675774E-02, -0.0000000000000000E+00
  40,  48,  31,  1.5142540794675774E-02, -0.0000000000000000E+00
  40,  48,  32,  1.5142540794675774E-02, -0.0000000000000000E+00
  40,  48,  33,  1.5142540794675774E-02, -0.0000000000000000E+00
  40,  48,  34,  1.5142540794675774E-02, -0.0000000000000000E+00
  40,  48,  35,  1.5142540794675774E-02, -0.0000000000000000E+00
  40,  48,  36,  1.5142540794675774E-02, -0.0000000000000000E+00
  40,  48,  37,  1.5142540794675774E-02, -0.0000000000000000E+00
  40,  48,  38,  1.5142540794675774E-02, -0.0000000000000000E+00
  40,  48,  39,  1.5142540794675774E-02, -0.0000000000000000E+00
  40,  48,  40,  1.5142540794675774E-02, -0.0000000000000000E+00
  40,  48,  41,  1.5142540794675774E-02, -0.0000000000000000E+00
  40,  48,  42,  1.5142540794675774E-02, -0.0000000000000000E+00
  40,  48,  43,  1.5142540794675774E-02, -0.0000000000000000E+00
  40,  48,  44,  1.5142540794675774E-02, -0.0000000000000000E+00
  40,  48,  45,  1.5142540794675774E-02, -0.0000000000000000E+00
  40,  48,  46,  1.5142540794675774E-02, -0.0000000000000000E+00
  40,  48,  47,  1.5142540794675774E-02,  6.6039115466778682E+01
  40,  48,  48,  1.5142540794675774E-02, -0.0000000000000000E+00
  40,  48,  49,  1.5142540794675774E-02, -6.6039115466778682E+01
  40,  48,  50,  1.5142540794675774E-02, -0.0000000000000000E+00
  40,  48,  51,  1.5142540794675774E-02, -0.0000000000000000E+00
  40,  48,  52,  1.5142540794675774E-02, -0.0000000000000000E+00
  40,  48,  53,  1.5142540794675774E-02, -0.0000000000000000E+00
  40,  48,  54,  1.5142540794675774E-02, -0.0000000000000000E+00
  40,  48,  55,  1.5142540794675774E-02, -0.0000000000000000E+00
  40,  48,  56,  1.5142540794675774E-02, -0.0000000000000000E+00
  40,  48,  57,  1.5142540794675774E-02, -0.0000000000000000E+00
  40,  48,  58,  1.5142540794675774E-02, -0.0000000000000000E+00
  40,  48,  59,  1.5142540794675774E-02, -0.0000000000000000E+00
  40,  48,  60,  1.5142540794675774E-02, -0.0000000000000000E+00
  40,  48,  61,  1.5142540794675774E-02, -0.0000000000000000E+00
  40,  48,  62,  1.5142540794675774E-02, -0.0000000000000000E+00
  40,  48,  63,  1.5142540794675774E-02, -0.0000000000000000E+00
  40,  48,  64,  1.5142540794675774E-02, -0.0000000000000000E+00
  40,  48,  65,  1.5142540794675774E-02, -0.0000000000000000E+00
  40,  48,  66,  1.5142540794675774E-02, -0.0000000000000000E+00
  40,  48,  67,  1.5142540794675774E-02, -0.0000000000000000E+00
  40,  48,  68,  1.5142540794675774E-02, -0.0000000000000000E+00
  40,  48,  69,  1.5142540794675774E-02, -0.0000000000000000E+00
  40,  48,  70,  1.5142540794675774E-02, -0.0000000000000000E+00
  40,  48,  71,  1.5142540794675774E-02, -0.0000000000000000E+00
  40,  48,  72,  1.5142540794675774E-02, -0.0000000000000000E+00
  40,  48,  73,  1.5142540794675774E-02, -0.0000000000000000E+00
  40,  48,  74,  1.5142540794675774E-02, -0.0000000000000000E+00
  40,  48,  75,  1.5142540794675774E-02, -0.0000000000000000E+00
  40,  48,  76,  1.5142540794675774E-02, -0.0000000000000000E+00
  40,  48,  77,  1.5142540794675774E-02, -0.0000000000000000E+00
  40,  48,  78,  1.5142540794675774E-02, -0.0000000000000000E+00
  40,  48,  79,  1.5142540794675774E-02, -0.0000000000000000E+00
  40,  48,  80,  1.5142540794675774E-02, -0.0000000000000000E+00
  40,  49,   1,  1.2732395447351628E+00, -0.0000000000000000E+00
  40,  49,   2,  1.2732395447351628E+00, -0.0000000000000000E+00
  40,  49,   3,  1.2732395447351628E+00, -0.0000000000000000E+00
  40,  49,   4,  1.2732395447351628E+00, -0.0000000000000000E+00
  40,  49,   5,  1.2732395447351628E+00, -0.0000000000000000E+00
  40,  49,   6,  1.2732395447351628E+00, -0.0000000000000000E+00
  40,  49,   7,  1.2732395447351628E+00, -0.0000000000000000E+00
  40,  49,   8,  1.2732395447351628E+00, -0.0000000000000000E+00
  40,  49,   9,  1.2732395447351628E+00, -0.0000000000000000E+00
  40,  49,  10,  1.2732395447351628E+00, -0.0000000000000000E+00
  40,  49,  11,  1.2732395447351628E+00, -0.0000000000000000E+00
  40,  49,  12,  1.2732395447351628E+00, -0.0000000000000000E+00
  40,  49,  13,  1.2732395447351628E+00, -0.0000000000000000E+00
  40,  49,  14,  1.2732395447351628E+00, -0.0000000000000000E+00
  40,  49,  15,  1.2732395447351628E+00, -0.0000000000000000E+00
  40,  49,  16,  1.2732395447351628E+00, -0.0000000000000000E+00
  40,  49,  17,  1.2732395447351628E+00, -0.0000000000000000E+00
  40,  49,  18,  1.2732395447351628E+00, -0.0000000000000000E+00
  40,  49,  19,  1.2732395447351628E+00, -0.0000000000000000E+00
  40,  49,  20,  1.2732395447351628E+00, -0.0000000000000000E+00
  40,  49,  21,  1.2732395447351628E+00, -0.0000000000000000E+00
  40,  49,  22,  1.2732395447351628E+00, -0.0000000000000000E+00
  40,  49,  23,  1.2732395447351628E+00, -0.0000000000000000E+00
  40,  49,  24,  1.2732395447351628E+00, -0.0000000000000000E+00
  40,  49,  25,  1.2732395447351628E+00, -0.0000000000000000E+00
  40,  49,  26,  1.2732395447351628E+00, -0.0000000000000000E+00
  40,  49,  27,  1.2732395447351628E+00, -0.0000000000000000E+00
  40,  49,  28,  1.2732395447351628E+00, -0.0000000000000000E+00
  40,  49,  29,  1.2732395447351628E+00, -0.0000000000000000E+00
  40,  49,  30,  1.2732395447351628E+00, -0.0000000000000000E+00
  40,  49,  31,  1.2732395447351628E+00, -0.0000000000000000E+00
  40,  49,  32,  1.2732395447351628E+00, -0.0000000000000000E+00
  40,  49,  33,  1.2732395447351628E+00, -0.0000000000000000E+00
  40,  49,  34,  1.2732395447351628E+00, -0.0000000000000000E+00
  40,  49,  35,  1.2732395447351628E+00, -0.0000000000000000E+00
  40,  49,  36,  1.2732395447351628E+00, -0.0000000000000000E+00
  40,  49,  37,  1.2732395447351628E+00, -0.0000000000000000E+00
  40,  49,  38,  1.2732395447351628E+00, -0.0000000000000000E+00
  40,  49,  39,  1.2732395447351628E+00, -0.0000000000000000E+00
  40,  49,  40,  1.2732395447351628E+00, -0.0000000000000000E+00
  40,  49,  41,  1.2732395447351628E+00, -0.0000000000000000E+00
  40,  49,  42,  1.2732395447351628E+00, -0.0000000000000000E+00
  40,  49,  43,  1.2732395447351628E+00, -0.0000000000000000E+00
  40,  49,  44,  1.2732395447351628E+00, -0.0000000000000000E+00
  40,  49,  45,  1.2732395447351628E+00, -0.0000000000000000E+00
  40,  49,  46,  1.2732395447351628E+00, -0.0000000000000000E+00
  40,  49,  47,  1.2732395447351628E+00, -0.0000000000000000E+00
  40,  49,  48,  1.2732395447351628E+00,  3.1422980502946688E-04
  40,  49,  49,  1.2732395447351628E+00, -2.2018234813181877E-02
  40,  49,  50,  1.2732395447351628E+00, -3.1408872568849179E-04
  40,  49,  51,  1.2732395447351628E+00, -0.0000000000000000E+00
  40,  49,  52,  1.2732395447351628E+00, -0.0000000000000000E+00
  40,  49,  53,  1.2732395447351628E+00, -0.0000000000000000E+00
  40,  49,  54,  1.2732395447351628E+00, -0.0000000000000000E+00
  40,  49,  55,  1.2732395447351628E+00, -0.0000000000000000E+00
  40,  49,  56,  1.2732395447351628E+00, -0.0000000000000000E+00
  40,  49,  57,  1.2732395447351628E+00, -0.0000000000000000E+00
  40,  49,  58,  1.2732395447351628E+00, -0.0000000000000000E+00
  40,  49,  59,  1.2732395447351628E+00, -0.0000000000000000E+00
  40,  49,  60,  1.2732395447351628E+00, -0.0000000000000000E+00
  40,  49,  61,  1.2732395447351628E+00, -0.0000000000000000E+00
  40,  49,  62,  1.2732395447351628E+00, -0.0000000000000000E+00
  40,  49,  63,  1.2732395447351628E+00, -0.0000000000000000E+00
  40,  49,  64,  1.2732395447351628E+00, -0.0000000000000000E+00
  40,  49,  65,  1.2732395447351628E+00, -0.0000000000000000E+00
  40,  49,  66,  1.2732395447351628E+00, -0.0000000000000000E+00
  40,  49,  67,  1.2732395447351628E+00, -0.0000000000000000E+00
  40,  49,  68,  1.2732395447351628E+00, -0.0000000000000000E+00
  40,  49,  69,  1.2732395447351628E+00, -0.0000000000000000E+00
  40,  49,  70,  1.2732395447351628E+00, -0.0000000000000000E+00
  40,  49,  71,  1.2732395447351628E+00, -0.0000000000000000E+00
  40,  49,  72,  1.2732395447351628E+00, -0.0000000000000000E+00
  40,  49,  73,  1.2732395447351628E+00, -0.0000000000000000E+00
  40,  49,  74,  1.2732395447351628E+00, -0.0000000000000000E+00
  40,  49,  75,  1.2732395447351628E+00, -0.0000000000000000E+00
  40,  49,  76,  1.2732395447351628E+00, -0.0000000000000000E+00
  40,  49,  77,  1.2732395447351628E+00, -0.0000000000000000E+00
  40,  49,  78,  1.2732395447351628E+00, -0.0000000000000000E+00
  40,  49,  79,  1.2732395447351628E+00, -0.0000000000000000E+00
  40,  49,  80,  1.2732395447351628E+00, -0.0000000000000000E+00
  40,  50,   1,  1.5142540794675774E-02, -0.0000000000000000E+00
  40,  50,   2,  1.5142540794675774E-02, -0.0000000000000000E+00
  40,  50,   3,  1.5142540794675774E-02, -0.0000000000000000E+00
  40,  50,   4,  1.5142540794675774E-02, -0.0000000000000000E+00
  40,  50,   5,  1.5142540794675774E-02, -0.0000000000000000E+00
  40,  50,   6,  1.5142540794675774E-02, -0.0000000000000000E+00
  40,  50,   7,  1.5142540794675774E-02, -0.0000000000000000E+00
  40,  50,   8,  1.5142540794675774E-02, -0.0000000000000000E+00
  40,  50,   9,  1.5142540794675774E-02, -0.0000000000000000E+00
  40,  50,  10,  1.5142540794675774E-02, -0.0000000000000000E+00
  40,  50,  11,  1.5142540794675774E-02, -0.0000000000000000E+00
  40,  50,  12,  1.5142540794675774E-02, -0.0000000000000000E+00
  40,  50,  13,  1.5142540794675774E-02, -0.0000000000000000E+00
  40,  50,  14,  1.5142540794675774E-02, -0.0000000000000000E+00
  40,  50,  15,  1.5142540794675774E-02, -0.0000000000000000E+00
  40,  50,  16,  1.5142540794675774E-02, -0.0000000000000000E+00
  40,  50,  17,  1.5142540794675774E-02, -0.0000000000000000E+00
  40,  50,  18,  1.5142540794675774E-02, -0.0000000000000000E+00
  40,  50,  19,  1.5142540794675774E-02, -0.0000000000000000E+00
  40,  50,  20,  1.5142540794675774E-02, -0.0000000000000000E+00
  40,  50,  21,  1.5142540794675774E-02, -0.0000000000000000E+00
  40,  50,  22,  1.5142540794675774E-02, -0.0000000000000000E+00
  40,  50,  23,  1.5142540794675774E-02, -0.0000000000000000E+00
  40,  50,  24,  1.5142540794675774E-02, -0.0000000000000000E+00
  40,  50,  25,  1.5142540794675774E-02, -0.0000000000000000E+00
  40,  50,  26,  1.5142540794675774E-02, -0.0000000000000000E+00
  40,  50,  27,  1.5142540794675774E-02, -0.0000000000000000E+00
  40,  50,  28,  1.5142540794675774E-02, -0.0000000000000000E+00
  40,  50,  29,  1.5142540794675774E-02, -0.0000000000000000E+00
  40,  50,  30,  1.5142540794675774E-02, -0.0000000000000000E+00
  40,  50,  31,  1.5142540794675774E-02, -0.0000000000000000E+00
  40,  50,  32,  1.5142540794675774E-02, -0.0000000000000000E+00
  40,  50,  33,  1.5142540794675774E-02, -0.0000000000000000E+00
  40,  50,  34,  1.5142540794675774E-02, -0.0000000000000000E+00
  40,  50,  35,  1.5142540794675774E-02, -0.0000000000000000E+00
  40,  50,  36,  1.5142540794675774E-02, -0.0000000000000000E+00
  40,  50,  37,  1.5142540794675774E-02, -0.0000000000000000E+00
  40,  50,  38,  1.5142540794675774E-02, -0.0000000000000000E+00
  40,  50,  39,  1.5142540794675774E-02, -0.0000000000000000E+00
  40,  50,  40,  1.5142540794675774E-02, -0.0000000000000000E+00
  40,  50,  41,  1.5142540794675774E-02, -0.0000000000000000E+00
  40,  50,  42,  1.5142540794675774E-02, -0.0000000000000000E+00
  40,  50,  43,  1.5142540794675774E-02, -0.0000000000000000E+00
  40,  50,  44,  1.5142540794675774E-02, -0.0000000000000000E+00
  40,  50,  45,  1.5142540794675774E-02, -0.0000000000000000E+00
  40,  50,  46,  1.5142540794675774E-02, -0.0000000000000000E+00
  40,  50,  47,  1.5142540794675774E-02, -0.0000000000000000E+00
  40,  50,  48,  1.5142540794675774E-02, -0.0000000000000000E+00
  40,  50,  49,  1.5142540794675774E-02,  6.6039115466778682E+01
  40,  50,  50,  1.5142540794675774E-02, -0.0000000000000000E+00
  40,  50,  51,  1.5142540794675774E-02, -6.6039115466778682E+01
  40,  50,  52,  1.5142540794675774E-02, -0.0000000000000000E+00
  40,  50,  53,  1.5142540794675774E-02, -0.0000000000000000E+00
  40,  50,  54,  1.5142540794675774E-02, -0.0000000000000000E+00
  40,  50,  55,  1.5142540794675774E-02, -0.0000000000000000E+00
  40,  50,  56,  1.5142540794675774E-02, -0.0000000000000000E+00
  40,  50,  57,  1.5142540794675774E-02, -0.0000000000000000E+00
  40,  50,  58,  1.5142540794675774E-02, -0.0000000000000000E+00
  40,  50,  59,  1.5142540794675774E-02, -0.0000000000000000E+00
  40,  50,  60,  1.5142540794675774E-02, -0.0000000000000000E+00
  40,  50,  61,  1.5142540794675774E-02, -0.0000000000000000E+00
  40,  50,  62,  1.5142540794675774E-02, -0.0000000000000000E+00
  40,  50,  63,  1.5142540794675774E-02, -0.0000000000000000E+00
  40,  50,  64,  1.5142540794675774E-02, -0.0000000000000000E+00
  40,  50,  65,  1.5142540794675774E-02, -0.0000000000000000E+00
  40,  50,  66,  1.5142540794675774E-02, -0.0000000000000000E+00
  40,  50,  67,  1.5142540794675774E-02, -0.0000000000000000E+00
  40,  50,  68,  1.5142540794675774E-02, -0.0000000000000000E+00
  40,  50,  69,  1.5142540794675774E-02, -0.0000000000000000E+00
  40,  50,  70,  1.5142540794675774E-02, -0.0000000000000000E+00
  40,  50,  71,  1.5142540794675774E-02, -0.0000000000000000E+00
  40,  50,  72,  1.5142540794675774E-02, -0.0000000000000000E+00
  40,  50,  73,  1.5142540794675774E-02, -0.0000000000000000E+00
  40,  50,  74,  1.5142540794675774E-02, -0.0000000000000000E+00
  40,  50,  75,  1.5142540794675774E-02, -0.0000000000000000E+00
  40,  50,  76,  1.5142540794675774E-02, -0.0000000000000000E+00
  40,  50,  77,  1.5142540794675774E-02, -0.0000000000000000E+00
  40,  50,  78,  1.5142540794675774E-02, -0.0000000000000000E+00
  40,  50,  79,  1.5142540794675774E-02, -0.0000000000000000E+00
  40,  50,  80,  1.5142540794675774E-02, -0.0000000000000000E+00
  40,  51,   1,  1.2732395447351628E+00, -0.0000000000000000E+00
  40,  51,   2,  1.2732395447351628E+00, -0.0000000000000000E+00
  40,  51,   3,  1.2732395447351628E+00, -0.0000000000000000E+00
  40,  51,   4,  1.2732395447351628E+00, -0.0000000000000000E+00
  40,  51,   5,  1.2732395447351628E+00, -0.0000000000000000E+00
  40,  51,   6,  1.2732395447351628E+00, -0.0000000000000000E+00
  40,  51,   7,  1.2732395447351628E+00, -0.0000000000000000E+00
  40,  51,   8,  1.2732395447351628E+00, -0.0000000000000000E+00
  40,  51,   9,  1.2732395447351628E+00, -0.0000000000000000E+00
  40,  51,  10,  1.2732395447351628E+00, -0.0000000000000000E+00
  40,  51,  11,  1.2732395447351628E+00, -0.0000000000000000E+00
  40,  51,  12,  1.2732395447351628E+00, -0.0000000000000000E+00
  40,  51,  13,  1.2732395447351628E+00, -0.0000000000000000E+00
  40,  51,  14,  1.2732395447351628E+00, -0.0000000000000000E+00
  40,  51,  15,  1.2732395447351628E+00, -0.0000000000000000E+00
  40,  51,  16,  1.2732395447351628E+00, -0.0000000000000000E+00
  40,  51,  17,  1.2732395447351628E+00, -0.0000000000000000E+00
  40,  51,  18,  1.2732395447351628E+00, -0.0000000000000000E+00
  40,  51,  19,  1.2732395447351628E+00, -0.0000000000000000E+00
  40,  51,  20,  1.2732395447351628E+00, -0.0000000000000000E+00
  40,  51,  21,  1.2732395447351628E+00, -0.0000000000000000E+00
  40,  51,  22,  1.2732395447351628E+00, -0.0000000000000000E+00
  40,  51,  23,  1.2732395447351628E+00, -0.0000000000000000E+00
  40,  51,  24,  1.2732395447351628E+00, -0.0000000000000000E+00
  40,  51,  25,  1.2732395447351628E+00, -0.0000000000000000E+00
  40,  51,  26,  1.2732395447351628E+00, -0.0000000000000000E+00
  40,  51,  27,  1.2732395447351628E+00, -0.0000000000000000E+00
  40,  51,  28,  1.2732395447351628E+00, -0.0000000000000000E+00
  40,  51,  29,  1.2732395447351628E+00, -0.0000000000000000E+00
  40,  51,  30,  1.2732395447351628E+00, -0.0000000000000000E+00
  40,  51,  31,  1.2732395447351628E+00, -0.0000000000000000E+00
  40,  51,  32,  1.2732395447351628E+00, -0.0000000000000000E+00
  40,  51,  33,  1.2732395447351628E+00, -0.0000000000000000E+00
  40,  51,  34,  1.2732395447351628E+00, -0.0000000000000000E+00
  40,  51,  35,  1.2732395447351628E+00, -0.0000000000000000E+00
  40,  51,  36,  1.2732395447351628E+00, -0.0000000000000000E+00
  40,  51,  37,  1.2732395447351628E+00, -0.0000000000000000E+00
  40,  51,  38,  1.2732395447351628E+00, -0.0000000000000000E+00
  40,  51,  39,  1.2732395447351628E+00, -0.0000000000000000E+00
  40,  51,  40,  1.2732395447351628E+00, -0.0000000000000000E+00
  40,  51,  41,  1.2732395447351628E+00, -0.0000000000000000E+00
  40,  51,  42,  1.2732395447351628E+00, -0.0000000000000000E+00
  40,  51,  43,  1.2732395447351628E+00, -0.0000000000000000E+00
  40,  51,  44,  1.2732395447351628E+00, -0.0000000000000000E+00
  40,  51,  45,  1.2732395447351628E+00, -0.0000000000000000E+00
  40,  51,  46,  1.2732395447351628E+00, -0.0000000000000000E+00
  40,  51,  47,  1.2732395447351628E+00, -0.0000000000000000E+00
  40,  51,  48,  1.2732395447351628E+00, -0.0000000000000000E+00
  40,  51,  49,  1.2732395447351628E+00, -0.0000000000000000E+00
  40,  51,  50,  1.2732395447351628E+00,  3.1422986844084996E-04
  40,  51,  51,  1.2732395447351628E+00, -2.2028129196550162E-02
  40,  51,  52,  1.2732395447351628E+00, -3.1408866227710866E-04
  40,  51,  53,  1.2732395447351628E+00, -0.0000000000000000E+00
  40,  51,  54,  1.2732395447351628E+00, -0.0000000000000000E+00
  40,  51,  55,  1.2732395447351628E+00, -0.0000000000000000E+00
  40,  51,  56,  1.2732395447351628E+00, -0.0000000000000000E+00
  40,  51,  57,  1.2732395447351628E+00, -0.0000000000000000E+00
  40,  51,  58,  1.2732395447351628E+00, -0.0000000000000000E+00
  40,  51,  59,  1.2732395447351628E+00, -0.0000000000000000E+00
  40,  51,  60,  1.2732395447351628E+00, -0.0000000000000000E+00
  40,  51,  61,  1.2732395447351628E+00, -0.0000000000000000E+00
  40,  51,  62,  1.2732395447351628E+00, -0.0000000000000000E+00
  40,  51,  63,  1.2732395447351628E+00, -0.0000000000000000E+00
  40,  51,  64,  1.2732395447351628E+00, -0.0000000000000000E+00
  40,  51,  65,  1.2732395447351628E+00, -0.0000000000000000E+00
  40,  51,  66,  1.2732395447351628E+00, -0.0000000000000000E+00
  40,  51,  67,  1.2732395447351628E+00, -0.0000000000000000E+00
  40,  51,  68,  1.2732395447351628E+00, -0.0000000000000000E+00
  40,  51,  69,  1.2732395447351628E+00, -0.0000000000000000E+00
  40,  51,  70,  1.2732395447351628E+00, -0.0000000000000000E+00
  40,  51,  71,  1.2732395447351628E+00, -0.0000000000000000E+00
  40,  51,  72,  1.2732395447351628E+00, -0.0000000000000000E+00
  40,  51,  73,  1.2732395447351628E+00, -0.0000000000000000E+00
  40,  51,  74,  1.2732395447351628E+00, -0.0000000000000000E+00
  40,  51,  75,  1.2732395447351628E+00, -0.0000000000000000E+00
  40,  51,  76,  1.2732395447351628E+00, -0.0000000000000000E+00
  40,  51,  77,  1.2732395447351628E+00, -0.0000000000000000E+00
  40,  51,  78,  1.2732395447351628E+00, -0.0000000000000000E+00
  40,  51,  79,  1.2732395447351628E+00, -0.0000000000000000E+00
  40,  51,  80,  1.2732395447351628E+00, -0.0000000000000000E+00
  40,  52,   1,  1.5142540794675774E-02, -0.0000000000000000E+00
  40,  52,   2,  1.5142540794675774E-02, -0.0000000000000000E+00
  40,  52,   3,  1.5142540794675774E-02, -0.0000000000000000E+00
  40,  52,   4,  1.5142540794675774E-02, -0.0000000000000000E+00
  40,  52,   5,  1.5142540794675774E-02, -0.0000000000000000E+00
  40,  52,   6,  1.5142540794675774E-02, -0.0000000000000000E+00
  40,  52,   7,  1.5142540794675774E-02, -0.0000000000000000E+00
  40,  52,   8,  1.5142540794675774E-02, -0.0000000000000000E+00
  40,  52,   9,  1.5142540794675774E-02, -0.0000000000000000E+00
  40,  52,  10,  1.5142540794675774E-02, -0.0000000000000000E+00
  40,  52,  11,  1.5142540794675774E-02, -0.0000000000000000E+00
  40,  52,  12,  1.5142540794675774E-02, -0.0000000000000000E+00
  40,  52,  13,  1.5142540794675774E-02, -0.0000000000000000E+00
  40,  52,  14,  1.5142540794675774E-02, -0.0000000000000000E+00
  40,  52,  15,  1.5142540794675774E-02, -0.0000000000000000E+00
  40,  52,  16,  1.5142540794675774E-02, -0.0000000000000000E+00
  40,  52,  17,  1.5142540794675774E-02, -0.0000000000000000E+00
  40,  52,  18,  1.5142540794675774E-02, -0.0000000000000000E+00
  40,  52,  19,  1.5142540794675774E-02, -0.0000000000000000E+00
  40,  52,  20,  1.5142540794675774E-02, -0.0000000000000000E+00
  40,  52,  21,  1.5142540794675774E-02, -0.0000000000000000E+00
  40,  52,  22,  1.5142540794675774E-02, -0.0000000000000000E+00
  40,  52,  23,  1.5142540794675774E-02, -0.0000000000000000E+00
  40,  52,  24,  1.5142540794675774E-02, -0.0000000000000000E+00
  40,  52,  25,  1.5142540794675774E-02, -0.0000000000000000E+00
  40,  52,  26,  1.5142540794675774E-02, -0.0000000000000000E+00
  40,  52,  27,  1.5142540794675774E-02, -0.0000000000000000E+00
  40,  52,  28,  1.5142540794675774E-02, -0.0000000000000000E+00
  40,  52,  29,  1.5142540794675774E-02, -0.0000000000000000E+00
  40,  52,  30,  1.5142540794675774E-02, -0.0000000000000000E+00
  40,  52,  31,  1.5142540794675774E-02, -0.0000000000000000E+00
  40,  52,  32,  1.5142540794675774E-02, -0.0000000000000000E+00
  40,  52,  33,  1.5142540794675774E-02, -0.0000000000000000E+00
  40,  52,  34,  1.5142540794675774E-02, -0.0000000000000000E+00
  40,  52,  35,  1.5142540794675774E-02, -0.0000000000000000E+00
  40,  52,  36,  1.5142540794675774E-02, -0.0000000000000000E+00
  40,  52,  37,  1.5142540794675774E-02, -0.0000000000000000E+00
  40,  52,  38,  1.5142540794675774E-02, -0.0000000000000000E+00
  40,  52,  39,  1.5142540794675774E-02, -0.0000000000000000E+00
  40,  52,  40,  1.5142540794675774E-02, -0.0000000000000000E+00
  40,  52,  41,  1.5142540794675774E-02, -0.0000000000000000E+00
  40,  52,  42,  1.5142540794675774E-02, -0.0000000000000000E+00
  40,  52,  43,  1.5142540794675774E-02, -0.0000000000000000E+00
  40,  52,  44,  1.5142540794675774E-02, -0.0000000000000000E+00
  40,  52,  45,  1.5142540794675774E-02, -0.0000000000000000E+00
  40,  52,  46,  1.5142540794675774E-02, -0.0000000000000000E+00
  40,  52,  47,  1.5142540794675774E-02, -0.0000000000000000E+00
  40,  52,  48,  1.5142540794675774E-02, -0.0000000000000000E+00
  40,  52,  49,  1.5142540794675774E-02, -0.0000000000000000E+00
  40,  52,  50,  1.5142540794675774E-02, -0.0000000000000000E+00
  40,  52,  51,  1.5142540794675774E-02,  6.6039115466778682E+01
  40,  52,  52,  1.5142540794675774E-02, -0.0000000000000000E+00
  40,  52,  53,  1.5142540794675774E-02, -6.6039115466778682E+01
  40,  52,  54,  1.5142540794675774E-02, -0.0000000000000000E+00
  40,  52,  55,  1.5142540794675774E-02, -0.0000000000000000E+00
  40,  52,  56,  1.5142540794675774E-02, -0.0000000000000000E+00
  40,  52,  57,  1.5142540794675774E-02, -0.0000000000000000E+00
  40,  52,  58,  1.5142540794675774E-02, -0.0000000000000000E+00
  40,  52,  59,  1.5142540794675774E-02, -0.0000000000000000E+00
  40,  52,  60,  1.5142540794675774E-02, -0.0000000000000000E+00
  40,  52,  61,  1.5142540794675774E-02, -0.0000000000000000E+00
  40,  52,  62,  1.5142540794675774E-02, -0.0000000000000000E+00
  40,  52,  63,  1.5142540794675774E-02, -0.0000000000000000E+00
  40,  52,  64,  1.5142540794675774E-02, -0.0000000000000000E+00
  40,  52,  65,  1.5142540794675774E-02, -0.0000000000000000E+00
  40,  52,  66,  1.5142540794675774E-02, -0.0000000000000000E+00
  40,  52,  67,  1.5142540794675774E-02, -0.0000000000000000E+00
  40,  52,  68,  1.5142540794675774E-02, -0.0000000000000000E+00
  40,  52,  69,  1.5142540794675774E-02, -0.0000000000000000E+00
  40,  52,  70,  1.5142540794675774E-02, -0.0000000000000000E+00
  40,  52,  71,  1.5142540794675774E-02, -0.0000000000000000E+00
  40,  52,  72,  1.5142540794675774E-02, -0.0000000000000000E+00
  40,  52,  73,  1.5142540794675774E-02, -0.0000000000000000E+00
  40,  52,  74,  1.5142540794675774E-02, -0.0000000000000000E+00
  40,  52,  75,  1.5142540794675774E-02, -0.0000000000000000E+00
  40,  52,  76,  1.5142540794675774E-02, -0.0000000000000000E+00
  40,  52,  77,  1.5142540794675774E-02, -0.0000000000000000E+00
  40,  52,  78,  1.5142540794675774E-02, -0.0000000000000000E+00
  40,  52,  79,  1.5142540794675774E-02, -0.0000000000000000E+00
  40,  52,  80,  1.5142540794675774E-02, -0.0000000000000000E+00
  40,  53,   1,  1.2732395447351628E+00, -0.0000000000000000E+00
  40,  53,   2,  1.2732395447351628E+00, -0.0000000000000000E+00
  40,  53,   3,  1.2732395447351628E+00, -0.0000000000000000E+00
  40,  53,   4,  1.2732395447351628E+00, -0.0000000000000000E+00
  40,  53,   5,  1.2732395447351628E+00, -0.0000000000000000E+00
  40,  53,   6,  1.2732395447351628E+00, -0.0000000000000000E+00
  40,  53,   7,  1.2732395447351628E+00, -0.0000000000000000E+00
  40,  53,   8,  1.2732395447351628E+00, -0.0000000000000000E+00
  40,  53,   9,  1.2732395447351628E+00, -0.0000000000000000E+00
  40,  53,  10,  1.2732395447351628E+00, -0.0000000000000000E+00
  40,  53,  11,  1.2732395447351628E+00, -0.0000000000000000E+00
  40,  53,  12,  1.2732395447351628E+00, -0.0000000000000000E+00
  40,  53,  13,  1.2732395447351628E+00, -0.0000000000000000E+00
  40,  53,  14,  1.2732395447351628E+00, -0.0000000000000000E+00
  40,  53,  15,  1.2732395447351628E+00, -0.0000000000000000E+00
  40,  53,  16,  1.2732395447351628E+00, -0.0000000000000000E+00
  40,  53,  17,  1.2732395447351628E+00, -0.0000000000000000E+00
  40,  53,  18,  1.2732395447351628E+00, -0.0000000000000000E+00
  40,  53,  19,  1.2732395447351628E+00, -0.0000000000000000E+00
  40,  53,  20,  1.2732395447351628E+00, -0.0000000000000000E+00
  40,  53,  21,  1.2732395447351628E+00, -0.0000000000000000E+00
  40,  53,  22,  1.2732395447351628E+00, -0.0000000000000000E+00
  40,  53,  23,  1.2732395447351628E+00, -0.0000000000000000E+00
  40,  53,  24,  1.2732395447351628E+00, -0.0000000000000000E+00
  40,  53,  25,  1.2732395447351628E+00, -0.0000000000000000E+00
  40,  53,  26,  1.2732395447351628E+00, -0.0000000000000000E+00
  40,  53,  27,  1.2732395447351628E+00, -0.0000000000000000E+00
  40,  53,  28,  1.2732395447351628E+00, -0.0000000000000000E+00
  40,  53,  29,  1.2732395447351628E+00, -0.0000000000000000E+00
  40,  53,  30,  1.2732395447351628E+00, -0.0000000000000000E+00
  40,  53,  31,  1.2732395447351628E+00, -0.0000000000000000E+00
  40,  53,  32,  1.2732395447351628E+00, -0.0000000000000000E+00
  40,  53,  33,  1.2732395447351628E+00, -0.0000000000000000E+00
  40,  53,  34,  1.2732395447351628E+00, -0.0000000000000000E+00
  40,  53,  35,  1.2732395447351628E+00, -0.0000000000000000E+00
  40,  53,  36,  1.2732395447351628E+00, -0.0000000000000000E+00
  40,  53,  37,  1.2732395447351628E+00, -0.0000000000000000E+00
  40,  53,  38,  1.2732395447351628E+00, -0.0000000000000000E+00
  40,  53,  39,  1.2732395447351628E+00, -0.0000000000000000E+00
  40,  53,  40,  1.2732395447351628E+00, -0.0000000000000000E+00
  40,  53,  41,  1.2732395447351628E+00, -0.0000000000000000E+00
  40,  53,  42,  1.2732395447351628E+00, -0.0000000000000000E+00
  40,  53,  43,  1.2732395447351628E+00, -0.0000000000000000E+00
  40,  53,  44,  1.2732395447351628E+00, -0.0000000000000000E+00
  40,  53,  45,  1.2732395447351628E+00, -0.0000000000000000E+00
  40,  53,  46,  1.2732395447351628E+00, -0.0000000000000000E+00
  40,  53,  47,  1.2732395447351628E+00, -0.0000000000000000E+00
  40,  53,  48,  1.2732395447351628E+00, -0.0000000000000000E+00
  40,  53,  49,  1.2732395447351628E+00, -0.0000000000000000E+00
  40,  53,  50,  1.2732395447351628E+00, -0.0000000000000000E+00
  40,  53,  51,  1.2732395447351628E+00, -0.0000000000000000E+00
  40,  53,  52,  1.2732395447351628E+00,  3.1422993196634249E-04
  40,  53,  53,  1.2732395447351628E+00, -2.2038036930702137E-02
  40,  53,  54,  1.2732395447351628E+00, -3.1408859875161612E-04
  40,  53,  55,  1.2732395447351628E+00, -0.0000000000000000E+00
  40,  53,  56,  1.2732395447351628E+00, -0.0000000000000000E+00
  40,  53,  57,  1.2732395447351628E+00, -0.0000000000000000E+00
  40,  53,  58,  1.2732395447351628E+00, -0.0000000000000000E+00
  40,  53,  59,  1.2732395447351628E+00, -0.0000000000000000E+00
  40,  53,  60,  1.2732395447351628E+00, -0.0000000000000000E+00
  40,  53,  61,  1.2732395447351628E+00, -0.0000000000000000E+00
  40,  53,  62,  1.2732395447351628E+00, -0.0000000000000000E+00
  40,  53,  63,  1.2732395447351628E+00, -0.0000000000000000E+00
  40,  53,  64,  1.2732395447351628E+00, -0.0000000000000000E+00
  40,  53,  65,  1.2732395447351628E+00, -0.0000000000000000E+00
  40,  53,  66,  1.2732395447351628E+00, -0.0000000000000000E+00
  40,  53,  67,  1.2732395447351628E+00, -0.0000000000000000E+00
  40,  53,  68,  1.2732395447351628E+00, -0.0000000000000000E+00
  40,  53,  69,  1.2732395447351628E+00, -0.0000000000000000E+00
  40,  53,  70,  1.2732395447351628E+00, -0.0000000000000000E+00
  40,  53,  71,  1.2732395447351628E+00, -0.0000000000000000E+00
  40,  53,  72,  1.2732395447351628E+00, -0.0000000000000000E+00
  40,  53,  73,  1.2732395447351628E+00, -0.0000000000000000E+00
  40,  53,  74,  1.2732395447351628E+00, -0.0000000000000000E+00
  40,  53,  75,  1.2732395447351628E+00, -0.0000000000000000E+00
  40,  53,  76,  1.2732395447351628E+00, -0.0000000000000000E+00
  40,  53,  77,  1.2732395447351628E+00, -0.0000000000000000E+00
  40,  53,  78,  1.2732395447351628E+00, -0.0000000000000000E+00
  40,  53,  79,  1.2732395447351628E+00, -0.0000000000000000E+00
  40,  53,  80,  1.2732395447351628E+00, -0.0000000000000000E+00
  40,  54,   1,  1.5142540794675774E-02, -0.0000000000000000E+00
  40,  54,   2,  1.5142540794675774E-02, -0.0000000000000000E+00
  40,  54,   3,  1.5142540794675774E-02, -0.0000000000000000E+00
  40,  54,   4,  1.5142540794675774E-02, -0.0000000000000000E+00
  40,  54,   5,  1.5142540794675774E-02, -0.0000000000000000E+00
  40,  54,   6,  1.5142540794675774E-02, -0.0000000000000000E+00
  40,  54,   7,  1.5142540794675774E-02, -0.0000000000000000E+00
  40,  54,   8,  1.5142540794675774E-02, -0.0000000000000000E+00
  40,  54,   9,  1.5142540794675774E-02, -0.0000000000000000E+00
  40,  54,  10,  1.5142540794675774E-02, -0.0000000000000000E+00
  40,  54,  11,  1.5142540794675774E-02, -0.0000000000000000E+00
  40,  54,  12,  1.5142540794675774E-02, -0.0000000000000000E+00
  40,  54,  13,  1.5142540794675774E-02, -0.0000000000000000E+00
  40,  54,  14,  1.5142540794675774E-02, -0.0000000000000000E+00
  40,  54,  15,  1.5142540794675774E-02, -0.0000000000000000E+00
  40,  54,  16,  1.5142540794675774E-02, -0.0000000000000000E+00
  40,  54,  17,  1.5142540794675774E-02, -0.0000000000000000E+00
  40,  54,  18,  1.5142540794675774E-02, -0.0000000000000000E+00
  40,  54,  19,  1.5142540794675774E-02, -0.0000000000000000E+00
  40,  54,  20,  1.5142540794675774E-02, -0.0000000000000000E+00
  40,  54,  21,  1.5142540794675774E-02, -0.0000000000000000E+00
  40,  54,  22,  1.5142540794675774E-02, -0.0000000000000000E+00
  40,  54,  23,  1.5142540794675774E-02, -0.0000000000000000E+00
  40,  54,  24,  1.5142540794675774E-02, -0.0000000000000000E+00
  40,  54,  25,  1.5142540794675774E-02, -0.0000000000000000E+00
  40,  54,  26,  1.5142540794675774E-02, -0.0000000000000000E+00
  40,  54,  27,  1.5142540794675774E-02, -0.0000000000000000E+00
  40,  54,  28,  1.5142540794675774E-02, -0.0000000000000000E+00
  40,  54,  29,  1.5142540794675774E-02, -0.0000000000000000E+00
  40,  54,  30,  1.5142540794675774E-02, -0.0000000000000000E+00
  40,  54,  31,  1.5142540794675774E-02, -0.0000000000000000E+00
  40,  54,  32,  1.5142540794675774E-02, -0.0000000000000000E+00
  40,  54,  33,  1.5142540794675774E-02, -0.0000000000000000E+00
  40,  54,  34,  1.5142540794675774E-02, -0.0000000000000000E+00
  40,  54,  35,  1.5142540794675774E-02, -0.0000000000000000E+00
  40,  54,  36,  1.5142540794675774E-02, -0.0000000000000000E+00
  40,  54,  37,  1.5142540794675774E-02, -0.0000000000000000E+00
  40,  54,  38,  1.5142540794675774E-02, -0.0000000000000000E+00
  40,  54,  39,  1.5142540794675774E-02, -0.0000000000000000E+00
  40,  54,  40,  1.5142540794675774E-02, -0.0000000000000000E+00
  40,  54,  41,  1.5142540794675774E-02, -0.0000000000000000E+00
  40,  54,  42,  1.5142540794675774E-02, -0.0000000000000000E+00
  40,  54,  43,  1.5142540794675774E-02, -0.0000000000000000E+00
  40,  54,  44,  1.5142540794675774E-02, -0.0000000000000000E+00
  40,  54,  45,  1.5142540794675774E-02, -0.0000000000000000E+00
  40,  54,  46,  1.5142540794675774E-02, -0.0000000000000000E+00
  40,  54,  47,  1.5142540794675774E-02, -0.0000000000000000E+00
  40,  54,  48,  1.5142540794675774E-02, -0.0000000000000000E+00
  40,  54,  49,  1.5142540794675774E-02, -0.0000000000000000E+00
  40,  54,  50,  1.5142540794675774E-02, -0.0000000000000000E+00
  40,  54,  51,  1.5142540794675774E-02, -0.0000000000000000E+00
  40,  54,  52,  1.5142540794675774E-02, -0.0000000000000000E+00
  40,  54,  53,  1.5142540794675774E-02,  6.6039115466778682E+01
  40,  54,  54,  1.5142540794675774E-02, -0.0000000000000000E+00
  40,  54,  55,  1.5142540794675774E-02, -6.6039115466778682E+01
  40,  54,  56,  1.5142540794675774E-02, -0.0000000000000000E+00
  40,  54,  57,  1.5142540794675774E-02, -0.0000000000000000E+00
  40,  54,  58,  1.5142540794675774E-02, -0.0000000000000000E+00
  40,  54,  59,  1.5142540794675774E-02, -0.0000000000000000E+00
  40,  54,  60,  1.5142540794675774E-02, -0.0000000000000000E+00
  40,  54,  61,  1.5142540794675774E-02, -0.0000000000000000E+00
  40,  54,  62,  1.5142540794675774E-02, -0.0000000000000000E+00
  40,  54,  63,  1.5142540794675774E-02, -0.0000000000000000E+00
  40,  54,  64,  1.5142540794675774E-02, -0.0000000000000000E+00
  40,  54,  65,  1.5142540794675774E-02, -0.0000000000000000E+00
  40,  54,  66,  1.5142540794675774E-02, -0.0000000000000000E+00
  40,  54,  67,  1.5142540794675774E-02, -0.0000000000000000E+00
  40,  54,  68,  1.5142540794675774E-02, -0.0000000000000000E+00
  40,  54,  69,  1.5142540794675774E-02, -0.0000000000000000E+00
  40,  54,  70,  1.5142540794675774E-02, -0.0000000000000000E+00
  40,  54,  71,  1.5142540794675774E-02, -0.0000000000000000E+00
  40,  54,  72,  1.5142540794675774E-02, -0.0000000000000000E+00
  40,  54,  73,  1.5142540794675774E-02, -0.0000000000000000E+00
  40,  54,  74,  1.5142540794675774E-02, -0.0000000000000000E+00
  40,  54,  75,  1.5142540794675774E-02, -0.0000000000000000E+00
  40,  54,  76,  1.5142540794675774E-02, -0.0000000000000000E+00
  40,  54,  77,  1.5142540794675774E-02, -0.0000000000000000E+00
  40,  54,  78,  1.5142540794675774E-02, -0.0000000000000000E+00
  40,  54,  79,  1.5142540794675774E-02, -0.0000000000000000E+00
  40,  54,  80,  1.5142540794675774E-02, -0.0000000000000000E+00
  40,  55,   1,  1.2732395447351628E+00, -0.0000000000000000E+00
  40,  55,   2,  1.2732395447351628E+00, -0.0000000000000000E+00
  40,  55,   3,  1.2732395447351628E+00, -0.0000000000000000E+00
  40,  55,   4,  1.2732395447351628E+00, -0.0000000000000000E+00
  40,  55,   5,  1.2732395447351628E+00, -0.0000000000000000E+00
  40,  55,   6,  1.2732395447351628E+00, -0.0000000000000000E+00
  40,  55,   7,  1.2732395447351628E+00, -0.0000000000000000E+00
  40,  55,   8,  1.2732395447351628E+00, -0.0000000000000000E+00
  40,  55,   9,  1.2732395447351628E+00, -0.0000000000000000E+00
  40,  55,  10,  1.2732395447351628E+00, -0.0000000000000000E+00
  40,  55,  11,  1.2732395447351628E+00, -0.0000000000000000E+00
  40,  55,  12,  1.2732395447351628E+00, -0.0000000000000000E+00
  40,  55,  13,  1.2732395447351628E+00, -0.0000000000000000E+00
  40,  55,  14,  1.2732395447351628E+00, -0.0000000000000000E+00
  40,  55,  15,  1.2732395447351628E+00, -0.0000000000000000E+00
  40,  55,  16,  1.2732395447351628E+00, -0.0000000000000000E+00
  40,  55,  17,  1.2732395447351628E+00, -0.0000000000000000E+00
  40,  55,  18,  1.2732395447351628E+00, -0.0000000000000000E+00
  40,  55,  19,  1.2732395447351628E+00, -0.0000000000000000E+00
  40,  55,  20,  1.2732395447351628E+00, -0.0000000000000000E+00
  40,  55,  21,  1.2732395447351628E+00, -0.0000000000000000E+00
  40,  55,  22,  1.2732395447351628E+00, -0.0000000000000000E+00
  40,  55,  23,  1.2732395447351628E+00, -0.0000000000000000E+00
  40,  55,  24,  1.2732395447351628E+00, -0.0000000000000000E+00
  40,  55,  25,  1.2732395447351628E+00, -0.0000000000000000E+00
  40,  55,  26,  1.2732395447351628E+00, -0.0000000000000000E+00
  40,  55,  27,  1.2732395447351628E+00, -0.0000000000000000E+00
  40,  55,  28,  1.2732395447351628E+00, -0.0000000000000000E+00
  40,  55,  29,  1.2732395447351628E+00, -0.0000000000000000E+00
  40,  55,  30,  1.2732395447351628E+00, -0.0000000000000000E+00
  40,  55,  31,  1.2732395447351628E+00, -0.0000000000000000E+00
  40,  55,  32,  1.2732395447351628E+00, -0.0000000000000000E+00
  40,  55,  33,  1.2732395447351628E+00, -0.0000000000000000E+00
  40,  55,  34,  1.2732395447351628E+00, -0.0000000000000000E+00
  40,  55,  35,  1.2732395447351628E+00, -0.0000000000000000E+00
  40,  55,  36,  1.2732395447351628E+00, -0.0000000000000000E+00
  40,  55,  37,  1.2732395447351628E+00, -0.0000000000000000E+00
  40,  55,  38,  1.2732395447351628E+00, -0.0000000000000000E+00
  40,  55,  39,  1.2732395447351628E+00, -0.0000000000000000E+00
  40,  55,  40,  1.2732395447351628E+00, -0.0000000000000000E+00
  40,  55,  41,  1.2732395447351628E+00, -0.0000000000000000E+00
  40,  55,  42,  1.2732395447351628E+00, -0.0000000000000000E+00
  40,  55,  43,  1.2732395447351628E+00, -0.0000000000000000E+00
  40,  55,  44,  1.2732395447351628E+00, -0.0000000000000000E+00
  40,  55,  45,  1.2732395447351628E+00, -0.0000000000000000E+00
  40,  55,  46,  1.2732395447351628E+00, -0.0000000000000000E+00
  40,  55,  47,  1.2732395447351628E+00, -0.0000000000000000E+00
  40,  55,  48,  1.2732395447351628E+00, -0.0000000000000000E+00
  40,  55,  49,  1.2732395447351628E+00, -0.0000000000000000E+00
  40,  55,  50,  1.2732395447351628E+00, -0.0000000000000000E+00
  40,  55,  51,  1.2732395447351628E+00, -0.0000000000000000E+00
  40,  55,  52,  1.2732395447351628E+00, -0.0000000000000000E+00
  40,  55,  53,  1.2732395447351628E+00, -0.0000000000000000E+00
  40,  55,  54,  1.2732395447351628E+00,  3.1422999560625278E-04
  40,  55,  55,  1.2732395447351628E+00, -2.2047958045689275E-02
  40,  55,  56,  1.2732395447351628E+00, -3.1408853511170583E-04
  40,  55,  57,  1.2732395447351628E+00, -0.0000000000000000E+00
  40,  55,  58,  1.2732395447351628E+00, -0.0000000000000000E+00
  40,  55,  59,  1.2732395447351628E+00, -0.0000000000000000E+00
  40,  55,  60,  1.2732395447351628E+00, -0.0000000000000000E+00
  40,  55,  61,  1.2732395447351628E+00, -0.0000000000000000E+00
  40,  55,  62,  1.2732395447351628E+00, -0.0000000000000000E+00
  40,  55,  63,  1.2732395447351628E+00, -0.0000000000000000E+00
  40,  55,  64,  1.2732395447351628E+00, -0.0000000000000000E+00
  40,  55,  65,  1.2732395447351628E+00, -0.0000000000000000E+00
  40,  55,  66,  1.2732395447351628E+00, -0.0000000000000000E+00
  40,  55,  67,  1.2732395447351628E+00, -0.0000000000000000E+00
  40,  55,  68,  1.2732395447351628E+00, -0.0000000000000000E+00
  40,  55,  69,  1.2732395447351628E+00, -0.0000000000000000E+00
  40,  55,  70,  1.2732395447351628E+00, -0.0000000000000000E+00
  40,  55,  71,  1.2732395447351628E+00, -0.0000000000000000E+00
  40,  55,  72,  1.2732395447351628E+00, -0.0000000000000000E+00
  40,  55,  73,  1.2732395447351628E+00, -0.0000000000000000E+00
  40,  55,  74,  1.2732395447351628E+00, -0.0000000000000000E+00
  40,  55,  75,  1.2732395447351628E+00, -0.0000000000000000E+00
  40,  55,  76,  1.2732395447351628E+00, -0.0000000000000000E+00
  40,  55,  77,  1.2732395447351628E+00, -0.0000000000000000E+00
  40,  55,  78,  1.2732395447351628E+00, -0.0000000000000000E+00
  40,  55,  79,  1.2732395447351628E+00, -0.0000000000000000E+00
  40,  55,  80,  1.2732395447351628E+00, -0.0000000000000000E+00
  40,  56,   1,  1.5142540794675774E-02, -0.0000000000000000E+00
  40,  56,   2,  1.5142540794675774E-02, -0.0000000000000000E+00
  40,  56,   3,  1.5142540794675774E-02, -0.0000000000000000E+00
  40,  56,   4,  1.5142540794675774E-02, -0.0000000000000000E+00
  40,  56,   5,  1.5142540794675774E-02, -0.0000000000000000E+00
  40,  56,   6,  1.5142540794675774E-02, -0.0000000000000000E+00
  40,  56,   7,  1.5142540794675774E-02, -0.0000000000000000E+00
  40,  56,   8,  1.5142540794675774E-02, -0.0000000000000000E+00
  40,  56,   9,  1.5142540794675774E-02, -0.0000000000000000E+00
  40,  56,  10,  1.5142540794675774E-02, -0.0000000000000000E+00
  40,  56,  11,  1.5142540794675774E-02, -0.0000000000000000E+00
  40,  56,  12,  1.5142540794675774E-02, -0.0000000000000000E+00
  40,  56,  13,  1.5142540794675774E-02, -0.0000000000000000E+00
  40,  56,  14,  1.5142540794675774E-02, -0.0000000000000000E+00
  40,  56,  15,  1.5142540794675774E-02, -0.0000000000000000E+00
  40,  56,  16,  1.5142540794675774E-02, -0.0000000000000000E+00
  40,  56,  17,  1.5142540794675774E-02, -0.0000000000000000E+00
  40,  56,  18,  1.5142540794675774E-02, -0.0000000000000000E+00
  40,  56,  19,  1.5142540794675774E-02, -0.0000000000000000E+00
  40,  56,  20,  1.5142540794675774E-02, -0.0000000000000000E+00
  40,  56,  21,  1.5142540794675774E-02, -0.0000000000000000E+00
  40,  56,  22,  1.5142540794675774E-02, -0.0000000000000000E+00
  40,  56,  23,  1.5142540794675774E-02, -0.0000000000000000E+00
  40,  56,  24,  1.5142540794675774E-02, -0.0000000000000000E+00
  40,  56,  25,  1.5142540794675774E-02, -0.0000000000000000E+00
  40,  56,  26,  1.5142540794675774E-02, -0.0000000000000000E+00
  40,  56,  27,  1.5142540794675774E-02, -0.0000000000000000E+00
  40,  56,  28,  1.5142540794675774E-02, -0.0000000000000000E+00
  40,  56,  29,  1.5142540794675774E-02, -0.0000000000000000E+00
  40,  56,  30,  1.5142540794675774E-02, -0.0000000000000000E+00
  40,  56,  31,  1.5142540794675774E-02, -0.0000000000000000E+00
  40,  56,  32,  1.5142540794675774E-02, -0.0000000000000000E+00
  40,  56,  33,  1.5142540794675774E-02, -0.0000000000000000E+00
  40,  56,  34,  1.5142540794675774E-02, -0.0000000000000000E+00
  40,  56,  35,  1.5142540794675774E-02, -0.0000000000000000E+00
  40,  56,  36,  1.5142540794675774E-02, -0.0000000000000000E+00
  40,  56,  37,  1.5142540794675774E-02, -0.0000000000000000E+00
  40,  56,  38,  1.5142540794675774E-02, -0.0000000000000000E+00
  40,  56,  39,  1.5142540794675774E-02, -0.0000000000000000E+00
  40,  56,  40,  1.5142540794675774E-02, -0.0000000000000000E+00
  40,  56,  41,  1.5142540794675774E-02, -0.0000000000000000E+00
  40,  56,  42,  1.5142540794675774E-02, -0.0000000000000000E+00
  40,  56,  43,  1.5142540794675774E-02, -0.0000000000000000E+00
  40,  56,  44,  1.5142540794675774E-02, -0.0000000000000000E+00
  40,  56,  45,  1.5142540794675774E-02, -0.0000000000000000E+00
  40,  56,  46,  1.5142540794675774E-02, -0.0000000000000000E+00
  40,  56,  47,  1.5142540794675774E-02, -0.0000000000000000E+00
  40,  56,  48,  1.5142540794675774E-02, -0.0000000000000000E+00
  40,  56,  49,  1.5142540794675774E-02, -0.0000000000000000E+00
  40,  56,  50,  1.5142540794675774E-02, -0.0000000000000000E+00
  40,  56,  51,  1.5142540794675774E-02, -0.0000000000000000E+00
  40,  56,  52,  1.5142540794675774E-02, -0.0000000000000000E+00
  40,  56,  53,  1.5142540794675774E-02, -0.0000000000000000E+00
  40,  56,  54,  1.5142540794675774E-02, -0.0000000000000000E+00
  40,  56,  55,  1.5142540794675774E-02,  6.6039115466778682E+01
  40,  56,  56,  1.5142540794675774E-02, -0.0000000000000000E+00
  40,  56,  57,  1.5142540794675774E-02, -6.6039115466778682E+01
  40,  56,  58,  1.5142540794675774E-02, -0.0000000000000000E+00
  40,  56,  59,  1.5142540794675774E-02, -0.0000000000000000E+00
  40,  56,  60,  1.5142540794675774E-02, -0.0000000000000000E+00
  40,  56,  61,  1.5142540794675774E-02, -0.0000000000000000E+00
  40,  56,  62,  1.5142540794675774E-02, -0.0000000000000000E+00
  40,  56,  63,  1.5142540794675774E-02, -0.0000000000000000E+00
  40,  56,  64,  1.5142540794675774E-02, -0.0000000000000000E+00
  40,  56,  65,  1.5142540794675774E-02, -0.0000000000000000E+00
  40,  56,  66,  1.5142540794675774E-02, -0.0000000000000000E+00
  40,  56,  67,  1.5142540794675774E-02, -0.0000000000000000E+00
  40,  56,  68,  1.5142540794675774E-02, -0.0000000000000000E+00
  40,  56,  69,  1.5142540794675774E-02, -0.0000000000000000E+00
  40,  56,  70,  1.5142540794675774E-02, -0.0000000000000000E+00
  40,  56,  71,  1.5142540794675774E-02, -0.0000000000000000E+00
  40,  56,  72,  1.5142540794675774E-02, -0.0000000000000000E+00
  40,  56,  73,  1.5142540794675774E-02, -0.0000000000000000E+00
  40,  56,  74,  1.5142540794675774E-02, -0.0000000000000000E+00
  40,  56,  75,  1.5142540794675774E-02, -0.0000000000000000E+00
  40,  56,  76,  1.5142540794675774E-02, -0.0000000000000000E+00
  40,  56,  77,  1.5142540794675774E-02, -0.0000000000000000E+00
  40,  56,  78,  1.5142540794675774E-02, -0.0000000000000000E+00
  40,  56,  79,  1.5142540794675774E-02, -0.0000000000000000E+00
  40,  56,  80,  1.5142540794675774E-02, -0.0000000000000000E+00
  40,  57,   1,  1.2732395447351628E+00, -0.0000000000000000E+00
  40,  57,   2,  1.2732395447351628E+00, -0.0000000000000000E+00
  40,  57,   3,  1.2732395447351628E+00, -0.0000000000000000E+00
  40,  57,   4,  1.2732395447351628E+00, -0.0000000000000000E+00
  40,  57,   5,  1.2732395447351628E+00, -0.0000000000000000E+00
  40,  57,   6,  1.2732395447351628E+00, -0.0000000000000000E+00
  40,  57,   7,  1.2732395447351628E+00, -0.0000000000000000E+00
  40,  57,   8,  1.2732395447351628E+00, -0.0000000000000000E+00
  40,  57,   9,  1.2732395447351628E+00, -0.0000000000000000E+00
  40,  57,  10,  1.2732395447351628E+00, -0.0000000000000000E+00
  40,  57,  11,  1.2732395447351628E+00, -0.0000000000000000E+00
  40,  57,  12,  1.2732395447351628E+00, -0.0000000000000000E+00
  40,  57,  13,  1.2732395447351628E+00, -0.0000000000000000E+00
  40,  57,  14,  1.2732395447351628E+00, -0.0000000000000000E+00
  40,  57,  15,  1.2732395447351628E+00, -0.0000000000000000E+00
  40,  57,  16,  1.2732395447351628E+00, -0.0000000000000000E+00
  40,  57,  17,  1.2732395447351628E+00, -0.0000000000000000E+00
  40,  57,  18,  1.2732395447351628E+00, -0.0000000000000000E+00
  40,  57,  19,  1.2732395447351628E+00, -0.0000000000000000E+00
  40,  57,  20,  1.2732395447351628E+00, -0.0000000000000000E+00
  40,  57,  21,  1.2732395447351628E+00, -0.0000000000000000E+00
  40,  57,  22,  1.2732395447351628E+00, -0.0000000000000000E+00
  40,  57,  23,  1.2732395447351628E+00, -0.0000000000000000E+00
  40,  57,  24,  1.2732395447351628E+00, -0.0000000000000000E+00
  40,  57,  25,  1.2732395447351628E+00, -0.0000000000000000E+00
  40,  57,  26,  1.2732395447351628E+00, -0.0000000000000000E+00
  40,  57,  27,  1.2732395447351628E+00, -0.0000000000000000E+00
  40,  57,  28,  1.2732395447351628E+00, -0.0000000000000000E+00
  40,  57,  29,  1.2732395447351628E+00, -0.0000000000000000E+00
  40,  57,  30,  1.2732395447351628E+00, -0.0000000000000000E+00
  40,  57,  31,  1.2732395447351628E+00, -0.0000000000000000E+00
  40,  57,  32,  1.2732395447351628E+00, -0.0000000000000000E+00
  40,  57,  33,  1.2732395447351628E+00, -0.0000000000000000E+00
  40,  57,  34,  1.2732395447351628E+00, -0.0000000000000000E+00
  40,  57,  35,  1.2732395447351628E+00, -0.0000000000000000E+00
  40,  57,  36,  1.2732395447351628E+00, -0.0000000000000000E+00
  40,  57,  37,  1.2732395447351628E+00, -0.0000000000000000E+00
  40,  57,  38,  1.2732395447351628E+00, -0.0000000000000000E+00
  40,  57,  39,  1.2732395447351628E+00, -0.0000000000000000E+00
  40,  57,  40,  1.2732395447351628E+00, -0.0000000000000000E+00
  40,  57,  41,  1.2732395447351628E+00, -0.0000000000000000E+00
  40,  57,  42,  1.2732395447351628E+00, -0.0000000000000000E+00
  40,  57,  43,  1.2732395447351628E+00, -0.0000000000000000E+00
  40,  57,  44,  1.2732395447351628E+00, -0.0000000000000000E+00
  40,  57,  45,  1.2732395447351628E+00, -0.0000000000000000E+00
  40,  57,  46,  1.2732395447351628E+00, -0.0000000000000000E+00
  40,  57,  47,  1.2732395447351628E+00, -0.0000000000000000E+00
  40,  57,  48,  1.2732395447351628E+00, -0.0000000000000000E+00
  40,  57,  49,  1.2732395447351628E+00, -0.0000000000000000E+00
  40,  57,  50,  1.2732395447351628E+00, -0.0000000000000000E+00
  40,  57,  51,  1.2732395447351628E+00, -0.0000000000000000E+00
  40,  57,  52,  1.2732395447351628E+00, -0.0000000000000000E+00
  40,  57,  53,  1.2732395447351628E+00, -0.0000000000000000E+00
  40,  57,  54,  1.2732395447351628E+00, -0.0000000000000000E+00
  40,  57,  55,  1.2732395447351628E+00, -0.0000000000000000E+00
  40,  57,  56,  1.2732395447351628E+00,  3.1423005936089020E-04
  40,  57,  57,  1.2732395447351628E+00, -2.2057892571657745E-02
  40,  57,  58,  1.2732395447351628E+00, -3.1408847135706841E-04
  40,  57,  59,  1.2732395447351628E+00, -0.0000000000000000E+00
  40,  57,  60,  1.2732395447351628E+00, -0.0000000000000000E+00
  40,  57,  61,  1.2732395447351628E+00, -0.0000000000000000E+00
  40,  57,  62,  1.2732395447351628E+00, -0.0000000000000000E+00
  40,  57,  63,  1.2732395447351628E+00, -0.0000000000000000E+00
  40,  57,  64,  1.2732395447351628E+00, -0.0000000000000000E+00
  40,  57,  65,  1.2732395447351628E+00, -0.0000000000000000E+00
  40,  57,  66,  1.2732395447351628E+00, -0.0000000000000000E+00
  40,  57,  67,  1.2732395447351628E+00, -0.0000000000000000E+00
  40,  57,  68,  1.2732395447351628E+00, -0.0000000000000000E+00
  40,  57,  69,  1.2732395447351628E+00, -0.0000000000000000E+00
  40,  57,  70,  1.2732395447351628E+00, -0.0000000000000000E+00
  40,  57,  71,  1.2732395447351628E+00, -0.0000000000000000E+00
  40,  57,  72,  1.2732395447351628E+00, -0.0000000000000000E+00
  40,  57,  73,  1.2732395447351628E+00, -0.0000000000000000E+00
  40,  57,  74,  1.2732395447351628E+00, -0.0000000000000000E+00
  40,  57,  75,  1.2732395447351628E+00, -0.0000000000000000E+00
  40,  57,  76,  1.2732395447351628E+00, -0.0000000000000000E+00
  40,  57,  77,  1.2732395447351628E+00, -0.0000000000000000E+00
  40,  57,  78,  1.2732395447351628E+00, -0.0000000000000000E+00
  40,  57,  79,  1.2732395447351628E+00, -0.0000000000000000E+00
  40,  57,  80,  1.2732395447351628E+00, -0.0000000000000000E+00
  40,  58,   1,  1.5142540794675774E-02, -0.0000000000000000E+00
  40,  58,   2,  1.5142540794675774E-02, -0.0000000000000000E+00
  40,  58,   3,  1.5142540794675774E-02, -0.0000000000000000E+00
  40,  58,   4,  1.5142540794675774E-02, -0.0000000000000000E+00
  40,  58,   5,  1.5142540794675774E-02, -0.0000000000000000E+00
  40,  58,   6,  1.5142540794675774E-02, -0.0000000000000000E+00
  40,  58,   7,  1.5142540794675774E-02, -0.0000000000000000E+00
  40,  58,   8,  1.5142540794675774E-02, -0.0000000000000000E+00
  40,  58,   9,  1.5142540794675774E-02, -0.0000000000000000E+00
  40,  58,  10,  1.5142540794675774E-02, -0.0000000000000000E+00
  40,  58,  11,  1.5142540794675774E-02, -0.0000000000000000E+00
  40,  58,  12,  1.5142540794675774E-02, -0.0000000000000000E+00
  40,  58,  13,  1.5142540794675774E-02, -0.0000000000000000E+00
  40,  58,  14,  1.5142540794675774E-02, -0.0000000000000000E+00
  40,  58,  15,  1.5142540794675774E-02, -0.0000000000000000E+00
  40,  58,  16,  1.5142540794675774E-02, -0.0000000000000000E+00
  40,  58,  17,  1.5142540794675774E-02, -0.0000000000000000E+00
  40,  58,  18,  1.5142540794675774E-02, -0.0000000000000000E+00
  40,  58,  19,  1.5142540794675774E-02, -0.0000000000000000E+00
  40,  58,  20,  1.5142540794675774E-02, -0.0000000000000000E+00
  40,  58,  21,  1.5142540794675774E-02, -0.0000000000000000E+00
  40,  58,  22,  1.5142540794675774E-02, -0.0000000000000000E+00
  40,  58,  23,  1.5142540794675774E-02, -0.0000000000000000E+00
  40,  58,  24,  1.5142540794675774E-02, -0.0000000000000000E+00
  40,  58,  25,  1.5142540794675774E-02, -0.0000000000000000E+00
  40,  58,  26,  1.5142540794675774E-02, -0.0000000000000000E+00
  40,  58,  27,  1.5142540794675774E-02, -0.0000000000000000E+00
  40,  58,  28,  1.5142540794675774E-02, -0.0000000000000000E+00
  40,  58,  29,  1.5142540794675774E-02, -0.0000000000000000E+00
  40,  58,  30,  1.5142540794675774E-02, -0.0000000000000000E+00
  40,  58,  31,  1.5142540794675774E-02, -0.0000000000000000E+00
  40,  58,  32,  1.5142540794675774E-02, -0.0000000000000000E+00
  40,  58,  33,  1.5142540794675774E-02, -0.0000000000000000E+00
  40,  58,  34,  1.5142540794675774E-02, -0.0000000000000000E+00
  40,  58,  35,  1.5142540794675774E-02, -0.0000000000000000E+00
  40,  58,  36,  1.5142540794675774E-02, -0.0000000000000000E+00
  40,  58,  37,  1.5142540794675774E-02, -0.0000000000000000E+00
  40,  58,  38,  1.5142540794675774E-02, -0.0000000000000000E+00
  40,  58,  39,  1.5142540794675774E-02, -0.0000000000000000E+00
  40,  58,  40,  1.5142540794675774E-02, -0.0000000000000000E+00
  40,  58,  41,  1.5142540794675774E-02, -0.0000000000000000E+00
  40,  58,  42,  1.5142540794675774E-02, -0.0000000000000000E+00
  40,  58,  43,  1.5142540794675774E-02, -0.0000000000000000E+00
  40,  58,  44,  1.5142540794675774E-02, -0.0000000000000000E+00
  40,  58,  45,  1.5142540794675774E-02, -0.0000000000000000E+00
  40,  58,  46,  1.5142540794675774E-02, -0.0000000000000000E+00
  40,  58,  47,  1.5142540794675774E-02, -0.0000000000000000E+00
  40,  58,  48,  1.5142540794675774E-02, -0.0000000000000000E+00
  40,  58,  49,  1.5142540794675774E-02, -0.0000000000000000E+00
  40,  58,  50,  1.5142540794675774E-02, -0.0000000000000000E+00
  40,  58,  51,  1.5142540794675774E-02, -0.0000000000000000E+00
  40,  58,  52,  1.5142540794675774E-02, -0.0000000000000000E+00
  40,  58,  53,  1.5142540794675774E-02, -0.0000000000000000E+00
  40,  58,  54,  1.5142540794675774E-02, -0.0000000000000000E+00
  40,  58,  55,  1.5142540794675774E-02, -0.0000000000000000E+00
  40,  58,  56,  1.5142540794675774E-02, -0.0000000000000000E+00
  40,  58,  57,  1.5142540794675774E-02,  6.6039115466778682E+01
  40,  58,  58,  1.5142540794675774E-02, -0.0000000000000000E+00
  40,  58,  59,  1.5142540794675774E-02, -6.6039115466778682E+01
  40,  58,  60,  1.5142540794675774E-02, -0.0000000000000000E+00
  40,  58,  61,  1.5142540794675774E-02, -0.0000000000000000E+00
  40,  58,  62,  1.5142540794675774E-02, -0.0000000000000000E+00
  40,  58,  63,  1.5142540794675774E-02, -0.0000000000000000E+00
  40,  58,  64,  1.5142540794675774E-02, -0.0000000000000000E+00
  40,  58,  65,  1.5142540794675774E-02, -0.0000000000000000E+00
  40,  58,  66,  1.5142540794675774E-02, -0.0000000000000000E+00
  40,  58,  67,  1.5142540794675774E-02, -0.0000000000000000E+00
  40,  58,  68,  1.5142540794675774E-02, -0.0000000000000000E+00
  40,  58,  69,  1.5142540794675774E-02, -0.0000000000000000E+00
  40,  58,  70,  1.5142540794675774E-02, -0.0000000000000000E+00
  40,  58,  71,  1.5142540794675774E-02, -0.0000000000000000E+00
  40,  58,  72,  1.5142540794675774E-02, -0.0000000000000000E+00
  40,  58,  73,  1.5142540794675774E-02, -0.0000000000000000E+00
  40,  58,  74,  1.5142540794675774E-02, -0.0000000000000000E+00
  40,  58,  75,  1.5142540794675774E-02, -0.0000000000000000E+00
  40,  58,  76,  1.5142540794675774E-02, -0.0000000000000000E+00
  40,  58,  77,  1.5142540794675774E-02, -0.0000000000000000E+00
  40,  58,  78,  1.5142540794675774E-02, -0.0000000000000000E+00
  40,  58,  79,  1.5142540794675774E-02, -0.0000000000000000E+00
  40,  58,  80,  1.5142540794675774E-02, -0.0000000000000000E+00
  40,  59,   1,  1.2732395447351628E+00, -0.0000000000000000E+00
  40,  59,   2,  1.2732395447351628E+00, -0.0000000000000000E+00
  40,  59,   3,  1.2732395447351628E+00, -0.0000000000000000E+00
  40,  59,   4,  1.2732395447351628E+00, -0.0000000000000000E+00
  40,  59,   5,  1.2732395447351628E+00, -0.0000000000000000E+00
  40,  59,   6,  1.2732395447351628E+00, -0.0000000000000000E+00
  40,  59,   7,  1.2732395447351628E+00, -0.0000000000000000E+00
  40,  59,   8,  1.2732395447351628E+00, -0.0000000000000000E+00
  40,  59,   9,  1.2732395447351628E+00, -0.0000000000000000E+00
  40,  59,  10,  1.2732395447351628E+00, -0.0000000000000000E+00
  40,  59,  11,  1.2732395447351628E+00, -0.0000000000000000E+00
  40,  59,  12,  1.2732395447351628E+00, -0.0000000000000000E+00
  40,  59,  13,  1.2732395447351628E+00, -0.0000000000000000E+00
  40,  59,  14,  1.2732395447351628E+00, -0.0000000000000000E+00
  40,  59,  15,  1.2732395447351628E+00, -0.0000000000000000E+00
  40,  59,  16,  1.2732395447351628E+00, -0.0000000000000000E+00
  40,  59,  17,  1.2732395447351628E+00, -0.0000000000000000E+00
  40,  59,  18,  1.2732395447351628E+00, -0.0000000000000000E+00
  40,  59,  19,  1.2732395447351628E+00, -0.0000000000000000E+00
  40,  59,  20,  1.2732395447351628E+00, -0.0000000000000000E+00
  40,  59,  21,  1.2732395447351628E+00, -0.0000000000000000E+00
  40,  59,  22,  1.2732395447351628E+00, -0.0000000000000000E+00
  40,  59,  23,  1.2732395447351628E+00, -0.0000000000000000E+00
  40,  59,  24,  1.2732395447351628E+00, -0.0000000000000000E+00
  40,  59,  25,  1.2732395447351628E+00, -0.0000000000000000E+00
  40,  59,  26,  1.2732395447351628E+00, -0.0000000000000000E+00
  40,  59,  27,  1.2732395447351628E+00, -0.0000000000000000E+00
  40,  59,  28,  1.2732395447351628E+00, -0.0000000000000000E+00
  40,  59,  29,  1.2732395447351628E+00, -0.0000000000000000E+00
  40,  59,  30,  1.2732395447351628E+00, -0.0000000000000000E+00
  40,  59,  31,  1.2732395447351628E+00, -0.0000000000000000E+00
  40,  59,  32,  1.2732395447351628E+00, -0.0000000000000000E+00
  40,  59,  33,  1.2732395447351628E+00, -0.0000000000000000E+00
  40,  59,  34,  1.2732395447351628E+00, -0.0000000000000000E+00
  40,  59,  35,  1.2732395447351628E+00, -0.0000000000000000E+00
  40,  59,  36,  1.2732395447351628E+00, -0.0000000000000000E+00
  40,  59,  37,  1.2732395447351628E+00, -0.0000000000000000E+00
  40,  59,  38,  1.2732395447351628E+00, -0.0000000000000000E+00
  40,  59,  39,  1.2732395447351628E+00, -0.0000000000000000E+00
  40,  59,  40,  1.2732395447351628E+00, -0.0000000000000000E+00
  40,  59,  41,  1.2732395447351628E+00, -0.0000000000000000E+00
  40,  59,  42,  1.2732395447351628E+00, -0.0000000000000000E+00
  40,  59,  43,  1.2732395447351628E+00, -0.0000000000000000E+00
  40,  59,  44,  1.2732395447351628E+00, -0.0000000000000000E+00
  40,  59,  45,  1.2732395447351628E+00, -0.0000000000000000E+00
  40,  59,  46,  1.2732395447351628E+00, -0.0000000000000000E+00
  40,  59,  47,  1.2732395447351628E+00, -0.0000000000000000E+00
  40,  59,  48,  1.2732395447351628E+00, -0.0000000000000000E+00
  40,  59,  49,  1.2732395447351628E+00, -0.0000000000000000E+00
  40,  59,  50,  1.2732395447351628E+00, -0.0000000000000000E+00
  40,  59,  51,  1.2732395447351628E+00, -0.0000000000000000E+00
  40,  59,  52,  1.2732395447351628E+00, -0.0000000000000000E+00
  40,  59,  53,  1.2732395447351628E+00, -0.0000000000000000E+00
  40,  59,  54,  1.2732395447351628E+00, -0.0000000000000000E+00
  40,  59,  55,  1.2732395447351628E+00, -0.0000000000000000E+00
  40,  59,  56,  1.2732395447351628E+00, -0.0000000000000000E+00
  40,  59,  57,  1.2732395447351628E+00, -0.0000000000000000E+00
  40,  59,  58,  1.2732395447351628E+00,  3.1423012323056532E-04
  40,  59,  59,  1.2732395447351628E+00, -2.2067840538848936E-02
  40,  59,  60,  1.2732395447351628E+00, -3.1408840748739329E-04
  40,  59,  61,  1.2732395447351628E+00, -0.0000000000000000E+00
  40,  59,  62,  1.2732395447351628E+00, -0.0000000000000000E+00
  40,  59,  63,  1.2732395447351628E+00, -0.0000000000000000E+00
  40,  59,  64,  1.2732395447351628E+00, -0.0000000000000000E+00
  40,  59,  65,  1.2732395447351628E+00, -0.0000000000000000E+00
  40,  59,  66,  1.2732395447351628E+00, -0.0000000000000000E+00
  40,  59,  67,  1.2732395447351628E+00, -0.0000000000000000E+00
  40,  59,  68,  1.2732395447351628E+00, -0.0000000000000000E+00
  40,  59,  69,  1.2732395447351628E+00, -0.0000000000000000E+00
  40,  59,  70,  1.2732395447351628E+00, -0.0000000000000000E+00
  40,  59,  71,  1.2732395447351628E+00, -0.0000000000000000E+00
  40,  59,  72,  1.2732395447351628E+00, -0.0000000000000000E+00
  40,  59,  73,  1.2732395447351628E+00, -0.0000000000000000E+00
  40,  59,  74,  1.2732395447351628E+00, -0.0000000000000000E+00
  40,  59,  75,  1.2732395447351628E+00, -0.0000000000000000E+00
  40,  59,  76,  1.2732395447351628E+00, -0.0000000000000000E+00
  40,  59,  77,  1.2732395447351628E+00, -0.0000000000000000E+00
  40,  59,  78,  1.2732395447351628E+00, -0.0000000000000000E+00
  40,  59,  79,  1.2732395447351628E+00, -0.0000000000000000E+00
  40,  59,  80,  1.2732395447351628E+00, -0.0000000000000000E+00
  40,  60,   1,  1.5142540794675774E-02, -0.0000000000000000E+00
  40,  60,   2,  1.5142540794675774E-02, -0.0000000000000000E+00
  40,  60,   3,  1.5142540794675774E-02, -0.0000000000000000E+00
  40,  60,   4,  1.5142540794675774E-02, -0.0000000000000000E+00
  40,  60,   5,  1.5142540794675774E-02, -0.0000000000000000E+00
  40,  60,   6,  1.5142540794675774E-02, -0.0000000000000000E+00
  40,  60,   7,  1.5142540794675774E-02, -0.0000000000000000E+00
  40,  60,   8,  1.5142540794675774E-02, -0.0000000000000000E+00
  40,  60,   9,  1.5142540794675774E-02, -0.0000000000000000E+00
  40,  60,  10,  1.5142540794675774E-02, -0.0000000000000000E+00
  40,  60,  11,  1.5142540794675774E-02, -0.0000000000000000E+00
  40,  60,  12,  1.5142540794675774E-02, -0.0000000000000000E+00
  40,  60,  13,  1.5142540794675774E-02, -0.0000000000000000E+00
  40,  60,  14,  1.5142540794675774E-02, -0.0000000000000000E+00
  40,  60,  15,  1.5142540794675774E-02, -0.0000000000000000E+00
  40,  60,  16,  1.5142540794675774E-02, -0.0000000000000000E+00
  40,  60,  17,  1.5142540794675774E-02, -0.0000000000000000E+00
  40,  60,  18,  1.5142540794675774E-02, -0.0000000000000000E+00
  40,  60,  19,  1.5142540794675774E-02, -0.0000000000000000E+00
  40,  60,  20,  1.5142540794675774E-02, -0.0000000000000000E+00
  40,  60,  21,  1.5142540794675774E-02, -0.0000000000000000E+00
  40,  60,  22,  1.5142540794675774E-02, -0.0000000000000000E+00
  40,  60,  23,  1.5142540794675774E-02, -0.0000000000000000E+00
  40,  60,  24,  1.5142540794675774E-02, -0.0000000000000000E+00
  40,  60,  25,  1.5142540794675774E-02, -0.0000000000000000E+00
  40,  60,  26,  1.5142540794675774E-02, -0.0000000000000000E+00
  40,  60,  27,  1.5142540794675774E-02, -0.0000000000000000E+00
  40,  60,  28,  1.5142540794675774E-02, -0.0000000000000000E+00
  40,  60,  29,  1.5142540794675774E-02, -0.0000000000000000E+00
  40,  60,  30,  1.5142540794675774E-02, -0.0000000000000000E+00
  40,  60,  31,  1.5142540794675774E-02, -0.0000000000000000E+00
  40,  60,  32,  1.5142540794675774E-02, -0.0000000000000000E+00
  40,  60,  33,  1.5142540794675774E-02, -0.0000000000000000E+00
  40,  60,  34,  1.5142540794675774E-02, -0.0000000000000000E+00
  40,  60,  35,  1.5142540794675774E-02, -0.0000000000000000E+00
  40,  60,  36,  1.5142540794675774E-02, -0.0000000000000000E+00
  40,  60,  37,  1.5142540794675774E-02, -0.0000000000000000E+00
  40,  60,  38,  1.5142540794675774E-02, -0.0000000000000000E+00
  40,  60,  39,  1.5142540794675774E-02, -0.0000000000000000E+00
  40,  60,  40,  1.5142540794675774E-02, -0.0000000000000000E+00
  40,  60,  41,  1.5142540794675774E-02, -0.0000000000000000E+00
  40,  60,  42,  1.5142540794675774E-02, -0.0000000000000000E+00
  40,  60,  43,  1.5142540794675774E-02, -0.0000000000000000E+00
  40,  60,  44,  1.5142540794675774E-02, -0.0000000000000000E+00
  40,  60,  45,  1.5142540794675774E-02, -0.0000000000000000E+00
  40,  60,  46,  1.5142540794675774E-02, -0.0000000000000000E+00
  40,  60,  47,  1.5142540794675774E-02, -0.0000000000000000E+00
  40,  60,  48,  1.5142540794675774E-02, -0.0000000000000000E+00
  40,  60,  49,  1.5142540794675774E-02, -0.0000000000000000E+00
  40,  60,  50,  1.5142540794675774E-02, -0.0000000000000000E+00
  40,  60,  51,  1.5142540794675774E-02, -0.0000000000000000E+00
  40,  60,  52,  1.5142540794675774E-02, -0.0000000000000000E+00
  40,  60,  53,  1.5142540794675774E-02, -0.0000000000000000E+00
  40,  60,  54,  1.5142540794675774E-02, -0.0000000000000000E+00
  40,  60,  55,  1.5142540794675774E-02, -0.0000000000000000E+00
  40,  60,  56,  1.5142540794675774E-02, -0.0000000000000000E+00
  40,  60,  57,  1.5142540794675774E-02, -0.0000000000000000E+00
  40,  60,  58,  1.5142540794675774E-02, -0.0000000000000000E+00
  40,  60,  59,  1.5142540794675774E-02,  6.6039115466778682E+01
  40,  60,  60,  1.5142540794675774E-02, -0.0000000000000000E+00
  40,  60,  61,  1.5142540794675774E-02, -6.6039115466778682E+01
  40,  60,  62,  1.5142540794675774E-02, -0.0000000000000000E+00
  40,  60,  63,  1.5142540794675774E-02, -0.0000000000000000E+00
  40,  60,  64,  1.5142540794675774E-02, -0.0000000000000000E+00
  40,  60,  65,  1.5142540794675774E-02, -0.0000000000000000E+00
  40,  60,  66,  1.5142540794675774E-02, -0.0000000000000000E+00
  40,  60,  67,  1.5142540794675774E-02, -0.0000000000000000E+00
  40,  60,  68,  1.5142540794675774E-02, -0.0000000000000000E+00
  40,  60,  69,  1.5142540794675774E-02, -0.0000000000000000E+00
  40,  60,  70,  1.5142540794675774E-02, -0.0000000000000000E+00
  40,  60,  71,  1.5142540794675774E-02, -0.0000000000000000E+00
  40,  60,  72,  1.5142540794675774E-02, -0.0000000000000000E+00
  40,  60,  73,  1.5142540794675774E-02, -0.0000000000000000E+00
  40,  60,  74,  1.5142540794675774E-02, -0.0000000000000000E+00
  40,  60,  75,  1.5142540794675774E-02, -0.0000000000000000E+00
  40,  60,  76,  1.5142540794675774E-02, -0.0000000000000000E+00
  40,  60,  77,  1.5142540794675774E-02, -0.0000000000000000E+00
  40,  60,  78,  1.5142540794675774E-02, -0.0000000000000000E+00
  40,  60,  79,  1.5142540794675774E-02, -0.0000000000000000E+00
  40,  60,  80,  1.5142540794675774E-02, -0.0000000000000000E+00
  40,  61,   1,  1.2732395447351628E+00, -0.0000000000000000E+00
  40,  61,   2,  1.2732395447351628E+00, -0.0000000000000000E+00
  40,  61,   3,  1.2732395447351628E+00, -0.0000000000000000E+00
  40,  61,   4,  1.2732395447351628E+00, -0.0000000000000000E+00
  40,  61,   5,  1.2732395447351628E+00, -0.0000000000000000E+00
  40,  61,   6,  1.2732395447351628E+00, -0.0000000000000000E+00
  40,  61,   7,  1.2732395447351628E+00, -0.0000000000000000E+00
  40,  61,   8,  1.2732395447351628E+00, -0.0000000000000000E+00
  40,  61,   9,  1.2732395447351628E+00, -0.0000000000000000E+00
  40,  61,  10,  1.2732395447351628E+00, -0.0000000000000000E+00
  40,  61,  11,  1.2732395447351628E+00, -0.0000000000000000E+00
  40,  61,  12,  1.2732395447351628E+00, -0.0000000000000000E+00
  40,  61,  13,  1.2732395447351628E+00, -0.0000000000000000E+00
  40,  61,  14,  1.2732395447351628E+00, -0.0000000000000000E+00
  40,  61,  15,  1.2732395447351628E+00, -0.0000000000000000E+00
  40,  61,  16,  1.2732395447351628E+00, -0.0000000000000000E+00
  40,  61,  17,  1.2732395447351628E+00, -0.0000000000000000E+00
  40,  61,  18,  1.2732395447351628E+00, -0.0000000000000000E+00
  40,  61,  19,  1.2732395447351628E+00, -0.0000000000000000E+00
  40,  61,  20,  1.2732395447351628E+00, -0.0000000000000000E+00
  40,  61,  21,  1.2732395447351628E+00, -0.0000000000000000E+00
  40,  61,  22,  1.2732395447351628E+00, -0.0000000000000000E+00
  40,  61,  23,  1.2732395447351628E+00, -0.0000000000000000E+00
  40,  61,  24,  1.2732395447351628E+00, -0.0000000000000000E+00
  40,  61,  25,  1.2732395447351628E+00, -0.0000000000000000E+00
  40,  61,  26,  1.2732395447351628E+00, -0.0000000000000000E+00
  40,  61,  27,  1.2732395447351628E+00, -0.0000000000000000E+00
  40,  61,  28,  1.2732395447351628E+00, -0.0000000000000000E+00
  40,  61,  29,  1.2732395447351628E+00, -0.0000000000000000E+00
  40,  61,  30,  1.2732395447351628E+00, -0.0000000000000000E+00
  40,  61,  31,  1.2732395447351628E+00, -0.0000000000000000E+00
  40,  61,  32,  1.2732395447351628E+00, -0.0000000000000000E+00
  40,  61,  33,  1.2732395447351628E+00, -0.0000000000000000E+00
  40,  61,  34,  1.2732395447351628E+00, -0.0000000000000000E+00
  40,  61,  35,  1.2732395447351628E+00, -0.0000000000000000E+00
  40,  61,  36,  1.2732395447351628E+00, -0.0000000000000000E+00
  40,  61,  37,  1.2732395447351628E+00, -0.0000000000000000E+00
  40,  61,  38,  1.2732395447351628E+00, -0.0000000000000000E+00
  40,  61,  39,  1.2732395447351628E+00, -0.0000000000000000E+00
  40,  61,  40,  1.2732395447351628E+00, -0.0000000000000000E+00
  40,  61,  41,  1.2732395447351628E+00, -0.0000000000000000E+00
  40,  61,  42,  1.2732395447351628E+00, -0.0000000000000000E+00
  40,  61,  43,  1.2732395447351628E+00, -0.0000000000000000E+00
  40,  61,  44,  1.2732395447351628E+00, -0.0000000000000000E+00
  40,  61,  45,  1.2732395447351628E+00, -0.0000000000000000E+00
  40,  61,  46,  1.2732395447351628E+00, -0.0000000000000000E+00
  40,  61,  47,  1.2732395447351628E+00, -0.0000000000000000E+00
  40,  61,  48,  1.2732395447351628E+00, -0.0000000000000000E+00
  40,  61,  49,  1.2732395447351628E+00, -0.0000000000000000E+00
  40,  61,  50,  1.2732395447351628E+00, -0.0000000000000000E+00
  40,  61,  51,  1.2732395447351628E+00, -0.0000000000000000E+00
  40,  61,  52,  1.2732395447351628E+00, -0.0000000000000000E+00
  40,  61,  53,  1.2732395447351628E+00, -0.0000000000000000E+00
  40,  61,  54,  1.2732395447351628E+00, -0.0000000000000000E+00
  40,  61,  55,  1.2732395447351628E+00, -0.0000000000000000E+00
  40,  61,  56,  1.2732395447351628E+00, -0.0000000000000000E+00
  40,  61,  57,  1.2732395447351628E+00, -0.0000000000000000E+00
  40,  61,  58,  1.2732395447351628E+00, -0.0000000000000000E+00
  40,  61,  59,  1.2732395447351628E+00, -0.0000000000000000E+00
  40,  61,  60,  1.2732395447351628E+00,  3.1423018721558974E-04
  40,  61,  61,  1.2732395447351628E+00, -2.2077801977599634E-02
  40,  61,  62,  1.2732395447351628E+00, -3.1408834350236893E-04
  40,  61,  63,  1.2732395447351628E+00, -0.0000000000000000E+00
  40,  61,  64,  1.2732395447351628E+00, -0.0000000000000000E+00
  40,  61,  65,  1.2732395447351628E+00, -0.0000000000000000E+00
  40,  61,  66,  1.2732395447351628E+00, -0.0000000000000000E+00
  40,  61,  67,  1.2732395447351628E+00, -0.0000000000000000E+00
  40,  61,  68,  1.2732395447351628E+00, -0.0000000000000000E+00
  40,  61,  69,  1.2732395447351628E+00, -0.0000000000000000E+00
  40,  61,  70,  1.2732395447351628E+00, -0.0000000000000000E+00
  40,  61,  71,  1.2732395447351628E+00, -0.0000000000000000E+00
  40,  61,  72,  1.2732395447351628E+00, -0.0000000000000000E+00
  40,  61,  73,  1.2732395447351628E+00, -0.0000000000000000E+00
  40,  61,  74,  1.2732395447351628E+00, -0.0000000000000000E+00
  40,  61,  75,  1.2732395447351628E+00, -0.0000000000000000E+00
  40,  61,  76,  1.2732395447351628E+00, -0.0000000000000000E+00
  40,  61,  77,  1.2732395447351628E+00, -0.0000000000000000E+00
  40,  61,  78,  1.2732395447351628E+00, -0.0000000000000000E+00
  40,  61,  79,  1.2732395447351628E+00, -0.0000000000000000E+00
  40,  61,  80,  1.2732395447351628E+00, -0.0000000000000000E+00
  40,  62,   1,  1.5142540794675774E-02, -0.0000000000000000E+00
  40,  62,   2,  1.5142540794675774E-02, -0.0000000000000000E+00
  40,  62,   3,  1.5142540794675774E-02, -0.0000000000000000E+00
  40,  62,   4,  1.5142540794675774E-02, -0.0000000000000000E+00
  40,  62,   5,  1.5142540794675774E-02, -0.0000000000000000E+00
  40,  62,   6,  1.5142540794675774E-02, -0.0000000000000000E+00
  40,  62,   7,  1.5142540794675774E-02, -0.0000000000000000E+00
  40,  62,   8,  1.5142540794675774E-02, -0.0000000000000000E+00
  40,  62,   9,  1.5142540794675774E-02, -0.0000000000000000E+00
  40,  62,  10,  1.5142540794675774E-02, -0.0000000000000000E+00
  40,  62,  11,  1.5142540794675774E-02, -0.0000000000000000E+00
  40,  62,  12,  1.5142540794675774E-02, -0.0000000000000000E+00
  40,  62,  13,  1.5142540794675774E-02, -0.0000000000000000E+00
  40,  62,  14,  1.5142540794675774E-02, -0.0000000000000000E+00
  40,  62,  15,  1.5142540794675774E-02, -0.0000000000000000E+00
  40,  62,  16,  1.5142540794675774E-02, -0.0000000000000000E+00
  40,  62,  17,  1.5142540794675774E-02, -0.0000000000000000E+00
  40,  62,  18,  1.5142540794675774E-02, -0.0000000000000000E+00
  40,  62,  19,  1.5142540794675774E-02, -0.0000000000000000E+00
  40,  62,  20,  1.5142540794675774E-02, -0.0000000000000000E+00
  40,  62,  21,  1.5142540794675774E-02, -0.0000000000000000E+00
  40,  62,  22,  1.5142540794675774E-02, -0.0000000000000000E+00
  40,  62,  23,  1.5142540794675774E-02, -0.0000000000000000E+00
  40,  62,  24,  1.5142540794675774E-02, -0.0000000000000000E+00
  40,  62,  25,  1.5142540794675774E-02, -0.0000000000000000E+00
  40,  62,  26,  1.5142540794675774E-02, -0.0000000000000000E+00
  40,  62,  27,  1.5142540794675774E-02, -0.0000000000000000E+00
  40,  62,  28,  1.5142540794675774E-02, -0.0000000000000000E+00
  40,  62,  29,  1.5142540794675774E-02, -0.0000000000000000E+00
  40,  62,  30,  1.5142540794675774E-02, -0.0000000000000000E+00
  40,  62,  31,  1.5142540794675774E-02, -0.0000000000000000E+00
  40,  62,  32,  1.5142540794675774E-02, -0.0000000000000000E+00
  40,  62,  33,  1.5142540794675774E-02, -0.0000000000000000E+00
  40,  62,  34,  1.5142540794675774E-02, -0.0000000000000000E+00
  40,  62,  35,  1.5142540794675774E-02, -0.0000000000000000E+00
  40,  62,  36,  1.5142540794675774E-02, -0.0000000000000000E+00
  40,  62,  37,  1.5142540794675774E-02, -0.0000000000000000E+00
  40,  62,  38,  1.5142540794675774E-02, -0.0000000000000000E+00
  40,  62,  39,  1.5142540794675774E-02, -0.0000000000000000E+00
  40,  62,  40,  1.5142540794675774E-02, -0.0000000000000000E+00
  40,  62,  41,  1.5142540794675774E-02, -0.0000000000000000E+00
  40,  62,  42,  1.5142540794675774E-02, -0.0000000000000000E+00
  40,  62,  43,  1.5142540794675774E-02, -0.0000000000000000E+00
  40,  62,  44,  1.5142540794675774E-02, -0.0000000000000000E+00
  40,  62,  45,  1.5142540794675774E-02, -0.0000000000000000E+00
  40,  62,  46,  1.5142540794675774E-02, -0.0000000000000000E+00
  40,  62,  47,  1.5142540794675774E-02, -0.0000000000000000E+00
  40,  62,  48,  1.5142540794675774E-02, -0.0000000000000000E+00
  40,  62,  49,  1.5142540794675774E-02, -0.0000000000000000E+00
  40,  62,  50,  1.5142540794675774E-02, -0.0000000000000000E+00
  40,  62,  51,  1.5142540794675774E-02, -0.0000000000000000E+00
  40,  62,  52,  1.5142540794675774E-02, -0.0000000000000000E+00
  40,  62,  53,  1.5142540794675774E-02, -0.0000000000000000E+00
  40,  62,  54,  1.5142540794675774E-02, -0.0000000000000000E+00
  40,  62,  55,  1.5142540794675774E-02, -0.0000000000000000E+00
  40,  62,  56,  1.5142540794675774E-02, -0.0000000000000000E+00
  40,  62,  57,  1.5142540794675774E-02, -0.0000000000000000E+00
  40,  62,  58,  1.5142540794675774E-02, -0.0000000000000000E+00
  40,  62,  59,  1.5142540794675774E-02, -0.0000000000000000E+00
  40,  62,  60,  1.5142540794675774E-02, -0.0000000000000000E+00
  40,  62,  61,  1.5142540794675774E-02,  6.6039115466778682E+01
  40,  62,  62,  1.5142540794675774E-02, -0.0000000000000000E+00
  40,  62,  63,  1.5142540794675774E-02, -6.6039115466778682E+01
  40,  62,  64,  1.5142540794675774E-02, -0.0000000000000000E+00
  40,  62,  65,  1.5142540794675774E-02, -0.0000000000000000E+00
  40,  62,  66,  1.5142540794675774E-02, -0.0000000000000000E+00
  40,  62,  67,  1.5142540794675774E-02, -0.0000000000000000E+00
  40,  62,  68,  1.5142540794675774E-02, -0.0000000000000000E+00
  40,  62,  69,  1.5142540794675774E-02, -0.0000000000000000E+00
  40,  62,  70,  1.5142540794675774E-02, -0.0000000000000000E+00
  40,  62,  71,  1.5142540794675774E-02, -0.0000000000000000E+00
  40,  62,  72,  1.5142540794675774E-02, -0.0000000000000000E+00
  40,  62,  73,  1.5142540794675774E-02, -0.0000000000000000E+00
  40,  62,  74,  1.5142540794675774E-02, -0.0000000000000000E+00
  40,  62,  75,  1.5142540794675774E-02, -0.0000000000000000E+00
  40,  62,  76,  1.5142540794675774E-02, -0.0000000000000000E+00
  40,  62,  77,  1.5142540794675774E-02, -0.0000000000000000E+00
  40,  62,  78,  1.5142540794675774E-02, -0.0000000000000000E+00
  40,  62,  79,  1.5142540794675774E-02, -0.0000000000000000E+00
  40,  62,  80,  1.5142540794675774E-02, -0.0000000000000000E+00
  40,  63,   1,  1.2732395447351628E+00, -0.0000000000000000E+00
  40,  63,   2,  1.2732395447351628E+00, -0.0000000000000000E+00
  40,  63,   3,  1.2732395447351628E+00, -0.0000000000000000E+00
  40,  63,   4,  1.2732395447351628E+00, -0.0000000000000000E+00
  40,  63,   5,  1.2732395447351628E+00, -0.0000000000000000E+00
  40,  63,   6,  1.2732395447351628E+00, -0.0000000000000000E+00
  40,  63,   7,  1.2732395447351628E+00, -0.0000000000000000E+00
  40,  63,   8,  1.2732395447351628E+00, -0.0000000000000000E+00
  40,  63,   9,  1.2732395447351628E+00, -0.0000000000000000E+00
  40,  63,  10,  1.2732395447351628E+00, -0.0000000000000000E+00
  40,  63,  11,  1.2732395447351628E+00, -0.0000000000000000E+00
  40,  63,  12,  1.2732395447351628E+00, -0.0000000000000000E+00
  40,  63,  13,  1.2732395447351628E+00, -0.0000000000000000E+00
  40,  63,  14,  1.2732395447351628E+00, -0.0000000000000000E+00
  40,  63,  15,  1.2732395447351628E+00, -0.0000000000000000E+00
  40,  63,  16,  1.2732395447351628E+00, -0.0000000000000000E+00
  40,  63,  17,  1.2732395447351628E+00, -0.0000000000000000E+00
  40,  63,  18,  1.2732395447351628E+00, -0.0000000000000000E+00
  40,  63,  19,  1.2732395447351628E+00, -0.0000000000000000E+00
  40,  63,  20,  1.2732395447351628E+00, -0.0000000000000000E+00
  40,  63,  21,  1.2732395447351628E+00, -0.0000000000000000E+00
  40,  63,  22,  1.2732395447351628E+00, -0.0000000000000000E+00
  40,  63,  23,  1.2732395447351628E+00, -0.0000000000000000E+00
  40,  63,  24,  1.2732395447351628E+00, -0.0000000000000000E+00
  40,  63,  25,  1.2732395447351628E+00, -0.0000000000000000E+00
  40,  63,  26,  1.2732395447351628E+00, -0.0000000000000000E+00
  40,  63,  27,  1.2732395447351628E+00, -0.0000000000000000E+00
  40,  63,  28,  1.2732395447351628E+00, -0.0000000000000000E+00
  40,  63,  29,  1.2732395447351628E+00, -0.0000000000000000E+00
  40,  63,  30,  1.2732395447351628E+00, -0.0000000000000000E+00
  40,  63,  31,  1.2732395447351628E+00, -0.0000000000000000E+00
  40,  63,  32,  1.2732395447351628E+00, -0.0000000000000000E+00
  40,  63,  33,  1.2732395447351628E+00, -0.0000000000000000E+00
  40,  63,  34,  1.2732395447351628E+00, -0.0000000000000000E+00
  40,  63,  35,  1.2732395447351628E+00, -0.0000000000000000E+00
  40,  63,  36,  1.2732395447351628E+00, -0.0000000000000000E+00
  40,  63,  37,  1.2732395447351628E+00, -0.0000000000000000E+00
  40,  63,  38,  1.2732395447351628E+00, -0.0000000000000000E+00
  40,  63,  39,  1.2732395447351628E+00, -0.0000000000000000E+00
  40,  63,  40,  1.2732395447351628E+00, -0.0000000000000000E+00
  40,  63,  41,  1.2732395447351628E+00, -0.0000000000000000E+00
  40,  63,  42,  1.2732395447351628E+00, -0.0000000000000000E+00
  40,  63,  43,  1.2732395447351628E+00, -0.0000000000000000E+00
  40,  63,  44,  1.2732395447351628E+00, -0.0000000000000000E+00
  40,  63,  45,  1.2732395447351628E+00, -0.0000000000000000E+00
  40,  63,  46,  1.2732395447351628E+00, -0.0000000000000000E+00
  40,  63,  47,  1.2732395447351628E+00, -0.0000000000000000E+00
  40,  63,  48,  1.2732395447351628E+00, -0.0000000000000000E+00
  40,  63,  49,  1.2732395447351628E+00, -0.0000000000000000E+00
  40,  63,  50,  1.2732395447351628E+00, -0.0000000000000000E+00
  40,  63,  51,  1.2732395447351628E+00, -0.0000000000000000E+00
  40,  63,  52,  1.2732395447351628E+00, -0.0000000000000000E+00
  40,  63,  53,  1.2732395447351628E+00, -0.0000000000000000E+00
  40,  63,  54,  1.2732395447351628E+00, -0.0000000000000000E+00
  40,  63,  55,  1.2732395447351628E+00, -0.0000000000000000E+00
  40,  63,  56,  1.2732395447351628E+00, -0.0000000000000000E+00
  40,  63,  57,  1.2732395447351628E+00, -0.0000000000000000E+00
  40,  63,  58,  1.2732395447351628E+00, -0.0000000000000000E+00
  40,  63,  59,  1.2732395447351628E+00, -0.0000000000000000E+00
  40,  63,  60,  1.2732395447351628E+00, -0.0000000000000000E+00
  40,  63,  61,  1.2732395447351628E+00, -0.0000000000000000E+00
  40,  63,  62,  1.2732395447351628E+00,  3.1423025131627620E-04
  40,  63,  63,  1.2732395447351628E+00, -2.2087776918342711E-02
  40,  63,  64,  1.2732395447351628E+00, -3.1408827940168247E-04
  40,  63,  65,  1.2732395447351628E+00, -0.0000000000000000E+00
  40,  63,  66,  1.2732395447351628E+00, -0.0000000000000000E+00
  40,  63,  67,  1.2732395447351628E+00, -0.0000000000000000E+00
  40,  63,  68,  1.2732395447351628E+00, -0.0000000000000000E+00
  40,  63,  69,  1.2732395447351628E+00, -0.0000000000000000E+00
  40,  63,  70,  1.2732395447351628E+00, -0.0000000000000000E+00
  40,  63,  71,  1.2732395447351628E+00, -0.0000000000000000E+00
  40,  63,  72,  1.2732395447351628E+00, -0.0000000000000000E+00
  40,  63,  73,  1.2732395447351628E+00, -0.0000000000000000E+00
  40,  63,  74,  1.2732395447351628E+00, -0.0000000000000000E+00
  40,  63,  75,  1.2732395447351628E+00, -0.0000000000000000E+00
  40,  63,  76,  1.2732395447351628E+00, -0.0000000000000000E+00
  40,  63,  77,  1.2732395447351628E+00, -0.0000000000000000E+00
  40,  63,  78,  1.2732395447351628E+00, -0.0000000000000000E+00
  40,  63,  79,  1.2732395447351628E+00, -0.0000000000000000E+00
  40,  63,  80,  1.2732395447351628E+00, -0.0000000000000000E+00
  40,  64,   1,  1.5142540794675774E-02, -0.0000000000000000E+00
  40,  64,   2,  1.5142540794675774E-02, -0.0000000000000000E+00
  40,  64,   3,  1.5142540794675774E-02, -0.0000000000000000E+00
  40,  64,   4,  1.5142540794675774E-02, -0.0000000000000000E+00
  40,  64,   5,  1.5142540794675774E-02, -0.0000000000000000E+00
  40,  64,   6,  1.5142540794675774E-02, -0.0000000000000000E+00
  40,  64,   7,  1.5142540794675774E-02, -0.0000000000000000E+00
  40,  64,   8,  1.5142540794675774E-02, -0.0000000000000000E+00
  40,  64,   9,  1.5142540794675774E-02, -0.0000000000000000E+00
  40,  64,  10,  1.5142540794675774E-02, -0.0000000000000000E+00
  40,  64,  11,  1.5142540794675774E-02, -0.0000000000000000E+00
  40,  64,  12,  1.5142540794675774E-02, -0.0000000000000000E+00
  40,  64,  13,  1.5142540794675774E-02, -0.0000000000000000E+00
  40,  64,  14,  1.5142540794675774E-02, -0.0000000000000000E+00
  40,  64,  15,  1.5142540794675774E-02, -0.0000000000000000E+00
  40,  64,  16,  1.5142540794675774E-02, -0.0000000000000000E+00
  40,  64,  17,  1.5142540794675774E-02, -0.0000000000000000E+00
  40,  64,  18,  1.5142540794675774E-02, -0.0000000000000000E+00
  40,  64,  19,  1.5142540794675774E-02, -0.0000000000000000E+00
  40,  64,  20,  1.5142540794675774E-02, -0.0000000000000000E+00
  40,  64,  21,  1.5142540794675774E-02, -0.0000000000000000E+00
  40,  64,  22,  1.5142540794675774E-02, -0.0000000000000000E+00
  40,  64,  23,  1.5142540794675774E-02, -0.0000000000000000E+00
  40,  64,  24,  1.5142540794675774E-02, -0.0000000000000000E+00
  40,  64,  25,  1.5142540794675774E-02, -0.0000000000000000E+00
  40,  64,  26,  1.5142540794675774E-02, -0.0000000000000000E+00
  40,  64,  27,  1.5142540794675774E-02, -0.0000000000000000E+00
  40,  64,  28,  1.5142540794675774E-02, -0.0000000000000000E+00
  40,  64,  29,  1.5142540794675774E-02, -0.0000000000000000E+00
  40,  64,  30,  1.5142540794675774E-02, -0.0000000000000000E+00
  40,  64,  31,  1.5142540794675774E-02, -0.0000000000000000E+00
  40,  64,  32,  1.5142540794675774E-02, -0.0000000000000000E+00
  40,  64,  33,  1.5142540794675774E-02, -0.0000000000000000E+00
  40,  64,  34,  1.5142540794675774E-02, -0.0000000000000000E+00
  40,  64,  35,  1.5142540794675774E-02, -0.0000000000000000E+00
  40,  64,  36,  1.5142540794675774E-02, -0.0000000000000000E+00
  40,  64,  37,  1.5142540794675774E-02, -0.0000000000000000E+00
  40,  64,  38,  1.5142540794675774E-02, -0.0000000000000000E+00
  40,  64,  39,  1.5142540794675774E-02, -0.0000000000000000E+00
  40,  64,  40,  1.5142540794675774E-02, -0.0000000000000000E+00
  40,  64,  41,  1.5142540794675774E-02, -0.0000000000000000E+00
  40,  64,  42,  1.5142540794675774E-02, -0.0000000000000000E+00
  40,  64,  43,  1.5142540794675774E-02, -0.0000000000000000E+00
  40,  64,  44,  1.5142540794675774E-02, -0.0000000000000000E+00
  40,  64,  45,  1.5142540794675774E-02, -0.0000000000000000E+00
  40,  64,  46,  1.5142540794675774E-02, -0.0000000000000000E+00
  40,  64,  47,  1.5142540794675774E-02, -0.0000000000000000E+00
  40,  64,  48,  1.5142540794675774E-02, -0.0000000000000000E+00
  40,  64,  49,  1.5142540794675774E-02, -0.0000000000000000E+00
  40,  64,  50,  1.5142540794675774E-02, -0.0000000000000000E+00
  40,  64,  51,  1.5142540794675774E-02, -0.0000000000000000E+00
  40,  64,  52,  1.5142540794675774E-02, -0.0000000000000000E+00
  40,  64,  53,  1.5142540794675774E-02, -0.0000000000000000E+00
  40,  64,  54,  1.5142540794675774E-02, -0.0000000000000000E+00
  40,  64,  55,  1.5142540794675774E-02, -0.0000000000000000E+00
  40,  64,  56,  1.5142540794675774E-02, -0.0000000000000000E+00
  40,  64,  57,  1.5142540794675774E-02, -0.0000000000000000E+00
  40,  64,  58,  1.5142540794675774E-02, -0.0000000000000000E+00
  40,  64,  59,  1.5142540794675774E-02, -0.0000000000000000E+00
  40,  64,  60,  1.5142540794675774E-02, -0.0000000000000000E+00
  40,  64,  61,  1.5142540794675774E-02, -0.0000000000000000E+00
  40,  64,  62,  1.5142540794675774E-02, -0.0000000000000000E+00
  40,  64,  63,  1.5142540794675774E-02,  6.6039115466778682E+01
  40,  64,  64,  1.5142540794675774E-02, -0.0000000000000000E+00
  40,  64,  65,  1.5142540794675774E-02, -6.6039115466778682E+01
  40,  64,  66,  1.5142540794675774E-02, -0.0000000000000000E+00
  40,  64,  67,  1.5142540794675774E-02, -0.0000000000000000E+00
  40,  64,  68,  1.5142540794675774E-02, -0.0000000000000000E+00
  40,  64,  69,  1.5142540794675774E-02, -0.0000000000000000E+00
  40,  64,  70,  1.5142540794675774E-02, -0.0000000000000000E+00
  40,  64,  71,  1.5142540794675774E-02, -0.0000000000000000E+00
  40,  64,  72,  1.5142540794675774E-02, -0.0000000000000000E+00
  40,  64,  73,  1.5142540794675774E-02, -0.0000000000000000E+00
  40,  64,  74,  1.5142540794675774E-02, -0.0000000000000000E+00
  40,  64,  75,  1.5142540794675774E-02, -0.0000000000000000E+00
  40,  64,  76,  1.5142540794675774E-02, -0.0000000000000000E+00
  40,  64,  77,  1.5142540794675774E-02, -0.0000000000000000E+00
  40,  64,  78,  1.5142540794675774E-02, -0.0000000000000000E+00
  40,  64,  79,  1.5142540794675774E-02, -0.0000000000000000E+00
  40,  64,  80,  1.5142540794675774E-02, -0.0000000000000000E+00
  40,  65,   1,  1.2732395447351628E+00, -0.0000000000000000E+00
  40,  65,   2,  1.2732395447351628E+00, -0.0000000000000000E+00
  40,  65,   3,  1.2732395447351628E+00, -0.0000000000000000E+00
  40,  65,   4,  1.2732395447351628E+00, -0.0000000000000000E+00
  40,  65,   5,  1.2732395447351628E+00, -0.0000000000000000E+00
  40,  65,   6,  1.2732395447351628E+00, -0.0000000000000000E+00
  40,  65,   7,  1.2732395447351628E+00, -0.0000000000000000E+00
  40,  65,   8,  1.2732395447351628E+00, -0.0000000000000000E+00
  40,  65,   9,  1.2732395447351628E+00, -0.0000000000000000E+00
  40,  65,  10,  1.2732395447351628E+00, -0.0000000000000000E+00
  40,  65,  11,  1.2732395447351628E+00, -0.0000000000000000E+00
  40,  65,  12,  1.2732395447351628E+00, -0.0000000000000000E+00
  40,  65,  13,  1.2732395447351628E+00, -0.0000000000000000E+00
  40,  65,  14,  1.2732395447351628E+00, -0.0000000000000000E+00
  40,  65,  15,  1.2732395447351628E+00, -0.0000000000000000E+00
  40,  65,  16,  1.2732395447351628E+00, -0.0000000000000000E+00
  40,  65,  17,  1.2732395447351628E+00, -0.0000000000000000E+00
  40,  65,  18,  1.2732395447351628E+00, -0.0000000000000000E+00
  40,  65,  19,  1.2732395447351628E+00, -0.0000000000000000E+00
  40,  65,  20,  1.2732395447351628E+00, -0.0000000000000000E+00
  40,  65,  21,  1.2732395447351628E+00, -0.0000000000000000E+00
  40,  65,  22,  1.2732395447351628E+00, -0.0000000000000000E+00
  40,  65,  23,  1.2732395447351628E+00, -0.0000000000000000E+00
  40,  65,  24,  1.2732395447351628E+00, -0.0000000000000000E+00
  40,  65,  25,  1.2732395447351628E+00, -0.0000000000000000E+00
  40,  65,  26,  1.2732395447351628E+00, -0.0000000000000000E+00
  40,  65,  27,  1.2732395447351628E+00, -0.0000000000000000E+00
  40,  65,  28,  1.2732395447351628E+00, -0.0000000000000000E+00
  40,  65,  29,  1.2732395447351628E+00, -0.0000000000000000E+00
  40,  65,  30,  1.2732395447351628E+00, -0.0000000000000000E+00
  40,  65,  31,  1.2732395447351628E+00, -0.0000000000000000E+00
  40,  65,  32,  1.2732395447351628E+00, -0.0000000000000000E+00
  40,  65,  33,  1.2732395447351628E+00, -0.0000000000000000E+00
  40,  65,  34,  1.2732395447351628E+00, -0.0000000000000000E+00
  40,  65,  35,  1.2732395447351628E+00, -0.0000000000000000E+00
  40,  65,  36,  1.2732395447351628E+00, -0.0000000000000000E+00
  40,  65,  37,  1.2732395447351628E+00, -0.0000000000000000E+00
  40,  65,  38,  1.2732395447351628E+00, -0.0000000000000000E+00
  40,  65,  39,  1.2732395447351628E+00, -0.0000000000000000E+00
  40,  65,  40,  1.2732395447351628E+00, -0.0000000000000000E+00
  40,  65,  41,  1.2732395447351628E+00, -0.0000000000000000E+00
  40,  65,  42,  1.2732395447351628E+00, -0.0000000000000000E+00
  40,  65,  43,  1.2732395447351628E+00, -0.0000000000000000E+00
  40,  65,  44,  1.2732395447351628E+00, -0.0000000000000000E+00
  40,  65,  45,  1.2732395447351628E+00, -0.0000000000000000E+00
  40,  65,  46,  1.2732395447351628E+00, -0.0000000000000000E+00
  40,  65,  47,  1.2732395447351628E+00, -0.0000000000000000E+00
  40,  65,  48,  1.2732395447351628E+00, -0.0000000000000000E+00
  40,  65,  49,  1.2732395447351628E+00, -0.0000000000000000E+00
  40,  65,  50,  1.2732395447351628E+00, -0.0000000000000000E+00
  40,  65,  51,  1.2732395447351628E+00, -0.0000000000000000E+00
  40,  65,  52,  1.2732395447351628E+00, -0.0000000000000000E+00
  40,  65,  53,  1.2732395447351628E+00, -0.0000000000000000E+00
  40,  65,  54,  1.2732395447351628E+00, -0.0000000000000000E+00
  40,  65,  55,  1.2732395447351628E+00, -0.0000000000000000E+00
  40,  65,  56,  1.2732395447351628E+00, -0.0000000000000000E+00
  40,  65,  57,  1.2732395447351628E+00, -0.0000000000000000E+00
  40,  65,  58,  1.2732395447351628E+00, -0.0000000000000000E+00
  40,  65,  59,  1.2732395447351628E+00, -0.0000000000000000E+00
  40,  65,  60,  1.2732395447351628E+00, -0.0000000000000000E+00
  40,  65,  61,  1.2732395447351628E+00, -0.0000000000000000E+00
  40,  65,  62,  1.2732395447351628E+00, -0.0000000000000000E+00
  40,  65,  63,  1.2732395447351628E+00, -0.0000000000000000E+00
  40,  65,  64,  1.2732395447351628E+00,  3.1423031553293857E-04
  40,  65,  65,  1.2732395447351628E+00, -2.2097765391607307E-02
  40,  65,  66,  1.2732395447351628E+00, -3.1408821518502005E-04
  40,  65,  67,  1.2732395447351628E+00, -0.0000000000000000E+00
  40,  65,  68,  1.2732395447351628E+00, -0.0000000000000000E+00
  40,  65,  69,  1.2732395447351628E+00, -0.0000000000000000E+00
  40,  65,  70,  1.2732395447351628E+00, -0.0000000000000000E+00
  40,  65,  71,  1.2732395447351628E+00, -0.0000000000000000E+00
  40,  65,  72,  1.2732395447351628E+00, -0.0000000000000000E+00
  40,  65,  73,  1.2732395447351628E+00, -0.0000000000000000E+00
  40,  65,  74,  1.2732395447351628E+00, -0.0000000000000000E+00
  40,  65,  75,  1.2732395447351628E+00, -0.0000000000000000E+00
  40,  65,  76,  1.2732395447351628E+00, -0.0000000000000000E+00
  40,  65,  77,  1.2732395447351628E+00, -0.0000000000000000E+00
  40,  65,  78,  1.2732395447351628E+00, -0.0000000000000000E+00
  40,  65,  79,  1.2732395447351628E+00, -0.0000000000000000E+00
  40,  65,  80,  1.2732395447351628E+00, -0.0000000000000000E+00
  40,  66,   1,  1.5142540794675774E-02, -0.0000000000000000E+00
  40,  66,   2,  1.5142540794675774E-02, -0.0000000000000000E+00
  40,  66,   3,  1.5142540794675774E-02, -0.0000000000000000E+00
  40,  66,   4,  1.5142540794675774E-02, -0.0000000000000000E+00
  40,  66,   5,  1.5142540794675774E-02, -0.0000000000000000E+00
  40,  66,   6,  1.5142540794675774E-02, -0.0000000000000000E+00
  40,  66,   7,  1.5142540794675774E-02, -0.0000000000000000E+00
  40,  66,   8,  1.5142540794675774E-02, -0.0000000000000000E+00
  40,  66,   9,  1.5142540794675774E-02, -0.0000000000000000E+00
  40,  66,  10,  1.5142540794675774E-02, -0.0000000000000000E+00
  40,  66,  11,  1.5142540794675774E-02, -0.0000000000000000E+00
  40,  66,  12,  1.5142540794675774E-02, -0.0000000000000000E+00
  40,  66,  13,  1.5142540794675774E-02, -0.0000000000000000E+00
  40,  66,  14,  1.5142540794675774E-02, -0.0000000000000000E+00
  40,  66,  15,  1.5142540794675774E-02, -0.0000000000000000E+00
  40,  66,  16,  1.5142540794675774E-02, -0.0000000000000000E+00
  40,  66,  17,  1.5142540794675774E-02, -0.0000000000000000E+00
  40,  66,  18,  1.5142540794675774E-02, -0.0000000000000000E+00
  40,  66,  19,  1.5142540794675774E-02, -0.0000000000000000E+00
  40,  66,  20,  1.5142540794675774E-02, -0.0000000000000000E+00
  40,  66,  21,  1.5142540794675774E-02, -0.0000000000000000E+00
  40,  66,  22,  1.5142540794675774E-02, -0.0000000000000000E+00
  40,  66,  23,  1.5142540794675774E-02, -0.0000000000000000E+00
  40,  66,  24,  1.5142540794675774E-02, -0.0000000000000000E+00
  40,  66,  25,  1.5142540794675774E-02, -0.0000000000000000E+00
  40,  66,  26,  1.5142540794675774E-02, -0.0000000000000000E+00
  40,  66,  27,  1.5142540794675774E-02, -0.0000000000000000E+00
  40,  66,  28,  1.5142540794675774E-02, -0.0000000000000000E+00
  40,  66,  29,  1.5142540794675774E-02, -0.0000000000000000E+00
  40,  66,  30,  1.5142540794675774E-02, -0.0000000000000000E+00
  40,  66,  31,  1.5142540794675774E-02, -0.0000000000000000E+00
  40,  66,  32,  1.5142540794675774E-02, -0.0000000000000000E+00
  40,  66,  33,  1.5142540794675774E-02, -0.0000000000000000E+00
  40,  66,  34,  1.5142540794675774E-02, -0.0000000000000000E+00
  40,  66,  35,  1.5142540794675774E-02, -0.0000000000000000E+00
  40,  66,  36,  1.5142540794675774E-02, -0.0000000000000000E+00
  40,  66,  37,  1.5142540794675774E-02, -0.0000000000000000E+00
  40,  66,  38,  1.5142540794675774E-02, -0.0000000000000000E+00
  40,  66,  39,  1.5142540794675774E-02, -0.0000000000000000E+00
  40,  66,  40,  1.5142540794675774E-02, -0.0000000000000000E+00
  40,  66,  41,  1.5142540794675774E-02, -0.0000000000000000E+00
  40,  66,  42,  1.5142540794675774E-02, -0.0000000000000000E+00
  40,  66,  43,  1.5142540794675774E-02, -0.0000000000000000E+00
  40,  66,  44,  1.5142540794675774E-02, -0.0000000000000000E+00
  40,  66,  45,  1.5142540794675774E-02, -0.0000000000000000E+00
  40,  66,  46,  1.5142540794675774E-02, -0.0000000000000000E+00
  40,  66,  47,  1.5142540794675774E-02, -0.0000000000000000E+00
  40,  66,  48,  1.5142540794675774E-02, -0.0000000000000000E+00
  40,  66,  49,  1.5142540794675774E-02, -0.0000000000000000E+00
  40,  66,  50,  1.5142540794675774E-02, -0.0000000000000000E+00
  40,  66,  51,  1.5142540794675774E-02, -0.0000000000000000E+00
  40,  66,  52,  1.5142540794675774E-02, -0.0000000000000000E+00
  40,  66,  53,  1.5142540794675774E-02, -0.0000000000000000E+00
  40,  66,  54,  1.5142540794675774E-02, -0.0000000000000000E+00
  40,  66,  55,  1.5142540794675774E-02, -0.0000000000000000E+00
  40,  66,  56,  1.5142540794675774E-02, -0.0000000000000000E+00
  40,  66,  57,  1.5142540794675774E-02, -0.0000000000000000E+00
  40,  66,  58,  1.5142540794675774E-02, -0.0000000000000000E+00
  40,  66,  59,  1.5142540794675774E-02, -0.0000000000000000E+00
  40,  66,  60,  1.5142540794675774E-02, -0.0000000000000000E+00
  40,  66,  61,  1.5142540794675774E-02, -0.0000000000000000E+00
  40,  66,  62,  1.5142540794675774E-02, -0.0000000000000000E+00
  40,  66,  63,  1.5142540794675774E-02, -0.0000000000000000E+00
  40,  66,  64,  1.5142540794675774E-02, -0.0000000000000000E+00
  40,  66,  65,  1.5142540794675774E-02,  6.6039115466778682E+01
  40,  66,  66,  1.5142540794675774E-02, -0.0000000000000000E+00
  40,  66,  67,  1.5142540794675774E-02, -6.6039115466778682E+01
  40,  66,  68,  1.5142540794675774E-02, -0.0000000000000000E+00
  40,  66,  69,  1.5142540794675774E-02, -0.0000000000000000E+00
  40,  66,  70,  1.5142540794675774E-02, -0.0000000000000000E+00
  40,  66,  71,  1.5142540794675774E-02, -0.0000000000000000E+00
  40,  66,  72,  1.5142540794675774E-02, -0.0000000000000000E+00
  40,  66,  73,  1.5142540794675774E-02, -0.0000000000000000E+00
  40,  66,  74,  1.5142540794675774E-02, -0.0000000000000000E+00
  40,  66,  75,  1.5142540794675774E-02, -0.0000000000000000E+00
  40,  66,  76,  1.5142540794675774E-02, -0.0000000000000000E+00
  40,  66,  77,  1.5142540794675774E-02, -0.0000000000000000E+00
  40,  66,  78,  1.5142540794675774E-02, -0.0000000000000000E+00
  40,  66,  79,  1.5142540794675774E-02, -0.0000000000000000E+00
  40,  66,  80,  1.5142540794675774E-02, -0.0000000000000000E+00
  40,  67,   1,  1.2732395447351628E+00, -0.0000000000000000E+00
  40,  67,   2,  1.2732395447351628E+00, -0.0000000000000000E+00
  40,  67,   3,  1.2732395447351628E+00, -0.0000000000000000E+00
  40,  67,   4,  1.2732395447351628E+00, -0.0000000000000000E+00
  40,  67,   5,  1.2732395447351628E+00, -0.0000000000000000E+00
  40,  67,   6,  1.2732395447351628E+00, -0.0000000000000000E+00
  40,  67,   7,  1.2732395447351628E+00, -0.0000000000000000E+00
  40,  67,   8,  1.2732395447351628E+00, -0.0000000000000000E+00
  40,  67,   9,  1.2732395447351628E+00, -0.0000000000000000E+00
  40,  67,  10,  1.2732395447351628E+00, -0.0000000000000000E+00
  40,  67,  11,  1.2732395447351628E+00, -0.0000000000000000E+00
  40,  67,  12,  1.2732395447351628E+00, -0.0000000000000000E+00
  40,  67,  13,  1.2732395447351628E+00, -0.0000000000000000E+00
  40,  67,  14,  1.2732395447351628E+00, -0.0000000000000000E+00
  40,  67,  15,  1.2732395447351628E+00, -0.0000000000000000E+00
  40,  67,  16,  1.2732395447351628E+00, -0.0000000000000000E+00
  40,  67,  17,  1.2732395447351628E+00, -0.0000000000000000E+00
  40,  67,  18,  1.2732395447351628E+00, -0.0000000000000000E+00
  40,  67,  19,  1.2732395447351628E+00, -0.0000000000000000E+00
  40,  67,  20,  1.2732395447351628E+00, -0.0000000000000000E+00
  40,  67,  21,  1.2732395447351628E+00, -0.0000000000000000E+00
  40,  67,  22,  1.2732395447351628E+00, -0.0000000000000000E+00
  40,  67,  23,  1.2732395447351628E+00, -0.0000000000000000E+00
  40,  67,  24,  1.2732395447351628E+00, -0.0000000000000000E+00
  40,  67,  25,  1.2732395447351628E+00, -0.0000000000000000E+00
  40,  67,  26,  1.2732395447351628E+00, -0.0000000000000000E+00
  40,  67,  27,  1.2732395447351628E+00, -0.0000000000000000E+00
  40,  67,  28,  1.2732395447351628E+00, -0.0000000000000000E+00
  40,  67,  29,  1.2732395447351628E+00, -0.0000000000000000E+00
  40,  67,  30,  1.2732395447351628E+00, -0.0000000000000000E+00
  40,  67,  31,  1.2732395447351628E+00, -0.0000000000000000E+00
  40,  67,  32,  1.2732395447351628E+00, -0.0000000000000000E+00
  40,  67,  33,  1.2732395447351628E+00, -0.0000000000000000E+00
  40,  67,  34,  1.2732395447351628E+00, -0.0000000000000000E+00
  40,  67,  35,  1.2732395447351628E+00, -0.0000000000000000E+00
  40,  67,  36,  1.2732395447351628E+00, -0.0000000000000000E+00
  40,  67,  37,  1.2732395447351628E+00, -0.0000000000000000E+00
  40,  67,  38,  1.2732395447351628E+00, -0.0000000000000000E+00
  40,  67,  39,  1.2732395447351628E+00, -0.0000000000000000E+00
  40,  67,  40,  1.2732395447351628E+00, -0.0000000000000000E+00
  40,  67,  41,  1.2732395447351628E+00, -0.0000000000000000E+00
  40,  67,  42,  1.2732395447351628E+00, -0.0000000000000000E+00
  40,  67,  43,  1.2732395447351628E+00, -0.0000000000000000E+00
  40,  67,  44,  1.2732395447351628E+00, -0.0000000000000000E+00
  40,  67,  45,  1.2732395447351628E+00, -0.0000000000000000E+00
  40,  67,  46,  1.2732395447351628E+00, -0.0000000000000000E+00
  40,  67,  47,  1.2732395447351628E+00, -0.0000000000000000E+00
  40,  67,  48,  1.2732395447351628E+00, -0.0000000000000000E+00
  40,  67,  49,  1.2732395447351628E+00, -0.0000000000000000E+00
  40,  67,  50,  1.2732395447351628E+00, -0.0000000000000000E+00
  40,  67,  51,  1.2732395447351628E+00, -0.0000000000000000E+00
  40,  67,  52,  1.2732395447351628E+00, -0.0000000000000000E+00
  40,  67,  53,  1.2732395447351628E+00, -0.0000000000000000E+00
  40,  67,  54,  1.2732395447351628E+00, -0.0000000000000000E+00
  40,  67,  55,  1.2732395447351628E+00, -0.0000000000000000E+00
  40,  67,  56,  1.2732395447351628E+00, -0.0000000000000000E+00
  40,  67,  57,  1.2732395447351628E+00, -0.0000000000000000E+00
  40,  67,  58,  1.2732395447351628E+00, -0.0000000000000000E+00
  40,  67,  59,  1.2732395447351628E+00, -0.0000000000000000E+00
  40,  67,  60,  1.2732395447351628E+00, -0.0000000000000000E+00
  40,  67,  61,  1.2732395447351628E+00, -0.0000000000000000E+00
  40,  67,  62,  1.2732395447351628E+00, -0.0000000000000000E+00
  40,  67,  63,  1.2732395447351628E+00, -0.0000000000000000E+00
  40,  67,  64,  1.2732395447351628E+00, -0.0000000000000000E+00
  40,  67,  65,  1.2732395447351628E+00, -0.0000000000000000E+00
  40,  67,  66,  1.2732395447351628E+00,  3.1423037986589198E-04
  40,  67,  67,  1.2732395447351628E+00, -2.2107767428019346E-02
  40,  67,  68,  1.2732395447351628E+00, -3.1408815085206664E-04
  40,  67,  69,  1.2732395447351628E+00, -0.0000000000000000E+00
  40,  67,  70,  1.2732395447351628E+00, -0.0000000000000000E+00
  40,  67,  71,  1.2732395447351628E+00, -0.0000000000000000E+00
  40,  67,  72,  1.2732395447351628E+00, -0.0000000000000000E+00
  40,  67,  73,  1.2732395447351628E+00, -0.0000000000000000E+00
  40,  67,  74,  1.2732395447351628E+00, -0.0000000000000000E+00
  40,  67,  75,  1.2732395447351628E+00, -0.0000000000000000E+00
  40,  67,  76,  1.2732395447351628E+00, -0.0000000000000000E+00
  40,  67,  77,  1.2732395447351628E+00, -0.0000000000000000E+00
  40,  67,  78,  1.2732395447351628E+00, -0.0000000000000000E+00
  40,  67,  79,  1.2732395447351628E+00, -0.0000000000000000E+00
  40,  67,  80,  1.2732395447351628E+00, -0.0000000000000000E+00
  40,  68,   1,  1.5142540794675774E-02, -0.0000000000000000E+00
  40,  68,   2,  1.5142540794675774E-02, -0.0000000000000000E+00
  40,  68,   3,  1.5142540794675774E-02, -0.0000000000000000E+00
  40,  68,   4,  1.5142540794675774E-02, -0.0000000000000000E+00
  40,  68,   5,  1.5142540794675774E-02, -0.0000000000000000E+00
  40,  68,   6,  1.5142540794675774E-02, -0.0000000000000000E+00
  40,  68,   7,  1.5142540794675774E-02, -0.0000000000000000E+00
  40,  68,   8,  1.5142540794675774E-02, -0.0000000000000000E+00
  40,  68,   9,  1.5142540794675774E-02, -0.0000000000000000E+00
  40,  68,  10,  1.5142540794675774E-02, -0.0000000000000000E+00
  40,  68,  11,  1.5142540794675774E-02, -0.0000000000000000E+00
  40,  68,  12,  1.5142540794675774E-02, -0.0000000000000000E+00
  40,  68,  13,  1.5142540794675774E-02, -0.0000000000000000E+00
  40,  68,  14,  1.5142540794675774E-02, -0.0000000000000000E+00
  40,  68,  15,  1.5142540794675774E-02, -0.0000000000000000E+00
  40,  68,  16,  1.5142540794675774E-02, -0.0000000000000000E+00
  40,  68,  17,  1.5142540794675774E-02, -0.0000000000000000E+00
  40,  68,  18,  1.5142540794675774E-02, -0.0000000000000000E+00
  40,  68,  19,  1.5142540794675774E-02, -0.0000000000000000E+00
  40,  68,  20,  1.5142540794675774E-02, -0.0000000000000000E+00
  40,  68,  21,  1.5142540794675774E-02, -0.0000000000000000E+00
  40,  68,  22,  1.5142540794675774E-02, -0.0000000000000000E+00
  40,  68,  23,  1.5142540794675774E-02, -0.0000000000000000E+00
  40,  68,  24,  1.5142540794675774E-02, -0.0000000000000000E+00
  40,  68,  25,  1.5142540794675774E-02, -0.0000000000000000E+00
  40,  68,  26,  1.5142540794675774E-02, -0.0000000000000000E+00
  40,  68,  27,  1.5142540794675774E-02, -0.0000000000000000E+00
  40,  68,  28,  1.5142540794675774E-02, -0.0000000000000000E+00
  40,  68,  29,  1.5142540794675774E-02, -0.0000000000000000E+00
  40,  68,  30,  1.5142540794675774E-02, -0.0000000000000000E+00
  40,  68,  31,  1.5142540794675774E-02, -0.0000000000000000E+00
  40,  68,  32,  1.5142540794675774E-02, -0.0000000000000000E+00
  40,  68,  33,  1.5142540794675774E-02, -0.0000000000000000E+00
  40,  68,  34,  1.5142540794675774E-02, -0.0000000000000000E+00
  40,  68,  35,  1.5142540794675774E-02, -0.0000000000000000E+00
  40,  68,  36,  1.5142540794675774E-02, -0.0000000000000000E+00
  40,  68,  37,  1.5142540794675774E-02, -0.0000000000000000E+00
  40,  68,  38,  1.5142540794675774E-02, -0.0000000000000000E+00
  40,  68,  39,  1.5142540794675774E-02, -0.0000000000000000E+00
  40,  68,  40,  1.5142540794675774E-02, -0.0000000000000000E+00
  40,  68,  41,  1.5142540794675774E-02, -0.0000000000000000E+00
  40,  68,  42,  1.5142540794675774E-02, -0.0000000000000000E+00
  40,  68,  43,  1.5142540794675774E-02, -0.0000000000000000E+00
  40,  68,  44,  1.5142540794675774E-02, -0.0000000000000000E+00
  40,  68,  45,  1.5142540794675774E-02, -0.0000000000000000E+00
  40,  68,  46,  1.5142540794675774E-02, -0.0000000000000000E+00
  40,  68,  47,  1.5142540794675774E-02, -0.0000000000000000E+00
  40,  68,  48,  1.5142540794675774E-02, -0.0000000000000000E+00
  40,  68,  49,  1.5142540794675774E-02, -0.0000000000000000E+00
  40,  68,  50,  1.5142540794675774E-02, -0.0000000000000000E+00
  40,  68,  51,  1.5142540794675774E-02, -0.0000000000000000E+00
  40,  68,  52,  1.5142540794675774E-02, -0.0000000000000000E+00
  40,  68,  53,  1.5142540794675774E-02, -0.0000000000000000E+00
  40,  68,  54,  1.5142540794675774E-02, -0.0000000000000000E+00
  40,  68,  55,  1.5142540794675774E-02, -0.0000000000000000E+00
  40,  68,  56,  1.5142540794675774E-02, -0.0000000000000000E+00
  40,  68,  57,  1.5142540794675774E-02, -0.0000000000000000E+00
  40,  68,  58,  1.5142540794675774E-02, -0.0000000000000000E+00
  40,  68,  59,  1.5142540794675774E-02, -0.0000000000000000E+00
  40,  68,  60,  1.5142540794675774E-02, -0.0000000000000000E+00
  40,  68,  61,  1.5142540794675774E-02, -0.0000000000000000E+00
  40,  68,  62,  1.5142540794675774E-02, -0.0000000000000000E+00
  40,  68,  63,  1.5142540794675774E-02, -0.0000000000000000E+00
  40,  68,  64,  1.5142540794675774E-02, -0.0000000000000000E+00
  40,  68,  65,  1.5142540794675774E-02, -0.0000000000000000E+00
  40,  68,  66,  1.5142540794675774E-02, -0.0000000000000000E+00
  40,  68,  67,  1.5142540794675774E-02,  6.6039115466778682E+01
  40,  68,  68,  1.5142540794675774E-02, -0.0000000000000000E+00
  40,  68,  69,  1.5142540794675774E-02, -6.6039115466778682E+01
  40,  68,  70,  1.5142540794675774E-02, -0.0000000000000000E+00
  40,  68,  71,  1.5142540794675774E-02, -0.0000000000000000E+00
  40,  68,  72,  1.5142540794675774E-02, -0.0000000000000000E+00
  40,  68,  73,  1.5142540794675774E-02, -0.0000000000000000E+00
  40,  68,  74,  1.5142540794675774E-02, -0.0000000000000000E+00
  40,  68,  75,  1.5142540794675774E-02, -0.0000000000000000E+00
  40,  68,  76,  1.5142540794675774E-02, -0.0000000000000000E+00
  40,  68,  77,  1.5142540794675774E-02, -0.0000000000000000E+00
  40,  68,  78,  1.5142540794675774E-02, -0.0000000000000000E+00
  40,  68,  79,  1.5142540794675774E-02, -0.0000000000000000E+00
  40,  68,  80,  1.5142540794675774E-02, -0.0000000000000000E+00
  40,  69,   1,  1.2732395447351628E+00, -0.0000000000000000E+00
  40,  69,   2,  1.2732395447351628E+00, -0.0000000000000000E+00
  40,  69,   3,  1.2732395447351628E+00, -0.0000000000000000E+00
  40,  69,   4,  1.2732395447351628E+00, -0.0000000000000000E+00
  40,  69,   5,  1.2732395447351628E+00, -0.0000000000000000E+00
  40,  69,   6,  1.2732395447351628E+00, -0.0000000000000000E+00
  40,  69,   7,  1.2732395447351628E+00, -0.0000000000000000E+00
  40,  69,   8,  1.2732395447351628E+00, -0.0000000000000000E+00
  40,  69,   9,  1.2732395447351628E+00, -0.0000000000000000E+00
  40,  69,  10,  1.2732395447351628E+00, -0.0000000000000000E+00
  40,  69,  11,  1.2732395447351628E+00, -0.0000000000000000E+00
  40,  69,  12,  1.2732395447351628E+00, -0.0000000000000000E+00
  40,  69,  13,  1.2732395447351628E+00, -0.0000000000000000E+00
  40,  69,  14,  1.2732395447351628E+00, -0.0000000000000000E+00
  40,  69,  15,  1.2732395447351628E+00, -0.0000000000000000E+00
  40,  69,  16,  1.2732395447351628E+00, -0.0000000000000000E+00
  40,  69,  17,  1.2732395447351628E+00, -0.0000000000000000E+00
  40,  69,  18,  1.2732395447351628E+00, -0.0000000000000000E+00
  40,  69,  19,  1.2732395447351628E+00, -0.0000000000000000E+00
  40,  69,  20,  1.2732395447351628E+00, -0.0000000000000000E+00
  40,  69,  21,  1.2732395447351628E+00, -0.0000000000000000E+00
  40,  69,  22,  1.2732395447351628E+00, -0.0000000000000000E+00
  40,  69,  23,  1.2732395447351628E+00, -0.0000000000000000E+00
  40,  69,  24,  1.2732395447351628E+00, -0.0000000000000000E+00
  40,  69,  25,  1.2732395447351628E+00, -0.0000000000000000E+00
  40,  69,  26,  1.2732395447351628E+00, -0.0000000000000000E+00
  40,  69,  27,  1.2732395447351628E+00, -0.0000000000000000E+00
  40,  69,  28,  1.2732395447351628E+00, -0.0000000000000000E+00
  40,  69,  29,  1.2732395447351628E+00, -0.0000000000000000E+00
  40,  69,  30,  1.2732395447351628E+00, -0.0000000000000000E+00
  40,  69,  31,  1.2732395447351628E+00, -0.0000000000000000E+00
  40,  69,  32,  1.2732395447351628E+00, -0.0000000000000000E+00
  40,  69,  33,  1.2732395447351628E+00, -0.0000000000000000E+00
  40,  69,  34,  1.2732395447351628E+00, -0.0000000000000000E+00
  40,  69,  35,  1.2732395447351628E+00, -0.0000000000000000E+00
  40,  69,  36,  1.2732395447351628E+00, -0.0000000000000000E+00
  40,  69,  37,  1.2732395447351628E+00, -0.0000000000000000E+00
  40,  69,  38,  1.2732395447351628E+00, -0.0000000000000000E+00
  40,  69,  39,  1.2732395447351628E+00, -0.0000000000000000E+00
  40,  69,  40,  1.2732395447351628E+00, -0.0000000000000000E+00
  40,  69,  41,  1.2732395447351628E+00, -0.0000000000000000E+00
  40,  69,  42,  1.2732395447351628E+00, -0.0000000000000000E+00
  40,  69,  43,  1.2732395447351628E+00, -0.0000000000000000E+00
  40,  69,  44,  1.2732395447351628E+00, -0.0000000000000000E+00
  40,  69,  45,  1.2732395447351628E+00, -0.0000000000000000E+00
  40,  69,  46,  1.2732395447351628E+00, -0.0000000000000000E+00
  40,  69,  47,  1.2732395447351628E+00, -0.0000000000000000E+00
  40,  69,  48,  1.2732395447351628E+00, -0.0000000000000000E+00
  40,  69,  49,  1.2732395447351628E+00, -0.0000000000000000E+00
  40,  69,  50,  1.2732395447351628E+00, -0.0000000000000000E+00
  40,  69,  51,  1.2732395447351628E+00, -0.0000000000000000E+00
  40,  69,  52,  1.2732395447351628E+00, -0.0000000000000000E+00
  40,  69,  53,  1.2732395447351628E+00, -0.0000000000000000E+00
  40,  69,  54,  1.2732395447351628E+00, -0.0000000000000000E+00
  40,  69,  55,  1.2732395447351628E+00, -0.0000000000000000E+00
  40,  69,  56,  1.2732395447351628E+00, -0.0000000000000000E+00
  40,  69,  57,  1.2732395447351628E+00, -0.0000000000000000E+00
  40,  69,  58,  1.2732395447351628E+00, -0.0000000000000000E+00
  40,  69,  59,  1.2732395447351628E+00, -0.0000000000000000E+00
  40,  69,  60,  1.2732395447351628E+00, -0.0000000000000000E+00
  40,  69,  61,  1.2732395447351628E+00, -0.0000000000000000E+00
  40,  69,  62,  1.2732395447351628E+00, -0.0000000000000000E+00
  40,  69,  63,  1.2732395447351628E+00, -0.0000000000000000E+00
  40,  69,  64,  1.2732395447351628E+00, -0.0000000000000000E+00
  40,  69,  65,  1.2732395447351628E+00, -0.0000000000000000E+00
  40,  69,  66,  1.2732395447351628E+00, -0.0000000000000000E+00
  40,  69,  67,  1.2732395447351628E+00, -0.0000000000000000E+00
  40,  69,  68,  1.2732395447351628E+00,  3.1423044431545257E-04
  40,  69,  69,  1.2732395447351628E+00, -2.2117783058301890E-02
  40,  69,  70,  1.2732395447351628E+00, -3.1408808640250605E-04
  40,  69,  71,  1.2732395447351628E+00, -0.0000000000000000E+00
  40,  69,  72,  1.2732395447351628E+00, -0.0000000000000000E+00
  40,  69,  73,  1.2732395447351628E+00, -0.0000000000000000E+00
  40,  69,  74,  1.2732395447351628E+00, -0.0000000000000000E+00
  40,  69,  75,  1.2732395447351628E+00, -0.0000000000000000E+00
  40,  69,  76,  1.2732395447351628E+00, -0.0000000000000000E+00
  40,  69,  77,  1.2732395447351628E+00, -0.0000000000000000E+00
  40,  69,  78,  1.2732395447351628E+00, -0.0000000000000000E+00
  40,  69,  79,  1.2732395447351628E+00, -0.0000000000000000E+00
  40,  69,  80,  1.2732395447351628E+00, -0.0000000000000000E+00
  40,  70,   1,  1.5142540794675774E-02, -0.0000000000000000E+00
  40,  70,   2,  1.5142540794675774E-02, -0.0000000000000000E+00
  40,  70,   3,  1.5142540794675774E-02, -0.0000000000000000E+00
  40,  70,   4,  1.5142540794675774E-02, -0.0000000000000000E+00
  40,  70,   5,  1.5142540794675774E-02, -0.0000000000000000E+00
  40,  70,   6,  1.5142540794675774E-02, -0.0000000000000000E+00
  40,  70,   7,  1.5142540794675774E-02, -0.0000000000000000E+00
  40,  70,   8,  1.5142540794675774E-02, -0.0000000000000000E+00
  40,  70,   9,  1.5142540794675774E-02, -0.0000000000000000E+00
  40,  70,  10,  1.5142540794675774E-02, -0.0000000000000000E+00
  40,  70,  11,  1.5142540794675774E-02, -0.0000000000000000E+00
  40,  70,  12,  1.5142540794675774E-02, -0.0000000000000000E+00
  40,  70,  13,  1.5142540794675774E-02, -0.0000000000000000E+00
  40,  70,  14,  1.5142540794675774E-02, -0.0000000000000000E+00
  40,  70,  15,  1.5142540794675774E-02, -0.0000000000000000E+00
  40,  70,  16,  1.5142540794675774E-02, -0.0000000000000000E+00
  40,  70,  17,  1.5142540794675774E-02, -0.0000000000000000E+00
  40,  70,  18,  1.5142540794675774E-02, -0.0000000000000000E+00
  40,  70,  19,  1.5142540794675774E-02, -0.0000000000000000E+00
  40,  70,  20,  1.5142540794675774E-02, -0.0000000000000000E+00
  40,  70,  21,  1.5142540794675774E-02, -0.0000000000000000E+00
  40,  70,  22,  1.5142540794675774E-02, -0.0000000000000000E+00
  40,  70,  23,  1.5142540794675774E-02, -0.0000000000000000E+00
  40,  70,  24,  1.5142540794675774E-02, -0.0000000000000000E+00
  40,  70,  25,  1.5142540794675774E-02, -0.0000000000000000E+00
  40,  70,  26,  1.5142540794675774E-02, -0.0000000000000000E+00
  40,  70,  27,  1.5142540794675774E-02, -0.0000000000000000E+00
  40,  70,  28,  1.5142540794675774E-02, -0.0000000000000000E+00
  40,  70,  29,  1.5142540794675774E-02, -0.0000000000000000E+00
  40,  70,  30,  1.5142540794675774E-02, -0.0000000000000000E+00
  40,  70,  31,  1.5142540794675774E-02, -0.0000000000000000E+00
  40,  70,  32,  1.5142540794675774E-02, -0.0000000000000000E+00
  40,  70,  33,  1.5142540794675774E-02, -0.0000000000000000E+00
  40,  70,  34,  1.5142540794675774E-02, -0.0000000000000000E+00
  40,  70,  35,  1.5142540794675774E-02, -0.0000000000000000E+00
  40,  70,  36,  1.5142540794675774E-02, -0.0000000000000000E+00
  40,  70,  37,  1.5142540794675774E-02, -0.0000000000000000E+00
  40,  70,  38,  1.5142540794675774E-02, -0.0000000000000000E+00
  40,  70,  39,  1.5142540794675774E-02, -0.0000000000000000E+00
  40,  70,  40,  1.5142540794675774E-02, -0.0000000000000000E+00
  40,  70,  41,  1.5142540794675774E-02, -0.0000000000000000E+00
  40,  70,  42,  1.5142540794675774E-02, -0.0000000000000000E+00
  40,  70,  43,  1.5142540794675774E-02, -0.0000000000000000E+00
  40,  70,  44,  1.5142540794675774E-02, -0.0000000000000000E+00
  40,  70,  45,  1.5142540794675774E-02, -0.0000000000000000E+00
  40,  70,  46,  1.5142540794675774E-02, -0.0000000000000000E+00
  40,  70,  47,  1.5142540794675774E-02, -0.0000000000000000E+00
  40,  70,  48,  1.5142540794675774E-02, -0.0000000000000000E+00
  40,  70,  49,  1.5142540794675774E-02, -0.0000000000000000E+00
  40,  70,  50,  1.5142540794675774E-02, -0.0000000000000000E+00
  40,  70,  51,  1.5142540794675774E-02, -0.0000000000000000E+00
  40,  70,  52,  1.5142540794675774E-02, -0.0000000000000000E+00
  40,  70,  53,  1.5142540794675774E-02, -0.0000000000000000E+00
  40,  70,  54,  1.5142540794675774E-02, -0.0000000000000000E+00
  40,  70,  55,  1.5142540794675774E-02, -0.0000000000000000E+00
  40,  70,  56,  1.5142540794675774E-02, -0.0000000000000000E+00
  40,  70,  57,  1.5142540794675774E-02, -0.0000000000000000E+00
  40,  70,  58,  1.5142540794675774E-02, -0.0000000000000000E+00
  40,  70,  59,  1.5142540794675774E-02, -0.0000000000000000E+00
  40,  70,  60,  1.5142540794675774E-02, -0.0000000000000000E+00
  40,  70,  61,  1.5142540794675774E-02, -0.0000000000000000E+00
  40,  70,  62,  1.5142540794675774E-02, -0.0000000000000000E+00
  40,  70,  63,  1.5142540794675774E-02, -0.0000000000000000E+00
  40,  70,  64,  1.5142540794675774E-02, -0.0000000000000000E+00
  40,  70,  65,  1.5142540794675774E-02, -0.0000000000000000E+00
  40,  70,  66,  1.5142540794675774E-02, -0.0000000000000000E+00
  40,  70,  67,  1.5142540794675774E-02, -0.0000000000000000E+00
  40,  70,  68,  1.5142540794675774E-02, -0.0000000000000000E+00
  40,  70,  69,  1.5142540794675774E-02,  6.6039115466778682E+01
  40,  70,  70,  1.5142540794675774E-02, -0.0000000000000000E+00
  40,  70,  71,  1.5142540794675774E-02, -6.6039115466778682E+01
  40,  70,  72,  1.5142540794675774E-02, -0.0000000000000000E+00
  40,  70,  73,  1.5142540794675774E-02, -0.0000000000000000E+00
  40,  70,  74,  1.5142540794675774E-02, -0.0000000000000000E+00
  40,  70,  75,  1.5142540794675774E-02, -0.0000000000000000E+00
  40,  70,  76,  1.5142540794675774E-02, -0.0000000000000000E+00
  40,  70,  77,  1.5142540794675774E-02, -0.0000000000000000E+00
  40,  70,  78,  1.5142540794675774E-02, -0.0000000000000000E+00
  40,  70,  79,  1.5142540794675774E-02, -0.0000000000000000E+00
  40,  70,  80,  1.5142540794675774E-02, -0.0000000000000000E+00
  40,  71,   1,  1.2732395447351628E+00, -0.0000000000000000E+00
  40,  71,   2,  1.2732395447351628E+00, -0.0000000000000000E+00
  40,  71,   3,  1.2732395447351628E+00, -0.0000000000000000E+00
  40,  71,   4,  1.2732395447351628E+00, -0.0000000000000000E+00
  40,  71,   5,  1.2732395447351628E+00, -0.0000000000000000E+00
  40,  71,   6,  1.2732395447351628E+00, -0.0000000000000000E+00
  40,  71,   7,  1.2732395447351628E+00, -0.0000000000000000E+00
  40,  71,   8,  1.2732395447351628E+00, -0.0000000000000000E+00
  40,  71,   9,  1.2732395447351628E+00, -0.0000000000000000E+00
  40,  71,  10,  1.2732395447351628E+00, -0.0000000000000000E+00
  40,  71,  11,  1.2732395447351628E+00, -0.0000000000000000E+00
  40,  71,  12,  1.2732395447351628E+00, -0.0000000000000000E+00
  40,  71,  13,  1.2732395447351628E+00, -0.0000000000000000E+00
  40,  71,  14,  1.2732395447351628E+00, -0.0000000000000000E+00
  40,  71,  15,  1.2732395447351628E+00, -0.0000000000000000E+00
  40,  71,  16,  1.2732395447351628E+00, -0.0000000000000000E+00
  40,  71,  17,  1.2732395447351628E+00, -0.0000000000000000E+00
  40,  71,  18,  1.2732395447351628E+00, -0.0000000000000000E+00
  40,  71,  19,  1.2732395447351628E+00, -0.0000000000000000E+00
  40,  71,  20,  1.2732395447351628E+00, -0.0000000000000000E+00
  40,  71,  21,  1.2732395447351628E+00, -0.0000000000000000E+00
  40,  71,  22,  1.2732395447351628E+00, -0.0000000000000000E+00
  40,  71,  23,  1.2732395447351628E+00, -0.0000000000000000E+00
  40,  71,  24,  1.2732395447351628E+00, -0.0000000000000000E+00
  40,  71,  25,  1.2732395447351628E+00, -0.0000000000000000E+00
  40,  71,  26,  1.2732395447351628E+00, -0.0000000000000000E+00
  40,  71,  27,  1.2732395447351628E+00, -0.0000000000000000E+00
  40,  71,  28,  1.2732395447351628E+00, -0.0000000000000000E+00
  40,  71,  29,  1.2732395447351628E+00, -0.0000000000000000E+00
  40,  71,  30,  1.2732395447351628E+00, -0.0000000000000000E+00
  40,  71,  31,  1.2732395447351628E+00, -0.0000000000000000E+00
  40,  71,  32,  1.2732395447351628E+00, -0.0000000000000000E+00
  40,  71,  33,  1.2732395447351628E+00, -0.0000000000000000E+00
  40,  71,  34,  1.2732395447351628E+00, -0.0000000000000000E+00
  40,  71,  35,  1.2732395447351628E+00, -0.0000000000000000E+00
  40,  71,  36,  1.2732395447351628E+00, -0.0000000000000000E+00
  40,  71,  37,  1.2732395447351628E+00, -0.0000000000000000E+00
  40,  71,  38,  1.2732395447351628E+00, -0.0000000000000000E+00
  40,  71,  39,  1.2732395447351628E+00, -0.0000000000000000E+00
  40,  71,  40,  1.2732395447351628E+00, -0.0000000000000000E+00
  40,  71,  41,  1.2732395447351628E+00, -0.0000000000000000E+00
  40,  71,  42,  1.2732395447351628E+00, -0.0000000000000000E+00
  40,  71,  43,  1.2732395447351628E+00, -0.0000000000000000E+00
  40,  71,  44,  1.2732395447351628E+00, -0.0000000000000000E+00
  40,  71,  45,  1.2732395447351628E+00, -0.0000000000000000E+00
  40,  71,  46,  1.2732395447351628E+00, -0.0000000000000000E+00
  40,  71,  47,  1.2732395447351628E+00, -0.0000000000000000E+00
  40,  71,  48,  1.2732395447351628E+00, -0.0000000000000000E+00
  40,  71,  49,  1.2732395447351628E+00, -0.0000000000000000E+00
  40,  71,  50,  1.2732395447351628E+00, -0.0000000000000000E+00
  40,  71,  51,  1.2732395447351628E+00, -0.0000000000000000E+00
  40,  71,  52,  1.2732395447351628E+00, -0.0000000000000000E+00
  40,  71,  53,  1.2732395447351628E+00, -0.0000000000000000E+00
  40,  71,  54,  1.2732395447351628E+00, -0.0000000000000000E+00
  40,  71,  55,  1.2732395447351628E+00, -0.0000000000000000E+00
  40,  71,  56,  1.2732395447351628E+00, -0.0000000000000000E+00
  40,  71,  57,  1.2732395447351628E+00, -0.0000000000000000E+00
  40,  71,  58,  1.2732395447351628E+00, -0.0000000000000000E+00
  40,  71,  59,  1.2732395447351628E+00, -0.0000000000000000E+00
  40,  71,  60,  1.2732395447351628E+00, -0.0000000000000000E+00
  40,  71,  61,  1.2732395447351628E+00, -0.0000000000000000E+00
  40,  71,  62,  1.2732395447351628E+00, -0.0000000000000000E+00
  40,  71,  63,  1.2732395447351628E+00, -0.0000000000000000E+00
  40,  71,  64,  1.2732395447351628E+00, -0.0000000000000000E+00
  40,  71,  65,  1.2732395447351628E+00, -0.0000000000000000E+00
  40,  71,  66,  1.2732395447351628E+00, -0.0000000000000000E+00
  40,  71,  67,  1.2732395447351628E+00, -0.0000000000000000E+00
  40,  71,  68,  1.2732395447351628E+00, -0.0000000000000000E+00
  40,  71,  69,  1.2732395447351628E+00, -0.0000000000000000E+00
  40,  71,  70,  1.2732395447351628E+00,  3.1423050888193765E-04
  40,  71,  71,  1.2732395447351628E+00, -2.2127812313275496E-02
  40,  71,  72,  1.2732395447351628E+00, -3.1408802183602097E-04
  40,  71,  73,  1.2732395447351628E+00, -0.0000000000000000E+00
  40,  71,  74,  1.2732395447351628E+00, -0.0000000000000000E+00
  40,  71,  75,  1.2732395447351628E+00, -0.0000000000000000E+00
  40,  71,  76,  1.2732395447351628E+00, -0.0000000000000000E+00
  40,  71,  77,  1.2732395447351628E+00, -0.0000000000000000E+00
  40,  71,  78,  1.2732395447351628E+00, -0.0000000000000000E+00
  40,  71,  79,  1.2732395447351628E+00, -0.0000000000000000E+00
  40,  71,  80,  1.2732395447351628E+00, -0.0000000000000000E+00
  40,  72,   1,  1.5142540794675774E-02, -0.0000000000000000E+00
  40,  72,   2,  1.5142540794675774E-02, -0.0000000000000000E+00
  40,  72,   3,  1.5142540794675774E-02, -0.0000000000000000E+00
  40,  72,   4,  1.5142540794675774E-02, -0.0000000000000000E+00
  40,  72,   5,  1.5142540794675774E-02, -0.0000000000000000E+00
  40,  72,   6,  1.5142540794675774E-02, -0.0000000000000000E+00
  40,  72,   7,  1.5142540794675774E-02, -0.0000000000000000E+00
  40,  72,   8,  1.5142540794675774E-02, -0.0000000000000000E+00
  40,  72,   9,  1.5142540794675774E-02, -0.0000000000000000E+00
  40,  72,  10,  1.5142540794675774E-02, -0.0000000000000000E+00
  40,  72,  11,  1.5142540794675774E-02, -0.0000000000000000E+00
  40,  72,  12,  1.5142540794675774E-02, -0.0000000000000000E+00
  40,  72,  13,  1.5142540794675774E-02, -0.0000000000000000E+00
  40,  72,  14,  1.5142540794675774E-02, -0.0000000000000000E+00
  40,  72,  15,  1.5142540794675774E-02, -0.0000000000000000E+00
  40,  72,  16,  1.5142540794675774E-02, -0.0000000000000000E+00
  40,  72,  17,  1.5142540794675774E-02, -0.0000000000000000E+00
  40,  72,  18,  1.5142540794675774E-02, -0.0000000000000000E+00
  40,  72,  19,  1.5142540794675774E-02, -0.0000000000000000E+00
  40,  72,  20,  1.5142540794675774E-02, -0.0000000000000000E+00
  40,  72,  21,  1.5142540794675774E-02, -0.0000000000000000E+00
  40,  72,  22,  1.5142540794675774E-02, -0.0000000000000000E+00
  40,  72,  23,  1.5142540794675774E-02, -0.0000000000000000E+00
  40,  72,  24,  1.5142540794675774E-02, -0.0000000000000000E+00
  40,  72,  25,  1.5142540794675774E-02, -0.0000000000000000E+00
  40,  72,  26,  1.5142540794675774E-02, -0.0000000000000000E+00
  40,  72,  27,  1.5142540794675774E-02, -0.0000000000000000E+00
  40,  72,  28,  1.5142540794675774E-02, -0.0000000000000000E+00
  40,  72,  29,  1.5142540794675774E-02, -0.0000000000000000E+00
  40,  72,  30,  1.5142540794675774E-02, -0.0000000000000000E+00
  40,  72,  31,  1.5142540794675774E-02, -0.0000000000000000E+00
  40,  72,  32,  1.5142540794675774E-02, -0.0000000000000000E+00
  40,  72,  33,  1.5142540794675774E-02, -0.0000000000000000E+00
  40,  72,  34,  1.5142540794675774E-02, -0.0000000000000000E+00
  40,  72,  35,  1.5142540794675774E-02, -0.0000000000000000E+00
  40,  72,  36,  1.5142540794675774E-02, -0.0000000000000000E+00
  40,  72,  37,  1.5142540794675774E-02, -0.0000000000000000E+00
  40,  72,  38,  1.5142540794675774E-02, -0.0000000000000000E+00
  40,  72,  39,  1.5142540794675774E-02, -0.0000000000000000E+00
  40,  72,  40,  1.5142540794675774E-02, -0.0000000000000000E+00
  40,  72,  41,  1.5142540794675774E-02, -0.0000000000000000E+00
  40,  72,  42,  1.5142540794675774E-02, -0.0000000000000000E+00
  40,  72,  43,  1.5142540794675774E-02, -0.0000000000000000E+00
  40,  72,  44,  1.5142540794675774E-02, -0.0000000000000000E+00
  40,  72,  45,  1.5142540794675774E-02, -0.0000000000000000E+00
  40,  72,  46,  1.5142540794675774E-02, -0.0000000000000000E+00
  40,  72,  47,  1.5142540794675774E-02, -0.0000000000000000E+00
  40,  72,  48,  1.5142540794675774E-02, -0.0000000000000000E+00
  40,  72,  49,  1.5142540794675774E-02, -0.0000000000000000E+00
  40,  72,  50,  1.5142540794675774E-02, -0.0000000000000000E+00
  40,  72,  51,  1.5142540794675774E-02, -0.0000000000000000E+00
  40,  72,  52,  1.5142540794675774E-02, -0.0000000000000000E+00
  40,  72,  53,  1.5142540794675774E-02, -0.0000000000000000E+00
  40,  72,  54,  1.5142540794675774E-02, -0.0000000000000000E+00
  40,  72,  55,  1.5142540794675774E-02, -0.0000000000000000E+00
  40,  72,  56,  1.5142540794675774E-02, -0.0000000000000000E+00
  40,  72,  57,  1.5142540794675774E-02, -0.0000000000000000E+00
  40,  72,  58,  1.5142540794675774E-02, -0.0000000000000000E+00
  40,  72,  59,  1.5142540794675774E-02, -0.0000000000000000E+00
  40,  72,  60,  1.5142540794675774E-02, -0.0000000000000000E+00
  40,  72,  61,  1.5142540794675774E-02, -0.0000000000000000E+00
  40,  72,  62,  1.5142540794675774E-02, -0.0000000000000000E+00
  40,  72,  63,  1.5142540794675774E-02, -0.0000000000000000E+00
  40,  72,  64,  1.5142540794675774E-02, -0.0000000000000000E+00
  40,  72,  65,  1.5142540794675774E-02, -0.0000000000000000E+00
  40,  72,  66,  1.5142540794675774E-02, -0.0000000000000000E+00
  40,  72,  67,  1.5142540794675774E-02, -0.0000000000000000E+00
  40,  72,  68,  1.5142540794675774E-02, -0.0000000000000000E+00
  40,  72,  69,  1.5142540794675774E-02, -0.0000000000000000E+00
  40,  72,  70,  1.5142540794675774E-02, -0.0000000000000000E+00
  40,  72,  71,  1.5142540794675774E-02,  6.6039115466778682E+01
  40,  72,  72,  1.5142540794675774E-02, -0.0000000000000000E+00
  40,  72,  73,  1.5142540794675774E-02, -6.6039115466778682E+01
  40,  72,  74,  1.5142540794675774E-02, -0.0000000000000000E+00
  40,  72,  75,  1.5142540794675774E-02, -0.0000000000000000E+00
  40,  72,  76,  1.5142540794675774E-02, -0.0000000000000000E+00
  40,  72,  77,  1.5142540794675774E-02, -0.0000000000000000E+00
  40,  72,  78,  1.5142540794675774E-02, -0.0000000000000000E+00
  40,  72,  79,  1.5142540794675774E-02, -0.0000000000000000E+00
  40,  72,  80,  1.5142540794675774E-02, -0.0000000000000000E+00
  40,  73,   1,  1.2732395447351628E+00, -0.0000000000000000E+00
  40,  73,   2,  1.2732395447351628E+00, -0.0000000000000000E+00
  40,  73,   3,  1.2732395447351628E+00, -0.0000000000000000E+00
  40,  73,   4,  1.2732395447351628E+00, -0.0000000000000000E+00
  40,  73,   5,  1.2732395447351628E+00, -0.0000000000000000E+00
  40,  73,   6,  1.2732395447351628E+00, -0.0000000000000000E+00
  40,  73,   7,  1.2732395447351628E+00, -0.0000000000000000E+00
  40,  73,   8,  1.2732395447351628E+00, -0.0000000000000000E+00
  40,  73,   9,  1.2732395447351628E+00, -0.0000000000000000E+00
  40,  73,  10,  1.2732395447351628E+00, -0.0000000000000000E+00
  40,  73,  11,  1.2732395447351628E+00, -0.0000000000000000E+00
  40,  73,  12,  1.2732395447351628E+00, -0.0000000000000000E+00
  40,  73,  13,  1.2732395447351628E+00, -0.0000000000000000E+00
  40,  73,  14,  1.2732395447351628E+00, -0.0000000000000000E+00
  40,  73,  15,  1.2732395447351628E+00, -0.0000000000000000E+00
  40,  73,  16,  1.2732395447351628E+00, -0.0000000000000000E+00
  40,  73,  17,  1.2732395447351628E+00, -0.0000000000000000E+00
  40,  73,  18,  1.2732395447351628E+00, -0.0000000000000000E+00
  40,  73,  19,  1.2732395447351628E+00, -0.0000000000000000E+00
  40,  73,  20,  1.2732395447351628E+00, -0.0000000000000000E+00
  40,  73,  21,  1.2732395447351628E+00, -0.0000000000000000E+00
  40,  73,  22,  1.2732395447351628E+00, -0.0000000000000000E+00
  40,  73,  23,  1.2732395447351628E+00, -0.0000000000000000E+00
  40,  73,  24,  1.2732395447351628E+00, -0.0000000000000000E+00
  40,  73,  25,  1.2732395447351628E+00, -0.0000000000000000E+00
  40,  73,  26,  1.2732395447351628E+00, -0.0000000000000000E+00
  40,  73,  27,  1.2732395447351628E+00, -0.0000000000000000E+00
  40,  73,  28,  1.2732395447351628E+00, -0.0000000000000000E+00
  40,  73,  29,  1.2732395447351628E+00, -0.0000000000000000E+00
  40,  73,  30,  1.2732395447351628E+00, -0.0000000000000000E+00
  40,  73,  31,  1.2732395447351628E+00, -0.0000000000000000E+00
  40,  73,  32,  1.2732395447351628E+00, -0.0000000000000000E+00
  40,  73,  33,  1.2732395447351628E+00, -0.0000000000000000E+00
  40,  73,  34,  1.2732395447351628E+00, -0.0000000000000000E+00
  40,  73,  35,  1.2732395447351628E+00, -0.0000000000000000E+00
  40,  73,  36,  1.2732395447351628E+00, -0.0000000000000000E+00
  40,  73,  37,  1.2732395447351628E+00, -0.0000000000000000E+00
  40,  73,  38,  1.2732395447351628E+00, -0.0000000000000000E+00
  40,  73,  39,  1.2732395447351628E+00, -0.0000000000000000E+00
  40,  73,  40,  1.2732395447351628E+00, -0.0000000000000000E+00
  40,  73,  41,  1.2732395447351628E+00, -0.0000000000000000E+00
  40,  73,  42,  1.2732395447351628E+00, -0.0000000000000000E+00
  40,  73,  43,  1.2732395447351628E+00, -0.0000000000000000E+00
  40,  73,  44,  1.2732395447351628E+00, -0.0000000000000000E+00
  40,  73,  45,  1.2732395447351628E+00, -0.0000000000000000E+00
  40,  73,  46,  1.2732395447351628E+00, -0.0000000000000000E+00
  40,  73,  47,  1.2732395447351628E+00, -0.0000000000000000E+00
  40,  73,  48,  1.2732395447351628E+00, -0.0000000000000000E+00
  40,  73,  49,  1.2732395447351628E+00, -0.0000000000000000E+00
  40,  73,  50,  1.2732395447351628E+00, -0.0000000000000000E+00
  40,  73,  51,  1.2732395447351628E+00, -0.0000000000000000E+00
  40,  73,  52,  1.2732395447351628E+00, -0.0000000000000000E+00
  40,  73,  53,  1.2732395447351628E+00, -0.0000000000000000E+00
  40,  73,  54,  1.2732395447351628E+00, -0.0000000000000000E+00
  40,  73,  55,  1.2732395447351628E+00, -0.0000000000000000E+00
  40,  73,  56,  1.2732395447351628E+00, -0.0000000000000000E+00
  40,  73,  57,  1.2732395447351628E+00, -0.0000000000000000E+00
  40,  73,  58,  1.2732395447351628E+00, -0.0000000000000000E+00
  40,  73,  59,  1.2732395447351628E+00, -0.0000000000000000E+00
  40,  73,  60,  1.2732395447351628E+00, -0.0000000000000000E+00
  40,  73,  61,  1.2732395447351628E+00, -0.0000000000000000E+00
  40,  73,  62,  1.2732395447351628E+00, -0.0000000000000000E+00
  40,  73,  63,  1.2732395447351628E+00, -0.0000000000000000E+00
  40,  73,  64,  1.2732395447351628E+00, -0.0000000000000000E+00
  40,  73,  65,  1.2732395447351628E+00, -0.0000000000000000E+00
  40,  73,  66,  1.2732395447351628E+00, -0.0000000000000000E+00
  40,  73,  67,  1.2732395447351628E+00, -0.0000000000000000E+00
  40,  73,  68,  1.2732395447351628E+00, -0.0000000000000000E+00
  40,  73,  69,  1.2732395447351628E+00, -0.0000000000000000E+00
  40,  73,  70,  1.2732395447351628E+00, -0.0000000000000000E+00
  40,  73,  71,  1.2732395447351628E+00, -0.0000000000000000E+00
  40,  73,  72,  1.2732395447351628E+00,  3.1423057356566575E-04
  40,  73,  73,  1.2732395447351628E+00, -2.2137855223858544E-02
  40,  73,  74,  1.2732395447351628E+00, -3.1408795715229287E-04
  40,  73,  75,  1.2732395447351628E+00, -0.0000000000000000E+00
  40,  73,  76,  1.2732395447351628E+00, -0.0000000000000000E+00
  40,  73,  77,  1.2732395447351628E+00, -0.0000000000000000E+00
  40,  73,  78,  1.2732395447351628E+00, -0.0000000000000000E+00
  40,  73,  79,  1.2732395447351628E+00, -0.0000000000000000E+00
  40,  73,  80,  1.2732395447351628E+00, -0.0000000000000000E+00
  40,  74,   1,  1.5142540794675774E-02, -0.0000000000000000E+00
  40,  74,   2,  1.5142540794675774E-02, -0.0000000000000000E+00
  40,  74,   3,  1.5142540794675774E-02, -0.0000000000000000E+00
  40,  74,   4,  1.5142540794675774E-02, -0.0000000000000000E+00
  40,  74,   5,  1.5142540794675774E-02, -0.0000000000000000E+00
  40,  74,   6,  1.5142540794675774E-02, -0.0000000000000000E+00
  40,  74,   7,  1.5142540794675774E-02, -0.0000000000000000E+00
  40,  74,   8,  1.5142540794675774E-02, -0.0000000000000000E+00
  40,  74,   9,  1.5142540794675774E-02, -0.0000000000000000E+00
  40,  74,  10,  1.5142540794675774E-02, -0.0000000000000000E+00
  40,  74,  11,  1.5142540794675774E-02, -0.0000000000000000E+00
  40,  74,  12,  1.5142540794675774E-02, -0.0000000000000000E+00
  40,  74,  13,  1.5142540794675774E-02, -0.0000000000000000E+00
  40,  74,  14,  1.5142540794675774E-02, -0.0000000000000000E+00
  40,  74,  15,  1.5142540794675774E-02, -0.0000000000000000E+00
  40,  74,  16,  1.5142540794675774E-02, -0.0000000000000000E+00
  40,  74,  17,  1.5142540794675774E-02, -0.0000000000000000E+00
  40,  74,  18,  1.5142540794675774E-02, -0.0000000000000000E+00
  40,  74,  19,  1.5142540794675774E-02, -0.0000000000000000E+00
  40,  74,  20,  1.5142540794675774E-02, -0.0000000000000000E+00
  40,  74,  21,  1.5142540794675774E-02, -0.0000000000000000E+00
  40,  74,  22,  1.5142540794675774E-02, -0.0000000000000000E+00
  40,  74,  23,  1.5142540794675774E-02, -0.0000000000000000E+00
  40,  74,  24,  1.5142540794675774E-02, -0.0000000000000000E+00
  40,  74,  25,  1.5142540794675774E-02, -0.0000000000000000E+00
  40,  74,  26,  1.5142540794675774E-02, -0.0000000000000000E+00
  40,  74,  27,  1.5142540794675774E-02, -0.0000000000000000E+00
  40,  74,  28,  1.5142540794675774E-02, -0.0000000000000000E+00
  40,  74,  29,  1.5142540794675774E-02, -0.0000000000000000E+00
  40,  74,  30,  1.5142540794675774E-02, -0.0000000000000000E+00
  40,  74,  31,  1.5142540794675774E-02, -0.0000000000000000E+00
  40,  74,  32,  1.5142540794675774E-02, -0.0000000000000000E+00
  40,  74,  33,  1.5142540794675774E-02, -0.0000000000000000E+00
  40,  74,  34,  1.5142540794675774E-02, -0.0000000000000000E+00
  40,  74,  35,  1.5142540794675774E-02, -0.0000000000000000E+00
  40,  74,  36,  1.5142540794675774E-02, -0.0000000000000000E+00
  40,  74,  37,  1.5142540794675774E-02, -0.0000000000000000E+00
  40,  74,  38,  1.5142540794675774E-02, -0.0000000000000000E+00
  40,  74,  39,  1.5142540794675774E-02, -0.0000000000000000E+00
  40,  74,  40,  1.5142540794675774E-02, -0.0000000000000000E+00
  40,  74,  41,  1.5142540794675774E-02, -0.0000000000000000E+00
  40,  74,  42,  1.5142540794675774E-02, -0.0000000000000000E+00
  40,  74,  43,  1.5142540794675774E-02, -0.0000000000000000E+00
  40,  74,  44,  1.5142540794675774E-02, -0.0000000000000000E+00
  40,  74,  45,  1.5142540794675774E-02, -0.0000000000000000E+00
  40,  74,  46,  1.5142540794675774E-02, -0.0000000000000000E+00
  40,  74,  47,  1.5142540794675774E-02, -0.0000000000000000E+00
  40,  74,  48,  1.5142540794675774E-02, -0.0000000000000000E+00
  40,  74,  49,  1.5142540794675774E-02, -0.0000000000000000E+00
  40,  74,  50,  1.5142540794675774E-02, -0.0000000000000000E+00
  40,  74,  51,  1.5142540794675774E-02, -0.0000000000000000E+00
  40,  74,  52,  1.5142540794675774E-02, -0.0000000000000000E+00
  40,  74,  53,  1.5142540794675774E-02, -0.0000000000000000E+00
  40,  74,  54,  1.5142540794675774E-02, -0.0000000000000000E+00
  40,  74,  55,  1.5142540794675774E-02, -0.0000000000000000E+00
  40,  74,  56,  1.5142540794675774E-02, -0.0000000000000000E+00
  40,  74,  57,  1.5142540794675774E-02, -0.0000000000000000E+00
  40,  74,  58,  1.5142540794675774E-02, -0.0000000000000000E+00
  40,  74,  59,  1.5142540794675774E-02, -0.0000000000000000E+00
  40,  74,  60,  1.5142540794675774E-02, -0.0000000000000000E+00
  40,  74,  61,  1.5142540794675774E-02, -0.0000000000000000E+00
  40,  74,  62,  1.5142540794675774E-02, -0.0000000000000000E+00
  40,  74,  63,  1.5142540794675774E-02, -0.0000000000000000E+00
  40,  74,  64,  1.5142540794675774E-02, -0.0000000000000000E+00
  40,  74,  65,  1.5142540794675774E-02, -0.0000000000000000E+00
  40,  74,  66,  1.5142540794675774E-02, -0.0000000000000000E+00
  40,  74,  67,  1.5142540794675774E-02, -0.0000000000000000E+00
  40,  74,  68,  1.5142540794675774E-02, -0.0000000000000000E+00
  40,  74,  69,  1.5142540794675774E-02, -0.0000000000000000E+00
  40,  74,  70,  1.5142540794675774E-02, -0.0000000000000000E+00
  40,  74,  71,  1.5142540794675774E-02, -0.0000000000000000E+00
  40,  74,  72,  1.5142540794675774E-02, -0.0000000000000000E+00
  40,  74,  73,  1.5142540794675774E-02,  6.6039115466778682E+01
  40,  74,  74,  1.5142540794675774E-02, -0.0000000000000000E+00
  40,  74,  75,  1.5142540794675774E-02, -6.6039115466778682E+01
  40,  74,  76,  1.5142540794675774E-02, -0.0000000000000000E+00
  40,  74,  77,  1.5142540794675774E-02, -0.0000000000000000E+00
  40,  74,  78,  1.5142540794675774E-02, -0.0000000000000000E+00
  40,  74,  79,  1.5142540794675774E-02, -0.0000000000000000E+00
  40,  74,  80,  1.5142540794675774E-02, -0.0000000000000000E+00
  40,  75,   1,  1.2732395447351628E+00, -0.0000000000000000E+00
  40,  75,   2,  1.2732395447351628E+00, -0.0000000000000000E+00
  40,  75,   3,  1.2732395447351628E+00, -0.0000000000000000E+00
  40,  75,   4,  1.2732395447351628E+00, -0.0000000000000000E+00
  40,  75,   5,  1.2732395447351628E+00, -0.0000000000000000E+00
  40,  75,   6,  1.2732395447351628E+00, -0.0000000000000000E+00
  40,  75,   7,  1.2732395447351628E+00, -0.0000000000000000E+00
  40,  75,   8,  1.2732395447351628E+00, -0.0000000000000000E+00
  40,  75,   9,  1.2732395447351628E+00, -0.0000000000000000E+00
  40,  75,  10,  1.2732395447351628E+00, -0.0000000000000000E+00
  40,  75,  11,  1.2732395447351628E+00, -0.0000000000000000E+00
  40,  75,  12,  1.2732395447351628E+00, -0.0000000000000000E+00
  40,  75,  13,  1.2732395447351628E+00, -0.0000000000000000E+00
  40,  75,  14,  1.2732395447351628E+00, -0.0000000000000000E+00
  40,  75,  15,  1.2732395447351628E+00, -0.0000000000000000E+00
  40,  75,  16,  1.2732395447351628E+00, -0.0000000000000000E+00
  40,  75,  17,  1.2732395447351628E+00, -0.0000000000000000E+00
  40,  75,  18,  1.2732395447351628E+00, -0.0000000000000000E+00
  40,  75,  19,  1.2732395447351628E+00, -0.0000000000000000E+00
  40,  75,  20,  1.2732395447351628E+00, -0.0000000000000000E+00
  40,  75,  21,  1.2732395447351628E+00, -0.0000000000000000E+00
  40,  75,  22,  1.2732395447351628E+00, -0.0000000000000000E+00
  40,  75,  23,  1.2732395447351628E+00, -0.0000000000000000E+00
  40,  75,  24,  1.2732395447351628E+00, -0.0000000000000000E+00
  40,  75,  25,  1.2732395447351628E+00, -0.0000000000000000E+00
  40,  75,  26,  1.2732395447351628E+00, -0.0000000000000000E+00
  40,  75,  27,  1.2732395447351628E+00, -0.0000000000000000E+00
  40,  75,  28,  1.2732395447351628E+00, -0.0000000000000000E+00
  40,  75,  29,  1.2732395447351628E+00, -0.0000000000000000E+00
  40,  75,  30,  1.2732395447351628E+00, -0.0000000000000000E+00
  40,  75,  31,  1.2732395447351628E+00, -0.0000000000000000E+00
  40,  75,  32,  1.2732395447351628E+00, -0.0000000000000000E+00
  40,  75,  33,  1.2732395447351628E+00, -0.0000000000000000E+00
  40,  75,  34,  1.2732395447351628E+00, -0.0000000000000000E+00
  40,  75,  35,  1.2732395447351628E+00, -0.0000000000000000E+00
  40,  75,  36,  1.2732395447351628E+00, -0.0000000000000000E+00
  40,  75,  37,  1.2732395447351628E+00, -0.0000000000000000E+00
  40,  75,  38,  1.2732395447351628E+00, -0.0000000000000000E+00
  40,  75,  39,  1.2732395447351628E+00, -0.0000000000000000E+00
  40,  75,  40,  1.2732395447351628E+00, -0.0000000000000000E+00
  40,  75,  41,  1.2732395447351628E+00, -0.0000000000000000E+00
  40,  75,  42,  1.2732395447351628E+00, -0.0000000000000000E+00
  40,  75,  43,  1.2732395447351628E+00, -0.0000000000000000E+00
  40,  75,  44,  1.2732395447351628E+00, -0.0000000000000000E+00
  40,  75,  45,  1.2732395447351628E+00, -0.0000000000000000E+00
  40,  75,  46,  1.2732395447351628E+00, -0.0000000000000000E+00
  40,  75,  47,  1.2732395447351628E+00, -0.0000000000000000E+00
  40,  75,  48,  1.2732395447351628E+00, -0.0000000000000000E+00
  40,  75,  49,  1.2732395447351628E+00, -0.0000000000000000E+00
  40,  75,  50,  1.2732395447351628E+00, -0.0000000000000000E+00
  40,  75,  51,  1.2732395447351628E+00, -0.0000000000000000E+00
  40,  75,  52,  1.2732395447351628E+00, -0.0000000000000000E+00
  40,  75,  53,  1.2732395447351628E+00, -0.0000000000000000E+00
  40,  75,  54,  1.2732395447351628E+00, -0.0000000000000000E+00
  40,  75,  55,  1.2732395447351628E+00, -0.0000000000000000E+00
  40,  75,  56,  1.2732395447351628E+00, -0.0000000000000000E+00
  40,  75,  57,  1.2732395447351628E+00, -0.0000000000000000E+00
  40,  75,  58,  1.2732395447351628E+00, -0.0000000000000000E+00
  40,  75,  59,  1.2732395447351628E+00, -0.0000000000000000E+00
  40,  75,  60,  1.2732395447351628E+00, -0.0000000000000000E+00
  40,  75,  61,  1.2732395447351628E+00, -0.0000000000000000E+00
  40,  75,  62,  1.2732395447351628E+00, -0.0000000000000000E+00
  40,  75,  63,  1.2732395447351628E+00, -0.0000000000000000E+00
  40,  75,  64,  1.2732395447351628E+00, -0.0000000000000000E+00
  40,  75,  65,  1.2732395447351628E+00, -0.0000000000000000E+00
  40,  75,  66,  1.2732395447351628E+00, -0.0000000000000000E+00
  40,  75,  67,  1.2732395447351628E+00, -0.0000000000000000E+00
  40,  75,  68,  1.2732395447351628E+00, -0.0000000000000000E+00
  40,  75,  69,  1.2732395447351628E+00, -0.0000000000000000E+00
  40,  75,  70,  1.2732395447351628E+00, -0.0000000000000000E+00
  40,  75,  71,  1.2732395447351628E+00, -0.0000000000000000E+00
  40,  75,  72,  1.2732395447351628E+00, -0.0000000000000000E+00
  40,  75,  73,  1.2732395447351628E+00, -0.0000000000000000E+00
  40,  75,  74,  1.2732395447351628E+00,  3.1423063836695639E-04
  40,  75,  75,  1.2732395447351628E+00, -2.2147911821067776E-02
  40,  75,  76,  1.2732395447351628E+00, -3.1408789235100228E-04
  40,  75,  77,  1.2732395447351628E+00, -0.0000000000000000E+00
  40,  75,  78,  1.2732395447351628E+00, -0.0000000000000000E+00
  40,  75,  79,  1.2732395447351628E+00, -0.0000000000000000E+00
  40,  75,  80,  1.2732395447351628E+00, -0.0000000000000000E+00
  40,  76,   1,  1.5142540794675774E-02, -0.0000000000000000E+00
  40,  76,   2,  1.5142540794675774E-02, -0.0000000000000000E+00
  40,  76,   3,  1.5142540794675774E-02, -0.0000000000000000E+00
  40,  76,   4,  1.5142540794675774E-02, -0.0000000000000000E+00
  40,  76,   5,  1.5142540794675774E-02, -0.0000000000000000E+00
  40,  76,   6,  1.5142540794675774E-02, -0.0000000000000000E+00
  40,  76,   7,  1.5142540794675774E-02, -0.0000000000000000E+00
  40,  76,   8,  1.5142540794675774E-02, -0.0000000000000000E+00
  40,  76,   9,  1.5142540794675774E-02, -0.0000000000000000E+00
  40,  76,  10,  1.5142540794675774E-02, -0.0000000000000000E+00
  40,  76,  11,  1.5142540794675774E-02, -0.0000000000000000E+00
  40,  76,  12,  1.5142540794675774E-02, -0.0000000000000000E+00
  40,  76,  13,  1.5142540794675774E-02, -0.0000000000000000E+00
  40,  76,  14,  1.5142540794675774E-02, -0.0000000000000000E+00
  40,  76,  15,  1.5142540794675774E-02, -0.0000000000000000E+00
  40,  76,  16,  1.5142540794675774E-02, -0.0000000000000000E+00
  40,  76,  17,  1.5142540794675774E-02, -0.0000000000000000E+00
  40,  76,  18,  1.5142540794675774E-02, -0.0000000000000000E+00
  40,  76,  19,  1.5142540794675774E-02, -0.0000000000000000E+00
  40,  76,  20,  1.5142540794675774E-02, -0.0000000000000000E+00
  40,  76,  21,  1.5142540794675774E-02, -0.0000000000000000E+00
  40,  76,  22,  1.5142540794675774E-02, -0.0000000000000000E+00
  40,  76,  23,  1.5142540794675774E-02, -0.0000000000000000E+00
  40,  76,  24,  1.5142540794675774E-02, -0.0000000000000000E+00
  40,  76,  25,  1.5142540794675774E-02, -0.0000000000000000E+00
  40,  76,  26,  1.5142540794675774E-02, -0.0000000000000000E+00
  40,  76,  27,  1.5142540794675774E-02, -0.0000000000000000E+00
  40,  76,  28,  1.5142540794675774E-02, -0.0000000000000000E+00
  40,  76,  29,  1.5142540794675774E-02, -0.0000000000000000E+00
  40,  76,  30,  1.5142540794675774E-02, -0.0000000000000000E+00
  40,  76,  31,  1.5142540794675774E-02, -0.0000000000000000E+00
  40,  76,  32,  1.5142540794675774E-02, -0.0000000000000000E+00
  40,  76,  33,  1.5142540794675774E-02, -0.0000000000000000E+00
  40,  76,  34,  1.5142540794675774E-02, -0.0000000000000000E+00
  40,  76,  35,  1.5142540794675774E-02, -0.0000000000000000E+00
  40,  76,  36,  1.5142540794675774E-02, -0.0000000000000000E+00
  40,  76,  37,  1.5142540794675774E-02, -0.0000000000000000E+00
  40,  76,  38,  1.5142540794675774E-02, -0.0000000000000000E+00
  40,  76,  39,  1.5142540794675774E-02, -0.0000000000000000E+00
  40,  76,  40,  1.5142540794675774E-02, -0.0000000000000000E+00
  40,  76,  41,  1.5142540794675774E-02, -0.0000000000000000E+00
  40,  76,  42,  1.5142540794675774E-02, -0.0000000000000000E+00
  40,  76,  43,  1.5142540794675774E-02, -0.0000000000000000E+00
  40,  76,  44,  1.5142540794675774E-02, -0.0000000000000000E+00
  40,  76,  45,  1.5142540794675774E-02, -0.0000000000000000E+00
  40,  76,  46,  1.5142540794675774E-02, -0.0000000000000000E+00
  40,  76,  47,  1.5142540794675774E-02, -0.0000000000000000E+00
  40,  76,  48,  1.5142540794675774E-02, -0.0000000000000000E+00
  40,  76,  49,  1.5142540794675774E-02, -0.0000000000000000E+00
  40,  76,  50,  1.5142540794675774E-02, -0.0000000000000000E+00
  40,  76,  51,  1.5142540794675774E-02, -0.0000000000000000E+00
  40,  76,  52,  1.5142540794675774E-02, -0.0000000000000000E+00
  40,  76,  53,  1.5142540794675774E-02, -0.0000000000000000E+00
  40,  76,  54,  1.5142540794675774E-02, -0.0000000000000000E+00
  40,  76,  55,  1.5142540794675774E-02, -0.0000000000000000E+00
  40,  76,  56,  1.5142540794675774E-02, -0.0000000000000000E+00
  40,  76,  57,  1.5142540794675774E-02, -0.0000000000000000E+00
  40,  76,  58,  1.5142540794675774E-02, -0.0000000000000000E+00
  40,  76,  59,  1.5142540794675774E-02, -0.0000000000000000E+00
  40,  76,  60,  1.5142540794675774E-02, -0.0000000000000000E+00
  40,  76,  61,  1.5142540794675774E-02, -0.0000000000000000E+00
  40,  76,  62,  1.5142540794675774E-02, -0.0000000000000000E+00
  40,  76,  63,  1.5142540794675774E-02, -0.0000000000000000E+00
  40,  76,  64,  1.5142540794675774E-02, -0.0000000000000000E+00
  40,  76,  65,  1.5142540794675774E-02, -0.0000000000000000E+00
  40,  76,  66,  1.5142540794675774E-02, -0.0000000000000000E+00
  40,  76,  67,  1.5142540794675774E-02, -0.0000000000000000E+00
  40,  76,  68,  1.5142540794675774E-02, -0.0000000000000000E+00
  40,  76,  69,  1.5142540794675774E-02, -0.0000000000000000E+00
  40,  76,  70,  1.5142540794675774E-02, -0.0000000000000000E+00
  40,  76,  71,  1.5142540794675774E-02, -0.0000000000000000E+00
  40,  76,  72,  1.5142540794675774E-02, -0.0000000000000000E+00
  40,  76,  73,  1.5142540794675774E-02, -0.0000000000000000E+00
  40,  76,  74,  1.5142540794675774E-02, -0.0000000000000000E+00
  40,  76,  75,  1.5142540794675774E-02,  6.6039115466778682E+01
  40,  76,  76,  1.5142540794675774E-02, -0.0000000000000000E+00
  40,  76,  77,  1.5142540794675774E-02, -6.6039115466778682E+01
  40,  76,  78,  1.5142540794675774E-02, -0.0000000000000000E+00
  40,  76,  79,  1.5142540794675774E-02, -0.0000000000000000E+00
  40,  76,  80,  1.5142540794675774E-02, -0.0000000000000000E+00
  40,  77,   1,  1.2732395447351628E+00, -0.0000000000000000E+00
  40,  77,   2,  1.2732395447351628E+00, -0.0000000000000000E+00
  40,  77,   3,  1.2732395447351628E+00, -0.0000000000000000E+00
  40,  77,   4,  1.2732395447351628E+00, -0.0000000000000000E+00
  40,  77,   5,  1.2732395447351628E+00, -0.0000000000000000E+00
  40,  77,   6,  1.2732395447351628E+00, -0.0000000000000000E+00
  40,  77,   7,  1.2732395447351628E+00, -0.0000000000000000E+00
  40,  77,   8,  1.2732395447351628E+00, -0.0000000000000000E+00
  40,  77,   9,  1.2732395447351628E+00, -0.0000000000000000E+00
  40,  77,  10,  1.2732395447351628E+00, -0.0000000000000000E+00
  40,  77,  11,  1.2732395447351628E+00, -0.0000000000000000E+00
  40,  77,  12,  1.2732395447351628E+00, -0.0000000000000000E+00
  40,  77,  13,  1.2732395447351628E+00, -0.0000000000000000E+00
  40,  77,  14,  1.2732395447351628E+00, -0.0000000000000000E+00
  40,  77,  15,  1.2732395447351628E+00, -0.0000000000000000E+00
  40,  77,  16,  1.2732395447351628E+00, -0.0000000000000000E+00
  40,  77,  17,  1.2732395447351628E+00, -0.0000000000000000E+00
  40,  77,  18,  1.2732395447351628E+00, -0.0000000000000000E+00
  40,  77,  19,  1.2732395447351628E+00, -0.0000000000000000E+00
  40,  77,  20,  1.2732395447351628E+00, -0.0000000000000000E+00
  40,  77,  21,  1.2732395447351628E+00, -0.0000000000000000E+00
  40,  77,  22,  1.2732395447351628E+00, -0.0000000000000000E+00
  40,  77,  23,  1.2732395447351628E+00, -0.0000000000000000E+00
  40,  77,  24,  1.2732395447351628E+00, -0.0000000000000000E+00
  40,  77,  25,  1.2732395447351628E+00, -0.0000000000000000E+00
  40,  77,  26,  1.2732395447351628E+00, -0.0000000000000000E+00
  40,  77,  27,  1.2732395447351628E+00, -0.0000000000000000E+00
  40,  77,  28,  1.2732395447351628E+00, -0.0000000000000000E+00
  40,  77,  29,  1.2732395447351628E+00, -0.0000000000000000E+00
  40,  77,  30,  1.2732395447351628E+00, -0.0000000000000000E+00
  40,  77,  31,  1.2732395447351628E+00, -0.0000000000000000E+00
  40,  77,  32,  1.2732395447351628E+00, -0.0000000000000000E+00
  40,  77,  33,  1.2732395447351628E+00, -0.0000000000000000E+00
  40,  77,  34,  1.2732395447351628E+00, -0.0000000000000000E+00
  40,  77,  35,  1.2732395447351628E+00, -0.0000000000000000E+00
  40,  77,  36,  1.2732395447351628E+00, -0.0000000000000000E+00
  40,  77,  37,  1.2732395447351628E+00, -0.0000000000000000E+00
  40,  77,  38,  1.2732395447351628E+00, -0.0000000000000000E+00
  40,  77,  39,  1.2732395447351628E+00, -0.0000000000000000E+00
  40,  77,  40,  1.2732395447351628E+00, -0.0000000000000000E+00
  40,  77,  41,  1.2732395447351628E+00, -0.0000000000000000E+00
  40,  77,  42,  1.2732395447351628E+00, -0.0000000000000000E+00
  40,  77,  43,  1.2732395447351628E+00, -0.0000000000000000E+00
  40,  77,  44,  1.2732395447351628E+00, -0.0000000000000000E+00
  40,  77,  45,  1.2732395447351628E+00, -0.0000000000000000E+00
  40,  77,  46,  1.2732395447351628E+00, -0.0000000000000000E+00
  40,  77,  47,  1.2732395447351628E+00, -0.0000000000000000E+00
  40,  77,  48,  1.2732395447351628E+00, -0.0000000000000000E+00
  40,  77,  49,  1.2732395447351628E+00, -0.0000000000000000E+00
  40,  77,  50,  1.2732395447351628E+00, -0.0000000000000000E+00
  40,  77,  51,  1.2732395447351628E+00, -0.0000000000000000E+00
  40,  77,  52,  1.2732395447351628E+00, -0.0000000000000000E+00
  40,  77,  53,  1.2732395447351628E+00, -0.0000000000000000E+00
  40,  77,  54,  1.2732395447351628E+00, -0.0000000000000000E+00
  40,  77,  55,  1.2732395447351628E+00, -0.0000000000000000E+00
  40,  77,  56,  1.2732395447351628E+00, -0.0000000000000000E+00
  40,  77,  57,  1.2732395447351628E+00, -0.0000000000000000E+00
  40,  77,  58,  1.2732395447351628E+00, -0.0000000000000000E+00
  40,  77,  59,  1.2732395447351628E+00, -0.0000000000000000E+00
  40,  77,  60,  1.2732395447351628E+00, -0.0000000000000000E+00
  40,  77,  61,  1.2732395447351628E+00, -0.0000000000000000E+00
  40,  77,  62,  1.2732395447351628E+00, -0.0000000000000000E+00
  40,  77,  63,  1.2732395447351628E+00, -0.0000000000000000E+00
  40,  77,  64,  1.2732395447351628E+00, -0.0000000000000000E+00
  40,  77,  65,  1.2732395447351628E+00, -0.0000000000000000E+00
  40,  77,  66,  1.2732395447351628E+00, -0.0000000000000000E+00
  40,  77,  67,  1.2732395447351628E+00, -0.0000000000000000E+00
  40,  77,  68,  1.2732395447351628E+00, -0.0000000000000000E+00
  40,  77,  69,  1.2732395447351628E+00, -0.0000000000000000E+00
  40,  77,  70,  1.2732395447351628E+00, -0.0000000000000000E+00
  40,  77,  71,  1.2732395447351628E+00, -0.0000000000000000E+00
  40,  77,  72,  1.2732395447351628E+00, -0.0000000000000000E+00
  40,  77,  73,  1.2732395447351628E+00, -0.0000000000000000E+00
  40,  77,  74,  1.2732395447351628E+00, -0.0000000000000000E+00
  40,  77,  75,  1.2732395447351628E+00, -0.0000000000000000E+00
  40,  77,  76,  1.2732395447351628E+00,  3.1423070328613043E-04
  40,  77,  77,  1.2732395447351628E+00, -2.2157982136018994E-02
  40,  77,  78,  1.2732395447351628E+00, -3.1408782743182819E-04
  40,  77,  79,  1.2732395447351628E+00, -0.0000000000000000E+00
  40,  77,  80,  1.2732395447351628E+00, -0.0000000000000000E+00
  40,  78,   1,  1.5142540794675774E-02, -0.0000000000000000E+00
  40,  78,   2,  1.5142540794675774E-02, -0.0000000000000000E+00
  40,  78,   3,  1.5142540794675774E-02, -0.0000000000000000E+00
  40,  78,   4,  1.5142540794675774E-02, -0.0000000000000000E+00
  40,  78,   5,  1.5142540794675774E-02, -0.0000000000000000E+00
  40,  78,   6,  1.5142540794675774E-02, -0.0000000000000000E+00
  40,  78,   7,  1.5142540794675774E-02, -0.0000000000000000E+00
  40,  78,   8,  1.5142540794675774E-02, -0.0000000000000000E+00
  40,  78,   9,  1.5142540794675774E-02, -0.0000000000000000E+00
  40,  78,  10,  1.5142540794675774E-02, -0.0000000000000000E+00
  40,  78,  11,  1.5142540794675774E-02, -0.0000000000000000E+00
  40,  78,  12,  1.5142540794675774E-02, -0.0000000000000000E+00
  40,  78,  13,  1.5142540794675774E-02, -0.0000000000000000E+00
  40,  78,  14,  1.5142540794675774E-02, -0.0000000000000000E+00
  40,  78,  15,  1.5142540794675774E-02, -0.0000000000000000E+00
  40,  78,  16,  1.5142540794675774E-02, -0.0000000000000000E+00
  40,  78,  17,  1.5142540794675774E-02, -0.0000000000000000E+00
  40,  78,  18,  1.5142540794675774E-02, -0.0000000000000000E+00
  40,  78,  19,  1.5142540794675774E-02, -0.0000000000000000E+00
  40,  78,  20,  1.5142540794675774E-02, -0.0000000000000000E+00
  40,  78,  21,  1.5142540794675774E-02, -0.0000000000000000E+00
  40,  78,  22,  1.5142540794675774E-02, -0.0000000000000000E+00
  40,  78,  23,  1.5142540794675774E-02, -0.0000000000000000E+00
  40,  78,  24,  1.5142540794675774E-02, -0.0000000000000000E+00
  40,  78,  25,  1.5142540794675774E-02, -0.0000000000000000E+00
  40,  78,  26,  1.5142540794675774E-02, -0.0000000000000000E+00
  40,  78,  27,  1.5142540794675774E-02, -0.0000000000000000E+00
  40,  78,  28,  1.5142540794675774E-02, -0.0000000000000000E+00
  40,  78,  29,  1.5142540794675774E-02, -0.0000000000000000E+00
  40,  78,  30,  1.5142540794675774E-02, -0.0000000000000000E+00
  40,  78,  31,  1.5142540794675774E-02, -0.0000000000000000E+00
  40,  78,  32,  1.5142540794675774E-02, -0.0000000000000000E+00
  40,  78,  33,  1.5142540794675774E-02, -0.0000000000000000E+00
  40,  78,  34,  1.5142540794675774E-02, -0.0000000000000000E+00
  40,  78,  35,  1.5142540794675774E-02, -0.0000000000000000E+00
  40,  78,  36,  1.5142540794675774E-02, -0.0000000000000000E+00
  40,  78,  37,  1.5142540794675774E-02, -0.0000000000000000E+00
  40,  78,  38,  1.5142540794675774E-02, -0.0000000000000000E+00
  40,  78,  39,  1.5142540794675774E-02, -0.0000000000000000E+00
  40,  78,  40,  1.5142540794675774E-02, -0.0000000000000000E+00
  40,  78,  41,  1.5142540794675774E-02, -0.0000000000000000E+00
  40,  78,  42,  1.5142540794675774E-02, -0.0000000000000000E+00
  40,  78,  43,  1.5142540794675774E-02, -0.0000000000000000E+00
  40,  78,  44,  1.5142540794675774E-02, -0.0000000000000000E+00
  40,  78,  45,  1.5142540794675774E-02, -0.0000000000000000E+00
  40,  78,  46,  1.5142540794675774E-02, -0.0000000000000000E+00
  40,  78,  47,  1.5142540794675774E-02, -0.0000000000000000E+00
  40,  78,  48,  1.5142540794675774E-02, -0.0000000000000000E+00
  40,  78,  49,  1.5142540794675774E-02, -0.0000000000000000E+00
  40,  78,  50,  1.5142540794675774E-02, -0.0000000000000000E+00
  40,  78,  51,  1.5142540794675774E-02, -0.0000000000000000E+00
  40,  78,  52,  1.5142540794675774E-02, -0.0000000000000000E+00
  40,  78,  53,  1.5142540794675774E-02, -0.0000000000000000E+00
  40,  78,  54,  1.5142540794675774E-02, -0.0000000000000000E+00
  40,  78,  55,  1.5142540794675774E-02, -0.0000000000000000E+00
  40,  78,  56,  1.5142540794675774E-02, -0.0000000000000000E+00
  40,  78,  57,  1.5142540794675774E-02, -0.0000000000000000E+00
  40,  78,  58,  1.5142540794675774E-02, -0.0000000000000000E+00
  40,  78,  59,  1.5142540794675774E-02, -0.0000000000000000E+00
  40,  78,  60,  1.5142540794675774E-02, -0.0000000000000000E+00
  40,  78,  61,  1.5142540794675774E-02, -0.0000000000000000E+00
  40,  78,  62,  1.5142540794675774E-02, -0.0000000000000000E+00
  40,  78,  63,  1.5142540794675774E-02, -0.0000000000000000E+00
  40,  78,  64,  1.5142540794675774E-02, -0.0000000000000000E+00
  40,  78,  65,  1.5142540794675774E-02, -0.0000000000000000E+00
  40,  78,  66,  1.5142540794675774E-02, -0.0000000000000000E+00
  40,  78,  67,  1.5142540794675774E-02, -0.0000000000000000E+00
  40,  78,  68,  1.5142540794675774E-02, -0.0000000000000000E+00
  40,  78,  69,  1.5142540794675774E-02, -0.0000000000000000E+00
  40,  78,  70,  1.5142540794675774E-02, -0.0000000000000000E+00
  40,  78,  71,  1.5142540794675774E-02, -0.0000000000000000E+00
  40,  78,  72,  1.5142540794675774E-02, -0.0000000000000000E+00
  40,  78,  73,  1.5142540794675774E-02, -0.0000000000000000E+00
  40,  78,  74,  1.5142540794675774E-02, -0.0000000000000000E+00
  40,  78,  75,  1.5142540794675774E-02, -0.0000000000000000E+00
  40,  78,  76,  1.5142540794675774E-02, -0.0000000000000000E+00
  40,  78,  77,  1.5142540794675774E-02,  6.6039115466778682E+01
  40,  78,  78,  1.5142540794675774E-02, -0.0000000000000000E+00
  40,  78,  79,  1.5142540794675774E-02, -6.6039115466778682E+01
  40,  78,  80,  1.5142540794675774E-02, -0.0000000000000000E+00
  40,  79,   1,  1.2732395447351628E+00, -0.0000000000000000E+00
  40,  79,   2,  1.2732395447351628E+00, -0.0000000000000000E+00
  40,  79,   3,  1.2732395447351628E+00, -0.0000000000000000E+00
  40,  79,   4,  1.2732395447351628E+00, -0.0000000000000000E+00
  40,  79,   5,  1.2732395447351628E+00, -0.0000000000000000E+00
  40,  79,   6,  1.2732395447351628E+00, -0.0000000000000000E+00
  40,  79,   7,  1.2732395447351628E+00, -0.0000000000000000E+00
  40,  79,   8,  1.2732395447351628E+00, -0.0000000000000000E+00
  40,  79,   9,  1.2732395447351628E+00, -0.0000000000000000E+00
  40,  79,  10,  1.2732395447351628E+00, -0.0000000000000000E+00
  40,  79,  11,  1.2732395447351628E+00, -0.0000000000000000E+00
  40,  79,  12,  1.2732395447351628E+00, -0.0000000000000000E+00
  40,  79,  13,  1.2732395447351628E+00, -0.0000000000000000E+00
  40,  79,  14,  1.2732395447351628E+00, -0.0000000000000000E+00
  40,  79,  15,  1.2732395447351628E+00, -0.0000000000000000E+00
  40,  79,  16,  1.2732395447351628E+00, -0.0000000000000000E+00
  40,  79,  17,  1.2732395447351628E+00, -0.0000000000000000E+00
  40,  79,  18,  1.2732395447351628E+00, -0.0000000000000000E+00
  40,  79,  19,  1.2732395447351628E+00, -0.0000000000000000E+00
  40,  79,  20,  1.2732395447351628E+00, -0.0000000000000000E+00
  40,  79,  21,  1.2732395447351628E+00, -0.0000000000000000E+00
  40,  79,  22,  1.2732395447351628E+00, -0.0000000000000000E+00
  40,  79,  23,  1.2732395447351628E+00, -0.0000000000000000E+00
  40,  79,  24,  1.2732395447351628E+00, -0.0000000000000000E+00
  40,  79,  25,  1.2732395447351628E+00, -0.0000000000000000E+00
  40,  79,  26,  1.2732395447351628E+00, -0.0000000000000000E+00
  40,  79,  27,  1.2732395447351628E+00, -0.0000000000000000E+00
  40,  79,  28,  1.2732395447351628E+00, -0.0000000000000000E+00
  40,  79,  29,  1.2732395447351628E+00, -0.0000000000000000E+00
  40,  79,  30,  1.2732395447351628E+00, -0.0000000000000000E+00
  40,  79,  31,  1.2732395447351628E+00, -0.0000000000000000E+00
  40,  79,  32,  1.2732395447351628E+00, -0.0000000000000000E+00
  40,  79,  33,  1.2732395447351628E+00, -0.0000000000000000E+00
  40,  79,  34,  1.2732395447351628E+00, -0.0000000000000000E+00
  40,  79,  35,  1.2732395447351628E+00, -0.0000000000000000E+00
  40,  79,  36,  1.2732395447351628E+00, -0.0000000000000000E+00
  40,  79,  37,  1.2732395447351628E+00, -0.0000000000000000E+00
  40,  79,  38,  1.2732395447351628E+00, -0.0000000000000000E+00
  40,  79,  39,  1.2732395447351628E+00, -0.0000000000000000E+00
  40,  79,  40,  1.2732395447351628E+00, -0.0000000000000000E+00
  40,  79,  41,  1.2732395447351628E+00, -0.0000000000000000E+00
  40,  79,  42,  1.2732395447351628E+00, -0.0000000000000000E+00
  40,  79,  43,  1.2732395447351628E+00, -0.0000000000000000E+00
  40,  79,  44,  1.2732395447351628E+00, -0.0000000000000000E+00
  40,  79,  45,  1.2732395447351628E+00, -0.0000000000000000E+00
  40,  79,  46,  1.2732395447351628E+00, -0.0000000000000000E+00
  40,  79,  47,  1.2732395447351628E+00, -0.0000000000000000E+00
  40,  79,  48,  1.2732395447351628E+00, -0.0000000000000000E+00
  40,  79,  49,  1.2732395447351628E+00, -0.0000000000000000E+00
  40,  79,  50,  1.2732395447351628E+00, -0.0000000000000000E+00
  40,  79,  51,  1.2732395447351628E+00, -0.0000000000000000E+00
  40,  79,  52,  1.2732395447351628E+00, -0.0000000000000000E+00
  40,  79,  53,  1.2732395447351628E+00, -0.0000000000000000E+00
  40,  79,  54,  1.2732395447351628E+00, -0.0000000000000000E+00
  40,  79,  55,  1.2732395447351628E+00, -0.0000000000000000E+00
  40,  79,  56,  1.2732395447351628E+00, -0.0000000000000000E+00
  40,  79,  57,  1.2732395447351628E+00, -0.0000000000000000E+00
  40,  79,  58,  1.2732395447351628E+00, -0.0000000000000000E+00
  40,  79,  59,  1.2732395447351628E+00, -0.0000000000000000E+00
  40,  79,  60,  1.2732395447351628E+00, -0.0000000000000000E+00
  40,  79,  61,  1.2732395447351628E+00, -0.0000000000000000E+00
  40,  79,  62,  1.2732395447351628E+00, -0.0000000000000000E+00
  40,  79,  63,  1.2732395447351628E+00, -0.0000000000000000E+00
  40,  79,  64,  1.2732395447351628E+00, -0.0000000000000000E+00
  40,  79,  65,  1.2732395447351628E+00, -0.0000000000000000E+00
  40,  79,  66,  1.2732395447351628E+00, -0.0000000000000000E+00
  40,  79,  67,  1.2732395447351628E+00, -0.0000000000000000E+00
  40,  79,  68,  1.2732395447351628E+00, -0.0000000000000000E+00
  40,  79,  69,  1.2732395447351628E+00, -0.0000000000000000E+00
  40,  79,  70,  1.2732395447351628E+00, -0.0000000000000000E+00
  40,  79,  71,  1.2732395447351628E+00, -0.0000000000000000E+00
  40,  79,  72,  1.2732395447351628E+00, -0.0000000000000000E+00
  40,  79,  73,  1.2732395447351628E+00, -0.0000000000000000E+00
  40,  79,  74,  1.2732395447351628E+00, -0.0000000000000000E+00
  40,  79,  75,  1.2732395447351628E+00, -0.0000000000000000E+00
  40,  79,  76,  1.2732395447351628E+00, -0.0000000000000000E+00
  40,  79,  77,  1.2732395447351628E+00, -0.0000000000000000E+00
  40,  79,  78,  1.2732395447351628E+00,  3.1423076832350988E-04
  40,  79,  79,  1.2732395447351628E+00, -2.2168066199926350E-02
  40,  79,  80,  1.2732395447351628E+00, -3.1408776239444879E-04
  40,  80,   1,  7.5712703973378872E-03, -0.0000000000000000E+00
  40,  80,   2,  7.5712703973378872E-03, -0.0000000000000000E+00
  40,  80,   3,  7.5712703973378872E-03, -0.0000000000000000E+00
  40,  80,   4,  7.5712703973378872E-03, -0.0000000000000000E+00
  40,  80,   5,  7.5712703973378872E-03, -0.0000000000000000E+00
  40,  80,   6,  7.5712703973378872E-03, -0.0000000000000000E+00
  40,  80,   7,  7.5712703973378872E-03, -0.0000000000000000E+00
  40,  80,   8,  7.5712703973378872E-03, -0.0000000000000000E+00
  40,  80,   9,  7.5712703973378872E-03, -0.0000000000000000E+00
  40,  80,  10,  7.5712703973378872E-03, -0.0000000000000000E+00
  40,  80,  11,  7.5712703973378872E-03, -0.0000000000000000E+00
  40,  80,  12,  7.5712703973378872E-03, -0.0000000000000000E+00
  40,  80,  13,  7.5712703973378872E-03, -0.0000000000000000E+00
  40,  80,  14,  7.5712703973378872E-03, -0.0000000000000000E+00
  40,  80,  15,  7.5712703973378872E-03, -0.0000000000000000E+00
  40,  80,  16,  7.5712703973378872E-03, -0.0000000000000000E+00
  40,  80,  17,  7.5712703973378872E-03, -0.0000000000000000E+00
  40,  80,  18,  7.5712703973378872E-03, -0.0000000000000000E+00
  40,  80,  19,  7.5712703973378872E-03, -0.0000000000000000E+00
  40,  80,  20,  7.5712703973378872E-03, -0.0000000000000000E+00
  40,  80,  21,  7.5712703973378872E-03, -0.0000000000000000E+00
  40,  80,  22,  7.5712703973378872E-03, -0.0000000000000000E+00
  40,  80,  23,  7.5712703973378872E-03, -0.0000000000000000E+00
  40,  80,  24,  7.5712703973378872E-03, -0.0000000000000000E+00
  40,  80,  25,  7.5712703973378872E-03, -0.0000000000000000E+00
  40,  80,  26,  7.5712703973378872E-03, -0.0000000000000000E+00
  40,  80,  27,  7.5712703973378872E-03, -0.0000000000000000E+00
  40,  80,  28,  7.5712703973378872E-03, -0.0000000000000000E+00
  40,  80,  29,  7.5712703973378872E-03, -0.0000000000000000E+00
  40,  80,  30,  7.5712703973378872E-03, -0.0000000000000000E+00
  40,  80,  31,  7.5712703973378872E-03, -0.0000000000000000E+00
  40,  80,  32,  7.5712703973378872E-03, -0.0000000000000000E+00
  40,  80,  33,  7.5712703973378872E-03, -0.0000000000000000E+00
  40,  80,  34,  7.5712703973378872E-03, -0.0000000000000000E+00
  40,  80,  35,  7.5712703973378872E-03, -0.0000000000000000E+00
  40,  80,  36,  7.5712703973378872E-03, -0.0000000000000000E+00
  40,  80,  37,  7.5712703973378872E-03, -0.0000000000000000E+00
  40,  80,  38,  7.5712703973378872E-03, -0.0000000000000000E+00
  40,  80,  39,  7.5712703973378872E-03, -0.0000000000000000E+00
  40,  80,  40,  7.5712703973378872E-03, -0.0000000000000000E+00
  40,  80,  41,  7.5712703973378872E-03, -0.0000000000000000E+00
  40,  80,  42,  7.5712703973378872E-03, -0.0000000000000000E+00
  40,  80,  43,  7.5712703973378872E-03, -0.0000000000000000E+00
  40,  80,  44,  7.5712703973378872E-03, -0.0000000000000000E+00
  40,  80,  45,  7.5712703973378872E-03, -0.0000000000000000E+00
  40,  80,  46,  7.5712703973378872E-03, -0.0000000000000000E+00
  40,  80,  47,  7.5712703973378872E-03, -0.0000000000000000E+00
  40,  80,  48,  7.5712703973378872E-03, -0.0000000000000000E+00
  40,  80,  49,  7.5712703973378872E-03, -0.0000000000000000E+00
  40,  80,  50,  7.5712703973378872E-03, -0.0000000000000000E+00
  40,  80,  51,  7.5712703973378872E-03, -0.0000000000000000E+00
  40,  80,  52,  7.5712703973378872E-03, -0.0000000000000000E+00
  40,  80,  53,  7.5712703973378872E-03, -0.0000000000000000E+00
  40,  80,  54,  7.5712703973378872E-03, -0.0000000000000000E+00
  40,  80,  55,  7.5712703973378872E-03, -0.0000000000000000E+00
  40,  80,  56,  7.5712703973378872E-03, -0.0000000000000000E+00
  40,  80,  57,  7.5712703973378872E-03, -0.0000000000000000E+00
  40,  80,  58,  7.5712703973378872E-03, -0.0000000000000000E+00
  40,  80,  59,  7.5712703973378872E-03, -0.0000000000000000E+00
  40,  80,  60,  7.5712703973378872E-03, -0.0000000000000000E+00
  40,  80,  61,  7.5712703973378872E-03, -0.0000000000000000E+00
  40,  80,  62,  7.5712703973378872E-03, -0.0000000000000000E+00
  40,  80,  63,  7.5712703973378872E-03, -0.0000000000000000E+00
  40,  80,  64,  7.5712703973378872E-03, -0.0000000000000000E+00
  40,  80,  65,  7.5712703973378872E-03, -0.0000000000000000E+00
  40,  80,  66,  7.5712703973378872E-03, -0.0000000000000000E+00
  40,  80,  67,  7.5712703973378872E-03, -0.0000000000000000E+00
  40,  80,  68,  7.5712703973378872E-03, -0.0000000000000000E+00
  40,  80,  69,  7.5712703973378872E-03, -0.0000000000000000E+00
  40,  80,  70,  7.5712703973378872E-03, -0.0000000000000000E+00
  40,  80,  71,  7.5712703973378872E-03, -0.0000000000000000E+00
  40,  80,  72,  7.5712703973378872E-03, -0.0000000000000000E+00
  40,  80,  73,  7.5712703973378872E-03, -0.0000000000000000E+00
  40,  80,  74,  7.5712703973378872E-03, -0.0000000000000000E+00
  40,  80,  75,  7.5712703973378872E-03, -0.0000000000000000E+00
  40,  80,  76,  7.5712703973378872E-03, -0.0000000000000000E+00
  40,  80,  77,  7.5712703973378872E-03, -0.0000000000000000E+00
  40,  80,  78,  7.5712703973378872E-03, -0.0000000000000000E+00
  40,  80,  79,  7.5712703973378872E-03,  1.3207823093355736E+02
  40,  80,  80,  7.5712703973378872E-03, -0.0000000000000000E+00
