case_id,forcing,n,dt,theta,time,p25_pa,p50_pa,p75_pa,pout_pa,min_kg_s,linepack_kg,step_mass_defect_kg,cum_mass_defect_kg
    1,1, 20,   15.000, 0.50,       0.000,  7.964770372286E+06,  7.929384223663E+06,  7.893839449198E+06,  7.858133896350E+06,  1.000000000000E+02,  4.802776587486E+06,  0.000000000000E+00,  0.000000000000E+00
    1,1, 20,   15.000, 0.50,      15.000,  7.964770372286E+06,  7.929384223624E+06,  7.893839188802E+06,  7.856382338820E+06,  1.000000000000E+02,  4.802739087486E+06,  9.347331797471E-10,  9.347331797471E-10
    1,1, 20,   15.000, 0.50,      30.000,  7.964770372285E+06,  7.929384222563E+06,  7.893835492794E+06,  7.854500948343E+06,  1.000000000000E+02,  4.802664087486E+06,  6.714628852933E-12,  9.414407031727E-10
    1,1, 20,   15.000, 0.50,      45.000,  7.964770372281E+06,  7.929384208633E+06,  7.893811290620E+06,  7.854885097609E+06,  1.000000000000E+02,  4.802589087486E+06, -4.124700581087E-11,  9.002008027892E-10
    1,1, 20,   15.000, 0.50,      60.000,  7.964770372222E+06,  7.929384091938E+06,  7.893715090057E+06,  7.855143493344E+06,  1.000000000001E+02,  4.802514087486E+06, -9.342926432510E-10, -3.410605131648E-11
    1,1, 20,   15.000, 0.50,      75.000,  7.964770371673E+06,  7.929383392635E+06,  7.893458986273E+06,  7.854325453324E+06,  1.000000000015E+02,  4.802439087486E+06,  1.748148292791E-09,  1.714056452329E-09
    1,1, 20,   15.000, 0.50,      90.000,  7.964770367720E+06,  7.929380210039E+06,  7.892986579856E+06,  7.853754277879E+06,  1.000000000149E+02,  4.802364087486E+06, -2.622329020596E-10,  1.451837761124E-09
    1,1, 20,   15.000, 0.50,     105.000,  7.964770344785E+06,  7.929368819181E+06,  7.892390687339E+06,  7.853900831414E+06,  1.000000001200E+02,  4.802289087487E+06, -1.022151252528E-09,  4.296794031688E-10
    1,1, 20,   15.000, 0.50,     120.000,  7.964770234757E+06,  7.929336091134E+06,  7.891919771668E+06,  7.853805642727E+06,  1.000000008078E+02,  4.802214087494E+06, -5.963087801319E-10, -1.666649040999E-10
    1,1, 20,   15.000, 0.50,     135.000,  7.964769790528E+06,  7.929259801325E+06,  7.891756230071E+06,  7.853245847603E+06,  1.000000046460E+02,  4.802139087535E+06,  1.842288099851E-09,  1.675630301179E-09
    1,1, 20,   15.000, 0.50,     150.000,  7.964768262334E+06,  7.929115230332E+06,  7.891779301137E+06,  7.852949300172E+06,  1.000000231515E+02,  4.802064087744E+06, -1.789281611764E-09, -1.136868377216E-10
    1,1, 20,   15.000, 0.50,     165.000,  7.964763745430E+06,  7.928894096941E+06,  7.891680791860E+06,  7.852986587842E+06,  1.000001010801E+02,  4.801989088675E+06,  1.622801448775E-09,  1.509079083917E-09
    1,1, 20,   15.000, 0.50,     180.000,  7.964752216532E+06,  7.928626387675E+06,  7.891361013618E+06,  7.852794046249E+06,  1.000003900063E+02,  4.801914092359E+06, -8.631104719825E-10,  6.459686119342E-10
    1,1, 20,   15.000, 0.50,     195.000,  7.964726753102E+06,  7.928379883773E+06,  7.891047119992E+06,  7.852390404530E+06,  1.000013387422E+02,  4.801839105324E+06, -1.426343487765E-09, -7.803464541212E-10
    1,1, 20,   15.000, 0.50,     210.000,  7.964678133030E+06,  7.928219309935E+06,  7.890929036743E+06,  7.852208921202E+06,  1.000041094225E+02,  4.801764146185E+06,  1.631072166219E-09,  8.507186066709E-10
    1,1, 20,   15.000, 0.50,     225.000,  7.964598223926E+06,  7.928148544755E+06,  7.890876742227E+06,  7.852175266645E+06,  1.000113244964E+02,  4.801689261940E+06, -2.089919348691E-10,  6.416485121008E-10
    1,1, 20,   15.000, 0.50,     240.000,  7.964486138559E+06,  7.928097184145E+06,  7.890686664453E+06,  7.851957332480E+06,  1.000280962414E+02,  4.801614557595E+06, -6.277858233261E-10,  1.386979420204E-11
    1,1, 20,   15.000, 0.50,     255.000,  7.964353825469E+06,  7.927984600573E+06,  7.890419410569E+06,  7.851658260266E+06,  1.000628798788E+02,  4.801540239916E+06,  1.906805380258E-09,  1.920625436469E-09
    1,1, 20,   15.000, 0.50,     270.000,  7.964225023699E+06,  7.927804724889E+06,  7.890259694642E+06,  7.851527338789E+06,  1.001270918818E+02,  4.801466664704E+06, -7.101874643922E-10,  1.210537448060E-09
    1,1, 20,   15.000, 0.50,     285.000,  7.964123807391E+06,  7.927630023437E+06,  7.890186025820E+06,  7.851447152895E+06,  1.002321205555E+02,  4.801394358798E+06, -1.860271936494E-10,  1.024545781547E-09
    1,1, 20,   15.000, 0.50,     300.000,  7.964057863578E+06,  7.927519746768E+06,  7.890039302062E+06,  7.851233241503E+06,  1.003831785845E+02,  4.801323973541E+06, -5.704450245503E-10,  4.540652298601E-10
    1,1, 20,   15.000, 0.50,     315.000,  7.964010607887E+06,  7.927446270103E+06,  7.889820362414E+06,  7.851004992372E+06,  1.005719446049E+02,  4.801256136965E+06,  1.337781441180E-09,  1.791931936168E-09
    1,1, 20,   15.000, 0.50,     330.000,  7.963953471294E+06,  7.927339388479E+06,  7.889662502144E+06,  7.850894257476E+06,  1.007731007746E+02,  4.801191224806E+06, -1.879882916000E-10,  1.603893906577E-09
    1,1, 20,   15.000, 0.50,     345.000,  7.963871728248E+06,  7.927186456063E+06,  7.889573029406E+06,  7.850785630935E+06,  1.009506204699E+02,  4.801129152715E+06, -6.394813567567E-10,  9.645191312302E-10
    1,1, 20,   15.000, 0.50,     360.000,  7.963779588849E+06,  7.927043970844E+06,  7.889440322910E+06,  7.850587734761E+06,  1.010748150012E+02,  4.801069343481E+06, -9.052314453584E-12,  9.554241842125E-10
    1,1, 20,   15.000, 0.50,     375.000,  7.963706118123E+06,  7.926947903773E+06,  7.889254668394E+06,  7.850406750824E+06,  1.011416321182E+02,  4.801010966834E+06, -1.141216898759E-09, -1.857642928371E-10
    1,1, 20,   15.000, 0.50,     390.000,  7.963663978517E+06,  7.926863170115E+06,  7.889109025737E+06,  7.850301984602E+06,  1.011789236110E+02,  4.800953371002E+06,  6.779075079066E-10,  4.920366336592E-10
    1,1, 20,   15.000, 0.50,     405.000,  7.963635483531E+06,  7.926746466753E+06,  7.889011704636E+06,  7.850178156572E+06,  1.012297347054E+02,  4.800896435940E+06, -5.413269832388E-10, -4.934008757118E-11
    1,1, 20,   15.000, 0.50,     420.000,  7.963593244162E+06,  7.926615308303E+06,  7.888884810906E+06,  7.849999795789E+06,  1.013208786205E+02,  4.800840565540E+06,  1.598515098067E-09,  1.549096850795E-09
    1,1, 20,   15.000, 0.50,     435.000,  7.963531040027E+06,  7.926513513235E+06,  7.888722589304E+06,  7.849849637960E+06,  1.014419654043E+02,  4.800786286870E+06, -8.075105029093E-10,  7.416929292958E-10
    1,1, 20,   15.000, 0.50,     450.000,  7.963466929347E+06,  7.926438457873E+06,  7.888590306818E+06,  7.849744956011E+06,  1.015560057370E+02,  4.800733771653E+06, -2.660698328327E-10,  4.756657290272E-10
    1,1, 20,   15.000, 0.50,     465.000,  7.963416581205E+06,  7.926351958883E+06,  7.888490835680E+06,  7.849615179120E+06,  1.016347798479E+02,  4.800682702545E+06, -5.952713877377E-10, -1.195985532831E-10
    1,1, 20,   15.000, 0.50,     480.000,  7.963374161892E+06,  7.926247335008E+06,  7.888369877424E+06,  7.849455849753E+06,  1.016853573829E+02,  4.800632603574E+06,  1.338158028830E-09,  1.218722900376E-09
    1,1, 20,   15.000, 0.50,     495.000,  7.963325576476E+06,  7.926154564921E+06,  7.888228004745E+06,  7.849325602053E+06,  1.017400305654E+02,  4.800583293984E+06,  3.611475563048E-10,  1.579792296980E-09
    1,1, 20,   15.000, 0.50,     510.000,  7.963271505551E+06,  7.926082593630E+06,  7.888111085678E+06,  7.849219869162E+06,  1.018200918873E+02,  4.800534994903E+06, -1.153210860139E-10,  1.464286469854E-09
    1,1, 20,   15.000, 0.50,     525.000,  7.963224965413E+06,  7.926005163774E+06,  7.888016443695E+06,  7.849091037317E+06,  1.019138419935E+02,  4.800487999407E+06, -4.375309003990E-10,  1.026819518302E-09
    1,1, 20,   15.000, 0.50,     540.000,  7.963188926648E+06,  7.925909880796E+06,  7.887906024275E+06,  7.848949841024E+06,  1.019935392933E+02,  4.800442304766E+06, -8.919940341912E-10,  1.346052158624E-10
    1,1, 20,   15.000, 0.50,     555.000,  7.963150598063E+06,  7.925818209282E+06,  7.887784247178E+06,  7.848834540306E+06,  1.020497065093E+02,  4.800397629110E+06,  4.680060783357E-10,  6.025402399246E-10
    1,1, 20,   15.000, 0.50,     570.000,  7.963101632998E+06,  7.925744970699E+06,  7.887681800685E+06,  7.848731398661E+06,  1.021004164794E+02,  4.800353755032E+06,  3.610267640397E-11,  6.384652806446E-10
    1,1, 20,   15.000, 0.50,     585.000,  7.963051570514E+06,  7.925675044391E+06,  7.887591620814E+06,  7.848611232425E+06,  1.021657038400E+02,  4.800310750935E+06,  9.504219633527E-10,  1.588887243997E-09
    1,1, 20,   15.000, 0.50,     600.000,  7.963012844109E+06,  7.925594860672E+06,  7.887487610338E+06,  7.848489968491E+06,  1.022421099586E+02,  4.800268809538E+06, -1.861366172307E-09, -2.723936631810E-10
    1,1, 20,   15.000, 0.50,     615.000,  7.962981599847E+06,  7.925515184687E+06,  7.887377336938E+06,  7.848389691295E+06,  1.023102872030E+02,  4.800227952517E+06,  1.812431094095E-09,  1.540229277452E-09
    1,1, 20,   15.000, 0.50,     630.000,  7.962944635268E+06,  7.925446626669E+06,  7.887282290220E+06,  7.848293779030E+06,  1.023626823517E+02,  4.800187999788E+06, -5.219220611252E-10,  1.018179318635E-09
    1,1, 20,   15.000, 0.50,     645.000,  7.962900096136E+06,  7.925379584421E+06,  7.887195148396E+06,  7.848185522322E+06,  1.024121677311E+02,  4.800148811164E+06,  1.696989215816E-10,  1.187800080515E-09
    1,1, 20,   15.000, 0.50,     660.000,  7.962858741387E+06,  7.925304825554E+06,  7.887099526862E+06,  7.848080107737E+06,  1.024717261871E+02,  4.800110440368E+06,  7.063150064823E-10,  1.894022716442E-09
    1,1, 20,   15.000, 0.50,     675.000,  7.962825900722E+06,  7.925231340138E+06,  7.887003497882E+06,  7.847988355422E+06,  1.025364720201E+02,  4.800073001855E+06, -7.215703590191E-10,  1.172338670585E-09
    1,1, 20,   15.000, 0.50,     690.000,  7.962794413399E+06,  7.925168216652E+06,  7.886919681560E+06,  7.847895585279E+06,  1.025931233937E+02,  4.800036473821E+06,  6.419540454772E-10,  1.814441930037E-09
    1,1, 20,   15.000, 0.50,     705.000,  7.962757806147E+06,  7.925107840784E+06,  7.886839221474E+06,  7.847794941771E+06,  1.026402663373E+02,  4.800000724244E+06, -1.543810412841E-09,  2.705746737774E-10
    1,1, 20,   15.000, 0.50,     720.000,  7.962719908834E+06,  7.925041301061E+06,  7.886751572784E+06,  7.847700182442E+06,  1.026887677117E+02,  4.799965691999E+06,  7.911538091321E-10,  1.061835064320E-09
    1,1, 20,   15.000, 0.50,     735.000,  7.962686599231E+06,  7.924974227294E+06,  7.886664903522E+06,  7.847615755186E+06,  1.027441041317E+02,  4.799931438538E+06, -8.249898542090E-10,  2.369233698118E-10
    1,1, 20,   15.000, 0.50,     750.000,  7.962656217217E+06,  7.924914518814E+06,  7.886587482239E+06,  7.847529912106E+06,  1.027990668304E+02,  4.799898012320E+06, -7.030678261799E-10, -4.661160346586E-10
    1,1, 20,   15.000, 0.50,     765.000,  7.962624127006E+06,  7.924858229392E+06,  7.886512017774E+06,  7.847440366542E+06,  1.028465007733E+02,  4.799865354077E+06,  1.223824597218E-09,  7.576090865768E-10
    1,1, 20,   15.000, 0.50,     780.000,  7.962590913124E+06,  7.924799003309E+06,  7.886432426856E+06,  7.847356548649E+06,  1.028901987830E+02,  4.799833379324E+06, -7.925180511847E-10, -3.501554601826E-11
    1,1, 20,   15.000, 0.50,     795.000,  7.962559982174E+06,  7.924739720003E+06,  7.886355141006E+06,  7.847278330888E+06,  1.029374962077E+02,  4.799802087036E+06,  1.959037376764E-10,  1.609805622138E-10
    1,1, 20,   15.000, 0.50,     810.000,  7.962531061639E+06,  7.924684962019E+06,  7.886284169562E+06,  7.847197584000E+06,  1.029874188172E+02,  4.799771523899E+06, -2.708588908718E-11,  1.336957211606E-10
    1,1, 20,   15.000, 0.50,     825.000,  7.962501643225E+06,  7.924631984367E+06,  7.886213590949E+06,  7.847115810597E+06,  1.030334627897E+02,  4.799741680511E+06, -4.814779686058E-10, -3.478817234281E-10
    1,1, 20,   15.000, 0.50,     840.000,  7.962472065658E+06,  7.924577350816E+06,  7.886140922216E+06,  7.847040041337E+06,  1.030746636736E+02,  4.799712491459E+06,  6.944844699319E-10,  3.465174813755E-10
    1,1, 20,   15.000, 0.50,     855.000,  7.962444292580E+06,  7.924523836980E+06,  7.886071596684E+06,  7.846968229369E+06,  1.031162821135E+02,  4.799683923553E+06, -9.216520879818E-10, -5.752553988714E-10
    1,1, 20,   15.000, 0.50,     870.000,  7.962417758974E+06,  7.924474121526E+06,  7.886006924483E+06,  7.846894533099E+06,  1.031604469692E+02,  4.799655999021E+06,  9.016787316796E-11, -4.852154233959E-10
    1,1, 20,   15.000, 0.50,     885.000,  7.962390665089E+06,  7.924425346028E+06,  7.885941776684E+06,  7.846820982157E+06,  1.032032079173E+02,  4.799628726433E+06, -7.555911452073E-11, -5.607034836430E-10
    1,1, 20,   15.000, 0.50,     900.000,  7.962363640418E+06,  7.924375218202E+06,  7.885875356406E+06,  7.846751825227E+06,  1.032418791116E+02,  4.799602064585E+06,  1.100922020214E-09,  5.402398528531E-10
    1,1, 20,   15.000, 0.50,     915.000,  7.962338374676E+06,  7.924326503261E+06,  7.885812153077E+06,  7.846684803741E+06,  1.032792595923E+02,  4.799575973126E+06, -8.068852253018E-10, -2.664819476195E-10
    1,1, 20,   15.000, 0.50,     930.000,  7.962314182637E+06,  7.924281206913E+06,  7.885752592049E+06,  7.846616957452E+06,  1.033182580029E+02,  4.799550454507E+06, -2.839826152012E-10, -5.502442945726E-10
    1,1, 20,   15.000, 0.50,     945.000,  7.962289360384E+06,  7.924236688349E+06,  7.885692928503E+06,  7.846550739861E+06,  1.033571552260E+02,  4.799525520107E+06, -5.335465402823E-11, -6.034497346263E-10
    1,1, 20,   15.000, 0.50,     960.000,  7.962264520676E+06,  7.924191020509E+06,  7.885632984060E+06,  7.846488098799E+06,  1.033932547848E+02,  4.799501148182E+06,  1.450892739285E-09,  8.476490620524E-10
    1,1, 20,   15.000, 0.50,     975.000,  7.962241355175E+06,  7.924146453630E+06,  7.885575584522E+06,  7.846426354205E+06,  1.034276025225E+02,  4.799477304612E+06, -7.743921059955E-10,  7.321432349272E-11
    1,1, 20,   15.000, 0.50,     990.000,  7.962219357438E+06,  7.924104702901E+06,  7.885520447165E+06,  7.846364055634E+06,  1.034626993417E+02,  4.799453981876E+06, -5.443681061479E-10, -4.711182555184E-10
    1,1, 20,   15.000, 0.50,    1005.000,  7.962196839696E+06,  7.924063899253E+06,  7.885465390202E+06,  7.846303728165E+06,  1.034980807991E+02,  4.799431187727E+06, -1.574420593897E-10, -6.284608389251E-10
    1,1, 20,   15.000, 0.50,    1020.000,  7.962174112969E+06,  7.924022551655E+06,  7.885411043600E+06,  7.846246390986E+06,  1.035315610051E+02,  4.799408910040E+06,  5.851248374711E-10, -4.320099833421E-11
    1,1, 20,   15.000, 0.50,    1035.000,  7.962152745779E+06,  7.923982098136E+06,  7.885359057142E+06,  7.846189775946E+06,  1.035632064098E+02,  4.799387120796E+06,  3.974776063842E-11, -3.637978807092E-12
    1,1, 20,   15.000, 0.50,    1050.000,  7.962132557571E+06,  7.923943656656E+06,  7.885308460336E+06,  7.846133140206E+06,  1.035948745990E+02,  4.799365806403E+06, -8.516209959453E-10, -8.553797670174E-10
    1,1, 20,   15.000, 0.50,    1065.000,  7.962112095820E+06,  7.923906032219E+06,  7.885257856810E+06,  7.846078279725E+06,  1.036267822181E+02,  4.799344968829E+06,  9.422009839000E-10,  8.685674401931E-11
    1,1, 20,   15.000, 0.50,    1080.000,  7.962091410626E+06,  7.923868376451E+06,  7.885208283495E+06,  7.846025528771E+06,  1.036574456936E+02,  4.799324600539E+06,  5.715605766454E-11,  1.441549102310E-10
    1,1, 20,   15.000, 0.50,    1095.000,  7.962071796463E+06,  7.923831640896E+06,  7.885160852569E+06,  7.845973426478E+06,  1.036865731672E+02,  4.799304680680E+06, -1.086711165499E-09, -9.426912583876E-10
    1,1, 20,   15.000, 0.50,    1110.000,  7.962053271272E+06,  7.923796381880E+06,  7.885114491412E+06,  7.845921926454E+06,  1.037154325022E+02,  4.799285195723E+06,  5.972609073979E-10, -3.456079866737E-10
    1,1, 20,   15.000, 0.50,    1125.000,  7.962034654897E+06,  7.923761777769E+06,  7.885068254513E+06,  7.845872134074E+06,  1.037444258045E+02,  4.799266144660E+06,  4.230287231621E-10,  7.730704965070E-11
    1,1, 20,   15.000, 0.50,    1140.000,  7.962015826887E+06,  7.923727449822E+06,  7.885023076926E+06,  7.845823763254E+06,  1.037725285757E+02,  4.799247521818E+06, -3.131290782221E-10, -2.360138751101E-10
    1,1, 20,   15.000, 0.50,    1155.000,  7.961997797111E+06,  7.923694047853E+06,  7.884979642551E+06,  7.845775867545E+06,  1.037993082142E+02,  4.799229310594E+06,  9.769109965418E-10,  7.407834345941E-10
    1,1, 20,   15.000, 0.50,    1170.000,  7.961980725375E+06,  7.923661734030E+06,  7.884937084825E+06,  7.845728865754E+06,  1.038256042613E+02,  4.799211497437E+06,  5.111999712426E-10,  1.251919456990E-09
    1,1, 20,   15.000, 0.50,    1185.000,  7.961963744451E+06,  7.923629928325E+06,  7.884894879270E+06,  7.845683505743E+06,  1.038518841151E+02,  4.799194078600E+06, -1.069764721251E-09,  1.823536877055E-10
    1,1, 20,   15.000, 0.50,    1200.000,  7.961946658928E+06,  7.923598583811E+06,  7.884853739032E+06,  7.845639235908E+06,  1.038775233119E+02,  4.799177049156E+06,  6.141220865175E-11,  2.437445800751E-10
    1,1, 20,   15.000, 0.50,    1215.000,  7.961930175432E+06,  7.923568175025E+06,  7.884813971640E+06,  7.845595382015E+06,  1.039021245637E+02,  4.799160396515E+06,  4.004405695923E-10,  6.443769962061E-10
    1,1, 20,   15.000, 0.50,    1230.000,  7.961914463956E+06,  7.923538605973E+06,  7.884774924716E+06,  7.845552455394E+06,  1.039262091299E+02,  4.799144109018E+06, -1.203659394378E-11,  6.325535650831E-10
    1,1, 20,   15.000, 0.50,    1245.000,  7.961898915742E+06,  7.923509420415E+06,  7.884736389660E+06,  7.845510971418E+06,  1.039501504720E+02,  4.799128181715E+06, -3.235101075916E-11,  6.002665031701E-10
    1,1, 20,   15.000, 0.50,    1260.000,  7.961883358738E+06,  7.923480756616E+06,  7.884698882536E+06,  7.845470421187E+06,  1.039735384022E+02,  4.799112609381E+06,  6.011902087266E-10,  1.201442501042E-09
    1,1, 20,   15.000, 0.50,    1275.000,  7.961868292423E+06,  7.923453006699E+06,  7.884662464623E+06,  7.845430366148E+06,  1.039960569176E+02,  4.799097381346E+06,  1.318625209024E-10,  1.333319232799E-09
    1,1, 20,   15.000, 0.50,    1290.000,  7.961853862055E+06,  7.923425969631E+06,  7.884626671354E+06,  7.845391207691E+06,  1.040180683201E+02,  4.799082487285E+06, -3.492246491987E-10,  9.840732673183E-10
    1,1, 20,   15.000, 0.50,    1305.000,  7.961839637008E+06,  7.923399259394E+06,  7.884591485137E+06,  7.845353225585E+06,  1.040398886822E+02,  4.799067921963E+06, -2.005641874803E-09, -1.021362550091E-09
    1,1, 20,   15.000, 0.50,    1320.000,  7.961825469970E+06,  7.923373055626E+06,  7.884557251483E+06,  7.845316047814E+06,  1.040612502065E+02,  4.799053680505E+06,  2.924203101884E-09,  1.902662916109E-09
    1,1, 20,   15.000, 0.50,    1335.000,  7.961811700748E+06,  7.923347675963E+06,  7.884523893860E+06,  7.845279466636E+06,  1.040818893400E+02,  4.799039754051E+06, -2.833431267391E-09, -9.308678272646E-10
    1,1, 20,   15.000, 0.50,    1350.000,  7.961798445346E+06,  7.923322921888E+06,  7.884491108059E+06,  7.845243754409E+06,  1.041020313630E+02,  4.799026133457E+06,  1.815756434098E-09,  8.849383448251E-10
    1,1, 20,   15.000, 0.50,    1365.000,  7.961785416652E+06,  7.923298497139E+06,  7.884458980404E+06,  7.845208984816E+06,  1.041219206354E+02,  4.799012813097E+06, -8.338716384060E-10,  5.093170329928E-11
    1,1, 20,   15.000, 0.50,    1380.000,  7.961772506148E+06,  7.923274564041E+06,  7.884427717068E+06,  7.845174899181E+06,  1.041413997552E+02,  4.798999787999E+06,  5.124078938934E-10,  5.634319677483E-10
    1,1, 20,   15.000, 0.50,    1395.000,  7.961759933208E+06,  7.923251347749E+06,  7.884397168806E+06,  7.845141466598E+06,  1.041602870766E+02,  4.798987050651E+06, -5.683915560439E-10, -5.002220859751E-12
    1,1, 20,   15.000, 0.50,    1410.000,  7.961747772088E+06,  7.923228674071E+06,  7.884367150276E+06,  7.845108873422E+06,  1.041787312906E+02,  4.798974593288E+06,  6.704112820444E-10,  6.652953743469E-10
    1,1, 20,   15.000, 0.50,    1425.000,  7.961735834401E+06,  7.923206337014E+06,  7.884337797855E+06,  7.845077061144E+06,  1.041968990842E+02,  4.798962410516E+06, -1.214964129304E-09, -5.497895472217E-10
    1,1, 20,   15.000, 0.50,    1440.000,  7.961724052954E+06,  7.923184475314E+06,  7.884309225665E+06,  7.845045840996E+06,  1.042146784773E+02,  4.798950497348E+06,  1.305593855250E-09,  7.557900971733E-10
    1,1, 20,   15.000, 0.50,    1455.000,  7.961712569399E+06,  7.923163235658E+06,  7.884281261304E+06,  7.845015275321E+06,  1.042319452343E+02,  4.798938847026E+06, -3.475975063338E-10,  4.083631210960E-10
    1,1, 20,   15.000, 0.50,    1470.000,  7.961701422834E+06,  7.923142470971E+06,  7.884253794000E+06,  7.844985495788E+06,  1.042488148426E+02,  4.798927452726E+06,  9.481482265983E-10,  1.356511347694E-09
    1,1, 20,   15.000, 0.50,    1485.000,  7.961690488041E+06,  7.923122044786E+06,  7.884226965659E+06,  7.844956389609E+06,  1.042654130365E+02,  4.798916309435E+06, -9.935874345501E-10,  3.628883860074E-10
    1,1, 20,   15.000, 0.50,    1500.000,  7.961679728072E+06,  7.923102069255E+06,  7.884200834820E+06,  7.844927817504E+06,  1.042816577477E+02,  4.798905412466E+06, -1.591686782376E-10,  2.037268131971E-10
    1,1, 20,   15.000, 0.50,    1515.000,  7.961669234792E+06,  7.923082633967E+06,  7.884175242043E+06,  7.844899869987E+06,  1.042974542507E+02,  4.798894755806E+06,  3.243769697292E-10,  5.279616743792E-10
    1,1, 20,   15.000, 0.50,    1530.000,  7.961659024213E+06,  7.923063621164E+06,  7.884150121597E+06,  7.844872637621E+06,  1.043128844228E+02,  4.798884333346E+06, -6.786677886339E-10, -1.505213731434E-10
    1,1, 20,   15.000, 0.50,    1545.000,  7.961649012342E+06,  7.923044943554E+06,  7.884125592936E+06,  7.844846004603E+06,  1.043280442799E+02,  4.798874140312E+06,  1.434870000594E-10, -6.821210263297E-12
    1,1, 20,   15.000, 0.50,    1560.000,  7.961639180409E+06,  7.923026685268E+06,  7.884101681765E+06,  7.844819872190E+06,  1.043428825472E+02,  4.798864172263E+06,  1.621138778773E-09,  1.614353095647E-09
    1,1, 20,   15.000, 0.50,    1575.000,  7.961629587005E+06,  7.923008897159E+06,  7.884078261538E+06,  7.844794320793E+06,  1.043573343040E+02,  4.798854423889E+06, -1.206416300192E-09,  4.079083737452E-10
    1,1, 20,   15.000, 0.50,    1590.000,  7.961620235834E+06,  7.922991491720E+06,  7.884055294732E+06,  7.844769404590E+06,  1.043714547559E+02,  4.798844889807E+06,  2.769553475446E-10,  6.848495104350E-10
    1,1, 20,   15.000, 0.50,    1605.000,  7.961611072053E+06,  7.922974415403E+06,  7.884032865796E+06,  7.844745029131E+06,  1.043853085235E+02,  4.798835565532E+06, -7.151612635425E-11,  6.134541763458E-10
    1,1, 20,   15.000, 0.50,    1620.000,  7.961602086496E+06,  7.922957723963E+06,  7.884010979181E+06,  7.844721132414E+06,  1.043988619435E+02,  4.798826446810E+06,  1.743671873555E-11,  6.307345756795E-10
    1,1, 20,   15.000, 0.50,    1635.000,  7.961593313311E+06,  7.922941440798E+06,  7.883989546397E+06,  7.844697772195E+06,  1.044120771834E+02,  4.798817528854E+06, -1.758586165579E-09, -1.127773430198E-09
    1,1, 20,   15.000, 0.50,    1650.000,  7.961584749641E+06,  7.922925506572E+06,  7.883968549740E+06,  7.844674971551E+06,  1.044249974796E+02,  4.798808806914E+06,  9.503438036518E-10, -1.773514668457E-10
    1,1, 20,   15.000, 0.50,    1665.000,  7.961576362511E+06,  7.922909893082E+06,  7.883948039478E+06,  7.844652661591E+06,  1.044376646080E+02,  4.798800276879E+06,  1.614452571630E-09,  1.437001628801E-09
    1,1, 20,   15.000, 0.50,    1680.000,  7.961568148983E+06,  7.922894632716E+06,  7.883928005272E+06,  7.844630809290E+06,  1.044500513315E+02,  4.798791934749E+06, -1.865309684490E-09, -4.283720045350E-10
    1,1, 20,   15.000, 0.50,    1695.000,  7.961560125602E+06,  7.922879728628E+06,  7.883908391091E+06,  7.844609449784E+06,  1.044621352423E+02,  4.798783776148E+06,  3.988915864284E-10, -2.955857780762E-11
    1,1, 20,   15.000, 0.50,    1710.000,  7.961552284733E+06,  7.922865142281E+06,  7.883889192853E+06,  7.844588583611E+06,  1.044739532524E+02,  4.798775796812E+06,  4.387672447592E-10,  4.092726157978E-10
    1,1, 20,   15.000, 0.50,    1725.000,  7.961544608076E+06,  7.922850863170E+06,  7.883870434694E+06,  7.844568164639E+06,  1.044855354222E+02,  4.798767992977E+06, -9.643130738368E-10, -5.552465154324E-10
    1,1, 20,   15.000, 0.50,    1740.000,  7.961537097410E+06,  7.922836908124E+06,  7.883852097601E+06,  7.844548180217E+06,  1.044968600621E+02,  4.798760360943E+06,  8.441247700830E-12, -5.466063157655E-10
    1,1, 20,   15.000, 0.50,    1755.000,  7.961529758919E+06,  7.922823267982E+06,  7.883834148960E+06,  7.844528647411E+06,  1.045079123052E+02,  4.798752896736E+06, -1.186890585814E-10, -6.652953743469E-10
    1,1, 20,   15.000, 0.50,    1770.000,  7.961522582145E+06,  7.922809917776E+06,  7.883816592152E+06,  7.844509552291E+06,  1.045187216024E+02,  4.798745596490E+06, -1.593889464857E-10, -8.249116945080E-10
    1,1, 20,   15.000, 0.50,    1785.000,  7.961515556785E+06,  7.922796856801E+06,  7.883799433706E+06,  7.844490865474E+06,  1.045293108992E+02,  4.798738456734E+06,  7.908340649010E-10, -3.410605131648E-11
    1,1, 20,   15.000, 0.50,    1800.000,  7.961508686639E+06,  7.922784092178E+06,  7.883782651259E+06,  7.844472586611E+06,  1.045396654315E+02,  4.798731474056E+06, -4.467821668186E-10, -4.806679498870E-10
    2,1, 20,   15.000, 0.65,       0.000,  7.964770372286E+06,  7.929384223663E+06,  7.893839449198E+06,  7.858133896350E+06,  1.000000000000E+02,  4.802776587486E+06,  0.000000000000E+00,  0.000000000000E+00
    2,1, 20,   15.000, 0.65,      15.000,  7.964770372285E+06,  7.929384222580E+06,  7.893837984398E+06,  7.856144175602E+06,  1.000000000000E+02,  4.802727837486E+06,  9.058296335240E-10,  9.058283012564E-10
    2,1, 20,   15.000, 0.65,      30.000,  7.964770372263E+06,  7.929384203113E+06,  7.893824331390E+06,  7.854801915415E+06,  1.000000000001E+02,  4.802652837486E+06, -1.242064229245E-10,  7.816254310455E-10
    2,1, 20,   15.000, 0.65,      45.000,  7.964770371985E+06,  7.929384033362E+06,  7.893764446913E+06,  7.854849836230E+06,  1.000000000019E+02,  4.802577837486E+06,  6.798615004300E-10,  1.461501142330E-09
    2,1, 20,   15.000, 0.65,      60.000,  7.964770369609E+06,  7.929383078355E+06,  7.893601077054E+06,  7.854772100091E+06,  1.000000000217E+02,  4.802502837486E+06,  1.197001608944E-09,  2.658509856701E-09
    2,1, 20,   15.000, 0.65,      75.000,  7.964770354770E+06,  7.929379188810E+06,  7.893292710264E+06,  7.854352681690E+06,  1.000000001852E+02,  4.802427837488E+06, -1.955978490287E-09,  7.025278137007E-10
    2,1, 20,   15.000, 0.65,      90.000,  7.964770282365E+06,  7.929366993710E+06,  7.892869067397E+06,  7.854001400928E+06,  1.000000012457E+02,  4.802352837502E+06, -6.045697276136E-10,  9.794121069717E-11
    2,1, 20,   15.000, 0.65,     105.000,  7.964769995258E+06,  7.929336440514E+06,  7.892434054077E+06,  7.853792118764E+06,  1.000000068752E+02,  4.802277837575E+06,  6.052038870052E-10,  7.031530913082E-10
    2,1, 20,   15.000, 0.65,     120.000,  7.964769045114E+06,  7.929273777479E+06,  7.892090814212E+06,  7.853574836679E+06,  1.000000320040E+02,  4.802202837923E+06, -1.928146531327E-10,  5.103402145323E-10
    2,1, 20,   15.000, 0.65,     135.000,  7.964766370813E+06,  7.929166838962E+06,  7.891862194912E+06,  7.853319282908E+06,  1.000001282088E+02,  4.802127839341E+06,  8.741745105567E-10,  1.384478309774E-09
    2,1, 20,   15.000, 0.65,     150.000,  7.964759879572E+06,  7.929013212958E+06,  7.891693023018E+06,  7.853081935285E+06,  1.000004487770E+02,  4.802052844390E+06, -4.349720583718E-10,  9.495124686509E-10
    2,1, 20,   15.000, 0.65,     165.000,  7.964746150073E+06,  7.928825613894E+06,  7.891521221060E+06,  7.852873138853E+06,  1.000013890015E+02,  4.801977860289E+06,  1.462909793304E-10,  1.095827428799E-09
    2,1, 20,   15.000, 0.65,     180.000,  7.964720644159E+06,  7.928628512231E+06,  7.891330175714E+06,  7.852668735590E+06,  1.000038377130E+02,  4.801902904999E+06,  2.049906910884E-10,  1.300804797211E-09
    2,1, 20,   15.000, 0.65,     195.000,  7.964678764397E+06,  7.928446243405E+06,  7.891137425179E+06,  7.852463418765E+06,  1.000095397238E+02,  4.801828018159E+06, -5.944738035168E-10,  7.063363227644E-10
    2,1, 20,   15.000, 0.65,     210.000,  7.964617664051E+06,  7.928290677154E+06,  7.890957302831E+06,  7.852266168073E+06,  1.000214756204E+02,  4.801753277630E+06,  7.798819368077E-10,  1.486228029535E-09
    2,1, 20,   15.000, 0.65,     225.000,  7.964538044215E+06,  7.928157805727E+06,  7.890787409492E+06,  7.852078278529E+06,  1.000440316848E+02,  4.801678819686E+06, -7.825722292409E-10,  7.037215254968E-10
    2,1, 20,   15.000, 0.65,     240.000,  7.964444776343E+06,  7.928035050871E+06,  7.890620550960E+06,  7.851895220460E+06,  1.000826409994E+02,  4.801604856602E+06, -3.355333788591E-10,  3.681179805426E-10
    2,1, 20,   15.000, 0.65,     255.000,  7.964345598489E+06,  7.927912022023E+06,  7.890455275569E+06,  7.851715800149E+06,  1.001426572179E+02,  4.801531681375E+06, -4.897824368300E-10, -1.216449163621E-10
    2,1, 20,   15.000, 0.65,     270.000,  7.964248305113E+06,  7.927785912063E+06,  7.890293848564E+06,  7.851541350821E+06,  1.002275585685E+02,  4.801459649021E+06,  3.799698333751E-10,  2.582964953035E-10
    2,1, 20,   15.000, 0.65,     285.000,  7.964157969841E+06,  7.927659305613E+06,  7.890137046342E+06,  7.851371850626E+06,  1.003370793070E+02,  4.801389130227E+06,  6.060059121182E-10,  8.642473403597E-10
    2,1, 20,   15.000, 0.65,     300.000,  7.964075828426E+06,  7.927535108066E+06,  7.889983774427E+06,  7.851206265990E+06,  1.004662224761E+02,  4.801320445563E+06,  5.195337493547E-10,  1.383796188748E-09
    2,1, 20,   15.000, 0.65,     315.000,  7.964000304066E+06,  7.927413936352E+06,  7.889833239676E+06,  7.851044197139E+06,  1.006059619856E+02,  4.801253801360E+06, -3.395133063577E-10,  1.044327291311E-09
    2,1, 20,   15.000, 0.65,     330.000,  7.963929167415E+06,  7.927294945248E+06,  7.889685529395E+06,  7.850885718791E+06,  1.007456907310E+02,  4.801189253145E+06, -1.083822809278E-09, -3.956301952712E-11
    2,1, 20,   15.000, 0.65,     345.000,  7.963861209887E+06,  7.927177583112E+06,  7.889540772810E+06,  7.850730668914E+06,  1.008764731548E+02,  4.801126713635E+06,  8.236291648700E-10,  7.839844329283E-10
    2,1, 20,   15.000, 0.65,     360.000,  7.963796494772E+06,  7.927062155375E+06,  7.889398761979E+06,  7.850578715600E+06,  1.009935791062E+02,  4.801066002515E+06,  3.904023770929E-10,  1.174385033664E-09
    2,1, 20,   15.000, 0.65,     375.000,  7.963735506424E+06,  7.926949290674E+06,  7.889259263062E+06,  7.850429660343E+06,  1.010970937218E+02,  4.801006915469E+06, -1.162847595992E-10,  1.058197085513E-09
    2,1, 20,   15.000, 0.65,     390.000,  7.963678228581E+06,  7.926839420608E+06,  7.889122225120E+06,  7.850283405759E+06,  1.011904816631E+02,  4.800949282407E+06, -1.723817089072E-09, -6.655227480223E-10
    2,1, 20,   15.000, 0.65,     405.000,  7.963623903767E+06,  7.926732754506E+06,  7.888987676556E+06,  7.850139823802E+06,  1.012781170293E+02,  4.800892994077E+06,  8.141105567461E-10,  1.484750100644E-10
    2,1, 20,   15.000, 0.65,     420.000,  7.963571450286E+06,  7.926629437725E+06,  7.888855628516E+06,  7.849998771704E+06,  1.013632076813E+02,  4.800837995466E+06,  2.306923985174E-09,  2.455408321111E-09
    2,1, 20,   15.000, 0.65,     435.000,  7.963520018087E+06,  7.926529558765E+06,  7.888726110166E+06,  7.849860152484E+06,  1.014470287857E+02,  4.800784260837E+06, -6.391323026378E-10,  1.816260919441E-09
    2,1, 20,   15.000, 0.65,     450.000,  7.963469250015E+06,  7.926433044282E+06,  7.888599206018E+06,  7.849723912753E+06,  1.015294091451E+02,  4.800731769478E+06, -1.422569617660E-09,  3.935838321922E-10
    2,1, 20,   15.000, 0.65,     465.000,  7.963419193626E+06,  7.926339624327E+06,  7.888475026393E+06,  7.849590022410E+06,  1.016097196855E+02,  4.800680493643E+06, -3.370561607596E-10,  5.638867150992E-11
    2,1, 20,   15.000, 0.65,     480.000,  7.963370064132E+06,  7.926248912666E+06,  7.888353662569E+06,  7.849458481338E+06,  1.016875938286E+02,  4.800630398711E+06, -2.934235077134E-10, -2.369233698118E-10
    2,1, 20,   15.000, 0.65,     495.000,  7.963322053389E+06,  7.926160520929E+06,  7.888235165349E+06,  7.849329331180E+06,  1.017630853946E+02,  4.800581448661E+06,  1.007499417227E-09,  7.707967597526E-10
    2,1, 20,   15.000, 0.65,     510.000,  7.963275249732E+06,  7.926074137868E+06,  7.888119534951E+06,  7.849202650003E+06,  1.018364542370E+02,  4.800533610288E+06,  8.575216092765E-10,  1.628450263524E-09
    2,1, 20,   15.000, 0.65,     525.000,  7.963229640980E+06,  7.925989563294E+06,  7.888006712815E+06,  7.849078537392E+06,  1.019079232720E+02,  4.800486853925E+06, -7.379981070699E-10,  8.903953130357E-10
    2,1, 20,   15.000, 0.65,     540.000,  7.963185155535E+06,  7.925906706168E+06,  7.887896586126E+06,  7.848957098924E+06,  1.019775965581E+02,  4.800441152088E+06,  8.237810433798E-10,  1.714397512842E-09
    2,1, 20,   15.000, 0.65,     555.000,  7.963141709371E+06,  7.925825553132E+06,  7.887789010719E+06,  7.848838428229E+06,  1.020455114519E+02,  4.800396478207E+06, -1.477217015378E-09,  2.373781171627E-10
    2,1, 20,   15.000, 0.65,     570.000,  7.963099237840E+06,  7.925746120650E+06,  7.887683842382E+06,  7.848722586780E+06,  1.021117098250E+02,  4.800352806313E+06, -1.121356341116E-10,  1.250555214938E-10
    2,1, 20,   15.000, 0.65,     585.000,  7.963057702745E+06,  7.925668413893E+06,  7.887580963240E+06,  7.848609588121E+06,  1.021762603964E+02,  4.800310111328E+06,  1.678400529670E-09,  1.803527993616E-09
    2,1, 20,   15.000, 0.65,     600.000,  7.963017080759E+06,  7.925592409545E+06,  7.887480295662E+06,  7.848499392509E+06,  1.022392415507E+02,  4.800268369301E+06, -1.258251725034E-09,  5.452420737129E-10
    2,1, 20,   15.000, 0.65,     615.000,  7.962977349036E+06,  7.925518061974E+06,  7.887381801621E+06,  7.848391913105E+06,  1.023007222210E+02,  4.800227557360E+06,  1.791609971491E-09,  2.336946636206E-09
    2,1, 20,   15.000, 0.65,     630.000,  7.962938479650E+06,  7.925445319590E+06,  7.887285469681E+06,  7.848287031446E+06,  1.023607590514E+02,  4.800187653553E+06, -2.159683099023E-09,  1.773514668457E-10
    2,1, 20,   15.000, 0.65,     645.000,  7.962900442777E+06,  7.925374138270E+06,  7.887191296036E+06,  7.848184617922E+06,  1.024194032004E+02,  4.800148636719E+06,  1.698641227676E-11,  1.941771188285E-10
    2,1, 20,   15.000, 0.65,     660.000,  7.962863211722E+06,  7.925304486109E+06,  7.887099267826E+06,  7.848084551381E+06,  1.024767050037E+02,  4.800110486460E+06,  1.122265835818E-09,  1.316493580816E-09
    2,1, 20,   15.000, 0.65,     675.000,  7.962826764827E+06,  7.925236340756E+06,  7.887009354441E+06,  7.847986732333E+06,  1.025327133367E+02,  4.800073183116E+06, -1.262245863387E-09,  5.411493475549E-11
    2,1, 20,   15.000, 0.65,     690.000,  7.962791084461E+06,  7.925169683765E+06,  7.886921507778E+06,  7.847891086960E+06,  1.025874733023E+02,  4.800036707726E+06,  1.450052078411E-09,  1.504304236732E-09
    2,1, 20,   15.000, 0.65,     705.000,  7.962756155570E+06,  7.925104495909E+06,  7.886835668510E+06,  7.847797562898E+06,  1.026410253606E+02,  4.800001041958E+06, -9.020624247569E-10,  6.020854925737E-10
    2,1, 20,   15.000, 0.65,     720.000,  7.962721965150E+06,  7.925040754989E+06,  7.886751774107E+06,  7.847706120400E+06,  1.026934057692E+02,  4.799966168047E+06,  8.833409559372E-10,  1.485204847995E-09
    2,1, 20,   15.000, 0.65,     735.000,  7.962688502258E+06,  7.924978435595E+06,  7.886669765144E+06,  7.847616723247E+06,  1.027446469670E+02,  4.799932068735E+06,  1.121236437029E-11,  1.496573531767E-09
    2,1, 20,   15.000, 0.65,     750.000,  7.962655757738E+06,  7.924917509559E+06,  7.886589588373E+06,  7.847529332648E+06,  1.027947774465E+02,  4.799898727212E+06, -3.783084956410E-10,  1.118223735830E-09
    2,1, 20,   15.000, 0.65,     765.000,  7.962623723454E+06,  7.924857946469E+06,  7.886511196896E+06,  7.847443905260E+06,  1.028438215900E+02,  4.799866127054E+06, -8.225917724758E-10,  2.955857780762E-10
    2,1, 20,   15.000, 0.65,     780.000,  7.962592391320E+06,  7.924799714306E+06,  7.886434548700E+06,  7.847360394432E+06,  1.028917999175E+02,  4.799834252167E+06,  5.683014059343E-10,  8.640199666843E-10
    2,1, 20,   15.000, 0.65,     795.000,  7.962561752472E+06,  7.924742780383E+06,  7.886359604807E+06,  7.847278752745E+06,  1.029387297554E+02,  4.799803086731E+06,  5.857776486096E-10,  1.449734554626E-09
    2,1, 20,   15.000, 0.65,     810.000,  7.962531796715E+06,  7.924687112483E+06,  7.886286327795E+06,  7.847198934161E+06,  1.029846261469E+02,  4.799772615168E+06, -1.357491896670E-10,  1.313765096711E-09
    2,1, 20,   15.000, 0.65,     825.000,  7.962502512277E+06,  7.924632679832E+06,  7.886214680892E+06,  7.847120894954E+06,  1.030295028896E+02,  4.799742822108E+06, -3.972089324122E-10,  9.167706593871E-10
    2,1, 20,   15.000, 0.65,     840.000,  7.962473885840E+06,  7.924579453589E+06,  7.886144627627E+06,  7.847044593583E+06,  1.030733736339E+02,  4.799713692391E+06, -1.253439574356E-10,  7.912603905424E-10
    2,1, 20,   15.000, 0.65,     855.000,  7.962445902822E+06,  7.924527406785E+06,  7.886076131853E+06,  7.846969990088E+06,  1.031162529212E+02,  4.799685211069E+06, -8.123783867831E-10, -2.091837814078E-11
    2,1, 20,   15.000, 0.65,     870.000,  7.962418547836E+06,  7.924476513886E+06,  7.886009157977E+06,  7.846897045572E+06,  1.031581569816E+02,  4.799657363427E+06,  9.733007733104E-10,  9.522409527563E-10
    2,1, 20,   15.000, 0.65,     885.000,  7.962391805218E+06,  7.924426750240E+06,  7.885943671222E+06,  7.846825721989E+06,  1.031991041473E+02,  4.799630135017E+06,  1.634950397289E-09,  2.587057679193E-09
    2,1, 20,   15.000, 0.65,     900.000,  7.962365659494E+06,  7.924378091620E+06,  7.885879637798E+06,  7.846755982186E+06,  1.032391148243E+02,  4.799603511683E+06, -1.206125643805E-09,  1.381067704642E-09
    2,1, 20,   15.000, 0.65,     915.000,  7.962340095707E+06,  7.924330513961E+06,  7.885817024925E+06,  7.846687790002E+06,  1.032782110731E+02,  4.799577479594E+06, -3.490783218041E-10,  1.031821739161E-09
    2,1, 20,   15.000, 0.65,     930.000,  7.962315099576E+06,  7.924283993293E+06,  7.885755800755E+06,  7.846621110313E+06,  1.033164159204E+02,  4.799552025257E+06, -4.759079796912E-10,  5.557012627833E-10
    2,1, 20,   15.000, 0.65,     945.000,  7.962290657518E+06,  7.924238505813E+06,  7.885695934242E+06,  7.846555908996E+06,  1.033537525767E+02,  4.799527135528E+06, -4.367826100804E-10,  1.191438059323E-10
    2,1, 20,   15.000, 0.65,     960.000,  7.962266756583E+06,  7.924194028010E+06,  7.885637395052E+06,  7.846492152848E+06,  1.033902437328E+02,  4.799502797606E+06,  1.321554865541E-09,  1.440639607608E-09
    2,1, 20,   15.000, 0.65,     975.000,  7.962243384351E+06,  7.924150536783E+06,  7.885580153501E+06,  7.846429809520E+06,  1.034259110705E+02,  4.799478999018E+06,  1.834628005071E-10,  1.623902790016E-09
    2,1, 20,   15.000, 0.65,     990.000,  7.962220528839E+06,  7.924108009523E+06,  7.885524180542E+06,  7.846368847462E+06,  1.034607750456E+02,  4.799455727608E+06, -1.307002062134E-09,  3.169589035679E-10
    2,1, 20,   15.000, 0.65,    1005.000,  7.962198178428E+06,  7.924066424152E+06,  7.885469447748E+06,  7.846309235892E+06,  1.034948549211E+02,  4.799432971513E+06,  1.067912425157E-09,  1.384705683449E-09
    2,1, 20,   15.000, 0.65,    1020.000,  7.962176321813E+06,  7.924025759142E+06,  7.885415927309E+06,  7.846250944751E+06,  1.035281689693E+02,  4.799410719148E+06,  8.144369623153E-10,  2.199158188887E-09
    2,1, 20,   15.000, 0.65,    1035.000,  7.962154947976E+06,  7.923985993519E+06,  7.885363592012E+06,  7.846193944670E+06,  1.035607347350E+02,  4.799388959199E+06, -3.445315144290E-10,  1.854459696915E-09
    2,1, 20,   15.000, 0.65,    1050.000,  7.962134046149E+06,  7.923947106867E+06,  7.885312415234E+06,  7.846138206922E+06,  1.035925692716E+02,  4.799367680607E+06, -1.161557738882E-09,  6.930349627510E-10
    2,1, 20,   15.000, 0.65,    1065.000,  7.962113605801E+06,  7.923909079325E+06,  7.885262370936E+06,  7.846083703390E+06,  1.036236892936E+02,  4.799346872566E+06,  1.816095274165E-09,  2.509295882192E-09
    2,1, 20,   15.000, 0.65,    1080.000,  7.962093616617E+06,  7.923871891567E+06,  7.885213433664E+06,  7.846030406541E+06,  1.036541112370E+02,  4.799326524519E+06, -1.427273854659E-10,  2.366505214013E-09
    2,1, 20,   15.000, 0.65,    1095.000,  7.962074068490E+06,  7.923835524782E+06,  7.885165578551E+06,  7.845978289406E+06,  1.036838512499E+02,  4.799306626153E+06, -1.094149881808E-09,  1.272383087780E-09
    2,1, 20,   15.000, 0.65,    1110.000,  7.962054951530E+06,  7.923799960633E+06,  7.885118781313E+06,  7.845927325570E+06,  1.037129251509E+02,  4.799287167392E+06, -3.965605621659E-11,  1.232820068253E-09
    2,1, 20,   15.000, 0.65,    1125.000,  7.962036256061E+06,  7.923765181226E+06,  7.885073018244E+06,  7.845877489170E+06,  1.037413483868E+02,  4.799268138396E+06,  3.428013428675E-11,  1.266926119570E-09
    2,1, 20,   15.000, 0.65,    1140.000,  7.962017972638E+06,  7.923731169084E+06,  7.885028266196E+06,  7.845828754895E+06,  1.037691360109E+02,  4.799249529551E+06, -3.908737777891E-10,  8.758433978073E-10
    2,1, 20,   15.000, 0.65,    1155.000,  7.962000092044E+06,  7.923697907121E+06,  7.884984502569E+06,  7.845781097988E+06,  1.037963026809E+02,  4.799231331467E+06,  9.857437088812E-10,  1.861735654529E-09
    2,1, 20,   15.000, 0.65,    1170.000,  7.961982605288E+06,  7.923665378635E+06,  7.884941705284E+06,  7.845734494249E+06,  1.038228626730E+02,  4.799213534967E+06, -1.136653882128E-09,  7.248672773130E-10
    2,1, 20,   15.000, 0.65,    1185.000,  7.961965503604E+06,  7.923633567293E+06,  7.884899852769E+06,  7.845688920038E+06,  1.038488299005E+02,  4.799196131087E+06,  7.169134175200E-10,  1.442003849661E-09
    2,1, 20,   15.000, 0.65,    1200.000,  7.961948778431E+06,  7.923602457130E+06,  7.884858923936E+06,  7.845644352268E+06,  1.038742179305E+02,  4.799179111069E+06,  1.428467344411E-09,  2.870365278795E-09
    2,1, 20,   15.000, 0.65,    1215.000,  7.961932421413E+06,  7.923572032542E+06,  7.884818898173E+06,  7.845600768398E+06,  1.038990399967E+02,  4.799162466353E+06, -2.317472880264E-09,  5.529727786779E-10
    2,1, 20,   15.000, 0.65,    1230.000,  7.961916424386E+06,  7.923542278278E+06,  7.884779755323E+06,  7.845558146421E+06,  1.039233090079E+02,  4.799146188576E+06,  1.227997703523E-09,  1.780790626071E-09
    2,1, 20,   15.000, 0.65,    1245.000,  7.961900779369E+06,  7.923513179431E+06,  7.884741475686E+06,  7.845516464850E+06,  1.039470375566E+02,  4.799130269564E+06,  1.699143492573E-09,  3.479726728983E-09
    2,1, 20,   15.000, 0.65,    1260.000,  7.961885478567E+06,  7.923484721434E+06,  7.884704040004E+06,  7.845475702696E+06,  1.039702379267E+02,  4.799114701331E+06, -2.190863934715E-09,  1.288753992412E-09
    2,1, 20,   15.000, 0.65,    1275.000,  7.961870514356E+06,  7.923456890044E+06,  7.884667429458E+06,  7.845435839456E+06,  1.039929221033E+02,  4.799099476071E+06,  1.172671293403E-09,  2.461547410348E-09
    2,1, 20,   15.000, 0.65,    1290.000,  7.961855879284E+06,  7.923429671340E+06,  7.884631625657E+06,  7.845396855095E+06,  1.040151017822E+02,  4.799084586154E+06, -1.499024238072E-09,  9.627001418266E-10
    2,1, 20,   15.000, 0.65,    1305.000,  7.961841566066E+06,  7.923403051713E+06,  7.884596610634E+06,  7.845358730033E+06,  1.040367883799E+02,  4.799070024126E+06,  1.600530818990E-11,  9.786162991077E-10
    2,1, 20,   15.000, 0.65,    1320.000,  7.961827567578E+06,  7.923377017859E+06,  7.884562366835E+06,  7.845321445130E+06,  1.040579930430E+02,  4.799055782697E+06,  2.402977816729E-10,  1.218722900376E-09
    2,1, 20,   15.000, 0.65,    1335.000,  7.961813876852E+06,  7.923351556776E+06,  7.884528877106E+06,  7.845284981683E+06,  1.040787266568E+02,  4.799041854745E+06,  1.602549981605E-09,  2.821252564900E-09
    2,1, 20,   15.000, 0.65,    1350.000,  7.961800487075E+06,  7.923326655751E+06,  7.884496124683E+06,  7.845249321407E+06,  1.040989998538E+02,  4.799028233309E+06, -1.543667971227E-09,  1.277385308640E-09
    2,1, 20,   15.000, 0.65,    1365.000,  7.961787391583E+06,  7.923302302364E+06,  7.884464093186E+06,  7.845214446434E+06,  1.041188230208E+02,  4.799014911582E+06, -4.379930862441E-10,  8.394636097364E-10
    2,1, 20,   15.000, 0.65,    1380.000,  7.961774583860E+06,  7.923278484470E+06,  7.884432766604E+06,  7.845180339303E+06,  1.041382063059E+02,  4.799001882915E+06,  3.661110303810E-10,  1.205535227200E-09
    2,1, 20,   15.000, 0.65,    1395.000,  7.961762057536E+06,  7.923255190203E+06,  7.884402129286E+06,  7.845146982947E+06,  1.041571596246E+02,  4.798989140804E+06,  2.031192991581E-10,  1.408807293046E-09
    2,1, 20,   15.000, 0.65,    1410.000,  7.961749806381E+06,  7.923232407962E+06,  7.884372165937E+06,  7.845114360686E+06,  1.041756926655E+02,  4.798976678896E+06, -1.102788194096E-09,  3.060449671466E-10
    2,1, 20,   15.000, 0.65,    1425.000,  7.961737824306E+06,  7.923210126407E+06,  7.884342861605E+06,  7.845082456222E+06,  1.041938148953E+02,  4.798964490977E+06,  1.682263217617E-09,  1.988155418076E-09
    2,1, 20,   15.000, 0.65,    1440.000,  7.961726105357E+06,  7.923188334452E+06,  7.884314201676E+06,  7.845051253622E+06,  1.042115355637E+02,  4.798952570977E+06, -4.203637438138E-11,  1.946318661794E-09
    2,1, 20,   15.000, 0.65,    1455.000,  7.961714643717E+06,  7.923167021262E+06,  7.884286171865E+06,  7.845020737315E+06,  1.042288637075E+02,  4.798940912960E+06,  2.301344670386E-10,  2.176420821343E-09
    2,1, 20,   15.000, 0.65,    1470.000,  7.961703433696E+06,  7.923146176242E+06,  7.884258758208E+06,  7.844990892081E+06,  1.042458081552E+02,  4.798929511124E+06,  3.010243165846E-10,  2.477463567629E-09
    2,1, 20,   15.000, 0.65,    1485.000,  7.961692469733E+06,  7.923125789036E+06,  7.884231947056E+06,  7.844961703043E+06,  1.042623775312E+02,  4.798918359798E+06,  1.188947940101E-09,  3.666627890198E-09
    2,1, 20,   15.000, 0.65,    1500.000,  7.961681746394E+06,  7.923105849520E+06,  7.884205725068E+06,  7.844933155661E+06,  1.042785802605E+02,  4.798907453437E+06, -1.317967290859E-09,  2.348770067329E-09
    2,1, 20,   15.000, 0.65,    1515.000,  7.961671258364E+06,  7.923086347795E+06,  7.884180079201E+06,  7.844905235720E+06,  1.042944245730E+02,  4.798896786623E+06,  4.727266356142E-10,  2.821707312251E-09
    2,1, 20,   15.000, 0.65,    1530.000,  7.961661000449E+06,  7.923067274185E+06,  7.884154996706E+06,  7.844877929326E+06,  1.043099185081E+02,  4.798886354058E+06, -9.169873749215E-10,  1.904936652863E-09
    2,1, 20,   15.000, 0.65,    1545.000,  7.961650967569E+06,  7.923048619231E+06,  7.884130465120E+06,  7.844851222896E+06,  1.043250699195E+02,  4.798876150562E+06, -1.106641445148E-10,  1.794433046598E-09
    2,1, 20,   15.000, 0.65,    1560.000,  7.961641154761E+06,  7.923030373686E+06,  7.884106472259E+06,  7.844825103152E+06,  1.043398864798E+02,  4.798866171072E+06,  7.766509657614E-10,  2.571141521912E-09
    2,1, 20,   15.000, 0.65,    1575.000,  7.961631557169E+06,  7.923012528509E+06,  7.884083006212E+06,  7.844799557117E+06,  1.043543756853E+02,  4.798856410639E+06, -1.228951496124E-09,  1.342414179817E-09
    2,1, 20,   15.000, 0.65,    1590.000,  7.961622170047E+06,  7.922995074861E+06,  7.884060055335E+06,  7.844774572101E+06,  1.043685448597E+02,  4.798846864424E+06, -5.815543602239E-10,  7.607923180331E-10
    2,1, 20,   15.000, 0.65,    1605.000,  7.961612988754E+06,  7.922978004101E+06,  7.884037608246E+06,  7.844750135700E+06,  1.043824011593E+02,  4.798837527695E+06,  5.052711582465E-10,  1.266016624868E-09
    2,1, 20,   15.000, 0.65,    1620.000,  7.961604008754E+06,  7.922961307782E+06,  7.884015653815E+06,  7.844726235789E+06,  1.043959515764E+02,  4.798828395829E+06,  1.532267313031E-09,  2.798060450004E-09
    2,1, 20,   15.000, 0.65,    1635.000,  7.961595225611E+06,  7.922944977643E+06,  7.883994181163E+06,  7.844702860512E+06,  1.044092029434E+02,  4.798819464304E+06, -1.161893692370E-09,  1.636180968489E-09
    2,1, 20,   15.000, 0.65,    1650.000,  7.961586634987E+06,  7.922929005611E+06,  7.883973179654E+06,  7.844679998279E+06,  1.044221619367E+02,  4.798810728698E+06,  1.551338613126E-09,  3.187324182363E-09
    2,1, 20,   15.000, 0.65,    1665.000,  7.961578232642E+06,  7.922913383790E+06,  7.883952638889E+06,  7.844657637761E+06,  1.044348350805E+02,  4.798802184690E+06, -1.823384110367E-09,  1.363787305309E-09
    2,1, 20,   15.000, 0.65,    1680.000,  7.961570014429E+06,  7.922898104462E+06,  7.883932548702E+06,  7.844635767879E+06,  1.044472287501E+02,  4.798793828055E+06,  9.798029054764E-11,  1.461557985749E-09
    2,1, 20,   15.000, 0.65,    1695.000,  7.961561976294E+06,  7.922883160077E+06,  7.883912899152E+06,  7.844614377805E+06,  1.044593491753E+02,  4.798785654660E+06, -1.138084071428E-09,  3.233253664803E-10
    2,1, 20,   15.000, 0.65,    1710.000,  7.961554114274E+06,  7.922868543258E+06,  7.883893680522E+06,  7.844593456950E+06,  1.044712024445E+02,  4.798777660467E+06,  9.530971567528E-10,  1.276475813938E-09
    2,1, 20,   15.000, 0.65,    1725.000,  7.961546424491E+06,  7.922854246790E+06,  7.883874883310E+06,  7.844572994963E+06,  1.044827945071E+02,  4.798769841527E+06,  3.583373597849E-10,  1.634816726437E-09
    2,1, 20,   15.000, 0.65,    1740.000,  7.961538903157E+06,  7.922840263617E+06,  7.883856498227E+06,  7.844552981724E+06,  1.044941311776E+02,  4.798762193977E+06, -2.022016998282E-10,  1.432454155292E-09
    2,1, 20,   15.000, 0.65,    1755.000,  7.961531546565E+06,  7.922826586843E+06,  7.883838516190E+06,  7.844533407336E+06,  1.045052181385E+02,  4.798754714042E+06, -1.361158130653E-09,  7.139533408917E-11
    2,1, 20,   15.000, 0.65,    1770.000,  7.961524351093E+06,  7.922813209721E+06,  7.883820928319E+06,  7.844514262127E+06,  1.045160609432E+02,  4.798747398032E+06,  1.486948897345E-09,  1.558419171488E-09
    2,1, 20,   15.000, 0.65,    1785.000,  7.961517313196E+06,  7.922800125659E+06,  7.883803725930E+06,  7.844495536637E+06,  1.045266650193E+02,  4.798740242336E+06, -8.046576738252E-10,  7.539711077698E-10
    2,1, 20,   15.000, 0.65,    1800.000,  7.961510429410E+06,  7.922787328206E+06,  7.883786900534E+06,  7.844477221617E+06,  1.045370356717E+02,  4.798733243425E+06,  3.834271233849E-10,  1.137323124567E-09
    3,1, 20,   15.000, 1.00,       0.000,  7.964770372286E+06,  7.929384223663E+06,  7.893839449198E+06,  7.858133896350E+06,  1.000000000000E+02,  4.802776587486E+06,  0.000000000000E+00,  0.000000000000E+00
    3,1, 20,   15.000, 1.00,      15.000,  7.964770371781E+06,  7.929384139861E+06,  7.893825492474E+06,  7.855796362255E+06,  1.000000000131E+02,  4.802701587486E+06,  1.405410898769E-09,  1.405410898769E-09
    3,1, 20,   15.000, 1.00,      30.000,  7.964770365381E+06,  7.929383422311E+06,  7.893763544498E+06,  7.855043960847E+06,  1.000000002286E+02,  4.802626587490E+06, -5.905747002544E-10,  8.148504093697E-10
    3,1, 20,   15.000, 1.00,      45.000,  7.964770324091E+06,  7.929380272265E+06,  7.893619110988E+06,  7.854768938107E+06,  1.000000020294E+02,  4.802551587520E+06,  1.742421318340E-09,  2.557271727710E-09
    3,1, 20,   15.000, 1.00,      60.000,  7.964770143618E+06,  7.929370830163E+06,  7.893383769703E+06,  7.854531132011E+06,  1.000000121803E+02,  4.802476587703E+06, -1.633821966607E-09,  9.234781828127E-10
    3,1, 20,   15.000, 1.00,      75.000,  7.964769542663E+06,  7.929349106429E+06,  7.893081841476E+06,  7.854265575615E+06,  1.000000556060E+02,  4.802401588537E+06, -5.309033213052E-10,  3.925606506527E-10
    3,1, 20,   15.000, 1.00,      90.000,  7.964767917168E+06,  7.929308193971E+06,  7.892754465383E+06,  7.853996705816E+06,  1.000002059292E+02,  4.802326591626E+06,  1.359737211715E-09,  1.752312073222E-09
    3,1, 20,   15.000, 1.00,     105.000,  7.964764197838E+06,  7.929242462579E+06,  7.892438038786E+06,  7.853740198983E+06,  1.000006443763E+02,  4.802251601292E+06, -1.718660769257E-10,  1.580474418006E-09
    3,1, 20,   15.000, 1.00,     120.000,  7.964756793538E+06,  7.929149670596E+06,  7.892152260774E+06,  7.853497435444E+06,  1.000017523349E+02,  4.802176627577E+06, -1.520888304185E-09,  5.957190296613E-11
    3,1, 20,   15.000, 1.00,     135.000,  7.964743699847E+06,  7.929031887697E+06,  7.891900540148E+06,  7.853265831116E+06,  1.000042280176E+02,  4.802101690997E+06,  5.722142759623E-10,  6.317577572190E-10
    3,1, 20,   15.000, 1.00,     150.000,  7.964722796674E+06,  7.928894815657E+06,  7.891676919593E+06,  7.853043444334E+06,  1.000091961884E+02,  4.802026828940E+06, -1.519566694697E-10,  4.797584551852E-10
    3,1, 20,   15.000, 1.00,     165.000,  7.964692273245E+06,  7.928745964139E+06,  7.891473012544E+06,  7.852829245915E+06,  1.000182615465E+02,  4.801952102863E+06,  1.302495888922E-09,  1.782268554962E-09
    3,1, 20,   15.000, 1.00,     180.000,  7.964651049849E+06,  7.928592603608E+06,  7.891281919263E+06,  7.852622545024E+06,  1.000334540950E+02,  4.801877604674E+06, -4.968967459718E-10,  1.285343387281E-09
    3,1, 20,   15.000, 1.00,     195.000,  7.964599053894E+06,  7.928440300230E+06,  7.891099259210E+06,  7.852422719687E+06,  1.000570369405E+02,  4.801803460229E+06, -1.096211121876E-09,  1.891748979688E-10
    3,1, 20,   15.000, 1.00,     210.000,  7.964537260723E+06,  7.928292367490E+06,  7.890922686483E+06,  7.852229188354E+06,  1.000911901337E+02,  4.801729828081E+06,  2.318074621144E-09,  2.507249519113E-09
    3,1, 20,   15.000, 1.00,     225.000,  7.964467498143E+06,  7.928150102401E+06,  7.890751056826E+06,  7.852041429673E+06,  1.001376325840E+02,  4.801656892569E+06, -8.701306342118E-11,  2.420165401418E-09
    3,1, 20,   15.000, 1.00,     240.000,  7.964392093379E+06,  7.928013434711E+06,  7.890583793959E+06,  7.851858986103E+06,  1.001972764346E+02,  4.801584851716E+06, -1.024972107189E-09,  1.395164872520E-09
    3,1, 20,   15.000, 1.00,     255.000,  7.964313478483E+06,  7.927881624361E+06,  7.890420546822E+06,  7.851681455532E+06,  1.002700086937E+02,  4.801513901846E+06, -1.601463850420E-09, -2.062279236270E-10
    3,1, 20,   15.000, 1.00,     270.000,  7.964233858480E+06,  7.927753786989E+06,  7.890261047569E+06,  7.851508482014E+06,  1.003546613987E+02,  4.801444221767E+06,  1.605172883501E-09,  1.399030225002E-09
    3,1, 20,   15.000, 1.00,     285.000,  7.964155002161E+06,  7.927629186263E+06,  7.890105067210E+06,  7.851339749050E+06,  1.004491771027E+02,  4.801375959424E+06,  2.640234697537E-10,  1.663011062192E-09
    3,1, 20,   15.000, 1.00,     300.000,  7.964078164559E+06,  7.927507334519E+06,  7.889952406361E+06,  7.851174974885E+06,  1.005509222258E+02,  4.801309223257E+06, -5.928910695729E-10,  1.070020516636E-09
    3,1, 20,   15.000, 1.00,     315.000,  7.964004113133E+06,  7.927387978477E+06,  7.889802894537E+06,  7.851013908997E+06,  1.006570660942E+02,  4.801244079249E+06,  9.904965736496E-12,  1.080024958355E-09
    3,1, 20,   15.000, 1.00,     330.000,  7.963933214502E+06,  7.927271037403E+06,  7.889656390075E+06,  7.850856329440E+06,  1.007649376767E+02,  4.801180553314E+06,  2.507221097403E-10,  1.330818122369E-09
    3,1, 20,   15.000, 1.00,     345.000,  7.963865541842E+06,  7.927156535355E+06,  7.889512779322E+06,  7.850702040955E+06,  1.008722923173E+02,  4.801118637698E+06, -7.486846698157E-10,  5.820766091347E-10
    3,1, 20,   15.000, 1.00,     360.000,  7.963800975987E+06,  7.927044545708E+06,  7.889371975057E+06,  7.850550873715E+06,  1.009774556369E+02,  4.801058299533E+06,  6.726281753799E-10,  1.254647941096E-09
    3,1, 20,   15.000, 1.00,     375.000,  7.963739287336E+06,  7.926935151906E+06,  7.889233914096E+06,  7.850402682546E+06,  1.010793473327E+02,  4.800999489743E+06, -7.900524678917E-10,  4.645244189305E-10
    3,1, 20,   15.000, 1.00,     390.000,  7.963680195954E+06,  7.926828422306E+06,  7.889098553999E+06,  7.850257346354E+06,  1.011774132378E+02,  4.800942150942E+06,  1.939497451531E-09,  2.404021870461E-09
    3,1, 20,   15.000, 1.00,     405.000,  7.963623412570E+06,  7.926724395820E+06,  7.888965868885E+06,  7.850114767498E+06,  1.012715052464E+02,  4.800886223520E+06, -7.747473773634E-10,  1.629359758226E-09
    3,1, 20,   15.000, 1.00,     420.000,  7.963568664651E+06,  7.926623075630E+06,  7.888835844590E+06,  7.849974870839E+06,  1.013617468927E+02,  4.800831649724E+06, -6.566835963895E-10,  9.727045835461E-10
    3,1, 20,   15.000, 1.00,     435.000,  7.963515711381E+06,  7.926524428980E+06,  7.888708473546E+06,  7.849837602229E+06,  1.014484122987E+02,  4.800778375908E+06, -5.340865527614E-10,  4.386038199300E-10
    3,1, 20,   15.000, 1.00,     450.000,  7.963464350425E+06,  7.926428391404E+06,  7.888583749864E+06,  7.849702926287E+06,  1.015318334131E+02,  4.800726353409E+06,  8.388099104195E-10,  1.277385308640E-09
    3,1, 20,   15.000, 1.00,     465.000,  7.963414418717E+06,  7.926334873845E+06,  7.888461665102E+06,  7.849570823433E+06,  1.016123391985E+02,  4.800675538497E+06,  1.438564822820E-10,  1.421085471520E-09
    3,1, 20,   15.000, 1.00,     480.000,  7.963365789183E+06,  7.926243771131E+06,  7.888342205083E+06,  7.849441286260E+06,  1.016902228811E+02,  4.800625891840E+06, -4.906439698971E-10,  9.304130799137E-10
    3,1, 20,   15.000, 1.00,     495.000,  7.963318365059E+06,  7.926154970453E+06,  7.888225347985E+06,  7.849314315460E+06,  1.017657298340E+02,  4.800577377788E+06,  1.652182390899E-09,  2.582510205684E-09
    3,1, 20,   15.000, 1.00,     510.000,  7.963272073289E+06,  7.926068358762E+06,  7.888111063699E+06,  7.849189915607E+06,  1.018390582418E+02,  4.800529963662E+06, -1.572743713041E-09,  1.009539118968E-09
    3,1, 20,   15.000, 1.00,     525.000,  7.963226858115E+06,  7.925983828448E+06,  7.887999314297E+06,  7.849068091126E+06,  1.019103660844E+02,  4.800483619153E+06, -1.096537971534E-09, -8.685674401931E-11
    3,1, 20,   15.000, 1.00,     540.000,  7.963182675610E+06,  7.925901281051E+06,  7.887890055312E+06,  7.848948842798E+06,  1.019797800217E+02,  4.800438315853E+06,  1.321765807916E-09,  1.235093805008E-09
    3,1, 20,   15.000, 1.00,     555.000,  7.963139489470E+06,  7.925820629118E+06,  7.887783237465E+06,  7.848832165041E+06,  1.020474036797E+02,  4.800394026908E+06, -7.828475645510E-10,  4.520188667811E-10
    3,1, 20,   15.000, 1.00,     570.000,  7.963097268104E+06,  7.925741796539E+06,  7.887678808496E+06,  7.848718044139E+06,  1.021133242743E+02,  4.800350726773E+06, -8.526512829121E-12,  4.433786671143E-10
    3,1, 20,   15.000, 1.00,     585.000,  7.963055982825E+06,  7.925664717821E+06,  7.887576714834E+06,  7.848606457450E+06,  1.021776173962E+02,  4.800308391033E+06,  2.756195272013E-10,  7.189555617515E-10
    3,1, 20,   15.000, 1.00,     600.000,  7.963015606873E+06,  7.925589336717E+06,  7.887476902904E+06,  7.848497373520E+06,  1.022403502169E+02,  4.800266996287E+06,  1.234923274751E-10,  8.426468411926E-10
    3,1, 20,   15.000, 1.00,     615.000,  7.962976114982E+06,  7.925515604600E+06,  7.887379320021E+06,  7.848390752927E+06,  1.023015835180E+02,  4.800226520040E+06,  7.752305464237E-10,  1.617991074454E-09
    3,1, 20,   15.000, 1.00,     630.000,  7.962937483248E+06,  7.925443478836E+06,  7.887283914876E+06,  7.848286549635E+06,  1.023613729271E+02,  4.800186940633E+06,  1.138062089012E-09,  2.756223693723E-09
    3,1, 20,   15.000, 1.00,     645.000,  7.962899689147E+06,  7.925372921326E+06,  7.887190637690E+06,  7.848184712624E+06,  1.024197696615E+02,  4.800148237178E+06, -4.953903953719E-10,  2.261003828607E-09
    3,1, 20,   15.000, 1.00,     660.000,  7.962862711559E+06,  7.925303897283E+06,  7.887099440154E+06,  7.848085187568E+06,  1.024768209918E+02,  4.800110389493E+06, -1.317260966971E-09,  9.436007530894E-10
    3,1, 20,   15.000, 1.00,     675.000,  7.962826530773E+06,  7.925236374268E+06,  7.887010275250E+06,  7.847987918393E+06,  1.025325705586E+02,  4.800073378052E+06,  1.441208041797E-09,  2.384695108049E-09
    3,1, 20,   15.000, 1.00,     690.000,  7.962791128431E+06,  7.925170321462E+06,  7.886923097043E+06,  7.847892848591E+06,  1.025870586259E+02,  4.800037183931E+06, -1.771951474439E-10,  2.207343641203E-09
    3,1, 20,   15.000, 1.00,     705.000,  7.962756487419E+06,  7.925105709135E+06,  7.886837860510E+06,  7.847799922242E+06,  1.026403223170E+02,  4.800001788766E+06, -1.395903836965E-09,  8.112692739815E-10
    3,1, 20,   15.000, 1.00,     720.000,  7.962722591718E+06,  7.925042508280E+06,  7.886754521432E+06,  7.847709084724E+06,  1.026923958556E+02,  4.799967174704E+06, -2.982289970532E-10,  5.129550117999E-10
    3,1, 20,   15.000, 1.00,     735.000,  7.962689426229E+06,  7.924980690371E+06,  7.886673036349E+06,  7.847620283147E+06,  1.027433108242E+02,  4.799933324366E+06,  6.742766345269E-10,  1.187345333165E-09
    3,1, 20,   15.000, 1.00,     750.000,  7.962656976586E+06,  7.924920227217E+06,  7.886593362569E+06,  7.847533466561E+06,  1.027930964392E+02,  4.799900220813E+06,  1.074909050658E-10,  1.294665707974E-09
    3,1, 20,   15.000, 1.00,     765.000,  7.962625228978E+06,  7.924861090883E+06,  7.886515458219E+06,  7.847448585998E+06,  1.028417798414E+02,  4.799867847510E+06, -7.815970093361E-13,  1.293756213272E-09
    3,1, 20,   15.000, 1.00,     780.000,  7.962594169989E+06,  7.924803253671E+06,  7.886439282307E+06,  7.847365594402E+06,  1.028893863916E+02,  4.799836188306E+06, -6.281339892666E-10,  6.657501216978E-10
    3,1, 20,   15.000, 1.00,     795.000,  7.962563786462E+06,  7.924746688124E+06,  7.886364794780E+06,  7.847284446499E+06,  1.029359399634E+02,  4.799805227405E+06,  5.001936642657E-10,  1.165972207673E-09
    3,1, 20,   15.000, 1.00,     810.000,  7.962534065388E+06,  7.924691367062E+06,  7.886291956569E+06,  7.847205098651E+06,  1.029814632234E+02,  4.799774949354E+06, -1.389494741488E-09, -2.237356966361E-10
    3,1, 20,   15.000, 1.00,     825.000,  7.962504993836E+06,  7.924637263623E+06,  7.886220729616E+06,  7.847127508698E+06,  1.030259778865E+02,  4.799745339022E+06,  2.647354335750E-09,  2.423803380225E-09
    3,1, 20,   15.000, 1.00,     840.000,  7.962476558901E+06,  7.924584351307E+06,  7.886151076882E+06,  7.847051635826E+06,  1.030695049422E+02,  4.799716381596E+06, -1.452221454201E-09,  9.717950888444E-10
    3,1, 20,   15.000, 1.00,     855.000,  7.962448747691E+06,  7.924532604019E+06,  7.886082962329E+06,  7.846977440450E+06,  1.031120648424E+02,  4.799688062569E+06,  1.475655153627E-10,  1.119587977882E-09
    3,1, 20,   15.000, 1.00,     870.000,  7.962421547323E+06,  7.924481996106E+06,  7.886016350895E+06,  7.846904884118E+06,  1.031536776504E+02,  4.799660367734E+06, -2.586517666714E-10,  8.608367352281E-10
    3,1, 20,   15.000, 1.00,     885.000,  7.962394944944E+06,  7.924432502380E+06,  7.885951208460E+06,  7.846833929442E+06,  1.031943631494E+02,  4.799633283181E+06, -5.490079502124E-10,  3.119566827081E-10
    3,1, 20,   15.000, 1.00,     900.000,  7.962368927761E+06,  7.924384098137E+06,  7.885887501804E+06,  7.846764540030E+06,  1.032341409136E+02,  4.799606795295E+06,  1.103330760088E-10,  4.224602889735E-10
    3,1, 20,   15.000, 1.00,     915.000,  7.962343483075E+06,  7.924336759173E+06,  7.885825198565E+06,  7.846696680440E+06,  1.032730303462E+02,  4.799580890750E+06,  7.675993174416E-10,  1.190073817270E-09
    3,1, 20,   15.000, 1.00,     930.000,  7.962318598315E+06,  7.924290461783E+06,  7.885764267201E+06,  7.846630316139E+06,  1.033110506902E+02,  4.799555556510E+06, -1.456669451727E-09, -2.664819476195E-10
    3,1, 20,   15.000, 1.00,     945.000,  7.962294261076E+06,  7.924245182761E+06,  7.885704676949E+06,  7.846565413465E+06,  1.033482210183E+02,  4.799530779825E+06,  3.323918917886E-10,  6.593836587854E-11
    3,1, 20,   15.000, 1.00,     960.000,  7.962270459147E+06,  7.924200899402E+06,  7.885646397794E+06,  7.846501939594E+06,  1.033845602084E+02,  4.799506548229E+06,  5.677804892912E-10,  6.339178071357E-10
    3,1, 20,   15.000, 1.00,     975.000,  7.962247180538E+06,  7.924157589493E+06,  7.885589400436E+06,  7.846439862507E+06,  1.034200869119E+02,  4.799482849532E+06, -9.854659310804E-10, -3.515197022352E-10
    3,1, 20,   15.000, 1.00,     990.000,  7.962224413497E+06,  7.924115231309E+06,  7.885533656266E+06,  7.846379150963E+06,  1.034548195183E+02,  4.799459671825E+06,  9.516156751488E-10,  6.002665031701E-10
    3,1, 20,   15.000, 1.00,    1005.000,  7.962202146522E+06,  7.924073803605E+06,  7.885479137339E+06,  7.846319774470E+06,  1.034887761212E+02,  4.799437003467E+06, -1.641495828153E-10,  4.361027095001E-10
    3,1, 20,   15.000, 1.00,    1020.000,  7.962180368371E+06,  7.924033285611E+06,  7.885425816357E+06,  7.846261703257E+06,  1.035219744881E+02,  4.799414833084E+06,  1.113775738304E-09,  1.549778971821E-09
    3,1, 20,   15.000, 1.00,    1035.000,  7.962159068064E+06,  7.923993657024E+06,  7.885373666644E+06,  7.846204908251E+06,  1.035544320357E+02,  4.799393149565E+06,  2.435029955450E-10,  1.793068804545E-09
    3,1, 20,   15.000, 1.00,    1050.000,  7.962138234881E+06,  7.923954898002E+06,  7.885322662135E+06,  7.846149361053E+06,  1.035861658121E+02,  4.799371942052E+06,  6.166089860926E-11,  1.854914444266E-09
    3,1, 20,   15.000, 1.00,    1065.000,  7.962117858362E+06,  7.923916989155E+06,  7.885272777356E+06,  7.846095033916E+06,  1.036171924844E+02,  4.799351199939E+06, -1.810207095332E-09,  4.456524038687E-11
    3,1, 20,   15.000, 1.00,    1080.000,  7.962097928298E+06,  7.923879911538E+06,  7.885223987411E+06,  7.846041899727E+06,  1.036475283328E+02,  4.799330912864E+06,  9.812453072300E-10,  1.025910023600E-09
    3,1, 20,   15.000, 1.00,    1095.000,  7.962078434726E+06,  7.923843646644E+06,  7.885176267967E+06,  7.845989931986E+06,  1.036771892491E+02,  4.799311070703E+06,  5.701252803192E-10,  1.596163201611E-09
    3,1, 20,   15.000, 1.00,    1110.000,  7.962059367924E+06,  7.923808176390E+06,  7.885129595243E+06,  7.845939104791E+06,  1.037061907394E+02,  4.799291663564E+06, -2.259866960230E-09, -6.639311322942E-10
    3,1, 20,   15.000, 1.00,    1125.000,  7.962040718401E+06,  7.923773483114E+06,  7.885083945994E+06,  7.845889392821E+06,  1.037345479292E+02,  4.799272681783E+06,  1.475612521062E-09,  8.117240213323E-10
    3,1, 20,   15.000, 1.00,    1140.000,  7.962022476891E+06,  7.923739549563E+06,  7.885039297502E+06,  7.845840771325E+06,  1.037622755718E+02,  4.799254115916E+06, -2.266205001433E-10,  5.852598405909E-10
    3,1, 20,   15.000, 1.00,    1155.000,  7.962004634346E+06,  7.923706358880E+06,  7.884995627563E+06,  7.845793216106E+06,  1.037893880562E+02,  4.799235956737E+06, -6.633058546868E-10, -7.821654435247E-11
    3,1, 20,   15.000, 1.00,    1170.000,  7.961987181929E+06,  7.923673894600E+06,  7.884952914473E+06,  7.845746703507E+06,  1.038158994171E+02,  4.799218195229E+06,  4.596643066179E-10,  3.815330273937E-10
    3,1, 20,   15.000, 1.00,    1185.000,  7.961970111010E+06,  7.923642140633E+06,  7.884911137020E+06,  7.845701210403E+06,  1.038418233449E+02,  4.799200822579E+06,  1.716813358144E-09,  2.098204276990E-09
    3,1, 20,   15.000, 1.00,    1200.000,  7.961953413157E+06,  7.923611081260E+06,  7.884870274473E+06,  7.845656714188E+06,  1.038671731953E+02,  4.799183830177E+06, -1.962320084203E-09,  1.359694579151E-10
    3,1, 20,   15.000, 1.00,    1215.000,  7.961937080130E+06,  7.923580701121E+06,  7.884830306566E+06,  7.845613192763E+06,  1.038919619989E+02,  4.799167209607E+06,  8.334097856277E-10,  9.695213520899E-10
    3,1, 20,   15.000, 1.00,    1230.000,  7.961921103880E+06,  7.923550985207E+06,  7.884791213495E+06,  7.845570624526E+06,  1.039162024713E+02,  4.799150952644E+06, -1.471534005759E-10,  8.221832104027E-10
    3,1, 20,   15.000, 1.00,    1245.000,  7.961905476539E+06,  7.923521918848E+06,  7.884752975898E+06,  7.845528988362E+06,  1.039399070213E+02,  4.799135051249E+06,  6.973692734391E-10,  1.519765646663E-09
    3,1, 20,   15.000, 1.00,    1260.000,  7.961890190420E+06,  7.923493487707E+06,  7.884715574855E+06,  7.845488263629E+06,  1.039630877605E+02,  4.799119497565E+06,  3.799982550845E-10,  1.899934432004E-09
    3,1, 20,   15.000, 1.00,    1275.000,  7.961875238007E+06,  7.923465677770E+06,  7.884678991870E+06,  7.845448430155E+06,  1.039857565111E+02,  4.799104283913E+06, -4.401385922392E-10,  1.459738996346E-09
    3,1, 20,   15.000, 1.00,    1290.000,  7.961860611954E+06,  7.923438475341E+06,  7.884643208865E+06,  7.845409468218E+06,  1.040079248143E+02,  4.799089402785E+06, -1.692413320598E-09, -2.328306436539E-10
    3,1, 20,   15.000, 1.00,    1305.000,  7.961846305081E+06,  7.923411867029E+06,  7.884608208169E+06,  7.845371358545E+06,  1.040296039383E+02,  4.799074846844E+06,  2.017330302806E-09,  1.784428604878E-09
    3,1, 20,   15.000, 1.00,    1320.000,  7.961832310369E+06,  7.923385839746E+06,  7.884573972509E+06,  7.845334082296E+06,  1.040508048852E+02,  4.799060608918E+06, -2.629178652569E-09, -8.449205779471E-10
    3,1, 20,   15.000, 1.00,    1335.000,  7.961818620955E+06,  7.923360380696E+06,  7.884540485000E+06,  7.845297621055E+06,  1.040715383988E+02,  4.799046681994E+06,  2.334985538255E-09,  1.490207068855E-09
    3,1, 20,   15.000, 1.00,    1350.000,  7.961805230130E+06,  7.923335477371E+06,  7.884507729137E+06,  7.845261956824E+06,  1.040918149715E+02,  4.799033059218E+06, -1.747125111251E-09, -2.569322532509E-10
    3,1, 20,   15.000, 1.00,    1365.000,  7.961792131335E+06,  7.923311117540E+06,  7.884475688788E+06,  7.845227072008E+06,  1.041116448504E+02,  4.799019733891E+06,  1.814115080379E-09,  1.557054929435E-09
    3,1, 20,   15.000, 1.00,    1380.000,  7.961779318155E+06,  7.923287289248E+06,  7.884444348180E+06,  7.845192949409E+06,  1.041310380446E+02,  4.799006699462E+06, -8.019185315788E-10,  7.553353498224E-10
    3,1, 20,   15.000, 1.00,    1395.000,  7.961766784321E+06,  7.923263980806E+06,  7.884413691895E+06,  7.845159572217E+06,  1.041500043308E+02,  4.798993949527E+06,  3.335429710205E-10,  1.088665158022E-09
    3,1, 20,   15.000, 1.00,    1410.000,  7.961754523699E+06,  7.923241180785E+06,  7.884383704863E+06,  7.845126923997E+06,  1.041685532592E+02,  4.798981477825E+06,  6.590994416911E-10,  1.747594069457E-09
    3,1, 20,   15.000, 1.00,    1425.000,  7.961742530296E+06,  7.923218878013E+06,  7.884354372347E+06,  7.845094988687E+06,  1.041866941598E+02,  4.798969278238E+06, -8.469811518808E-10,  9.003997547552E-10
    3,1, 20,   15.000, 1.00,    1440.000,  7.961730798249E+06,  7.923197061564E+06,  7.884325679945E+06,  7.845063750583E+06,  1.042044361475E+02,  4.798957344780E+06,  5.390177193476E-11,  9.545146895107E-10
    3,1, 20,   15.000, 1.00,    1455.000,  7.961719321826E+06,  7.923175720758E+06,  7.884297613574E+06,  7.845033194333E+06,  1.042217881274E+02,  4.798945671602E+06,  6.743476888005E-10,  1.628905010875E-09
    3,1, 20,   15.000, 1.00,    1470.000,  7.961708095421E+06,  7.923154845151E+06,  7.884270159467E+06,  7.845003304930E+06,  1.042387588005E+02,  4.798934252984E+06, -3.606999143813E-10,  1.268290361622E-09
    3,1, 20,   15.000, 1.00,    1485.000,  7.961697113554E+06,  7.923134424532E+06,  7.884243304164E+06,  7.844974067702E+06,  1.042553566678E+02,  4.798923083334E+06, -1.686089490249E-09, -4.179128154647E-10
    3,1, 20,   15.000, 1.00,    1500.000,  7.961686370865E+06,  7.923114448918E+06,  7.884217034506E+06,  7.844945468306E+06,  1.042715900361E+02,  4.798912157185E+06,  9.513030363451E-10,  5.334186425898E-10
    3,1, 20,   15.000, 1.00,    1515.000,  7.961675862114E+06,  7.923094908546E+06,  7.884191337627E+06,  7.844917492718E+06,  1.042874670220E+02,  4.798901469190E+06,  1.187231646327E-09,  1.720763975754E-09
    3,1, 20,   15.000, 1.00,    1530.000,  7.961665582175E+06,  7.923075793871E+06,  7.884166200948E+06,  7.844890127230E+06,  1.043029955567E+02,  4.798891014123E+06,  3.224585043426E-10,  2.043179847533E-09
    3,1, 20,   15.000, 1.00,    1545.000,  7.961655526039E+06,  7.923057095561E+06,  7.884141612170E+06,  7.844863358437E+06,  1.043181833905E+02,  4.798880786874E+06, -3.576730023269E-10,  1.685293682385E-09
    3,1, 20,   15.000, 1.00,    1560.000,  7.961645688805E+06,  7.923038804488E+06,  7.884117559269E+06,  7.844837173233E+06,  1.043330380970E+02,  4.798870782446E+06,  9.671907719166E-11,  1.782154868124E-09
    3,1, 20,   15.000, 1.00,    1575.000,  7.961636065681E+06,  7.923020911730E+06,  7.884094030487E+06,  7.844811558806E+06,  1.043475670772E+02,  4.798860995952E+06, -9.293046332459E-10,  8.526512829121E-10
    3,1, 20,   15.000, 1.00,    1590.000,  7.961626651982E+06,  7.923003408560E+06,  7.884071014328E+06,  7.844786502628E+06,  1.043617775639E+02,  4.798851422615E+06,  1.753150513650E-09,  2.605702320579E-09
    3,1, 20,   15.000, 1.00,    1605.000,  7.961617443124E+06,  7.922986286447E+06,  7.884048499551E+06,  7.844761992450E+06,  1.043756766253E+02,  4.798842057765E+06, -2.307345425834E-09,  2.983142621815E-10
    3,1, 20,   15.000, 1.00,    1620.000,  7.961608434629E+06,  7.922969537047E+06,  7.884026475166E+06,  7.844738016296E+06,  1.043892711690E+02,  4.798832896832E+06,  4.553299959298E-10,  7.535163604189E-10
    3,1, 20,   15.000, 1.00,    1635.000,  7.961599622113E+06,  7.922953152202E+06,  7.884004930425E+06,  7.844714562453E+06,  1.044025679461E+02,  4.798823935351E+06,  4.662581432058E-11,  8.003553375602E-10
    3,1, 20,   15.000, 1.00,    1650.000,  7.961591001293E+06,  7.922937123933E+06,  7.883983854820E+06,  7.844691619473E+06,  1.044155735544E+02,  4.798815168955E+06,  6.568399157914E-10,  1.457010512240E-09
    3,1, 20,   15.000, 1.00,    1665.000,  7.961582567976E+06,  7.922921444439E+06,  7.883963238074E+06,  7.844669176158E+06,  1.044282944425E+02,  4.798806593371E+06, -7.505889243475E-10,  7.062226359267E-10
    3,1, 20,   15.000, 1.00,    1680.000,  7.961574318067E+06,  7.922906106091E+06,  7.883943070141E+06,  7.844647221561E+06,  1.044407369126E+02,  4.798798204425E+06, -1.109853542403E-09, -4.038156475872E-10
    3,1, 20,   15.000, 1.00,    1695.000,  7.961566247557E+06,  7.922891101428E+06,  7.883923341194E+06,  7.844625744976E+06,  1.044529071250E+02,  4.798789998032E+06,  1.090654677682E-09,  6.866684998386E-10
    3,1, 20,   15.000, 1.00,    1710.000,  7.961558352527E+06,  7.922876423155E+06,  7.883904041626E+06,  7.844604735936E+06,  1.044648111002E+02,  4.798781970198E+06,  2.878977056753E-10,  9.745235729497E-10
    3,1, 20,   15.000, 1.00,    1725.000,  7.961550629145E+06,  7.922862064138E+06,  7.883885162041E+06,  7.844584184204E+06,  1.044764547234E+02,  4.798774117019E+06,  1.393516413373E-10,  1.113676262321E-09
    3,1, 20,   15.000, 1.00,    1740.000,  7.961543073662E+06,  7.922848017398E+06,  7.883866693251E+06,  7.844564079771E+06,  1.044878437466E+02,  4.798766434675E+06,  1.433022589481E-10,  1.256921677850E-09
    3,1, 20,   15.000, 1.00,    1755.000,  7.961535682413E+06,  7.922834276113E+06,  7.883848626272E+06,  7.844544412848E+06,  1.044989837924E+02,  4.798758919432E+06, -5.648104206557E-10,  6.921254680492E-10
    3,1, 20,   15.000, 1.00,    1770.000,  7.961528451813E+06,  7.922820833610E+06,  7.883830952317E+06,  7.844525173864E+06,  1.045098803568E+02,  4.798751567638E+06, -2.900435447373E-10,  4.019966581836E-10
    3,1, 20,   15.000, 1.00,    1785.000,  7.961521378356E+06,  7.922807683364E+06,  7.883813662796E+06,  7.844506353460E+06,  1.045205388123E+02,  4.798744375720E+06,  1.915452685353E-09,  2.317392500117E-09
    3,1, 20,   15.000, 1.00,    1800.000,  7.961514458612E+06,  7.922794818992E+06,  7.883796749305E+06,  7.844487942480E+06,  1.045309644103E+02,  4.798737340186E+06, -6.291855925156E-10,  1.688022166491E-09
    4,1, 20,   60.000, 0.50,       0.000,  7.964770372286E+06,  7.929384223663E+06,  7.893839449198E+06,  7.858133896350E+06,  1.000000000000E+02,  4.802776587486E+06,  0.000000000000E+00,  0.000000000000E+00
    4,1, 20,   60.000, 0.50,      60.000,  7.964769958788E+06,  7.929376380962E+06,  7.893690694562E+06,  7.855290055823E+06,  1.000000778001E+02,  4.802626589820E+06,  9.708855941426E-11,  9.708855941426E-11
    4,1, 20,   60.000, 0.50,     120.000,  7.964764081767E+06,  7.929300596591E+06,  7.892932506060E+06,  7.853758805774E+06,  1.000015007465E+02,  4.802326637177E+06,  7.281926173164E-10,  8.252527550212E-10
    4,1, 20,   60.000, 0.50,     180.000,  7.964727376923E+06,  7.928997650512E+06,  7.891592485380E+06,  7.853266652021E+06,  1.000132504826E+02,  4.802027079714E+06, -1.255472170669E-09, -4.301909939386E-10
    4,1, 20,   60.000, 0.50,     240.000,  7.964596544536E+06,  7.928365104756E+06,  7.890706040174E+06,  7.851911750524E+06,  1.000706713726E+02,  4.801729597369E+06,  8.451763733319E-10,  4.149569576839E-10
    4,1, 20,   60.000, 0.50,     300.000,  7.964308374876E+06,  7.927650468094E+06,  7.890366264146E+06,  7.851725601804E+06,  1.002531427585E+02,  4.801439311793E+06,  9.367795428261E-10,  1.351736500510E-09
    4,1, 20,   60.000, 0.50,     360.000,  7.963913984834E+06,  7.927204681589E+06,  7.889632785041E+06,  7.850620097447E+06,  1.006416219510E+02,  4.801166154734E+06, -4.810374321096E-10,  8.706138032721E-10
    4,1, 20,   60.000, 0.50,     420.000,  7.963593625878E+06,  7.926875693298E+06,  7.888970674421E+06,  7.850349289864E+06,  1.011884531926E+02,  4.800921056989E+06,  6.366178695316E-10,  1.507260094513E-09
    4,1, 20,   60.000, 0.50,     480.000,  7.963431031397E+06,  7.926385109085E+06,  7.888650617995E+06,  7.849624088103E+06,  1.016682799637E+02,  4.800706758983E+06, -1.068656274583E-11,  1.496573531767E-09
    4,1, 20,   60.000, 0.50,     540.000,  7.963287701145E+06,  7.925976566495E+06,  7.888029527116E+06,  7.849124106249E+06,  1.019161962828E+02,  4.800514293271E+06, -1.471931909691E-09,  2.455635694787E-11
    4,1, 20,   60.000, 0.50,     600.000,  7.963076163711E+06,  7.925747288094E+06,  7.887606992010E+06,  7.848759570073E+06,  1.020783353809E+02,  4.800334129221E+06,  1.326156962023E-09,  1.350599632133E-09
    4,1, 20,   60.000, 0.50,     660.000,  7.962903936199E+06,  7.925416248292E+06,  7.887305176565E+06,  7.848119066474E+06,  1.023655226649E+02,  4.800167444962E+06, -7.849791927583E-10,  5.657057045028E-10
    4,1, 20,   60.000, 0.50,     720.000,  7.962787565478E+06,  7.925108304537E+06,  7.886810743320E+06,  7.847962310441E+06,  1.026681012851E+02,  4.800018453681E+06,  4.785363216797E-10,  1.044099917635E-09
    4,1, 20,   60.000, 0.50,     780.000,  7.962638179822E+06,  7.924919344959E+06,  7.886588855118E+06,  7.847378770702E+06,  1.028192715194E+02,  4.799883074865E+06,  9.528946520732E-10,  1.996795617742E-09
    4,1, 20,   60.000, 0.50,     840.000,  7.962506546293E+06,  7.924645513457E+06,  7.886251782113E+06,  7.847229056150E+06,  1.029662937484E+02,  4.799756641823E+06, -1.398348103976E-09,  5.984475137666E-10
    4,1, 20,   60.000, 0.50,     900.000,  7.962417225241E+06,  7.924432965367E+06,  7.885933674429E+06,  7.846833033743E+06,  1.032026213893E+02,  4.799641709277E+06, -3.384741376067E-10,  2.601154847071E-10
    4,1, 20,   60.000, 0.50,     960.000,  7.962296716092E+06,  7.924289145195E+06,  7.885774283432E+06,  7.846567482677E+06,  1.033565015490E+02,  4.799538482965E+06,  2.579838564998E-10,  5.179572326597E-10
    4,1, 20,   60.000, 0.50,    1020.000,  7.962198098603E+06,  7.924061919060E+06,  7.885449115685E+06,  7.846382784372E+06,  1.034493110840E+02,  4.799442657344E+06,  7.157439085859E-10,  1.233729562955E-09
    4,1, 20,   60.000, 0.50,    1080.000,  7.962136224373E+06,  7.923924166857E+06,  7.885304472337E+06,  7.846035665574E+06,  1.036197634600E+02,  4.799354729580E+06, -1.101284397009E-09,  1.323314791080E-10
    4,1, 20,   60.000, 0.50,    1140.000,  7.962037289515E+06,  7.923797072015E+06,  7.885095105250E+06,  7.845973093088E+06,  1.037499555498E+02,  4.799275821151E+06,  1.001581040327E-10,  2.323758963030E-10
    4,1, 20,   60.000, 0.50,    1200.000,  7.961965021108E+06,  7.923622856632E+06,  7.884887589036E+06,  7.845640408845E+06,  1.038149749509E+02,  4.799202769066E+06,  2.285958089487E-10,  4.611138137989E-10
    4,1, 20,   60.000, 0.50,    1260.000,  7.961919902235E+06,  7.923537530999E+06,  7.884794813089E+06,  7.845573823628E+06,  1.039436897536E+02,  4.799135529007E+06, -3.135482984362E-10,  1.473381416872E-10
    4,1, 20,   60.000, 0.50,    1320.000,  7.961837461305E+06,  7.923411560134E+06,  7.884572281311E+06,  7.845356078034E+06,  1.040450482517E+02,  4.799075191147E+06,  6.189111445565E-10,  7.662492862437E-10
    4,1, 20,   60.000, 0.50,    1380.000,  7.961789382848E+06,  7.923299451134E+06,  7.884495401015E+06,  7.845215044222E+06,  1.040926890748E+02,  4.799019323267E+06, -7.858602657507E-11,  6.875779945403E-10
    4,1, 20,   60.000, 0.50,    1440.000,  7.961752215452E+06,  7.923233119641E+06,  7.884350275803E+06,  7.845125051884E+06,  1.041951899895E+02,  4.798967959639E+06,  5.250626600173E-10,  1.212811184814E-09
    4,1, 20,   60.000, 0.50,    1500.000,  7.961685196095E+06,  7.923117232092E+06,  7.884224449873E+06,  7.844923103360E+06,  1.042671708894E+02,  4.798921830465E+06, -2.522142494854E-10,  9.604264050722E-10
    4,1, 20,   60.000, 0.50,    1560.000,  7.961656833725E+06,  7.923060459901E+06,  7.884163455191E+06,  7.844909127885E+06,  1.043041581959E+02,  4.798878970338E+06, -1.747366695781E-10,  7.858034223318E-10
    4,1, 20,   60.000, 0.50,    1620.000,  7.961620623235E+06,  7.922986476477E+06,  7.884014178104E+06,  7.844713364641E+06,  1.043891364630E+02,  4.798839769177E+06, -1.495720880484E-09, -7.098606147338E-10
    4,1, 20,   60.000, 0.50,    1680.000,  7.961571260090E+06,  7.922904625319E+06,  7.883981669223E+06,  7.844691087702E+06,  1.044346946056E+02,  4.798804484109E+06,  1.992162879105E-09,  1.282387529500E-09
    4,1, 20,   60.000, 0.50,    1740.000,  7.961554998515E+06,  7.922872434686E+06,  7.883867120039E+06,  7.844568105592E+06,  1.044675265555E+02,  4.798771550744E+06,  2.066542492685E-10,  1.488842826802E-09
    4,1, 20,   60.000, 0.50,    1800.000,  7.961517779672E+06,  7.922792566781E+06,  7.883804767030E+06,  7.844491091993E+06,  1.045367354999E+02,  4.798741678606E+06, -9.446523563383E-10,  5.443325790111E-10
    5,1, 20,   60.000, 0.65,       0.000,  7.964770372286E+06,  7.929384223663E+06,  7.893839449198E+06,  7.858133896350E+06,  1.000000000000E+02,  4.802776587486E+06,  0.000000000000E+00,  0.000000000000E+00
    5,1, 20,   60.000, 0.65,      60.000,  7.964768171162E+06,  7.929359656787E+06,  7.893566667125E+06,  7.855079700367E+06,  1.000006633321E+02,  4.802581613356E+06,  1.568256635665E-10,  1.568309926370E-10
    5,1, 20,   60.000, 0.65,     120.000,  7.964748957638E+06,  7.929212553678E+06,  7.892691475249E+06,  7.853771059251E+06,  1.000080557302E+02,  4.802281941460E+06,  8.885692182048E-10,  1.045407316269E-09
    5,1, 20,   60.000, 0.65,     180.000,  7.964673311146E+06,  7.928829849776E+06,  7.891582387910E+06,  7.852989809961E+06,  1.000458941148E+02,  4.801983900500E+06,  6.980513944654E-10,  1.743501343299E-09
    5,1, 20,   60.000, 0.65,     240.000,  7.964496073295E+06,  7.928256308530E+06,  7.890779822496E+06,  7.852089879491E+06,  1.001634259623E+02,  4.801691237889E+06, -3.486952948606E-10,  1.394710125169E-09
    5,1, 20,   60.000, 0.65,     300.000,  7.964220077241E+06,  7.927679810161E+06,  7.890184591507E+06,  7.851432944961E+06,  1.004103140245E+02,  4.801410672082E+06, -4.932090291732E-10,  9.015366231324E-10
    5,1, 20,   60.000, 0.65,     360.000,  7.963913224801E+06,  7.927201650327E+06,  7.889584722253E+06,  7.850765376774E+06,  1.007818020503E+02,  4.801149778956E+06, -2.585629488294E-10,  6.430127541535E-10
    5,1, 20,   60.000, 0.65,     420.000,  7.963646251260E+06,  7.926781121532E+06,  7.889024887703E+06,  7.850182919099E+06,  1.012004888854E+02,  4.800913015866E+06, -2.511644225933E-10,  3.917648427887E-10
    5,1, 20,   60.000, 0.65,     480.000,  7.963432804380E+06,  7.926383685838E+06,  7.888523774894E+06,  7.849635243116E+06,  1.015775635850E+02,  4.800699751112E+06,  5.305338390826E-10,  9.222276275977E-10
    5,1, 20,   60.000, 0.65,     540.000,  7.963248370016E+06,  7.926023071172E+06,  7.888055945109E+06,  7.849129233107E+06,  1.018843698695E+02,  4.800506370372E+06,  8.369660520202E-10,  1.759417500580E-09
    5,1, 20,   60.000, 0.65,     600.000,  7.963077080263E+06,  7.925701874794E+06,  7.887627737148E+06,  7.848664564389E+06,  1.021465223348E+02,  4.800329656511E+06, -7.487983566534E-10,  1.010448613670E-09
    5,1, 20,   60.000, 0.65,     660.000,  7.962918769382E+06,  7.925408618973E+06,  7.887238204782E+06,  7.848236932895E+06,  1.023887937500E+02,  4.800167896436E+06, -1.237086877381E-09, -2.264641807415E-10
    5,1, 20,   60.000, 0.65,     720.000,  7.962774199226E+06,  7.925139066890E+06,  7.886881592825E+06,  7.847847750370E+06,  1.026133310241E+02,  4.800019981014E+06,  4.257660890516E-10,  1.991793396883E-10
    5,1, 20,   60.000, 0.65,     780.000,  7.962641784132E+06,  7.924892145808E+06,  7.886556060044E+06,  7.847492430403E+06,  1.028170324542E+02,  4.799884725232E+06,  1.294608864555E-10,  3.287823346909E-10
    5,1, 20,   60.000, 0.65,     840.000,  7.962520403563E+06,  7.924665885251E+06,  7.886258330992E+06,  7.847168280984E+06,  1.030023786156E+02,  4.799760975679E+06,  7.034852700372E-10,  1.032276486512E-09
    5,1, 20,   60.000, 0.65,     900.000,  7.962409242767E+06,  7.924458900874E+06,  7.885985925553E+06,  7.846871818559E+06,  1.031724290493E+02,  4.799647750363E+06,  5.731379815188E-10,  1.605258148629E-09
    5,1, 20,   60.000, 0.65,     960.000,  7.962307438628E+06,  7.924269654430E+06,  7.885736851925E+06,  7.846600490559E+06,  1.033280856702E+02,  4.799544166714E+06, -1.282066008912E-09,  3.233253664803E-10
    5,1, 20,   60.000, 0.65,    1020.000,  7.962214299093E+06,  7.924096453250E+06,  7.885508943660E+06,  7.846352233800E+06,  1.034701869085E+02,  4.799449393803E+06, -4.163442923755E-10, -9.322320693173E-11
    5,1, 20,   60.000, 0.65,    1080.000,  7.962129114257E+06,  7.923937945246E+06,  7.885300373275E+06,  7.846125070106E+06,  1.036000285501E+02,  4.799362668841E+06,  6.505329608331E-10,  5.575202521868E-10
    5,1, 20,   60.000, 0.65,    1140.000,  7.962051146506E+06,  7.923792887914E+06,  7.885109484998E+06,  7.845917207261E+06,  1.037187060110E+02,  4.799283298975E+06,  8.093614667359E-11,  6.384652806446E-10
    5,1, 20,   60.000, 0.65,    1200.000,  7.961979767023E+06,  7.923660104416E+06,  7.884934771188E+06,  7.845726954584E+06,  1.038271675829E+02,  4.799210651337E+06,  9.603429163008E-11,  7.344169716816E-10
    5,1, 20,   60.000, 0.65,    1260.000,  7.961914418546E+06,  7.923538547833E+06,  7.884774853703E+06,  7.845552811373E+06,  1.039263443070E+02,  4.799144149284E+06,  3.814957239001E-10,  1.115949999075E-09
    5,1, 20,   60.000, 0.65,    1320.000,  7.961854582750E+06,  7.923427260948E+06,  7.884628457563E+06,  7.845393405117E+06,  1.040170619413E+02,  4.799083267931E+06,  3.943201321022E-10,  1.510215952294E-09
    5,1, 20,   60.000, 0.65,    1380.000,  7.961799792787E+06,  7.923325366479E+06,  7.884494429301E+06,  7.845247475713E+06,  1.041000465660E+02,  4.799027528047E+06, -4.487219484872E-10,  1.061380316969E-09
    5,1, 20,   60.000, 0.65,    1440.000,  7.961749622043E+06,  7.923232065788E+06,  7.884371716208E+06,  7.845113871602E+06,  1.041759676443E+02,  4.798976491764E+06, -7.942033697361E-10,  2.673914423212E-10
    5,1, 20,   60.000, 0.65,    1500.000,  7.961703677315E+06,  7.923146629300E+06,  7.884259354733E+06,  7.844991541797E+06,  1.042454366897E+02,  4.798929759115E+06, -1.051402964691E-09, -7.839844329283E-10
    5,1, 20,   60.000, 0.65,    1560.000,  7.961661600469E+06,  7.923068390204E+06,  7.884156465028E+06,  7.844879528095E+06,  1.043090091464E+02,  4.798886964642E+06,  1.890171574814E-09,  1.106400304707E-09
    5,1, 20,   60.000, 0.65,    1620.000,  7.961623064450E+06,  7.922996738291E+06,  7.884062243196E+06,  7.844776954190E+06,  1.043671922566E+02,  4.798847774332E+06, -5.651670242912E-10,  5.411493475549E-10
    5,1, 20,   60.000, 0.65,    1680.000,  7.961587769684E+06,  7.922931115669E+06,  7.883975954642E+06,  7.844683019370E+06,  1.044204482642E+02,  4.798811882852E+06,  3.303570750290E-10,  8.712959242985E-10
    5,1, 20,   60.000, 0.65,    1740.000,  7.961555442241E+06,  7.922871012480E+06,  7.883896927562E+06,  7.844596991768E+06,  1.044691987136E+02,  4.798779011015E+06,  5.455005336330E-10,  1.416992745362E-09
    5,1, 20,   60.000, 0.65,    1800.000,  7.961525831567E+06,  7.922815962312E+06,  7.883824547692E+06,  7.844518202147E+06,  1.045138286970E+02,  4.798748903507E+06,  1.123152237881E-09,  2.540218702052E-09
    6,1, 20,   60.000, 1.00,       0.000,  7.964770372286E+06,  7.929384223663E+06,  7.893839449198E+06,  7.858133896350E+06,  1.000000000000E+02,  4.802776587486E+06,  0.000000000000E+00,  0.000000000000E+00
    6,1, 20,   60.000, 1.00,      60.000,  7.964753255952E+06,  7.929282257194E+06,  7.893247356115E+06,  7.854669410172E+06,  1.000089219695E+02,  4.802477122804E+06,  6.510845196317E-10,  6.510845196317E-10
    6,1, 20,   60.000, 1.00,     120.000,  7.964685684897E+06,  7.928998609727E+06,  7.892329846241E+06,  7.853593792346E+06,  1.000531720296E+02,  4.802180313126E+06, -4.015987542516E-10,  2.494289219612E-10
    6,1, 20,   60.000, 1.00,     180.000,  7.964546394479E+06,  7.928567615512E+06,  7.891450072921E+06,  7.852736190740E+06,  1.001658491527E+02,  4.801890264075E+06,  5.128981683811E-10,  7.623839337612E-10
    6,1, 20,   60.000, 1.00,     240.000,  7.964344068488E+06,  7.928076382755E+06,  7.890701450457E+06,  7.851972053206E+06,  1.003636130336E+02,  4.801612080857E+06,  2.501678864064E-10,  1.012494976749E-09
    6,1, 20,   60.000, 1.00,     300.000,  7.964107508229E+06,  7.927590366003E+06,  7.890054589784E+06,  7.851285780626E+06,  1.006352939669E+02,  4.801350198495E+06, -4.490630090004E-10,  5.634319677483E-10
    6,1, 20,   60.000, 1.00,     360.000,  7.963865834846E+06,  7.927137556113E+06,  7.889475541631E+06,  7.850662154975E+06,  1.009506317526E+02,  4.801107236401E+06,  6.716618372593E-10,  1.235093805008E-09
    6,1, 20,   60.000, 1.00,     420.000,  7.963637247900E+06,  7.926723722361E+06,  7.888947172973E+06,  7.850090891089E+06,  1.012772424211E+02,  4.800883870946E+06, -1.991793396883E-10,  1.035914465319E-09
    6,1, 20,   60.000, 1.00,     480.000,  7.963428746962E+06,  7.926346842360E+06,  7.888462000951E+06,  7.849565540795E+06,  1.015921127293E+02,  4.800679397710E+06, -1.395619619871E-09, -3.597051545512E-10
    6,1, 20,   60.000, 1.00,     540.000,  7.963240630874E+06,  7.926003387655E+06,  7.888016046156E+06,  7.849081868969E+06,  1.018838730282E+02,  4.800492430091E+06,  2.917772690125E-09,  2.557953848736E-09
    6,1, 20,   60.000, 1.00,     600.000,  7.963070654142E+06,  7.925689952289E+06,  7.887606365513E+06,  7.848636763869E+06,  1.021495609941E+02,  4.800321403751E+06, -2.900719664467E-09, -3.428795025684E-10
    6,1, 20,   60.000, 1.00,     660.000,  7.962916269983E+06,  7.925403485767E+06,  7.887230295214E+06,  7.848227582610E+06,  1.023904455052E+02,  4.800164830481E+06,  1.180637809739E-09,  8.376446203329E-10
    6,1, 20,   60.000, 1.00,     720.000,  7.962775388360E+06,  7.925141307444E+06,  7.886885270927E+06,  7.847851825509E+06,  1.026091549839E+02,  4.800021379780E+06, -1.516923475720E-09, -6.793925422244E-10
    6,1, 20,   60.000, 1.00,     780.000,  7.962646432866E+06,  7.924901094609E+06,  7.886568822235E+06,  7.847507030004E+06,  1.028083189073E+02,  4.799889878915E+06,  1.863156740001E-09,  1.183707354357E-09
    6,1, 20,   60.000, 1.00,     840.000,  7.962528197836E+06,  7.924680841355E+06,  7.886278606357E+06,  7.847190779990E+06,  1.029901561297E+02,  4.799769288282E+06, -5.343849807105E-10,  6.493792170659E-10
    6,1, 20,   60.000, 1.00,     900.000,  7.962419709068E+06,  7.924478798582E+06,  7.886012436181E+06,  7.846900753411E+06,  1.031564693655E+02,  4.799658676444E+06, -6.410232344933E-10,  8.185452315956E-12
    6,1, 20,   60.000, 1.00,     960.000,  7.962320133864E+06,  7.924293416100E+06,  7.885768292446E+06,  7.846634765480E+06,  1.033087468246E+02,  4.799557201254E+06,  5.534843694477E-10,  5.616129783448E-10
    6,1, 20,   60.000, 1.00,    1020.000,  7.962228732080E+06,  7.924123298799E+06,  7.885544322777E+06,  7.846390792664E+06,  1.034482574769E+02,  4.799464096702E+06,  9.201244210999E-10,  1.481566869188E-09
    6,1, 20,   60.000, 1.00,    1080.000,  7.962144831648E+06,  7.923967177899E+06,  7.885338833075E+06,  7.846166978278E+06,  1.035761155787E+02,  4.799378663637E+06, -8.025153874769E-10,  6.789377948735E-10
    6,1, 20,   60.000, 1.00,    1140.000,  7.962067816539E+06,  7.923823893103E+06,  7.885150275591E+06,  7.845961626169E+06,  1.036933193987E+02,  4.799300262801E+06, -3.548734639480E-10,  3.242348611820E-10
    6,1, 20,   60.000, 1.00,    1200.000,  7.961997120402E+06,  7.923692381035E+06,  7.884977236287E+06,  7.845773188720E+06,  1.038007736632E+02,  4.799228309221E+06,  8.937490747485E-10,  1.217813405674E-09
    6,1, 20,   60.000, 1.00,    1260.000,  7.961932222511E+06,  7.923571666707E+06,  7.884818422704E+06,  7.845600253361E+06,  1.038993029776E+02,  4.799162267400E+06, -2.162607870559E-09, -9.449649951421E-10
    6,1, 20,   60.000, 1.00,    1320.000,  7.961872644518E+06,  7.923460856357E+06,  7.884672652839E+06,  7.845441529633E+06,  1.039896606423E+02,  4.799101647038E+06,  8.579945642850E-10, -8.685674401931E-11
    6,1, 20,   60.000, 1.00,    1380.000,  7.961817947434E+06,  7.923359130894E+06,  7.884538845113E+06,  7.845295837550E+06,  1.040725352553E+02,  4.799045999153E+06,  8.514575711160E-10,  7.644302968401E-10
    6,1, 20,   60.000, 1.00,    1440.000,  7.961767728674E+06,  7.923265739783E+06,  7.884416009381E+06,  7.845162097343E+06,  1.041485562733E+02,  4.798994912530E+06,  2.657429831743E-10,  1.030002749758E-09
    6,1, 20,   60.000, 1.00,    1500.000,  7.961721619167E+06,  7.923179995302E+06,  7.884303238852E+06,  7.845039320401E+06,  1.042182990349E+02,  4.798948010472E+06, -1.475143562857E-09, -4.451976565178E-10
    6,1, 20,   60.000, 1.00,    1560.000,  7.961679280608E+06,  7.923101267229E+06,  7.884199702821E+06,  7.844926601211E+06,  1.042822894155E+02,  4.798904947837E+06,  3.122408998024E-10, -1.327862264588E-10
    6,1, 20,   60.000, 1.00,    1620.000,  7.961640402869E+06,  7.923028977939E+06,  7.884104640083E+06,  7.844823110127E+06,  1.043410081517E+02,  4.798865408326E+06,  2.492413386790E-09,  2.359684003750E-09
    6,1, 20,   60.000, 1.00,    1680.000,  7.961604701613E+06,  7.922962597919E+06,  7.884017352968E+06,  7.844728086831E+06,  1.043948948307E+02,  4.798829102016E+06, -2.782201136142E-09, -4.224602889735E-10
    6,1, 20,   60.000, 1.00,    1740.000,  7.961571916102E+06,  7.922901641669E+06,  7.883937201913E+06,  7.844640834400E+06,  1.044443515428E+02,  4.798795763108E+06,  1.914258973557E-09,  1.491571310908E-09
    6,1, 20,   60.000, 1.00,    1800.000,  7.961541807197E+06,  7.922845663970E+06,  7.883863600520E+06,  7.844560713907E+06,  1.044897462065E+02,  4.798765147881E+06,  5.951505954727E-11,  1.551143213874E-09
    7,1, 20,  120.000, 0.50,       0.000,  7.964770372286E+06,  7.929384223663E+06,  7.893839449198E+06,  7.858133896350E+06,  1.000000000000E+02,  4.802776587486E+06,  0.000000000000E+00,  0.000000000000E+00
    7,1, 20,  120.000, 0.50,     120.000,  7.964753255952E+06,  7.929282257194E+06,  7.893247356115E+06,  7.854669410172E+06,  1.000089219695E+02,  4.802477122804E+06,  6.604636837437E-10,  6.604636837437E-10
    7,1, 20,  120.000, 0.50,     240.000,  7.964618313737E+06,  7.928715791990E+06,  7.891413188479E+06,  7.852514280903E+06,  1.000972988952E+02,  4.801883496056E+06, -1.331841303909E-10,  5.272795533529E-10
    7,1, 20,  120.000, 0.50,     360.000,  7.964197305725E+06,  7.927560328392E+06,  7.889726170931E+06,  7.851234973059E+06,  1.004583352625E+02,  4.801316834106E+06, -4.229718797433E-10,  1.043645170284E-10
    7,1, 20,  120.000, 0.50,     480.000,  7.963558196563E+06,  7.926508021461E+06,  7.888939256587E+06,  7.849834182686E+06,  1.012239558282E+02,  4.800817771571E+06,  5.742322173319E-10,  6.784830475226E-10
    7,1, 20,  120.000, 0.50,     600.000,  7.963089203449E+06,  7.925914181806E+06,  7.887837042390E+06,  7.849051753839E+06,  1.020866569181E+02,  4.800416408336E+06,  3.344666765770E-10,  1.013177097775E-09
    7,1, 20,  120.000, 0.50,     720.000,  7.962875548124E+06,  7.925281193490E+06,  7.887010940966E+06,  7.847909467261E+06,  1.025754506951E+02,  4.800096134793E+06, -1.125954440795E-09, -1.127773430198E-10
    7,1, 20,  120.000, 0.50,     840.000,  7.962603372515E+06,  7.924726642770E+06,  7.886475214816E+06,  7.847454441162E+06,  1.028401394131E+02,  4.799821070199E+06,  1.485773282184E-09,  1.372882252326E-09
    7,1, 20,  120.000, 0.50,     960.000,  7.962316693727E+06,  7.924403719776E+06,  7.885763900921E+06,  7.846575796396E+06,  1.032574540941E+02,  4.799586925810E+06, -3.831246431218E-10,  9.895302355289E-10
    7,1, 20,  120.000, 0.50,    1080.000,  7.962178756166E+06,  7.923977628494E+06,  7.885447320779E+06,  7.846353146131E+06,  1.035983548445E+02,  4.799398274346E+06,  3.741433829418E-10,  1.363787305309E-09
    7,1, 20,  120.000, 0.50,    1200.000,  7.962014223045E+06,  7.923698453730E+06,  7.884970192476E+06,  7.845677676148E+06,  1.037449678897E+02,  4.799238873710E+06, -6.824052434240E-10,  6.812115316279E-10
    7,1, 20,  120.000, 0.50,    1320.000,  7.961856480076E+06,  7.923498356759E+06,  7.884674342280E+06,  7.845553046826E+06,  1.039877726599E+02,  4.799102838143E+06, -1.522835191281E-09, -8.417373464908E-10
    7,1, 20,  120.000, 0.50,    1440.000,  7.961781089149E+06,  7.923227006815E+06,  7.884441671746E+06,  7.845065682089E+06,  1.041829857795E+02,  4.798993083649E+06,  1.295802576351E-09,  4.538378561847E-10
    7,1, 20,  120.000, 0.50,    1560.000,  7.961667870393E+06,  7.923112698097E+06,  7.884138506710E+06,  7.844983229905E+06,  1.042557453679E+02,  4.798899407518E+06,  1.011869699141E-09,  1.465650711907E-09
    7,1, 20,  120.000, 0.50,    1680.000,  7.961592728552E+06,  7.922941982663E+06,  7.884048382978E+06,  7.844655901709E+06,  1.044223849934E+02,  4.798820095340E+06, -1.442685970687E-09,  2.273736754432E-11
    7,1, 20,  120.000, 0.50,    1800.000,  7.961541519925E+06,  7.922819540803E+06,  7.883795748963E+06,  7.844564214847E+06,  1.045144820001E+02,  4.798756307360E+06,  6.756977199984E-10,  6.984919309616E-10
    8,1, 20,  120.000, 0.65,       0.000,  7.964770372286E+06,  7.929384223663E+06,  7.893839449198E+06,  7.858133896350E+06,  1.000000000000E+02,  4.802776587486E+06,  0.000000000000E+00,  0.000000000000E+00
    8,1, 20,  120.000, 0.65,     120.000,  7.964726832168E+06,  7.929185908651E+06,  7.892977209968E+06,  7.854364207433E+06,  1.000286558075E+02,  4.802388822639E+06, -6.632561166953E-10, -6.632490112679E-10
    8,1, 20,  120.000, 0.65,     240.000,  7.964513358060E+06,  7.928483951188E+06,  7.891219227012E+06,  7.852422784312E+06,  1.002031985152E+02,  4.801805875667E+06,  1.624009371426E-09,  9.607674655854E-10
    8,1, 20,  120.000, 0.65,     360.000,  7.964070916286E+06,  7.927452578896E+06,  7.889773523239E+06,  7.851062735563E+06,  1.006621506335E+02,  4.801266057754E+06, -7.439382443408E-11,  8.863025868777E-10
    8,1, 20,  120.000, 0.65,     480.000,  7.963555314777E+06,  7.926548306114E+06,  7.888762959661E+06,  7.849861605058E+06,  1.013479180908E+02,  4.800799005692E+06, -1.463611454255E-10,  7.398739398923E-10
    8,1, 20,  120.000, 0.65,     600.000,  7.963146001988E+06,  7.925858837090E+06,  7.887835304449E+06,  7.848894661353E+06,  1.020137221094E+02,  4.800412688576E+06, -6.950884312573E-11,  6.702975952066E-10
    8,1, 20,  120.000, 0.65,     720.000,  7.962844111380E+06,  7.925273947988E+06,  7.887056798022E+06,  7.848039872969E+06,  1.025159361531E+02,  4.800093507925E+06,  9.193001915264E-10,  1.589796738699E-09
    8,1, 20,  120.000, 0.65,     840.000,  7.962585995693E+06,  7.924781488912E+06,  7.886415766361E+06,  7.847340714054E+06,  1.029045756579E+02,  4.799825734145E+06,  7.275779978499E-10,  2.317392500117E-09
    8,1, 20,  120.000, 0.65,     960.000,  7.962362427432E+06,  7.924373822408E+06,  7.885871358937E+06,  7.846746128989E+06,  1.032414375194E+02,  4.799600558449E+06, -1.591939025047E-09,  7.253220246639E-10
    8,1, 20,  120.000, 0.65,    1080.000,  7.962177315146E+06,  7.924027985780E+06,  7.885418908355E+06,  7.846254472693E+06,  1.035272833857E+02,  4.799411826929E+06, -4.306741629989E-10,  2.946762833744E-10
    8,1, 20,  120.000, 0.65,    1200.000,  7.962022035176E+06,  7.923738090905E+06,  7.885037809280E+06,  7.845838890709E+06,  1.037631343588E+02,  4.799253497311E+06, -1.251379444511E-09, -9.567884262651E-10
    8,1, 20,  120.000, 0.65,    1320.000,  7.961891129076E+06,  7.923495506838E+06,  7.884717990603E+06,  7.845491159047E+06,  1.039613338346E+02,  4.799120532993E+06,  1.679410388533E-09,  7.225935405586E-10
    8,1, 20,  120.000, 0.65,    1440.000,  7.961781465692E+06,  7.923291270598E+06,  7.884449683232E+06,  7.845198599038E+06,  1.041279220621E+02,  4.799008886935E+06, -6.944871344672E-10,  2.819433575496E-11
    8,1, 20,  120.000, 0.65,    1560.000,  7.961689279280E+06,  7.923119821218E+06,  7.884224071941E+06,  7.844953193528E+06,  1.042671972484E+02,  4.798915101047E+06,  1.861738319064E-09,  1.889929990284E-09
    8,1, 20,  120.000, 0.65,    1680.000,  7.961611766944E+06,  7.922975751866E+06,  7.884034650811E+06,  7.844746899861E+06,  1.043842062867E+02,  4.798836291422E+06, -1.243597225198E-09,  6.461959856097E-10
    8,1, 20,  120.000, 0.65,    1800.000,  7.961546642025E+06,  7.922854644821E+06,  7.883875409301E+06,  7.844573570366E+06,  1.044824828465E+02,  4.798770061748E+06,  4.547526799570E-10,  1.100943336496E-09
    9,1, 20,  120.000, 1.00,       0.000,  7.964770372286E+06,  7.929384223663E+06,  7.893839449198E+06,  7.858133896350E+06,  1.000000000000E+02,  4.802776587486E+06,  0.000000000000E+00,  0.000000000000E+00
    9,1, 20,  120.000, 1.00,     120.000,  7.964630222551E+06,  7.928914458744E+06,  7.892401558844E+06,  7.853744338766E+06,  1.001209148257E+02,  4.802191097265E+06,  5.538822733797E-10,  5.538822733797E-10
    9,1, 20,  120.000, 1.00,     240.000,  7.964309274361E+06,  7.928099782713E+06,  7.890866217100E+06,  7.852109024165E+06,  1.004579797244E+02,  4.801646054832E+06,  2.860360837076E-10,  8.399183570873E-10
    9,1, 20,  120.000, 1.00,     360.000,  7.963899406511E+06,  7.927238437553E+06,  7.889624651411E+06,  7.850811546912E+06,  1.009634767274E+02,  4.801161672040E+06, -4.513367457548E-10,  3.885816113325E-10
    9,1, 20,  120.000, 1.00,     480.000,  7.963496454288E+06,  7.926470138206E+06,  7.888613584993E+06,  7.849726157442E+06,  1.015214746393E+02,  4.800744248996E+06, -4.424691724125E-10, -5.388756108005E-11
    9,1, 20,  120.000, 1.00,     600.000,  7.963143186166E+06,  7.925817511789E+06,  7.887765840917E+06,  7.848807717935E+06,  1.020454797564E+02,  4.800389706567E+06,  1.573312147229E-09,  1.519310899312E-09
    9,1, 20,  120.000, 1.00,     720.000,  7.962845007814E+06,  7.925267605082E+06,  7.887047981817E+06,  7.848027721037E+06,  1.025013257878E+02,  4.800089865662E+06, -1.080024958355E-09,  4.392859409563E-10
    9,1, 20,  120.000, 1.00,     840.000,  7.962594574253E+06,  7.924803596350E+06,  7.886439287346E+06,  7.847365409302E+06,  1.028869080466E+02,  4.799836294627E+06,  1.449961928301E-09,  1.889020495582E-09
    9,1, 20,  120.000, 1.00,     960.000,  7.962383437840E+06,  7.924411192919E+06,  7.885923273970E+06,  7.846803544025E+06,  1.032112307076E+02,  4.799621642312E+06,  6.207301339600E-11,  1.950866135303E-09
    9,1, 20,  120.000, 1.00,    1080.000,  7.962204796775E+06,  7.924078830560E+06,  7.885485872162E+06,  7.846327161135E+06,  1.034844570082E+02,  4.799439777153E+06, -1.920852810144E-09,  3.001332515851E-11
    9,1, 20,  120.000, 1.00,    1200.000,  7.962053368083E+06,  7.923797068947E+06,  7.885115049736E+06,  7.845923296169E+06,  1.037151909453E+02,  4.799285600066E+06, -2.258957465529E-10, -1.959961082321E-10
    9,1, 20,  120.000, 1.00,    1320.000,  7.961924906653E+06,  7.923558084679E+06,  7.884800589098E+06,  7.845580850373E+06,  1.039103650158E+02,  4.799154843868E+06,  1.472017174819E-09,  1.276021066587E-09
    9,1, 20,  120.000, 1.00,    1440.000,  7.961815894109E+06,  7.923355322244E+06,  7.884533849372E+06,  7.845290404817E+06,  1.040756223394E+02,  4.799043918549E+06,  1.364242052659E-11,  1.289663487114E-09
    9,1, 20,  120.000, 1.00,    1560.000,  7.961723369864E+06,  7.923183254982E+06,  7.884307531784E+06,  7.845043997067E+06,  1.042156346747E+02,  4.798949794710E+06, -1.065018295776E-09,  2.246451913379E-10
    9,1, 20,  120.000, 1.00,    1680.000,  7.961644829416E+06,  7.923037210792E+06,  7.884115469561E+06,  7.844834901208E+06,  1.043343107966E+02,  4.798869912006E+06,  8.849383448251E-10,  1.109583536163E-09
    9,1, 20,  120.000, 1.00,    1800.000,  7.961578151114E+06,  7.922913235486E+06,  7.883952448538E+06,  7.844657432815E+06,  1.044349377806E+02,  4.798802104539E+06, -6.316440703813E-10,  4.779394657817E-10
   10,1, 40,   15.000, 0.50,       0.000,  7.964770372286E+06,  7.929384223663E+06,  7.893839449198E+06,  7.858133896350E+06,  1.000000000000E+02,  4.802776827728E+06,  0.000000000000E+00,  0.000000000000E+00
   10,1, 40,   15.000, 0.50,      15.000,  7.964770372286E+06,  7.929384223653E+06,  7.893839302676E+06,  7.855917431009E+06,  1.000000000000E+02,  4.802739327728E+06, -2.795886189233E-09, -2.795886189233E-09
   10,1, 40,   15.000, 0.50,      30.000,  7.964770372286E+06,  7.929384223325E+06,  7.893836795530E+06,  7.854769316034E+06,  1.000000000000E+02,  4.802664327728E+06, -6.394884621841E-12, -2.802281073855E-09
   10,1, 40,   15.000, 0.50,      45.000,  7.964770372285E+06,  7.929384218059E+06,  7.893817384800E+06,  7.855472364230E+06,  1.000000000000E+02,  4.802589327728E+06, -9.405951573171E-10, -3.742883336599E-09
   10,1, 40,   15.000, 0.50,      60.000,  7.964770372272E+06,  7.929384164652E+06,  7.893728403889E+06,  7.854385984743E+06,  1.000000000000E+02,  4.802514327728E+06,  2.724583225699E-09, -1.018293005473E-09
   10,1, 40,   15.000, 0.50,      75.000,  7.964770372131E+06,  7.929383781639E+06,  7.893464101113E+06,  7.854294597610E+06,  1.000000000001E+02,  4.802439327728E+06, -3.015536265139E-09, -4.033836376038E-09
   10,1, 40,   15.000, 0.50,      90.000,  7.964770370898E+06,  7.929381722745E+06,  7.892945208086E+06,  7.854347324672E+06,  1.000000000018E+02,  4.802364327728E+06,  2.352933847760E-09, -1.680916739133E-09
   10,1, 40,   15.000, 0.50,     105.000,  7.964770362302E+06,  7.929373149914E+06,  7.892300707881E+06,  7.853547884989E+06,  1.000000000175E+02,  4.802289327728E+06,  3.507381052259E-10, -1.330192844762E-09
   10,1, 40,   15.000, 0.50,     120.000,  7.964770313188E+06,  7.929345002601E+06,  7.891881301664E+06,  7.853672768285E+06,  1.000000001443E+02,  4.802214327729E+06, -2.376502550305E-09, -3.706645657076E-09
   10,1, 40,   15.000, 0.50,     135.000,  7.964770079332E+06,  7.929271631308E+06,  7.891857579436E+06,  7.853430899074E+06,  1.000000010071E+02,  4.802139327738E+06, -3.940030524063E-10, -4.100684236619E-09
   10,1, 40,   15.000, 0.50,     150.000,  7.964769140832E+06,  7.929120338858E+06,  7.891886655583E+06,  7.852900230108E+06,  1.000000060475E+02,  4.802064327791E+06,  7.691909331697E-10, -3.331479092594E-09
   10,1, 40,   15.000, 0.50,     165.000,  7.964765944172E+06,  7.928877613575E+06,  7.891588199212E+06,  7.853050304210E+06,  1.000000315834E+02,  4.801989328073E+06,  4.758859972753E-10, -2.855585989892E-09
   10,1, 40,   15.000, 0.50,     180.000,  7.964756671993E+06,  7.928585818125E+06,  7.891203030862E+06,  7.852655881918E+06,  1.000001446104E+02,  4.801914329395E+06,  6.284892606345E-10, -2.227125150966E-09
   10,1, 40,   15.000, 0.50,     195.000,  7.964733774037E+06,  7.928343575454E+06,  7.891121036477E+06,  7.852360193749E+06,  1.000005839899E+02,  4.801839334859E+06, -3.576303697628E-10, -2.584783942439E-09
   10,1, 40,   15.000, 0.50,     210.000,  7.964685828299E+06,  7.928229433806E+06,  7.891087846763E+06,  7.852436564682E+06,  1.000020891810E+02,  4.801764354908E+06, -1.827331175264E-09, -4.412072485138E-09
   10,1, 40,   15.000, 0.50,     225.000,  7.964601471184E+06,  7.928203703733E+06,  7.890784948812E+06,  7.851997324433E+06,  1.000066405863E+02,  4.801689420381E+06,  1.338385402505E-09, -3.073637344642E-09
   10,1, 40,   15.000, 0.50,     240.000,  7.964478731749E+06,  7.928129165977E+06,  7.890539170277E+06,  7.851877978893E+06,  1.000187867778E+02,  4.801614611086E+06,  1.913420533128E-10, -2.882188709918E-09
   10,1, 40,   15.000, 0.50,     255.000,  7.964334940583E+06,  7.927939234030E+06,  7.890521249742E+06,  7.851838927314E+06,  1.000473338006E+02,  4.801540106991E+06,  7.625402531630E-10, -2.119577402482E-09
   10,1, 40,   15.000, 0.50,     270.000,  7.964205125683E+06,  7.927737334532E+06,  7.890352667489E+06,  7.851436025373E+06,  1.001061577244E+02,  4.801466258177E+06, -1.199694565912E-09, -3.319200914120E-09
   10,1, 40,   15.000, 0.50,     285.000,  7.964120094023E+06,  7.927641549786E+06,  7.890070139474E+06,  7.851420965578E+06,  1.002116155634E+02,  4.801393641477E+06,  7.549942893093E-10, -2.564320311649E-09
   10,1, 40,   15.000, 0.50,     300.000,  7.964076540859E+06,  7.927590404602E+06,  7.890000024623E+06,  7.851268341605E+06,  1.003740804876E+02,  4.801323034197E+06, -2.139088906006E-10, -2.778278940241E-09
   10,1, 40,   15.000, 0.50,     315.000,  7.964032963679E+06,  7.927452212449E+06,  7.889905430793E+06,  7.850951416337E+06,  1.005849016240E+02,  4.801255226563E+06, -1.245140879291E-09, -4.023377186968E-09
   10,1, 40,   15.000, 0.50,     330.000,  7.963950130522E+06,  7.927266675787E+06,  7.889643292253E+06,  7.850970613865E+06,  1.008076513755E+02,  4.801190670711E+06,  1.289940598781E-09, -2.733486326179E-09
   10,1, 40,   15.000, 0.50,     345.000,  7.963839410093E+06,  7.927163474817E+06,  7.889531884210E+06,  7.850735553686E+06,  1.009875264171E+02,  4.801129134544E+06,  7.028475579318E-10, -2.030674295384E-09
   10,1, 40,   15.000, 0.50,     360.000,  7.963753496643E+06,  7.927103297430E+06,  7.889466664582E+06,  7.850521594137E+06,  1.010842313991E+02,  4.801069672728E+06,  8.828706654640E-10, -1.147782313637E-09
   10,1, 40,   15.000, 0.50,     375.000,  7.963718015798E+06,  7.926965752598E+06,  7.889234891440E+06,  7.850520148638E+06,  1.011091930078E+02,  4.801011123411E+06, -9.873346584754E-10, -2.135038812412E-09
   10,1, 40,   15.000, 0.50,     390.000,  7.963694991698E+06,  7.926805840151E+06,  7.889103246723E+06,  7.850247448341E+06,  1.011282421444E+02,  4.800952904174E+06,  1.046480235800E-09, -1.088665158022E-09
   10,1, 40,   15.000, 0.50,     405.000,  7.963639295674E+06,  7.926727718362E+06,  7.889046529980E+06,  7.850125744998E+06,  1.012094830211E+02,  4.800895437113E+06,  1.599076426828E-10, -9.288214641856E-10
   10,1, 40,   15.000, 0.50,     420.000,  7.963566301389E+06,  7.926654710554E+06,  7.888839839843E+06,  7.850071445185E+06,  1.013551047938E+02,  4.800839671522E+06, -3.207489385204E-09, -4.136381903663E-09
   10,1, 40,   15.000, 0.50,     435.000,  7.963518623346E+06,  7.926513455212E+06,  7.888703240072E+06,  7.849805184098E+06,  1.014946281349E+02,  4.800786044519E+06, -3.272404569543E-10, -4.463572622626E-09
   10,1, 40,   15.000, 0.50,     450.000,  7.963486628304E+06,  7.926403365991E+06,  7.888647390567E+06,  7.849746873558E+06,  1.015644279368E+02,  4.800733987439E+06,  1.147910211330E-09, -3.315562935313E-09
   10,1, 40,   15.000, 0.50,     465.000,  7.963427427922E+06,  7.926356011709E+06,  7.888459269831E+06,  7.849631351056E+06,  1.015873661188E+02,  4.800682625895E+06, -4.208544623907E-11, -3.357854438946E-09
   10,1, 40,   15.000, 0.50,     480.000,  7.963351185920E+06,  7.926263336784E+06,  7.888328202988E+06,  7.849404376107E+06,  1.016436795062E+02,  4.800631858737E+06,  1.858786902176E-09, -1.498847268522E-09
   10,1, 40,   15.000, 0.50,     495.000,  7.963307237161E+06,  7.926141895056E+06,  7.888272754505E+06,  7.849373902125E+06,  1.017599008949E+02,  4.800582385590E+06, -6.501608140752E-10, -2.149135980289E-09
   10,1, 40,   15.000, 0.50,     510.000,  7.963288763425E+06,  7.926080291577E+06,  7.888100781129E+06,  7.849208548312E+06,  1.018711334846E+02,  4.800534618348E+06, -5.340154984879E-10, -2.683009370230E-09
   10,1, 40,   15.000, 0.50,     525.000,  7.963243686956E+06,  7.926012699151E+06,  7.887983826477E+06,  7.849037653578E+06,  1.019207964049E+02,  4.800488057822E+06,  3.958575689467E-10, -2.287379174959E-09
   10,1, 40,   15.000, 0.50,     540.000,  7.963175351496E+06,  7.925891863192E+06,  7.887930542601E+06,  7.849003867050E+06,  1.019491809633E+02,  4.800442082652E+06, -8.994405220619E-10, -3.186869435012E-09
   10,1, 40,   15.000, 0.50,     555.000,  7.963131215898E+06,  7.925810554053E+06,  7.887772427873E+06,  7.848813285046E+06,  1.020255001097E+02,  4.800396892760E+06, -2.694306999729E-10, -3.456079866737E-09
   10,1, 40,   15.000, 0.50,     570.000,  7.963105892812E+06,  7.925761971994E+06,  7.887670233146E+06,  7.848700581138E+06,  1.021314275420E+02,  4.800353069718E+06,  1.366501578559E-09, -2.089564077323E-09
   10,1, 40,   15.000, 0.50,     585.000,  7.963061152848E+06,  7.925665776029E+06,  7.887613123827E+06,  7.848645027819E+06,  1.021959584679E+02,  4.800310525113E+06, -1.437761909528E-09, -3.527475200826E-09
   10,1, 40,   15.000, 0.50,     600.000,  7.963009786614E+06,  7.925578320649E+06,  7.887460999497E+06,  7.848458590391E+06,  1.022229280299E+02,  4.800268666761E+06,  1.691489615041E-09, -1.835815055529E-09
   10,1, 40,   15.000, 0.50,     615.000,  7.962978123565E+06,  7.925531677706E+06,  7.887369739517E+06,  7.848393714848E+06,  1.022810145916E+02,  4.800227446331E+06, -2.896754836001E-09, -4.732555680675E-09
   10,1, 40,   15.000, 0.50,     630.000,  7.962943563142E+06,  7.925447667803E+06,  7.887307392493E+06,  7.848308946795E+06,  1.023739605443E+02,  4.800187358645E+06,  1.494626644671E-09, -3.237801138312E-09
   10,1, 40,   15.000, 0.50,     645.000,  7.962893381202E+06,  7.925354322561E+06,  7.887165889064E+06,  7.848146403725E+06,  1.024366487352E+02,  4.800148438214E+06,  6.434746069317E-10, -2.594333636807E-09
   10,1, 40,   15.000, 0.50,     660.000,  7.962858013660E+06,  7.925309252495E+06,  7.887092128767E+06,  7.848105249852E+06,  1.024639357384E+02,  4.800110192598E+06,  7.210729791041E-10, -1.873104338301E-09
   10,1, 40,   15.000, 0.50,     675.000,  7.962834993916E+06,  7.925244441392E+06,  7.887027996500E+06,  7.847989430807E+06,  1.025178571905E+02,  4.800072556045E+06, -9.398206657352E-10, -2.813067112584E-09
   10,1, 40,   15.000, 0.50,     690.000,  7.962791316106E+06,  7.925154415754E+06,  7.886897116916E+06,  7.847858908934E+06,  1.026005151034E+02,  4.800035943837E+06, -5.191935770199E-10, -3.332388587296E-09
   10,1, 40,   15.000, 0.50,     705.000,  7.962744548845E+06,  7.925103399846E+06,  7.886834350725E+06,  7.847820787175E+06,  1.026530393124E+02,  4.800000345495E+06, -1.876543365142E-11, -3.351033228682E-09
   10,1, 40,   15.000, 0.50,     720.000,  7.962722754330E+06,  7.925046161555E+06,  7.886763207254E+06,  7.847689207638E+06,  1.026801279653E+02,  4.799965344250E+06,  2.138591526091E-10, -3.137301973766E-09
   10,1, 40,   15.000, 0.50,     735.000,  7.962696109894E+06,  7.924963292650E+06,  7.886644218238E+06,  7.847598075925E+06,  1.027368881561E+02,  4.799930971870E+06,  6.123030971139E-10, -2.525212039473E-09
   10,1, 40,   15.000, 0.50,     750.000,  7.962648610778E+06,  7.924914822350E+06,  7.886593403210E+06,  7.847551507775E+06,  1.028094895124E+02,  4.799897569703E+06, -1.925805293013E-09, -4.451067070477E-09
   10,1, 40,   15.000, 0.50,     765.000,  7.962615739284E+06,  7.924865492119E+06,  7.886517512866E+06,  7.847418725423E+06,  1.028487214574E+02,  4.799865006285E+06,  5.874198905076E-10, -3.863533493131E-09
   10,1, 40,   15.000, 0.50,     780.000,  7.962597288082E+06,  7.924785874320E+06,  7.886410332172E+06,  7.847356256496E+06,  1.028788577553E+02,  4.799832963129E+06,  1.554084860800E-09, -2.309661795152E-09
   10,1, 40,   15.000, 0.50,     795.000,  7.962561285436E+06,  7.924735971889E+06,  7.886365111354E+06,  7.847289750886E+06,  1.029402517333E+02,  4.799801606450E+06, -5.454552365336E-10, -2.854903868865E-09
   10,1, 40,   15.000, 0.50,     810.000,  7.962522966156E+06,  7.924694132008E+06,  7.886284688115E+06,  7.847169187049E+06,  1.029988766916E+02,  4.799771149914E+06, -1.729958398755E-10, -3.027707862202E-09
   10,1, 40,   15.000, 0.50,     825.000,  7.962501972653E+06,  7.924622417452E+06,  7.886193674094E+06,  7.847127235234E+06,  1.030269450569E+02,  4.799741343577E+06, -8.966480891104E-10, -3.924469638150E-09
   10,1, 40,   15.000, 0.50,     840.000,  7.962475107028E+06,  7.924571707420E+06,  7.886153740990E+06,  7.847044796717E+06,  1.030654920702E+02,  4.799712036855E+06,  7.241780508593E-10, -3.200511855539E-09
   10,1, 40,   15.000, 0.50,     855.000,  7.962439678480E+06,  7.924531249854E+06,  7.886069256313E+06,  7.846945484663E+06,  1.031264999588E+02,  4.799683476795E+06, -1.651457637308E-09, -4.852154233959E-09
   10,1, 40,   15.000, 0.50,     870.000,  7.962416121521E+06,  7.924466141167E+06,  7.885990884196E+06,  7.846908150348E+06,  1.031669179944E+02,  4.799655677430E+06,  1.954759909495E-09, -2.897195372498E-09
   10,1, 40,   15.000, 0.50,     885.000,  7.962392423127E+06,  7.924419766286E+06,  7.885951559395E+06,  7.846813369126E+06,  1.031920825689E+02,  4.799628369934E+06, -2.059863390969E-09, -4.957200872013E-09
   10,1, 40,   15.000, 0.50,     900.000,  7.962360304693E+06,  7.924381865804E+06,  7.885868039003E+06,  7.846738854579E+06,  1.032403448417E+02,  4.799601613140E+06,  2.525332831738E-09, -2.431988832541E-09
   10,1, 40,   15.000, 0.50,     915.000,  7.962337224510E+06,  7.924319808857E+06,  7.885804513486E+06,  7.846698887728E+06,  1.032904585031E+02,  4.799575594165E+06,  3.130402603801E-09,  6.984919309616E-10
   10,1, 40,   15.000, 0.50,     930.000,  7.962315888168E+06,  7.924276144268E+06,  7.885762447332E+06,  7.846602337495E+06,  1.033158839334E+02,  4.799550141733E+06, -3.114287494554E-09, -2.415617927909E-09
   10,1, 40,   15.000, 0.50,     945.000,  7.962285152053E+06,  7.924242114019E+06,  7.885680068219E+06,  7.846547763261E+06,  1.033489788502E+02,  4.799525128204E+06, -1.921065972965E-09, -4.336470738053E-09
   10,1, 40,   15.000, 0.50,     960.000,  7.962262628757E+06,  7.924184237611E+06,  7.885629089022E+06,  7.846496944715E+06,  1.033994159749E+02,  4.799500741165E+06,  2.081300465306E-09, -2.255092113046E-09
   10,1, 40,   15.000, 0.50,     975.000,  7.962245103556E+06,  7.924141989233E+06,  7.885584292041E+06,  7.846407932650E+06,  1.034321238215E+02,  4.799476977714E+06, -1.850523290159E-09, -4.105459083803E-09
   10,1, 40,   15.000, 0.50,     990.000,  7.962216044835E+06,  7.924110068027E+06,  7.885506969551E+06,  7.846368820663E+06,  1.034559122429E+02,  4.799453637984E+06,  1.815720906961E-10, -3.924014890799E-09
   10,1, 40,   15.000, 0.50,    1005.000,  7.962192189430E+06,  7.924057687961E+06,  7.885465022504E+06,  7.846307212870E+06,  1.034990695409E+02,  4.799430800348E+06,  2.289439748893E-09, -1.634361979086E-09
   10,1, 40,   15.000, 0.50,    1020.000,  7.962177855358E+06,  7.924018364811E+06,  7.885415923719E+06,  7.846230519202E+06,  1.035379760090E+02,  4.799408578189E+06, -1.225672008331E-09, -2.859906089725E-09
   10,1, 40,   15.000, 0.50,    1035.000,  7.962152261219E+06,  7.923986407586E+06,  7.885346689258E+06,  7.846197243402E+06,  1.035590944586E+02,  4.799386806218E+06, -7.105427357601E-15, -2.859906089725E-09
   10,1, 40,   15.000, 0.50,    1050.000,  7.962126817886E+06,  7.923937756372E+06,  7.885311356135E+06,  7.846128894282E+06,  1.035923547445E+02,  4.799365442087E+06,  7.259899348355E-10, -2.134129317710E-09
   10,1, 40,   15.000, 0.50,    1065.000,  7.962113828824E+06,  7.923902939193E+06,  7.885257895454E+06,  7.846068796407E+06,  1.036332273164E+02,  4.799344633952E+06, -1.308038122261E-09, -3.441982698860E-09
   10,1, 40,   15.000, 0.50,    1080.000,  7.962092794428E+06,  7.923871896723E+06,  7.885197892417E+06,  7.846034206553E+06,  1.036564567535E+02,  4.799324306583E+06,  1.551811124045E-09, -1.890384737635E-09
   10,1, 40,   15.000, 0.50,    1095.000,  7.962067030898E+06,  7.923825516118E+06,  7.885166642785E+06,  7.845963144699E+06,  1.036817164117E+02,  4.799304342882E+06, -9.698837288852E-10, -2.860360837076E-09
   10,1, 40,   15.000, 0.50,    1110.000,  7.962053429867E+06,  7.923794300386E+06,  7.885110709794E+06,  7.845918043909E+06,  1.037205300739E+02,  4.799284859730E+06, -3.322071506773E-10, -3.192781150574E-09
   10,1, 40,   15.000, 0.50,    1125.000,  7.962036187611E+06,  7.923764935849E+06,  7.885059758703E+06,  7.845878956695E+06,  1.037470715086E+02,  4.799265866742E+06,  2.648690156093E-10, -2.928118192358E-09
   10,1, 40,   15.000, 0.50,    1140.000,  7.962011829297E+06,  7.923721095733E+06,  7.885029314066E+06,  7.845811748119E+06,  1.037670728959E+02,  4.799247222825E+06,  1.741533139921E-09, -1.186435838463E-09
   10,1, 40,   15.000, 0.50,    1155.000,  7.961997288986E+06,  7.923692449397E+06,  7.884973818894E+06,  7.845776707445E+06,  1.038011099477E+02,  4.799228984196E+06, -1.459561360662E-09, -2.646174834808E-09
   10,1, 40,   15.000, 0.50,    1170.000,  7.961982503019E+06,  7.923664563926E+06,  7.884931925263E+06,  7.845731040734E+06,  1.038302744286E+02,  4.799211219579E+06,  7.288747383427E-11, -2.573415258667E-09
   10,1, 40,   15.000, 0.50,    1185.000,  7.961960467188E+06,  7.923624025829E+06,  7.884899452263E+06,  7.845672909585E+06,  1.038481334710E+02,  4.799193807638E+06,  6.457341328314E-10, -1.927674020408E-09
   10,1, 40,   15.000, 0.50,    1200.000,  7.961945411105E+06,  7.923597365750E+06,  7.884846174536E+06,  7.845643592369E+06,  1.038768624967E+02,  4.799176745108E+06, -2.461774784024E-09, -4.389221430756E-09
   10,1, 40,   15.000, 0.50,    1215.000,  7.961931733659E+06,  7.923569997327E+06,  7.884812596012E+06,  7.845592388736E+06,  1.039070098133E+02,  4.799160124151E+06,  2.190276404690E-09, -2.199158188887E-09
   10,1, 40,   15.000, 0.50,    1230.000,  7.961912105852E+06,  7.923533298537E+06,  7.884777586543E+06,  7.845544699285E+06,  1.039243834726E+02,  4.799143859600E+06, -5.184972451389E-10, -2.717570168898E-09
   10,1, 40,   15.000, 0.50,    1245.000,  7.961897480653E+06,  7.923509029290E+06,  7.884727972658E+06,  7.845516651951E+06,  1.039480716047E+02,  4.799127903013E+06, -4.018119170723E-10, -3.119566827081E-09
   10,1, 40,   15.000, 0.50,    1260.000,  7.961884257941E+06,  7.923481453428E+06,  7.884700047806E+06,  7.845464019356E+06,  1.039777141899E+02,  4.799112346407E+06,  8.559410957787E-10, -2.263732312713E-09
   10,1, 40,   15.000, 0.50,    1275.000,  7.961866460866E+06,  7.923448099131E+06,  7.884663040129E+06,  7.845426178068E+06,  1.039957365043E+02,  4.799097147287E+06, -1.623369882964E-09, -3.887180355377E-09
   10,1, 40,   15.000, 0.50,    1290.000,  7.961852866094E+06,  7.923426485323E+06,  7.884619079477E+06,  7.845395395052E+06,  1.040154862148E+02,  4.799082231457E+06,  2.083901051719E-09, -1.803073246265E-09
   10,1, 40,   15.000, 0.50,    1305.000,  7.961840037039E+06,  7.923398939163E+06,  7.884593932572E+06,  7.845345401248E+06,  1.040433892507E+02,  4.799067673023E+06, -1.036227104123E-09, -2.839442458935E-09
   10,1, 40,   15.000, 0.50,    1320.000,  7.961823513580E+06,  7.923368385051E+06,  7.884555388725E+06,  7.845315730965E+06,  1.040620589526E+02,  4.799053463885E+06,  2.638032015057E-10, -2.575688995421E-09
   10,1, 40,   15.000, 0.50,    1335.000,  7.961811175718E+06,  7.923348981370E+06,  7.884518268623E+06,  7.845280708068E+06,  1.040788991435E+02,  4.799039521071E+06,  9.753620133779E-10, -1.600255927769E-09
   10,1, 40,   15.000, 0.50,    1350.000,  7.961798872432E+06,  7.923321931724E+06,  7.884494031164E+06,  7.845235970156E+06,  1.041045924939E+02,  4.799025897258E+06, -3.047261998290E-09, -4.647517926060E-09
   10,1, 40,   15.000, 0.50,    1365.000,  7.961783187488E+06,  7.923294042638E+06,  7.884454946614E+06,  7.845211374774E+06,  1.041238331323E+02,  4.799012610450E+06,  8.966338782557E-10, -3.750756150112E-09
   10,1, 40,   15.000, 0.50,    1380.000,  7.961772096871E+06,  7.923276200733E+06,  7.884424308157E+06,  7.845173229904E+06,  1.041386271055E+02,  4.798999578902E+06, -2.294271439496E-10, -3.980403562309E-09
   10,1, 40,   15.000, 0.50,    1395.000,  7.961760569834E+06,  7.923249994760E+06,  7.884399736094E+06,  7.845135275250E+06,  1.041617468685E+02,  4.798986831707E+06,  2.076745886370E-09, -1.903572410811E-09
   10,1, 40,   15.000, 0.50,    1410.000,  7.961745481262E+06,  7.923224744016E+06,  7.884361831554E+06,  7.845112071247E+06,  1.041811303336E+02,  4.798974403286E+06,  4.576605761031E-11, -1.857642928371E-09
   10,1, 40,   15.000, 0.50,    1425.000,  7.961735374925E+06,  7.923207797811E+06,  7.884336443442E+06,  7.845073024445E+06,  1.041946596530E+02,  4.798962221711E+06, -2.106226304477E-09, -3.964032657677E-09
   10,1, 40,   15.000, 0.50,    1440.000,  7.961724776582E+06,  7.923182751750E+06,  7.884310694192E+06,  7.845042274379E+06,  1.042153844950E+02,  4.798950297042E+06, -8.372680326829E-10, -4.801222530659E-09
   10,1, 40,   15.000, 0.50,    1455.000,  7.961710330590E+06,  7.923160242470E+06,  7.884275680041E+06,  7.845017755007E+06,  1.042344860139E+02,  4.798938671070E+06,  1.987537245896E-09, -2.813521859935E-09
   10,1, 40,   15.000, 0.50,    1470.000,  7.961700978346E+06,  7.923143587648E+06,  7.884254018304E+06,  7.844980036333E+06,  1.042470657233E+02,  4.798927282709E+06, -1.222019818670E-09, -4.035427991766E-09
   10,1, 40,   15.000, 0.50,    1485.000,  7.961691250138E+06,  7.923119780652E+06,  7.884226890486E+06,  7.844955475118E+06,  1.042655903800E+02,  4.798916127629E+06,  4.437481493369E-10, -3.591594577301E-09
   10,1, 40,   15.000, 0.50,    1500.000,  7.961677502942E+06,  7.923100089121E+06,  7.884195928893E+06,  7.844928674665E+06,  1.042841977394E+02,  4.798905251040E+06,  1.957943140951E-09, -1.633452484384E-09
   10,1, 40,   15.000, 0.50,    1515.000,  7.961668778813E+06,  7.923083469681E+06,  7.884176412145E+06,  7.844894207494E+06,  1.042961509912E+02,  4.798894603656E+06, -1.654967718423E-09, -3.288278094260E-09
   10,1, 40,   15.000, 0.50,    1530.000,  7.961659864782E+06,  7.923060886738E+06,  7.884148391841E+06,  7.844873629119E+06,  1.043126872438E+02,  4.798884169942E+06,  2.068873072858E-09, -1.219632395077E-09
   10,1, 40,   15.000, 0.50,    1545.000,  7.961646882452E+06,  7.923043797445E+06,  7.884121963456E+06,  7.844844974916E+06,  1.043304882720E+02,  4.798873993759E+06, -5.591971330432E-10, -1.778971636668E-09
   10,1, 40,   15.000, 0.50,    1560.000,  7.961638636532E+06,  7.923027207933E+06,  7.884103181990E+06,  7.844815130890E+06,  1.043419671914E+02,  4.798864037175E+06, -7.123119871721E-10, -2.491105988156E-09
   10,1, 40,   15.000, 0.50,    1575.000,  7.961630408714E+06,  7.923005952422E+06,  7.884075184714E+06,  7.844796056925E+06,  1.043568837115E+02,  4.798854278557E+06,  1.631974555494E-10, -2.327851689188E-09
   10,1, 40,   15.000, 0.50,    1590.000,  7.961618314773E+06,  7.922991014761E+06,  7.884053093333E+06,  7.844766731713E+06,  1.043737514971E+02,  4.798844758321E+06, -1.342463917808E-09, -3.670265869005E-09
   10,1, 40,   15.000, 0.50,    1605.000,  7.961610500366E+06,  7.922974508770E+06,  7.884034090832E+06,  7.844741994477E+06,  1.043847282060E+02,  4.798835446918E+06,  1.671317306773E-09, -1.999069354497E-09
   10,1, 40,   15.000, 0.50,    1620.000,  7.961602765975E+06,  7.922954791304E+06,  7.884007201292E+06,  7.844722560710E+06,  1.043982456825E+02,  4.798826319223E+06, -1.670990457114E-09, -3.670265869005E-09
   10,1, 40,   15.000, 0.50,    1635.000,  7.961591593435E+06,  7.922941502415E+06,  7.883988642375E+06,  7.844693995999E+06,  1.044141749100E+02,  4.798817412377E+06,  3.410534077375E-10, -3.329205355840E-09
   10,1, 40,   15.000, 0.50,    1650.000,  7.961584234699E+06,  7.922925141160E+06,  7.883968988822E+06,  7.844673790636E+06,  1.044247052821E+02,  4.798808703978E+06,  3.412857552121E-09,  8.367351256311E-11
   10,1, 40,   15.000, 0.50,    1665.000,  7.961576873914E+06,  7.922907136929E+06,  7.883944243729E+06,  7.844653143811E+06,  1.044369995847E+02,  4.798800166765E+06, -3.610558962919E-09, -3.527020453475E-09
   10,1, 40,   15.000, 0.50,    1680.000,  7.961566600852E+06,  7.922895029476E+06,  7.883928076228E+06,  7.844626704694E+06,  1.044519192805E+02,  4.798791833656E+06,  5.699263283532E-11, -3.470177034615E-09
   10,1, 40,   15.000, 0.50,    1695.000,  7.961559684202E+06,  7.922878951139E+06,  7.883907802092E+06,  7.844609660688E+06,  1.044620152965E+02,  4.798783688166E+06,  2.087823247621E-09, -1.382431946695E-09
   10,1, 40,   15.000, 0.50,    1710.000,  7.961552616652E+06,  7.922862741723E+06,  7.883885949547E+06,  7.844587873109E+06,  1.044733221207E+02,  4.798775703196E+06, -2.812043931044E-09, -4.194589564577E-09
   10,1, 40,   15.000, 0.50,    1725.000,  7.961543237746E+06,  7.922851360254E+06,  7.883871022148E+06,  7.844564555590E+06,  1.044872389526E+02,  4.798767907404E+06,  1.749661748818E-09, -2.444721758366E-09
   10,1, 40,   15.000, 0.50,    1740.000,  7.961536745071E+06,  7.922835765032E+06,  7.883850501566E+06,  7.844549037670E+06,  1.044968297357E+02,  4.798760287920E+06, -1.342378652680E-09, -3.787135938182E-09
   10,1, 40,   15.000, 0.50,    1755.000,  7.961529890171E+06,  7.922821376881E+06,  7.883831818615E+06,  7.844526805630E+06,  1.045072971537E+02,  4.798752818871E+06,  7.432277016051E-12, -3.779859980568E-09
   10,1, 40,   15.000, 0.50,    1770.000,  7.961521381863E+06,  7.922810332360E+06,  7.883817241025E+06,  7.844507017118E+06,  1.045202986046E+02,  4.798745525839E+06,  5.233005140326E-10, -3.256445779698E-09
   10,1, 40,   15.000, 0.50,    1785.000,  7.961515309251E+06,  7.922795404917E+06,  7.883797081413E+06,  7.844491662068E+06,  1.045293743538E+02,  4.798738398387E+06,  8.733351819501E-10, -2.383330865996E-09
   10,1, 40,   15.000, 0.50,    1800.000,  7.961508619010E+06,  7.922782776537E+06,  7.883781318156E+06,  7.844469951441E+06,  1.045390764597E+02,  4.798731411768E+06, -9.600640282770E-10, -3.343302523717E-09
   11,1, 40,   15.000, 0.65,       0.000,  7.964770372286E+06,  7.929384223663E+06,  7.893839449198E+06,  7.858133896350E+06,  1.000000000000E+02,  4.802776827728E+06,  0.000000000000E+00,  0.000000000000E+00
   11,1, 40,   15.000, 0.65,      15.000,  7.964770372285E+06,  7.929384223144E+06,  7.893838346632E+06,  7.855777612698E+06,  1.000000000000E+02,  4.802728077728E+06, -1.869153276601E-09, -1.869153720691E-09
   11,1, 40,   15.000, 0.65,      30.000,  7.964770372278E+06,  7.929384212352E+06,  7.893826702974E+06,  7.855006166421E+06,  1.000000000000E+02,  4.802653077728E+06, -2.065815962737E-09, -3.934971459785E-09
   11,1, 40,   15.000, 0.65,      45.000,  7.964770372163E+06,  7.929384104786E+06,  7.893770269484E+06,  7.855057988441E+06,  1.000000000004E+02,  4.802578077728E+06,  1.338294808306E-09, -2.596664216981E-09
   11,1, 40,   15.000, 0.65,      60.000,  7.964770371044E+06,  7.929383422185E+06,  7.893605003620E+06,  7.854583101360E+06,  1.000000000057E+02,  4.802503077728E+06, -2.088422768054E-09, -4.685091425927E-09
   11,1, 40,   15.000, 0.65,      75.000,  7.964770363101E+06,  7.929380330769E+06,  7.893281241082E+06,  7.854308407351E+06,  1.000000000564E+02,  4.802428077729E+06,  1.411732064582E-09, -3.273385118518E-09
   11,1, 40,   15.000, 0.65,      90.000,  7.964770319488E+06,  7.929369717526E+06,  7.892837380272E+06,  7.854071468716E+06,  1.000000004352E+02,  4.802353077733E+06,  2.229950446520E-09, -1.043417796609E-09
   11,1, 40,   15.000, 0.65,     105.000,  7.964770126814E+06,  7.929341084031E+06,  7.892401898901E+06,  7.853785003856E+06,  1.000000027360E+02,  4.802278077762E+06, -1.648935210596E-09, -2.692331690923E-09
   11,1, 40,   15.000, 0.65,     120.000,  7.964769423812E+06,  7.929278981215E+06,  7.892083751531E+06,  7.853546211381E+06,  1.000000144010E+02,  4.802203077917E+06,  8.581579891143E-12, -2.683805178094E-09
   11,1, 40,   15.000, 0.65,     135.000,  7.964767266273E+06,  7.929169088227E+06,  7.891877107065E+06,  7.853314023830E+06,  1.000000647322E+02,  4.802128078624E+06,  4.191011981902E-10, -2.264755494252E-09
   11,1, 40,   15.000, 0.65,     150.000,  7.964761622377E+06,  7.929008816867E+06,  7.891702779416E+06,  7.853083868787E+06,  1.000002522168E+02,  4.802053081423E+06, -1.717399555901E-10, -2.436536306050E-09
   11,1, 40,   15.000, 0.65,     165.000,  7.964748915641E+06,  7.928814413041E+06,  7.891513088822E+06,  7.852869034355E+06,  1.000008617686E+02,  4.801978091149E+06, -4.139950604554E-10, -2.850583769032E-09
   11,1, 40,   15.000, 0.65,     180.000,  7.964724115083E+06,  7.928615469659E+06,  7.891317282320E+06,  7.852660177274E+06,  1.000026060285E+02,  4.801903121082E+06, -2.579527702551E-10, -3.108539203822E-09
   11,1, 40,   15.000, 0.65,     195.000,  7.964681918671E+06,  7.928437968219E+06,  7.891132450042E+06,  7.852457750813E+06,  1.000070275644E+02,  4.801828203283E+06,  6.914611105913E-10, -2.417095856799E-09
   11,1, 40,   15.000, 0.65,     210.000,  7.964619035259E+06,  7.928289588260E+06,  7.890956772730E+06,  7.852262984621E+06,  1.000170056216E+02,  4.801753405982E+06, -3.128555192689E-10, -2.729962034209E-09
   11,1, 40,   15.000, 0.65,     225.000,  7.964536534250E+06,  7.928160282295E+06,  7.890784200737E+06,  7.852073673098E+06,  1.000371266722E+02,  4.801678857247E+06, -1.271571292705E-09, -4.001549314125E-09
   11,1, 40,   15.000, 0.65,     240.000,  7.964440536826E+06,  7.928035720040E+06,  7.890615076441E+06,  7.851889837255E+06,  1.000734831421E+02,  4.801604768622E+06, -8.651479532773E-11, -4.087951310794E-09
   11,1, 40,   15.000, 0.65,     255.000,  7.964340175706E+06,  7.927909038109E+06,  7.890450752682E+06,  7.851711231379E+06,  1.001324632248E+02,  4.801531445925E+06,  1.111552627719E-09, -2.976321411552E-09
   11,1, 40,   15.000, 0.65,     270.000,  7.964243699062E+06,  7.927781411725E+06,  7.890290438594E+06,  7.851537184445E+06,  1.002184994807E+02,  4.801459271727E+06, -1.227853374530E-10, -3.099103196291E-09
   11,1, 40,   15.000, 0.65,     285.000,  7.964155257345E+06,  7.927655762218E+06,  7.890133449905E+06,  7.851367497589E+06,  1.003315191361E+02,  4.801388651161E+06,  1.942595417859E-09, -1.156422513304E-09
   11,1, 40,   15.000, 0.65,     300.000,  7.964074535849E+06,  7.927532759961E+06,  7.889979816109E+06,  7.851201872034E+06,  1.004655146586E+02,  4.801319930404E+06, -1.833857510292E-09, -2.990191205754E-09
   11,1, 40,   15.000, 0.65,     315.000,  7.963999080674E+06,  7.927411630662E+06,  7.889829392844E+06,  7.851039993507E+06,  1.006095314700E+02,  4.801253317288E+06,  6.416813747023E-10, -2.348542693653E-09
   11,1, 40,   15.000, 0.65,     330.000,  7.963927069420E+06,  7.927292035524E+06,  7.889681896096E+06,  7.850881652422E+06,  1.007511552961E+02,  4.801188841092E+06, -5.759019927609E-10, -2.924480213551E-09
   11,1, 40,   15.000, 0.65,     345.000,  7.963858381623E+06,  7.927174316206E+06,  7.889537179840E+06,  7.850726626006E+06,  1.008809114888E+02,  4.801126373545E+06, -1.699191898297E-10, -3.094328349107E-09
   11,1, 40,   15.000, 0.65,     360.000,  7.963793764814E+06,  7.927058877455E+06,  7.889395135436E+06,  7.850574712682E+06,  1.009951570286E+02,  4.801065701111E+06, -4.182520996210E-10, -3.512468538247E-09
   11,1, 40,   15.000, 0.65,     375.000,  7.963733514933E+06,  7.926946002279E+06,  7.889255641155E+06,  7.850425742440E+06,  1.010959065634E+02,  4.801006610775E+06,  6.817231223977E-10, -2.830802259268E-09
   11,1, 40,   15.000, 0.65,     390.000,  7.963676975781E+06,  7.926836014442E+06,  7.889118621997E+06,  7.850279554963E+06,  1.011880629535E+02,  4.800948947898E+06,  8.196199274835E-11, -2.748947736109E-09
   11,1, 40,   15.000, 0.65,     405.000,  7.963622960510E+06,  7.926729280382E+06,  7.888984053390E+06,  7.850136009880E+06,  1.012761242821E+02,  4.800892627440E+06,  3.897517864004E-10, -2.359229256399E-09
   11,1, 40,   15.000, 0.65,     420.000,  7.963570403762E+06,  7.926626055960E+06,  7.888851950289E+06,  7.849994988337E+06,  1.013623701223E+02,  4.800837610201E+06,  6.475637803760E-10, -1.711669028737E-09
   11,1, 40,   15.000, 0.65,     435.000,  7.963518702666E+06,  7.926526390559E+06,  7.888722374821E+06,  7.849856393017E+06,  1.014470469180E+02,  4.800783871352E+06, -8.812199858710E-10, -2.592969394755E-09
   11,1, 40,   15.000, 0.65,     450.000,  7.963467705684E+06,  7.926430121759E+06,  7.888595428489E+06,  7.849720155521E+06,  1.015295971927E+02,  4.800731381921E+06, -8.165903508939E-10, -3.409468263271E-09
   11,1, 40,   15.000, 0.65,     465.000,  7.963417539738E+06,  7.926336914700E+06,  7.888471228261E+06,  7.849586241909E+06,  1.016096598686E+02,  4.800680106490E+06,  9.796781164084E-10, -2.429715095786E-09
   11,1, 40,   15.000, 0.65,     480.000,  7.963368416975E+06,  7.926246343439E+06,  7.888349878176E+06,  7.849454657682E+06,  1.016873028084E+02,  4.800630008406E+06, -1.486358591762E-09, -3.916284185834E-09
   11,1, 40,   15.000, 0.65,     495.000,  7.963320487834E+06,  7.926158001808E+06,  7.888231438525E+06,  7.849325450645E+06,  1.017627709853E+02,  4.800581053763E+06,  2.085517536443E-09, -1.830812834669E-09
   11,1, 40,   15.000, 0.65,     510.000,  7.963273782066E+06,  7.926071593714E+06,  7.888115901852E+06,  7.849198707331E+06,  1.018362441222E+02,  4.800533211691E+06, -1.287363549096E-09, -3.118202585028E-09
   11,1, 40,   15.000, 0.65,     525.000,  7.963228239136E+06,  7.925986963891E+06,  7.888003187214E+06,  7.849074541652E+06,  1.019078022070E+02,  4.800486453044E+06, -4.675846376756E-10, -3.585682861740E-09
   11,1, 40,   15.000, 0.65,     540.000,  7.963183775506E+06,  7.925904069824E+06,  7.887893155978E+06,  7.848953075612E+06,  1.019774989977E+02,  4.800440749621E+06,  1.734928201103E-09, -1.850821718108E-09
   11,1, 40,   15.000, 0.65,     555.000,  7.963140328754E+06,  7.925822922809E+06,  7.887785644375E+06,  7.848834414590E+06,  1.020454068289E+02,  4.800396074207E+06, -1.226748924665E-09, -3.077730070800E-09
   11,1, 40,   15.000, 0.65,     570.000,  7.963097861183E+06,  7.925743532856E+06,  7.887680501279E+06,  7.848718623030E+06,  1.021116082826E+02,  4.800352400774E+06, -1.004791805315E-10, -3.178229235345E-09
   11,1, 40,   15.000, 0.65,     585.000,  7.963056344267E+06,  7.925665881201E+06,  7.887577616867E+06,  7.848605707464E+06,  1.021761780538E+02,  4.800309704454E+06,  1.067999466642E-09, -2.110027708113E-09
   11,1, 40,   15.000, 0.65,     600.000,  7.963015747691E+06,  7.925589922654E+06,  7.887476932337E+06,  7.848495612605E+06,  1.022391806928E+02,  4.800267961400E+06, -1.092614887455E-10, -2.219167072326E-09
   11,1, 40,   15.000, 0.65,     615.000,  7.962976038833E+06,  7.925515603077E+06,  7.887378429915E+06,  7.848388232287E+06,  1.023006765703E+02,  4.800227148695E+06, -8.773453075150E-10, -3.096374712186E-09
   11,1, 40,   15.000, 0.65,     630.000,  7.962937186480E+06,  7.925442875026E+06,  7.887282110848E+06,  7.848283431798E+06,  1.023607243458E+02,  4.800187244310E+06,  2.373070628892E-10, -2.858996595023E-09
   11,1, 40,   15.000, 0.65,     645.000,  7.962899163018E+06,  7.925371703504E+06,  7.887187972758E+06,  7.848181073950E+06,  1.024193796685E+02,  4.800148227064E+06, -4.644737927606E-10, -3.323293640278E-09
   11,1, 40,   15.000, 0.65,     660.000,  7.962861944328E+06,  7.925302063449E+06,  7.887095995385E+06,  7.848081040243E+06,  1.024766942433E+02,  4.800110076576E+06,  1.958190942730E-09, -1.365151547361E-09
   11,1, 40,   15.000, 0.65,     675.000,  7.962825509147E+06,  7.925233934604E+06,  7.887006137617E+06,  7.847983241164E+06,  1.025327161520E+02,  4.800072773204E+06, -2.480359029278E-09, -3.845343599096E-09
   11,1, 40,   15.000, 0.65,     690.000,  7.962789839004E+06,  7.925167297678E+06,  7.886918343031E+06,  7.847887614688E+06,  1.025874901210E+02,  4.800036297992E+06,  1.916117042811E-09, -1.929038262460E-09
   11,1, 40,   15.000, 0.65,     705.000,  7.962754918452E+06,  7.925102132390E+06,  7.886832548620E+06,  7.847794116830E+06,  1.026410572471E+02,  4.800000632623E+06, -1.229351287435E-09, -3.158220351906E-09
   11,1, 40,   15.000, 0.65,     720.000,  7.962720735037E+06,  7.925038416366E+06,  7.886748692251E+06,  7.847702710278E+06,  1.026934546072E+02,  4.799965759356E+06,  1.765041446333E-09, -1.393345883116E-09
   11,1, 40,   15.000, 0.65,     735.000,  7.962687278795E+06,  7.924976124248E+06,  7.886666716905E+06,  7.847613356154E+06,  1.027447150140E+02,  4.799931660964E+06, -3.206503951247E-09, -4.599769454217E-09
   11,1, 40,   15.000, 0.65,     750.000,  7.962654541463E+06,  7.924915227265E+06,  7.886586571892E+06,  7.847526010924E+06,  1.027948668794E+02,  4.799898320670E+06,  7.827551939954E-10, -3.817149263341E-09
   11,1, 40,   15.000, 0.65,     765.000,  7.962622515559E+06,  7.924855693677E+06,  7.886508212121E+06,  7.847440627435E+06,  1.028439342140E+02,  4.799865722080E+06, -1.183427578155E-09, -5.000401870348E-09
   11,1, 40,   15.000, 0.65,     780.000,  7.962591193426E+06,  7.924797490053E+06,  7.886431596531E+06,  7.847357157614E+06,  1.028919368989E+02,  4.799833849119E+06,  2.391104203525E-09, -2.609340299387E-09
   11,1, 40,   15.000, 0.65,     795.000,  7.962560566367E+06,  7.924740582881E+06,  7.886356686417E+06,  7.847275554664E+06,  1.029388913247E+02,  4.799802685979E+06, -1.100088908856E-10, -2.719389158301E-09
   11,1, 40,   15.000, 0.65,     810.000,  7.962530624046E+06,  7.924684939930E+06,  7.886283444118E+06,  7.847195773921E+06,  1.029848113842E+02,  4.799772217069E+06, -4.136757603135E-10, -3.133209247608E-09
   11,1, 40,   15.000, 0.65,     825.000,  7.962501354262E+06,  7.924630531013E+06,  7.886211832335E+06,  7.847117772656E+06,  1.030297097303E+02,  4.799742426999E+06,  3.788642732871E-10, -2.754404704319E-09
   11,1, 40,   15.000, 0.65,     840.000,  7.962472743112E+06,  7.924577328081E+06,  7.886141814026E+06,  7.847041509557E+06,  1.030735991314E+02,  4.799713300566E+06,  3.294586825575E-10, -2.425167622278E-09
   11,1, 40,   15.000, 0.65,     855.000,  7.962444775446E+06,  7.924525304823E+06,  7.886073352678E+06,  7.846966944376E+06,  1.031164937052E+02,  4.799684822775E+06, -3.938822601413E-10, -2.818978828145E-09
   11,1, 40,   15.000, 0.65,     870.000,  7.962417435467E+06,  7.924474436056E+06,  7.886006412632E+06,  7.846894037861E+06,  1.031584097967E+02,  4.799656978863E+06,  4.521272245483E-12, -2.814431354636E-09
   11,1, 40,   15.000, 0.65,     885.000,  7.962390707321E+06,  7.924424697159E+06,  7.885940959267E+06,  7.846822751802E+06,  1.031993663406E+02,  4.799629754336E+06, -1.572173946585E-09, -4.386492946651E-09
   11,1, 40,   15.000, 0.65,     900.000,  7.962364575536E+06,  7.924376063720E+06,  7.885876958995E+06,  7.846753049075E+06,  1.032393846588E+02,  4.799603135010E+06,  1.416295081214E-09, -2.970409695990E-09
   11,1, 40,   15.000, 0.65,     915.000,  7.962339025275E+06,  7.924328511419E+06,  7.885814379163E+06,  7.846684893617E+06,  1.032784877890E+02,  4.799577107035E+06,  2.490785355747E-10, -2.721208147705E-09
   11,1, 40,   15.000, 0.65,     930.000,  7.962314042405E+06,  7.924282016083E+06,  7.885753187944E+06,  7.846618250367E+06,  1.033166995462E+02,  4.799551656917E+06, -3.097091472171E-10, -3.030891093658E-09
   11,1, 40,   15.000, 0.65,     945.000,  7.962289613457E+06,  7.924236553799E+06,  7.885693354258E+06,  7.846553085213E+06,  1.033540435735E+02,  4.799526771514E+06,  2.713029800816E-10, -2.759406925179E-09
   11,1, 40,   15.000, 0.65,     960.000,  7.962265725535E+06,  7.924192101024E+06,  7.885634847736E+06,  7.846489364943E+06,  1.033905426037E+02,  4.799502438033E+06, -3.802789194651E-10, -3.139575710520E-09
   11,1, 40,   15.000, 0.65,     975.000,  7.962242366235E+06,  7.924148634647E+06,  7.885577638686E+06,  7.846427057213E+06,  1.034262180614E+02,  4.799478644008E+06,  7.070759533434E-10, -2.432443579892E-09
   11,1, 40,   15.000, 0.65,     990.000,  7.962219523571E+06,  7.924106132043E+06,  7.885521698063E+06,  7.846366130496E+06,  1.034610900114E+02,  4.799455377280E+06, -7.361429243957E-10, -3.168679540977E-09
   11,1, 40,   15.000, 0.65,    1005.000,  7.962197185934E+06,  7.924064571103E+06,  7.885466997442E+06,  7.846306554035E+06,  1.034951773601E+02,  4.799432625982E+06,  5.541855863100E-10, -2.614342520246E-09
   11,1, 40,   15.000, 0.65,    1020.000,  7.962175342037E+06,  7.924023930267E+06,  7.885413508996E+06,  7.846248297799E+06,  1.035284981684E+02,  4.799410378521E+06, -5.701494831811E-10, -3.184595698258E-09
   11,1, 40,   15.000, 0.65,    1035.000,  7.962153980877E+06,  7.923984188547E+06,  7.885361205487E+06,  7.846191332430E+06,  1.035610699427E+02,  4.799388623568E+06,  4.451663482286E-10, -2.739398041740E-09
   11,1, 40,   15.000, 0.65,    1050.000,  7.962133091693E+06,  7.923945325541E+06,  7.885310060261E+06,  7.846135629207E+06,  1.035929098270E+02,  4.799367350056E+06,  2.772146956431E-10, -2.462002157699E-09
   11,1, 40,   15.000, 0.65,    1065.000,  7.962112663937E+06,  7.923907321415E+06,  7.885260047256E+06,  7.846081160010E+06,  1.036240346794E+02,  4.799346547171E+06,  1.299880203476E-10, -2.331944415346E-09
   11,1, 40,   15.000, 0.65,    1080.000,  7.962092687267E+06,  7.923870156877E+06,  7.885211141003E+06,  7.846027897292E+06,  1.036544610631E+02,  4.799326204348E+06,  3.955755722984E-10, -1.936314220075E-09
   11,1, 40,   15.000, 0.65,    1095.000,  7.962073151550E+06,  7.923833813137E+06,  7.885163316631E+06,  7.845975814066E+06,  1.036842052018E+02,  4.799306311269E+06, -1.552694417484E-09, -3.488821676001E-09
   11,1, 40,   15.000, 0.65,    1110.000,  7.962054046874E+06,  7.923798271871E+06,  7.885116549860E+06,  7.845924883893E+06,  1.037132829378E+02,  4.799286857855E+06,  9.023850555678E-10, -2.586602931842E-09
   11,1, 40,   15.000, 0.65,    1125.000,  7.962035363560E+06,  7.923763515182E+06,  7.885070816988E+06,  7.845875080881E+06,  1.037417097115E+02,  4.799267834260E+06, -2.114384223262E-10, -2.798060450004E-09
   11,1, 40,   15.000, 0.65,    1140.000,  7.962017092167E+06,  7.923729525584E+06,  7.885026094882E+06,  7.845826379697E+06,  1.037695005638E+02,  4.799249230867E+06,  2.044870939244E-10, -2.593424142106E-09
   11,1, 40,   15.000, 0.65,    1155.000,  7.961999223486E+06,  7.923696285980E+06,  7.884982360945E+06,  7.845778755564E+06,  1.037966701498E+02,  4.799231038279E+06, -1.621288658882E-09, -4.214598448016E-09
   11,1, 40,   15.000, 0.65,    1170.000,  7.961981748537E+06,  7.923663779656E+06,  7.884939593105E+06,  7.845732184272E+06,  1.038232327552E+02,  4.799213247316E+06,  1.143303007822E-09, -3.071363607887E-09
   11,1, 40,   15.000, 0.65,    1185.000,  7.961964658554E+06,  7.923631990277E+06,  7.884897769787E+06,  7.845686642177E+06,  1.038492023101E+02,  4.799195849011E+06,  4.812170661950E-10, -2.590240910649E-09
   11,1, 40,   15.000, 0.65,    1200.000,  7.961947944978E+06,  7.923600901876E+06,  7.884856869896E+06,  7.845642106196E+06,  1.038745923990E+02,  4.799178834599E+06, -9.771703446404E-10, -3.567492967704E-09
   11,1, 40,   15.000, 0.65,    1215.000,  7.961931599452E+06,  7.923570498849E+06,  7.884816872810E+06,  7.845598553794E+06,  1.038994162693E+02,  4.799162195518E+06,  5.410121239890E-10, -3.026343620149E-09
   11,1, 40,   15.000, 0.65,    1230.000,  7.961915613810E+06,  7.923540765948E+06,  7.884777758364E+06,  7.845555962974E+06,  1.039236868398E+02,  4.799145923400E+06,  6.348570558146E-10, -2.391516318312E-09
   11,1, 40,   15.000, 0.65,    1245.000,  7.961899980073E+06,  7.923511688266E+06,  7.884739506850E+06,  7.845514312251E+06,  1.039474167102E+02,  4.799130010069E+06, -5.893965315806E-10, -2.980868885061E-09
   11,1, 40,   15.000, 0.65,    1260.000,  7.961884690444E+06,  7.923483251234E+06,  7.884702099004E+06,  7.845473580643E+06,  1.039706181711E+02,  4.799114447533E+06,  2.214770811193E-09, -7.662492862437E-10
   11,1, 40,   15.000, 0.65,    1275.000,  7.961869737303E+06,  7.923455440607E+06,  7.884665516007E+06,  7.845433747645E+06,  1.039933032140E+02,  4.799099227985E+06, -1.347023381726E-09, -2.113210939569E-09
   11,1, 40,   15.000, 0.65,    1290.000,  7.961855113197E+06,  7.923428242460E+06,  7.884629739470E+06,  7.845394793220E+06,  1.040154835416E+02,  4.799084343792E+06,  7.409209912268E-10, -1.372427504975E-09
   11,1, 40,   15.000, 0.65,    1305.000,  7.961840810841E+06,  7.923401643182E+06,  7.884594751427E+06,  7.845356697782E+06,  1.040371705772E+02,  4.799069787493E+06, -2.069513560521E-09, -3.441982698860E-09
   11,1, 40,   15.000, 0.65,    1320.000,  7.961826823109E+06,  7.923375629468E+06,  7.884560534325E+06,  7.845319442192E+06,  1.040583754740E+02,  4.799055551800E+06,  1.899561730134E-09, -1.542503014207E-09
   11,1, 40,   15.000, 0.65,    1335.000,  7.961813143032E+06,  7.923350188313E+06,  7.884527071012E+06,  7.845283007740E+06,  1.040791091246E+02,  4.799041629585E+06, -2.077854666105E-09, -3.620243660407E-09
   11,1, 40,   15.000, 0.65,    1350.000,  7.961799763797E+06,  7.923325307006E+06,  7.884494344725E+06,  7.845247376143E+06,  1.040993821687E+02,  4.799028013884E+06,  1.474288024994E-09, -2.145952748833E-09
   11,1, 40,   15.000, 0.65,    1365.000,  7.961786678737E+06,  7.923300973126E+06,  7.884462339083E+06,  7.845212529532E+06,  1.041192050009E+02,  4.799014697889E+06, -1.808764360511E-09, -3.954937710660E-09
   11,1, 40,   15.000, 0.65,    1380.000,  7.961773881336E+06,  7.923277174530E+06,  7.884431038072E+06,  7.845178450447E+06,  1.041385877776E+02,  4.799001674946E+06, -3.635918233158E-10, -4.318735591369E-09
   11,1, 40,   15.000, 0.65,    1395.000,  7.961761365223E+06,  7.923253899352E+06,  7.884400426044E+06,  7.845145121821E+06,  1.041575404232E+02,  4.798988938551E+06,  1.706464636264E-09, -2.612068783492E-09
   11,1, 40,   15.000, 0.65,    1410.000,  7.961749124167E+06,  7.923231135990E+06,  7.884370487702E+06,  7.845112526976E+06,  1.041760726348E+02,  4.798976482347E+06, -1.602067478679E-09, -4.214143700665E-09
   11,1, 40,   15.000, 0.65,    1425.000,  7.961737152078E+06,  7.923208873105E+06,  7.884341208095E+06,  7.845080649615E+06,  1.041941938879E+02,  4.798964300118E+06,  1.673718608153E-09, -2.540218702052E-09
   11,1, 40,   15.000, 0.65,    1440.000,  7.961725443005E+06,  7.923187099611E+06,  7.884312572608E+06,  7.845049473805E+06,  1.042119134401E+02,  4.798952385792E+06,  5.897792254572E-10, -1.950411387952E-09
   11,1, 40,   15.000, 0.65,    1455.000,  7.961713991128E+06,  7.923165804673E+06,  7.884284566958E+06,  7.845018983977E+06,  1.042292403358E+02,  4.798940733431E+06, -5.535589764349E-10, -2.503838913981E-09
   11,1, 40,   15.000, 0.65,    1470.000,  7.961702790758E+06,  7.923144977697E+06,  7.884257177182E+06,  7.844989164911E+06,  1.042461834107E+02,  4.798929337231E+06, -2.557197453790E-09, -5.060883268015E-09
   11,1, 40,   15.000, 0.65,    1485.000,  7.961691836337E+06,  7.923124608326E+06,  7.884230389632E+06,  7.844960001732E+06,  1.042627512953E+02,  4.798918191519E+06,  2.768778983864E-09, -2.291926648468E-09
   11,1, 40,   15.000, 0.65,    1500.000,  7.961681122428E+06,  7.923104686435E+06,  7.884204190966E+06,  7.844931479900E+06,  1.042789524204E+02,  4.798907290750E+06, -1.940804517098E-09, -4.232788342051E-09
   11,1, 40,   15.000, 0.65,    1515.000,  7.961670643718E+06,  7.923085202128E+06,  7.884178568144E+06,  7.844903585201E+06,  1.042947950213E+02,  4.798896629501E+06,  1.411525785144E-09, -2.821252564900E-09
   11,1, 40,   15.000, 0.65,    1530.000,  7.961660395014E+06,  7.923066145729E+06,  7.884153508417E+06,  7.844876303743E+06,  1.043102871425E+02,  4.798886202475E+06, -9.946387047322E-10, -3.815785021288E-09
   11,1, 40,   15.000, 0.65,    1545.000,  7.961650371235E+06,  7.923047507779E+06,  7.884128999323E+06,  7.844849621945E+06,  1.043254366427E+02,  4.798876004490E+06, -8.575831156321E-10, -4.673438525060E-09
   11,1, 40,   15.000, 0.65,    1560.000,  7.961640567419E+06,  7.923029279032E+06,  7.884105028680E+06,  7.844823526532E+06,  1.043402511995E+02,  4.798866030481E+06,  2.081229744100E-09, -2.592059900053E-09
   11,1, 40,   15.000, 0.65,    1575.000,  7.961630978710E+06,  7.923011450448E+06,  7.884081584578E+06,  7.844798004525E+06,  1.043547383138E+02,  4.798856275498E+06, -4.744322712469E-10, -3.066361387027E-09
   11,1, 40,   15.000, 0.65,    1590.000,  7.961621600363E+06,  7.922994013190E+06,  7.884058655374E+06,  7.844773043237E+06,  1.043689053144E+02,  4.798846734701E+06,  1.671203953002E-09, -1.395164872520E-09
   11,1, 40,   15.000, 0.65,    1605.000,  7.961612427738E+06,  7.922976958617E+06,  7.884036229687E+06,  7.844748630267E+06,  1.043827593622E+02,  4.798837403358E+06, -1.813869943135E-09, -3.209152055206E-09
   11,1, 40,   15.000, 0.65,    1620.000,  7.961603456298E+06,  7.922960278283E+06,  7.884014296390E+06,  7.844724753489E+06,  1.043963074541E+02,  4.798828276842E+06,  9.047489424319E-10, -2.304204826942E-09
   11,1, 40,   15.000, 0.65,    1635.000,  7.961594681608E+06,  7.922943963929E+06,  7.883992844605E+06,  7.844701401051E+06,  1.044095564270E+02,  4.798819350632E+06,  4.679492349169E-10, -1.836269802880E-09
   11,1, 40,   15.000, 0.65,    1650.000,  7.961586099332E+06,  7.922928007483E+06,  7.883971863697E+06,  7.844678561365E+06,  1.044225129615E+02,  4.798810620304E+06, -5.780581568970E-10, -2.414253685856E-09
   11,1, 40,   15.000, 0.65,    1665.000,  7.961577705228E+06,  7.922912401049E+06,  7.883951343269E+06,  7.844656223102E+06,  1.044351835857E+02,  4.798802081537E+06,  3.139458693013E-10, -2.100478013745E-09
   11,1, 40,   15.000, 0.65,    1680.000,  7.961569495152E+06,  7.922897136910E+06,  7.883931273156E+06,  7.844634375188E+06,  1.044475746788E+02,  4.798793730104E+06, -3.384211799684E-10, -2.438810042804E-09
   11,1, 40,   15.000, 0.65,    1695.000,  7.961561465050E+06,  7.922882207521E+06,  7.883911643421E+06,  7.844613006793E+06,  1.044596924744E+02,  4.798785561873E+06, -9.831240266323E-10, -3.421973815421E-09
   11,1, 40,   15.000, 0.65,    1710.000,  7.961553610958E+06,  7.922867605503E+06,  7.883892444346E+06,  7.844592107334E+06,  1.044715430642E+02,  4.798777572803E+06,  3.777678170280E-10, -3.044078766834E-09
   11,1, 40,   15.000, 0.65,    1725.000,  7.961545929002E+06,  7.922853323642E+06,  7.883873666434E+06,  7.844571666460E+06,  1.044831324013E+02,  4.798769758945E+06,  8.545516516634E-10, -2.189608494518E-09
   11,1, 40,   15.000, 0.65,    1740.000,  7.961538415391E+06,  7.922839354885E+06,  7.883855300395E+06,  7.844551674053E+06,  1.044944663033E+02,  4.798762116437E+06,  1.588603359970E-09, -6.011759978719E-10
   11,1, 40,   15.000, 0.65,    1755.000,  7.961531066422E+06,  7.922825692336E+06,  7.883837337149E+06,  7.844532120220E+06,  1.045055504560E+02,  4.798754641502E+06, -2.511200303257E-09, -3.112290869467E-09
   11,1, 40,   15.000, 0.65,    1770.000,  7.961523878472E+06,  7.922812329251E+06,  7.883819767819E+06,  7.844512995289E+06,  1.045163904157E+02,  4.798747330448E+06, -2.066968818326E-09, -5.179117579246E-09
   11,1, 40,   15.000, 0.65,    1785.000,  7.961516847997E+06,  7.922799259038E+06,  7.883802583722E+06,  7.844494289804E+06,  1.045269916131E+02,  4.798740179666E+06,  2.130608911521E-09, -3.048626240343E-09
   11,1, 40,   15.000, 0.65,    1800.000,  7.961509971534E+06,  7.922786475250E+06,  7.883785776371E+06,  7.844475994518E+06,  1.045373593558E+02,  4.798733185626E+06, -1.223020018593E-10, -3.170953277731E-09
   12,1, 40,   15.000, 1.00,       0.000,  7.964770372286E+06,  7.929384223663E+06,  7.893839449198E+06,  7.858133896350E+06,  1.000000000000E+02,  4.802776827728E+06,  0.000000000000E+00,  0.000000000000E+00
   12,1, 40,   15.000, 1.00,      15.000,  7.964770371948E+06,  7.929384157601E+06,  7.893826482550E+06,  7.855571798416E+06,  1.000000000068E+02,  4.802701827728E+06, -4.833907496504E-09, -4.833907496504E-09
   12,1, 40,   15.000, 1.00,      30.000,  7.964770367314E+06,  7.929383549032E+06,  7.893765597532E+06,  7.855096315968E+06,  1.000000001292E+02,  4.802626827730E+06,  3.616946742113E-10, -4.472212822293E-09
   12,1, 40,   15.000, 1.00,      45.000,  7.964770335304E+06,  7.929380717907E+06,  7.893619320906E+06,  7.854823203290E+06,  1.000000012400E+02,  4.802551827749E+06,  3.382183422218E-09, -1.090029400075E-09
   12,1, 40,   15.000, 1.00,      60.000,  7.964770186944E+06,  7.929371845453E+06,  7.893378583247E+06,  7.854534963479E+06,  1.000000079840E+02,  4.802476827868E+06, -9.514167231828E-10, -2.041474544967E-09
   12,1, 40,   15.000, 1.00,      75.000,  7.964769667824E+06,  7.929350754742E+06,  7.893070897447E+06,  7.854253654844E+06,  1.000000388208E+02,  4.802401828451E+06, -1.007535388453E-09, -3.049024144275E-09
   12,1, 40,   15.000, 1.00,      90.000,  7.964768204559E+06,  7.929310135718E+06,  7.892740971345E+06,  7.853987108337E+06,  1.000001520887E+02,  4.802326830732E+06, -1.578484898346E-09, -4.627509042621E-09
   12,1, 40,   15.000, 1.00,     105.000,  7.964764741908E+06,  7.929243976745E+06,  7.892425890436E+06,  7.853733819061E+06,  1.000005002541E+02,  4.802251838236E+06,  2.157179324058E-09, -2.470301296853E-09
   12,1, 40,   15.000, 1.00,     120.000,  7.964757661841E+06,  7.929149961616E+06,  7.892143450870E+06,  7.853492004810E+06,  1.000014215133E+02,  4.802176859559E+06, -8.843699106365E-10, -3.354671207489E-09
   12,1, 40,   15.000, 1.00,     135.000,  7.964744881703E+06,  7.929030480709E+06,  7.891894815368E+06,  7.853260413557E+06,  1.000035639956E+02,  4.802101913019E+06,  9.850964488578E-11, -3.256218406023E-09
   12,1, 40,   15.000, 1.00,     150.000,  7.964724169383E+06,  7.928891772622E+06,  7.891672950718E+06,  7.853038021278E+06,  1.000080136421E+02,  4.802027033223E+06,  2.248413011330E-09, -1.007833816402E-09
   12,1, 40,   15.000, 1.00,     165.000,  7.964693610709E+06,  7.928741804151E+06,  7.891469575453E+06,  7.852823938785E+06,  1.000163721936E+02,  4.801952278806E+06, -2.905665041908E-09, -3.913555701729E-09
   12,1, 40,   15.000, 1.00,     180.000,  7.964652077315E+06,  7.928588022025E+06,  7.891278371799E+06,  7.852617393015E+06,  1.000307228382E+02,  4.801877739649E+06,  3.323762598484E-09, -5.898073140997E-10
   12,1, 40,   15.000, 1.00,     195.000,  7.964599526955E+06,  7.928435879552E+06,  7.891095451541E+06,  7.852417711469E+06,  1.000534412376E+02,  4.801803541267E+06, -2.553747435741E-09, -3.143554749840E-09
   12,1, 40,   15.000, 1.00,     210.000,  7.964537033731E+06,  7.928288421875E+06,  7.890918698208E+06,  7.852224306793E+06,  1.000868584607E+02,  4.801729844144E+06,  5.646825229633E-10, -2.578872226877E-09
   12,1, 40,   15.000, 1.00,     225.000,  7.964466554512E+06,  7.928146680230E+06,  7.890747004780E+06,  7.852036663751E+06,  1.001328420639E+02,  4.801656836775E+06, -2.438582669129E-10, -2.822616806952E-09
   12,1, 40,   15.000, 1.00,     240.000,  7.964390531109E+06,  7.928010416733E+06,  7.890579756604E+06,  7.851854328521E+06,  1.001924046294E+02,  4.801584722845E+06, -1.262492332899E-10, -2.948809196823E-09
   12,1, 40,   15.000, 1.00,     255.000,  7.964311464854E+06,  7.927878836614E+06,  7.890416559442E+06,  7.851676899881E+06,  1.002654531942E+02,  4.801513704642E+06,  6.384084372257E-10, -2.310343916179E-09
   12,1, 40,   15.000, 1.00,     270.000,  7.964231577220E+06,  7.927751077827E+06,  7.890257119203E+06,  7.851504021957E+06,  1.003507538396E+02,  4.801443965950E+06, -1.654271386542E-09, -3.964714778704E-09
   12,1, 40,   15.000, 1.00,     285.000,  7.964152612775E+06,  7.927626456776E+06,  7.890101195328E+06,  7.851335378313E+06,  1.004461194298E+02,  4.801375657741E+06, -5.398987923400E-10, -4.504727257881E-09
   12,1, 40,   15.000, 1.00,     300.000,  7.964075782464E+06,  7.927504536321E+06,  7.889948584406E+06,  7.851170687233E+06,  1.005487627310E+02,  4.801308889182E+06,  6.929354867680E-10, -3.811692295130E-09
   12,1, 40,   15.000, 1.00,     315.000,  7.964001808444E+06,  7.927385098171E+06,  7.889799114714E+06,  7.851009698068E+06,  1.006557168023E+02,  4.801243724934E+06,  1.881900857370E-09, -1.929720383487E-09
   12,1, 40,   15.000, 1.00,     330.000,  7.963931021574E+06,  7.927268081090E+06,  7.889652644213E+06,  7.850852188537E+06,  1.007642207179E+02,  4.801180188245E+06,  5.134239700055E-10, -1.416310624336E-09
   12,1, 40,   15.000, 1.00,     345.000,  7.963863471510E+06,  7.927153518343E+06,  7.889509059332E+06,  7.850697962871E+06,  1.008719962325E+02,  4.801118268189E+06, -9.728466920933E-10, -2.389242581557E-09
   12,1, 40,   15.000, 1.00,     360.000,  7.963799025545E+06,  7.927041487218E+06,  7.889368273464E+06,  7.850546850653E+06,  1.009773840984E+02,  4.801057928950E+06, -5.777707201560E-10, -2.966999090859E-09
   12,1, 40,   15.000, 1.00,     375.000,  7.963737446811E+06,  7.926932072611E+06,  7.889230224649E+06,  7.850398706151E+06,  1.010793498093E+02,  4.800999119197E+06,  7.054268280626E-11, -2.896513251471E-09
   12,1, 40,   15.000, 1.00,     390.000,  7.963678451505E+06,  7.926825342839E+06,  7.889094872238E+06,  7.850253407893E+06,  1.011773955371E+02,  4.800941780130E+06,  7.489688869100E-10, -2.147544364561E-09
   12,1, 40,   15.000, 1.00,     405.000,  7.963621748430E+06,  7.926721335370E+06,  7.888962192534E+06,  7.850110858191E+06,  1.012714242303E+02,  4.800885851494E+06, -4.128679620408E-10, -2.560454959166E-09
   12,1, 40,   15.000, 1.00,     420.000,  7.963567064666E+06,  7.926620050519E+06,  7.888832173672E+06,  7.849970982321E+06,  1.013615964923E+02,  4.800831275441E+06,  6.227054427654E-10, -1.937678462127E-09
   12,1, 40,   15.000, 1.00,     435.000,  7.963514160464E+06,  7.926521451520E+06,  7.888704810194E+06,  7.849833727083E+06,  1.014482075916E+02,  4.800777998555E+06, -4.421139010446E-10, -2.379692887189E-09
   12,1, 40,   15.000, 1.00,     450.000,  7.963462835793E+06,  7.926425469309E+06,  7.888580097856E+06,  7.849699058581E+06,  1.015315973131E+02,  4.800725972515E+06, -8.930385320127E-10, -3.272816684330E-09
   12,1, 40,   15.000, 1.00,     465.000,  7.963412930666E+06,  7.926332010316E+06,  7.888458029203E+06,  7.849566959164E+06,  1.016120936998E+02,  4.800675153920E+06, -2.106759211529E-10, -3.483364707790E-09
   12,1, 40,   15.000, 1.00,     480.000,  7.963364321251E+06,  7.926240965532E+06,  7.888338590333E+06,  7.849437423630E+06,  1.016899847726E+02,  4.800625503692E+06, -3.403641812838E-10, -3.823515726253E-09
   12,1, 40,   15.000, 1.00,     495.000,  7.963316913657E+06,  7.926152219357E+06,  7.888221759049E+06,  7.849310454929E+06,  1.017655097136E+02,  4.800576986338E+06,  6.678959607598E-10, -3.155491867801E-09
   12,1, 40,   15.000, 1.00,     510.000,  7.963270636987E+06,  7.926065657114E+06,  7.888107504396E+06,  7.849186059708E+06,  1.018388614053E+02,  4.800529569259E+06,  1.356568191113E-10, -3.019977157237E-09
   12,1, 40,   15.000, 1.00,     525.000,  7.963225436837E+06,  7.925981170618E+06,  7.887995787354E+06,  7.849064244070E+06,  1.019101941162E+02,  4.800483222170E+06,  6.025118182151E-10, -2.417436917312E-09
   12,1, 40,   15.000, 1.00,     540.000,  7.963181269907E+06,  7.925898661635E+06,  7.887886562342E+06,  7.848945009930E+06,  1.019796323506E+02,  4.800437916656E+06, -1.160472606898E-09, -3.577952156775E-09
   12,1, 40,   15.000, 1.00,     555.000,  7.963138099996E+06,  7.925818043440E+06,  7.887779779132E+06,  7.848828352231E+06,  1.020472787652E+02,  4.800393625837E+06, -1.694971274446E-09, -5.272795533529E-09
   12,1, 40,   15.000, 1.00,     570.000,  7.963095895302E+06,  7.925739240876E+06,  7.887675384793E+06,  7.848714257198E+06,  1.021132203615E+02,  4.800350324143E+06,  2.402487098152E-09, -2.870365278795E-09
   12,1, 40,   15.000, 1.00,     585.000,  7.963054626803E+06,  7.925662189417E+06,  7.887573325387E+06,  7.848602701646E+06,  1.021775329162E+02,  4.800307987136E+06, -2.136516741302E-09, -5.006768333260E-09
   12,1, 40,   15.000, 1.00,     600.000,  7.963014267399E+06,  7.925586833667E+06,  7.887473547247E+06,  7.848493653237E+06,  1.022402839481E+02,  4.800266591396E+06,  2.856566538867E-09, -2.150045474991E-09
   12,1, 40,   15.000, 1.00,     615.000,  7.962974791555E+06,  7.925513125685E+06,  7.887375997790E+06,  7.848387071492E+06,  1.023015346122E+02,  4.800226114415E+06, -2.683449906726E-09, -4.833509592572E-09
   12,1, 40,   15.000, 1.00,     630.000,  7.962936175199E+06,  7.925441023351E+06,  7.887280625917E+06,  7.848282909301E+06,  1.023613408711E+02,  4.800186534528E+06,  3.194088549208E-09, -1.639364199946E-09
   12,1, 40,   15.000, 1.00,     645.000,  7.962898395730E+06,  7.925370488928E+06,  7.887187382077E+06,  7.848181114675E+06,  1.024197542158E+02,  4.800147830841E+06, -2.193630166403E-09, -3.833065420622E-09
   12,1, 40,   15.000, 1.00,     660.000,  7.962861432035E+06,  7.925301487879E+06,  7.887096218148E+06,  7.848081632498E+06,  1.024768221238E+02,  4.800109983173E+06,  4.341984549683E-10, -3.398781700525E-09
   12,1, 40,   15.000, 1.00,     675.000,  7.962825264469E+06,  7.925233987931E+06,  7.887007087221E+06,  7.847984406121E+06,  1.025325883792E+02,  4.800072971999E+06, -1.560920281918E-10, -3.554760041879E-09
   12,1, 40,   15.000, 1.00,     690.000,  7.962789874777E+06,  7.925167958372E+06,  7.886919943390E+06,  7.847889378673E+06,  1.025870933302E+02,  4.800036778399E+06, -1.076443822967E-09, -4.631147021428E-09
   12,1, 40,   15.000, 1.00,     705.000,  7.962755245976E+06,  7.925103369534E+06,  7.886834741592E+06,  7.847796494049E+06,  1.026403741284E+02,  4.800001384010E+06,  1.543455141473E-09, -3.087734512519E-09
   12,1, 40,   15.000, 1.00,     720.000,  7.962721362181E+06,  7.925040192440E+06,  7.886751437516E+06,  7.847705697576E+06,  1.026924649756E+02,  4.799966770985E+06,  1.082867129298E-09, -2.004981070058E-09
   12,1, 40,   15.000, 1.00,     735.000,  7.962688208424E+06,  7.924978398566E+06,  7.886669987589E+06,  7.847616936399E+06,  1.027433973881E+02,  4.799932921946E+06, -1.649596015341E-09, -3.654349711724E-09
   12,1, 40,   15.000, 1.00,     750.000,  7.962655770458E+06,  7.924917959701E+06,  7.886590349005E+06,  7.847530159649E+06,  1.027932004808E+02,  4.799899819953E+06,  1.097816948459E-09, -2.556589606684E-09
   12,1, 40,   15.000, 1.00,     765.000,  7.962624034573E+06,  7.924858847877E+06,  7.886512479794E+06,  7.847445318450E+06,  1.028419012670E+02,  4.799867448472E+06, -1.857088705037E-09, -4.413777787704E-09
   12,1, 40,   15.000, 1.00,     780.000,  7.962592987428E+06,  7.924801035351E+06,  7.886436338884E+06,  7.847362365830E+06,  1.028895249659E+02,  4.799835791347E+06,  1.759346446306E-09, -2.654360287124E-09
   12,1, 40,   15.000, 1.00,     795.000,  7.962562615918E+06,  7.924744494619E+06,  7.886361886170E+06,  7.847281256585E+06,  1.029360953071E+02,  4.799804832776E+06, -6.076277259126E-10, -3.261902747909E-09
   12,1, 40,   15.000, 1.00,     810.000,  7.962532907062E+06,  7.924689198456E+06,  7.886289082552E+06,  7.847201947120E+06,  1.029816348208E+02,  4.799774557299E+06,  1.446750275136E-09, -1.815351424739E-09
   12,1, 40,   15.000, 1.00,     825.000,  7.962503847936E+06,  7.924635119956E+06,  7.886217889960E+06,  7.847124395302E+06,  1.030261651031E+02,  4.799744949775E+06, -2.271178800584E-09, -4.086359695066E-09
   12,1, 40,   15.000, 1.00,     840.000,  7.962475425625E+06,  7.924582232587E+06,  7.886148271351E+06,  7.847048560327E+06,  1.030697070480E+02,  4.799715995381E+06,  1.270876737181E-09, -2.815340849338E-09
   12,1, 40,   15.000, 1.00,     855.000,  7.962447627211E+06,  7.924530510223E+06,  7.886080190694E+06,  7.846974402611E+06,  1.031122810397E+02,  4.799687679596E+06, -9.455902727495E-11, -2.909928298322E-09
   12,1, 40,   15.000, 1.00,     870.000,  7.962420439779E+06,  7.924479927191E+06,  7.886013612935E+06,  7.846901883699E+06,  1.031539071017E+02,  4.799659988203E+06, -1.954418848982E-10, -3.105469659204E-09
   12,1, 40,   15.000, 1.00,     885.000,  7.962393850440E+06,  7.924430458285E+06,  7.885948503963E+06,  7.846830966193E+06,  1.031946050042E+02,  4.799632907278E+06,  1.178847242045E-09, -1.926764525706E-09
   12,1, 40,   15.000, 1.00,     900.000,  7.962367846362E+06,  7.924382078791E+06,  7.885884830563E+06,  7.846761613695E+06,  1.032343943314E+02,  4.799606423193E+06, -1.404984573128E-09, -3.331933839945E-09
   12,1, 40,   15.000, 1.00,     915.000,  7.962342414810E+06,  7.924334764492E+06,  7.885822560379E+06,  7.846693790760E+06,  1.032732945150E+02,  4.799580522611E+06, -1.533521754027E-09, -4.865341907134E-09
   12,1, 40,   15.000, 1.00,     930.000,  7.962317543183E+06,  7.924288491673E+06,  7.885761661869E+06,  7.846627462851E+06,  1.033113248390E+02,  4.799555192483E+06,  8.124771966322E-10, -4.052708391100E-09
   12,1, 40,   15.000, 1.00,     945.000,  7.962293219048E+06,  7.924243237121E+06,  7.885702104273E+06,  7.846562596305E+06,  1.033485044252E+02,  4.799530420050E+06, -4.233129402564E-10, -4.476078174775E-09
   12,1, 40,   15.000, 1.00,     960.000,  7.962269430174E+06,  7.924198978120E+06,  7.885643857573E+06,  7.846499158296E+06,  1.033848522038E+02,  4.799506192833E+06,  4.270361841918E-10, -4.049070412293E-09
   12,1, 40,   15.000, 1.00,     975.000,  7.962246164553E+06,  7.924155692447E+06,  7.885586892468E+06,  7.846437116808E+06,  1.034203868780E+02,  4.799482498636E+06, -2.672777554835E-10, -4.316461854614E-09
   12,1, 40,   15.000, 1.00,     990.000,  7.962223410421E+06,  7.924113358367E+06,  7.885531180342E+06,  7.846376440601E+06,  1.034551268857E+02,  4.799459325539E+06,  8.943175089371E-10, -3.421973815421E-09
   12,1, 40,   15.000, 1.00,    1005.000,  7.962201156269E+06,  7.924071954624E+06,  7.885476693250E+06,  7.846317099183E+06,  1.034890903643E+02,  4.799436661895E+06,  6.089919679653E-10, -2.813067112584E-09
   12,1, 40,   15.000, 1.00,    1020.000,  7.962179390848E+06,  7.924031460441E+06,  7.885423403884E+06,  7.846259062784E+06,  1.035222951197E+02,  4.799414496321E+06,  1.013063410937E-09, -1.799890014809E-09
   12,1, 40,   15.000, 1.00,    1035.000,  7.962158103176E+06,  7.923991855504E+06,  7.885371285568E+06,  7.846202302332E+06,  1.035547586015E+02,  4.799392817700E+06, -9.844853821050E-10, -2.784418029478E-09
   12,1, 40,   15.000, 1.00,    1050.000,  7.962137282531E+06,  7.923953119964E+06,  7.885320312229E+06,  7.846146789426E+06,  1.035864978855E+02,  4.799371615169E+06,  5.285158977131E-10, -2.256001607748E-09
   12,1, 40,   15.000, 1.00,    1065.000,  7.962116918451E+06,  7.923915234426E+06,  7.885270458388E+06,  7.846092496318E+06,  1.036175296626E+02,  4.799350878114E+06, -4.595221980708E-10, -2.715751179494E-09
   12,1, 40,   15.000, 1.00,    1080.000,  7.962097000726E+06,  7.923878179937E+06,  7.885221699145E+06,  7.846039395893E+06,  1.036478702330E+02,  4.799330596167E+06,  1.075790123650E-09, -1.639818947297E-09
   12,1, 40,   15.000, 1.00,    1095.000,  7.962077519393E+06,  7.923841937986E+06,  7.885174010162E+06,  7.845987461648E+06,  1.036775355061E+02,  4.799310759200E+06, -1.753477363309E-09, -3.393324732315E-09
   12,1, 40,   15.000, 1.00,    1110.000,  7.962058464729E+06,  7.923806490489E+06,  7.885127367654E+06,  7.845936667676E+06,  1.037065410034E+02,  4.799291357315E+06,  2.321314696019E-09, -1.071839506039E-09
   12,1, 40,   15.000, 1.00,    1125.000,  7.962039827242E+06,  7.923771819779E+06,  7.885081748371E+06,  7.845886988655E+06,  1.037349018649E+02,  4.799272380843E+06, -5.244231715551E-10, -1.596163201611E-09
   12,1, 40,   15.000, 1.00,    1140.000,  7.962021597667E+06,  7.923737908601E+06,  7.885037129593E+06,  7.845838399827E+06,  1.037626328568E+02,  4.799253820336E+06, -7.118359235392E-10, -2.307842805749E-09
   12,1, 40,   15.000, 1.00,    1155.000,  7.962003766954E+06,  7.923704740097E+06,  7.884993489110E+06,  7.845790876992E+06,  1.037897483807E+02,  4.799235666561E+06, -4.263824848749E-10, -2.734395820880E-09
   12,1, 40,   15.000, 1.00,    1170.000,  7.961986326267E+06,  7.923672297799E+06,  7.884950805217E+06,  7.845744396490E+06,  1.038162624834E+02,  4.799217910499E+06,  5.605755859506E-10, -2.173692337237E-09
   12,1, 40,   15.000, 1.00,    1185.000,  7.961969266973E+06,  7.923640565617E+06,  7.884909056699E+06,  7.845698935192E+06,  1.038421888667E+02,  4.799200543332E+06, -9.903970976666E-10, -3.164132067468E-09
   12,1, 40,   15.000, 1.00,    1200.000,  7.961952580640E+06,  7.923609527832E+06,  7.884868222822E+06,  7.845654470488E+06,  1.038675408975E+02,  4.799183556445E+06,  4.554578936222E-10, -2.708475221880E-09
   12,1, 40,   15.000, 1.00,    1215.000,  7.961936259028E+06,  7.923579169083E+06,  7.884828283318E+06,  7.845610980275E+06,  1.038923316173E+02,  4.799166941419E+06,  4.185096713627E-11, -2.666638465598E-09
   12,1, 40,   15.000, 1.00,    1230.000,  7.961920294088E+06,  7.923549474357E+06,  7.884789218379E+06,  7.845568442950E+06,  1.039165737518E+02,  4.799150690026E+06,  2.080525973724E-09, -5.861693352927E-10
   12,1, 40,   15.000, 1.00,    1245.000,  7.961904677951E+06,  7.923520428986E+06,  7.884751008645E+06,  7.845526837395E+06,  1.039402797202E+02,  4.799134794221E+06, -4.005215714642E-09, -4.591584001901E-09
   12,1, 40,   15.000, 1.00,    1260.000,  7.961889402928E+06,  7.923492018630E+06,  7.884713635192E+06,  7.845486142966E+06,  1.039634616434E+02,  4.799119246146E+06,  1.644650637900E-09, -2.946762833744E-09
   12,1, 40,   15.000, 1.00,    1275.000,  7.961874461505E+06,  7.923464229277E+06,  7.884677079523E+06,  7.845446339489E+06,  1.039861313531E+02,  4.799104038116E+06, -6.357083748298E-10, -3.582499630284E-09
   12,1, 40,   15.000, 1.00,    1290.000,  7.961859846335E+06,  7.923437047228E+06,  7.884641323558E+06,  7.845407407243E+06,  1.040083003995E+02,  4.799089162622E+06, -3.430500328250E-11, -3.616605681600E-09
   12,1, 40,   15.000, 1.00,    1305.000,  7.961845550237E+06,  7.923410459092E+06,  7.884606349626E+06,  7.845369326951E+06,  1.040299800592E+02,  4.799074612323E+06, -1.179500941362E-12, -3.617969923653E-09
   12,1, 40,   15.000, 1.00,    1320.000,  7.961831566193E+06,  7.923384451781E+06,  7.884572140454E+06,  7.845332079774E+06,  1.040511813430E+02,  4.799060380043E+06,  1.140136873801E-09, -2.477918314980E-09
   12,1, 40,   15.000, 1.00,    1335.000,  7.961817887338E+06,  7.923359012497E+06,  7.884538679155E+06,  7.845295647296E+06,  1.040719150027E+02,  4.799046458768E+06, -2.585025526969E-09, -5.063157004770E-09
   12,1, 40,   15.000, 1.00,    1350.000,  7.961804506964E+06,  7.923334128732E+06,  7.884505949224E+06,  7.845260011517E+06,  1.040921915385E+02,  4.799032841641E+06,  1.117555825658E-09, -3.945388016291E-09
   12,1, 40,   15.000, 1.00,    1365.000,  7.961791418511E+06,  7.923309788256E+06,  7.884473934529E+06,  7.845225154843E+06,  1.041120212052E+02,  4.799019521960E+06,  7.719194172751E-10, -3.173681761837E-09
   12,1, 40,   15.000, 1.00,    1380.000,  7.961778615565E+06,  7.923285979112E+06,  7.884442619296E+06,  7.845191060077E+06,  1.041314140193E+02,  4.799006493170E+06, -1.410981553818E-09, -4.584762791637E-09
   12,1, 40,   15.000, 1.00,    1395.000,  7.961766091856E+06,  7.923262689612E+06,  7.884411988109E+06,  7.845157710408E+06,  1.041503797648E+02,  4.798993748866E+06,  3.043780338885E-09, -1.541138772154E-09
   12,1, 40,   15.000, 1.00,    1410.000,  7.961753841251E+06,  7.923239908327E+06,  7.884382025895E+06,  7.845125089403E+06,  1.041689279989E+02,  4.798981282786E+06, -3.024467787327E-09, -4.565663402900E-09
   12,1, 40,   15.000, 1.00,    1425.000,  7.961741857755E+06,  7.923217624083E+06,  7.884352717921E+06,  7.845093180999E+06,  1.041870680585E+02,  4.798969088807E+06,  4.179838697382E-09, -3.856257535517E-10
   12,1, 40,   15.000, 1.00,    1440.000,  7.961730135506E+06,  7.923195825957E+06,  7.884324049783E+06,  7.845061969493E+06,  1.042048090651E+02,  4.798957160943E+06, -4.029018896290E-09, -4.414687282406E-09
   12,1, 40,   15.000, 1.00,    1455.000,  7.961718668772E+06,  7.923174503267E+06,  7.884296007399E+06,  7.845031439534E+06,  1.042221599304E+02,  4.798945493342E+06,  1.071143174158E-09, -3.343757271068E-09
   12,1, 40,   15.000, 1.00,    1470.000,  7.961707451948E+06,  7.923153645571E+06,  7.884268577003E+06,  7.845001576115E+06,  1.042391293615E+02,  4.798934080283E+06,  1.116731596085E-09, -2.226897777291E-09
   12,1, 40,   15.000, 1.00,    1485.000,  7.961696479552E+06,  7.923133242657E+06,  7.884241745135E+06,  7.844972364567E+06,  1.042557258657E+02,  4.798922916171E+06,  1.623163825570E-10, -2.064552973025E-09
   12,1, 40,   15.000, 1.00,    1500.000,  7.961685746227E+06,  7.923113284543E+06,  7.884215498638E+06,  7.844943790547E+06,  1.042719577555E+02,  4.798911995537E+06, -3.174591256538E-09, -5.239144229563E-09
   12,1, 40,   15.000, 1.00,    1515.000,  7.961675246731E+06,  7.923093761467E+06,  7.884189824646E+06,  7.844915840033E+06,  1.042878331533E+02,  4.798901313034E+06,  3.341384058331E-09, -1.897660695249E-09
   12,1, 40,   15.000, 1.00,    1530.000,  7.961664975940E+06,  7.923074663885E+06,  7.884164710582E+06,  7.844888499316E+06,  1.043033599959E+02,  4.798890863434E+06, -1.282771222577E-09, -3.180502972100E-09
   12,1, 40,   15.000, 1.00,    1545.000,  7.961654928843E+06,  7.923055982463E+06,  7.884140144147E+06,  7.844861754994E+06,  1.043185460388E+02,  4.798880641625E+06,  1.113946268561E-09, -2.066371962428E-09
   12,1, 40,   15.000, 1.00,    1560.000,  7.961645100540E+06,  7.923037708077E+06,  7.884116113319E+06,  7.844835593964E+06,  1.043333988608E+02,  4.798870642608E+06, -5.604334774034E-10, -2.626620698720E-09
   12,1, 40,   15.000, 1.00,    1575.000,  7.961635486241E+06,  7.923019831805E+06,  7.884092606341E+06,  7.844810003413E+06,  1.043479258679E+02,  4.798860861496E+06,  3.922338009943E-10, -2.234173734905E-09
   12,1, 40,   15.000, 1.00,    1590.000,  7.961626081260E+06,  7.923002344920E+06,  7.884069611718E+06,  7.844784970816E+06,  1.043621342976E+02,  4.798851293510E+06, -2.163787371501E-09, -4.397861630423E-09
   12,1, 40,   15.000, 1.00,    1605.000,  7.961616881015E+06,  7.922985238893E+06,  7.884047118211E+06,  7.844760483924E+06,  1.043760312228E+02,  4.798841933978E+06,  1.472145072512E-09, -2.925844455604E-09
   12,1, 40,   15.000, 1.00,    1620.000,  7.961607881026E+06,  7.922968505380E+06,  7.884025114831E+06,  7.844736530764E+06,  1.043896235557E+02,  4.798832778332E+06,  9.407727930011E-10, -1.984972186619E-09
   12,1, 40,   15.000, 1.00,    1635.000,  7.961599076912E+06,  7.922952136224E+06,  7.884003590832E+06,  7.844713099625E+06,  1.044029180514E+02,  4.798823822103E+06, -2.614612526486E-09, -4.599769454217E-09
   12,1, 40,   15.000, 1.00,    1650.000,  7.961590464389E+06,  7.922936123448E+06,  7.883982535707E+06,  7.844690179061E+06,  1.044159213119E+02,  4.798815060922E+06,  1.967336515918E-09, -2.632532414282E-09
   12,1, 40,   15.000, 1.00,    1665.000,  7.961582039266E+06,  7.922920459252E+06,  7.883961939181E+06,  7.844667757875E+06,  1.044286397898E+02,  4.798806490519E+06, -1.488373868597E-09, -4.120920493733E-09
   12,1, 40,   15.000, 1.00,    1680.000,  7.961573797446E+06,  7.922905136008E+06,  7.883941791210E+06,  7.844645825122E+06,  1.044410797914E+02,  4.798798106716E+06,  2.396987497377E-09, -1.723947207211E-09
   12,1, 40,   15.000, 1.00,    1695.000,  7.961565734923E+06,  7.922890146256E+06,  7.883922081968E+06,  7.844624370100E+06,  1.044532474802E+02,  4.798789905428E+06, -1.102051783164E-09, -2.825800038408E-09
   12,1, 40,   15.000, 1.00,    1710.000,  7.961557847779E+06,  7.922875482702E+06,  7.883902801850E+06,  7.844603382341E+06,  1.044651488806E+02,  4.798781882661E+06, -9.346479146188E-11, -2.919477992691E-09
   12,1, 40,   15.000, 1.00,    1725.000,  7.961550132180E+06,  7.922861138214E+06,  7.883883941461E+06,  7.844582851611E+06,  1.044767898811E+02,  4.798774034510E+06, -2.246210328849E-09, -5.165475158719E-09
   12,1, 40,   15.000, 1.00,    1740.000,  7.961542584381E+06,  7.922847105814E+06,  7.883865491618E+06,  7.844562767904E+06,  1.044881762371E+02,  4.798766357153E+06,  2.584101821412E-10, -4.907178663416E-09
   12,1, 40,   15.000, 1.00,    1755.000,  7.961535200715E+06,  7.922833378682E+06,  7.883847443335E+06,  7.844543121434E+06,  1.044993135743E+02,  4.798758846857E+06,  2.697404966057E-09, -2.209617377957E-09
   12,1, 40,   15.000, 1.00,    1770.000,  7.961527977599E+06,  7.922819950146E+06,  7.883829787830E+06,  7.844523902630E+06,  1.045102073918E+02,  4.798751499968E+06, -8.706848575457E-10, -3.080458554905E-09
   12,1, 40,   15.000, 1.00,    1785.000,  7.961520911527E+06,  7.922806813682E+06,  7.883812516513E+06,  7.844505102135E+06,  1.045208630648E+02,  4.798744312914E+06,  4.080646931470E-10, -2.672550181160E-09
   12,1, 40,   15.000, 1.00,    1800.000,  7.961513999072E+06,  7.922793962910E+06,  7.883795620982E+06,  7.844486710799E+06,  1.045312858480E+02,  4.798737282201E+06, -6.462244073191E-10, -3.318746166769E-09
   13,1, 40,   60.000, 0.50,       0.000,  7.964770372286E+06,  7.929384223663E+06,  7.893839449198E+06,  7.858133896350E+06,  1.000000000000E+02,  4.802776827728E+06,  0.000000000000E+00,  0.000000000000E+00
   13,1, 40,   60.000, 0.50,      60.000,  7.964769984045E+06,  7.929376625448E+06,  7.893690701178E+06,  7.855197159139E+06,  1.000000685813E+02,  4.802626829785E+06, -3.460485231699E-09, -3.460485231699E-09
   13,1, 40,   60.000, 0.50,     120.000,  7.964764331996E+06,  7.929301701585E+06,  7.892924917073E+06,  7.853900859104E+06,  1.000013631535E+02,  4.802326872738E+06,  1.150482376033E-09, -2.310002855666E-09
   13,1, 40,   60.000, 0.50,     180.000,  7.964728297530E+06,  7.928997786585E+06,  7.891576080292E+06,  7.853083286292E+06,  1.000123704710E+02,  4.802027284746E+06,  1.381124548061E-09, -9.288214641856E-10
   13,1, 40,   60.000, 0.50,     240.000,  7.964597741938E+06,  7.928359106333E+06,  7.890710018030E+06,  7.852078649366E+06,  1.000676098834E+02,  4.801729684157E+06, -2.547039912315E-09, -3.475861376501E-09
   13,1, 40,   60.000, 0.50,     300.000,  7.964307153408E+06,  7.927642634786E+06,  7.890371513257E+06,  7.851590475206E+06,  1.002472465338E+02,  4.801439129849E+06, -8.056701972237E-10, -4.281446308596E-09
   13,1, 40,   60.000, 0.50,     360.000,  7.963908859788E+06,  7.927206968096E+06,  7.889608990365E+06,  7.850679198992E+06,  1.006367448082E+02,  4.801165649590E+06,  3.029043682545E-09, -1.252374204341E-09
   13,1, 40,   60.000, 0.50,     420.000,  7.963589966578E+06,  7.926876333659E+06,  7.888980890704E+06,  7.850364285652E+06,  1.011908391390E+02,  4.800920477108E+06, -2.702961410250E-09, -3.955392458010E-09
   13,1, 40,   60.000, 0.50,     480.000,  7.963432868902E+06,  7.926373054359E+06,  7.888652029592E+06,  7.849518704348E+06,  1.016745844642E+02,  4.800706439816E+06,  9.583800419932E-11, -3.859440766973E-09
   13,1, 40,   60.000, 0.50,     540.000,  7.963287329282E+06,  7.925976836133E+06,  7.888002911101E+06,  7.849292428694E+06,  1.019140614190E+02,  4.800514099193E+06,  1.039552444126E-09, -2.819888322847E-09
   13,1, 40,   60.000, 0.50,     600.000,  7.963071107371E+06,  7.925751722015E+06,  7.887631886904E+06,  7.848536223398E+06,  1.020708330899E+02,  4.800333646028E+06,  2.532374310249E-10, -2.566594048403E-09
   13,1, 40,   60.000, 0.50,     660.000,  7.962904246249E+06,  7.925403279831E+06,  7.887283700367E+06,  7.848353386347E+06,  1.023693366702E+02,  4.800166851121E+06, -1.969169716176E-09, -4.535650077742E-09
   13,1, 40,   60.000, 0.50,     720.000,  7.962788629585E+06,  7.925111215400E+06,  7.886804925258E+06,  7.847731870105E+06,  1.026749094596E+02,  4.800018178505E+06,  2.687414735192E-09, -1.848093234003E-09
   13,1, 40,   60.000, 0.50,     780.000,  7.962632865963E+06,  7.924922089361E+06,  7.886610197551E+06,  7.847564693209E+06,  1.028118376002E+02,  4.799882780916E+06, -4.466755854082E-10, -2.294655132573E-09
   13,1, 40,   60.000, 0.50,     840.000,  7.962507355153E+06,  7.924630573424E+06,  7.886212324947E+06,  7.847093575156E+06,  1.029636939327E+02,  4.799756046862E+06, -1.896211188068E-09, -4.190951585770E-09
   13,1, 40,   60.000, 0.50,     900.000,  7.962418773038E+06,  7.924442411070E+06,  7.885964805153E+06,  7.846896708148E+06,  1.032128040944E+02,  4.799641341803E+06,  6.344009761960E-10, -3.556579031283E-09
   13,1, 40,   60.000, 0.50,     960.000,  7.962290059866E+06,  7.924285578028E+06,  7.885754005007E+06,  7.846562976380E+06,  1.033520231279E+02,  4.799538286620E+06, -1.403179794579E-10, -3.697095962707E-09
   13,1, 40,   60.000, 0.50,    1020.000,  7.962200597318E+06,  7.924050015194E+06,  7.885440904945E+06,  7.846325601275E+06,  1.034432686911E+02,  4.799442145374E+06,  2.872866389225E-10, -3.409695636947E-09
   13,1, 40,   60.000, 0.50,    1080.000,  7.962137625136E+06,  7.923937983961E+06,  7.885330595884E+06,  7.846128095684E+06,  1.036309501642E+02,  4.799354371940E+06,  9.106599918596E-10, -2.498836693121E-09
   13,1, 40,   60.000, 0.50,    1140.000,  7.962029514200E+06,  7.923783467383E+06,  7.885050008223E+06,  7.845854065831E+06,  1.037465111949E+02,  4.799275695781E+06, -2.348201633140E-10, -2.733486326179E-09
   13,1, 40,   60.000, 0.50,    1200.000,  7.961970083762E+06,  7.923622984040E+06,  7.884929205758E+06,  7.845758266502E+06,  1.038079350748E+02,  4.799202329169E+06, -1.874582267192E-09, -4.607954906533E-09
   13,1, 40,   60.000, 0.50,    1260.000,  7.961919202666E+06,  7.923545345051E+06,  7.884762301098E+06,  7.845462283918E+06,  1.039558062098E+02,  4.799135241408E+06,  7.844391802792E-10, -3.823515726253E-09
   13,1, 40,   60.000, 0.50,    1320.000,  7.961830195122E+06,  7.923394188120E+06,  7.884578247434E+06,  7.845442754759E+06,  1.040401741928E+02,  4.799075120820E+06, -2.789874997688E-10, -4.102730599698E-09
   13,1, 40,   60.000, 0.50,    1380.000,  7.961796928166E+06,  7.923313557081E+06,  7.884510835959E+06,  7.845149464403E+06,  1.040870571447E+02,  4.799018937760E+06,  1.739124400046E-10, -3.929017111659E-09
   13,1, 40,   60.000, 0.50,    1440.000,  7.961747495814E+06,  7.923223875273E+06,  7.884310879324E+06,  7.845162905287E+06,  1.042079885406E+02,  4.798967789130E+06,  1.868329491117E-09, -2.060914994217E-09
   13,1, 40,   60.000, 0.50,    1500.000,  7.961681530721E+06,  7.923112539912E+06,  7.884271513856E+06,  7.844900122848E+06,  1.042587437184E+02,  4.798921791098E+06, -3.299476247776E-10, -2.391061570961E-09
   13,1, 40,   60.000, 0.50,    1560.000,  7.961664281309E+06,  7.923073506386E+06,  7.884114714877E+06,  7.844917943866E+06,  1.043026961877E+02,  4.798878634295E+06,  3.970512807427E-10, -1.994067133637E-09
   13,1, 40,   60.000, 0.50,    1620.000,  7.961612149243E+06,  7.922966232458E+06,  7.884046631050E+06,  7.844705035493E+06,  1.044007605113E+02,  4.798839737996E+06, -1.761975454428E-09, -3.756213118322E-09
   13,1, 40,   60.000, 0.50,    1680.000,  7.961573777632E+06,  7.922919767797E+06,  7.883968588938E+06,  7.844698105101E+06,  1.044225182969E+02,  4.798804436360E+06, -7.867129170336E-10, -4.542926035356E-09
   13,1, 40,   60.000, 0.50,    1740.000,  7.961557833190E+06,  7.922865268979E+06,  7.883852749271E+06,  7.844553896282E+06,  1.044727486281E+02,  4.798771294368E+06, -2.677609245438E-10, -4.810772225028E-09
   13,1, 40,   60.000, 0.50,    1800.000,  7.961509745929E+06,  7.922785448429E+06,  7.883838139900E+06,  7.844507010426E+06,  1.045432376646E+02,  4.798741773957E+06,  1.024289986162E-09, -3.786681190832E-09
   14,1, 40,   60.000, 0.65,       0.000,  7.964770372286E+06,  7.929384223663E+06,  7.893839449198E+06,  7.858133896350E+06,  1.000000000000E+02,  4.802776827728E+06,  0.000000000000E+00,  0.000000000000E+00
   14,1, 40,   60.000, 0.65,      60.000,  7.964768236962E+06,  7.929359982708E+06,  7.893565577588E+06,  7.855012548159E+06,  1.000006190728E+02,  4.802581851872E+06, -2.833692391846E-09, -2.833701273630E-09
   14,1, 40,   60.000, 0.65,     120.000,  7.964749315957E+06,  7.929213097676E+06,  7.892683686955E+06,  7.853828990865E+06,  1.000076666308E+02,  4.802282163871E+06,  1.043215291929E-09, -1.790510850697E-09
   14,1, 40,   60.000, 0.65,     180.000,  7.964673965900E+06,  7.928828509541E+06,  7.891573039010E+06,  7.852941076908E+06,  1.000444133334E+02,  4.801984056990E+06, -1.009070160762E-09, -2.799538378895E-09
   14,1, 40,   60.000, 0.65,     240.000,  7.964496135108E+06,  7.928252087178E+06,  7.890777722030E+06,  7.852107659262E+06,  1.001603095921E+02,  4.801691241744E+06, -5.441123107630E-10, -3.343757271068E-09
   14,1, 40,   60.000, 0.65,     300.000,  7.964218516531E+06,  7.927675740857E+06,  7.890182105394E+06,  7.851419759675E+06,  1.004065562363E+02,  4.801410463939E+06,  2.257070974565E-09, -1.086618794943E-09
   14,1, 40,   60.000, 0.65,     360.000,  7.963910594066E+06,  7.927199372130E+06,  7.889579417474E+06,  7.850762845900E+06,  1.007795899089E+02,  4.801149405626E+06, -2.236365759245E-09, -3.323066266603E-09
   14,1, 40,   60.000, 0.65,     420.000,  7.963644092994E+06,  7.926778545061E+06,  7.889021660073E+06,  7.850180151243E+06,  1.012005606069E+02,  4.800912598878E+06,  1.852580311379E-10, -3.137756721117E-09
   14,1, 40,   60.000, 0.65,     480.000,  7.963431450626E+06,  7.926380370805E+06,  7.888520452471E+06,  7.849629705081E+06,  1.015782605060E+02,  4.800699362811E+06,  1.040900698968E-09, -2.096840034937E-09
   14,1, 40,   60.000, 0.65,     540.000,  7.963247093621E+06,  7.926020294605E+06,  7.888052063812E+06,  7.849126811916E+06,  1.018842479264E+02,  4.800505991950E+06, -1.203144250894E-09, -3.300101525383E-09
   14,1, 40,   60.000, 0.65,     600.000,  7.963075668827E+06,  7.925699460154E+06,  7.887624482033E+06,  7.848659963632E+06,  1.021460574575E+02,  4.800329257398E+06, -6.298108701230E-10, -3.929926606361E-09
   14,1, 40,   60.000, 0.65,     660.000,  7.962917449178E+06,  7.925406150419E+06,  7.887234903431E+06,  7.848233752616E+06,  1.023887560123E+02,  4.800167486089E+06,  7.060698692385E-10, -3.223703970434E-09
   14,1, 40,   60.000, 0.65,     720.000,  7.962772966505E+06,  7.925136730876E+06,  7.886878427878E+06,  7.847844068914E+06,  1.026135147881E+02,  4.800019577042E+06,  2.712035040986E-10, -2.952674549306E-09
   14,1, 40,   60.000, 0.65,     780.000,  7.962640580531E+06,  7.924889911642E+06,  7.886553110836E+06,  7.847489209636E+06,  1.028171261235E+02,  4.799884328771E+06, -8.251710426066E-10, -3.778040991165E-09
   14,1, 40,   60.000, 0.65,     840.000,  7.962519258554E+06,  7.924663708843E+06,  7.886255450618E+06,  7.847165146248E+06,  1.030025067999E+02,  4.799760586185E+06,  1.841709007522E-09, -1.936314220075E-09
   14,1, 40,   60.000, 0.65,     900.000,  7.962408147722E+06,  7.924456848230E+06,  7.885983208203E+06,  7.846868837614E+06,  1.031726744742E+02,  4.799647373132E+06, -2.155244871460E-10, -2.151864464395E-09
   14,1, 40,   60.000, 0.65,     960.000,  7.962306384205E+06,  7.924267702477E+06,  7.885734266871E+06,  7.846597664334E+06,  1.033283690559E+02,  4.799543805689E+06, -1.527666881884E-11, -2.167325874325E-09
   14,1, 40,   60.000, 0.65,    1020.000,  7.962213301363E+06,  7.924094588836E+06,  7.885506483222E+06,  7.846349532915E+06,  1.034704890301E+02,  4.799449050512E+06, -6.095941529338E-10, -2.777142071864E-09
   14,1, 40,   60.000, 0.65,    1080.000,  7.962128170011E+06,  7.923936180037E+06,  7.885298041776E+06,  7.846122520535E+06,  1.036003646246E+02,  4.799362345002E+06, -8.579608135051E-10, -3.635250322986E-09
   14,1, 40,   60.000, 0.65,    1140.000,  7.962050248786E+06,  7.923791213953E+06,  7.885107270733E+06,  7.845914786047E+06,  1.037190593993E+02,  4.799282995975E+06, -9.072209650185E-11, -3.726199793164E-09
   14,1, 40,   60.000, 0.65,    1200.000,  7.961978917336E+06,  7.923658518050E+06,  7.884932676774E+06,  7.845724664187E+06,  1.038275287256E+02,  4.799210369843E+06,  1.719942410716E-09, -2.006345312111E-09
   14,1, 40,   60.000, 0.65,    1260.000,  7.961913614723E+06,  7.923537047576E+06,  7.884772872677E+06,  7.845550644332E+06,  1.039267147683E+02,  4.799143889822E+06, -2.869438020525E-11, -2.034994395217E-09
   14,1, 40,   60.000, 0.65,    1320.000,  7.961853822134E+06,  7.923425842706E+06,  7.884626585091E+06,  7.845391358399E+06,  1.040174370586E+02,  4.799083030878E+06,  8.008811391846E-10, -1.234184310306E-09
   14,1, 40,   60.000, 0.65,    1380.000,  7.961799074580E+06,  7.923324027201E+06,  7.884492661747E+06,  7.845245543997E+06,  1.041004218436E+02,  4.799027313508E+06, -2.405910581871E-09, -3.640252543846E-09
   14,1, 40,   60.000, 0.65,    1440.000,  7.961748944380E+06,  7.923230802078E+06,  7.884370048793E+06,  7.845112049689E+06,  1.041763410929E+02,  4.798976299669E+06,  3.610310272961E-09, -3.001332515851E-11
   14,1, 40,   60.000, 0.65,    1500.000,  7.961703038227E+06,  7.923145437919E+06,  7.884257783224E+06,  7.844989824924E+06,  1.042458058121E+02,  4.798929589259E+06, -3.745693089030E-09, -3.775767254410E-09
   14,1, 40,   60.000, 0.65,    1560.000,  7.961660998376E+06,  7.923067267994E+06,  7.884154984890E+06,  7.844877911403E+06,  1.043093719531E+02,  4.798886816687E+06,  1.038814811949E-09, -2.737124304986E-09
   14,1, 40,   60.000, 0.65,    1620.000,  7.961622497623E+06,  7.922995681916E+06,  7.884060850180E+06,  7.844775432882E+06,  1.043675473686E+02,  4.798847647845E+06,  6.632348004132E-10, -2.074102667393E-09
   14,1, 40,   60.000, 0.65,    1680.000,  7.961587236420E+06,  7.922930121981E+06,  7.883974644526E+06,  7.844681588783E+06,  1.044207943520E+02,  4.798811777320E+06, -2.795133013933E-10, -2.353772288188E-09
   14,1, 40,   60.000, 0.65,    1740.000,  7.961554940905E+06,  7.922870078391E+06,  7.883895696180E+06,  7.844595647353E+06,  1.044695347779E+02,  4.798778925858E+06, -2.341083327195E-09, -4.694811650552E-09
   14,1, 40,   60.000, 0.65,    1800.000,  7.961525360538E+06,  7.922815084786E+06,  7.883823391043E+06,  7.844516939483E+06,  1.045141540259E+02,  4.798748838095E+06,  1.763352575068E-09, -2.931301423814E-09
   15,1, 40,   60.000, 1.00,       0.000,  7.964770372286E+06,  7.929384223663E+06,  7.893839449198E+06,  7.858133896350E+06,  1.000000000000E+02,  4.802776827728E+06,  0.000000000000E+00,  0.000000000000E+00
   15,1, 40,   60.000, 1.00,      60.000,  7.964753398574E+06,  7.929282464189E+06,  7.893244552593E+06,  7.854628503565E+06,  1.000086856864E+02,  4.802477348869E+06, -3.557943273336E-09, -3.557943273336E-09
   15,1, 40,   60.000, 1.00,     120.000,  7.964685933195E+06,  7.928998107939E+06,  7.892323692067E+06,  7.853597464836E+06,  1.000522583332E+02,  4.802180484369E+06,  9.978293746826E-10, -2.560113898653E-09
   15,1, 40,   60.000, 1.00,     180.000,  7.964546382821E+06,  7.928565795193E+06,  7.891444118306E+06,  7.852731685759E+06,  1.001641016146E+02,  4.801890330466E+06, -8.023448572203E-10, -3.362401912455E-09
   15,1, 40,   60.000, 1.00,     240.000,  7.964343470987E+06,  7.928073648301E+06,  7.890696749782E+06,  7.851967122922E+06,  1.003614110983E+02,  4.801612015132E+06,  2.323019998585E-09, -1.039325070451E-09
   15,1, 40,   60.000, 1.00,     300.000,  7.964106327398E+06,  7.927587348323E+06,  7.890050578029E+06,  7.851281283880E+06,  1.006332368393E+02,  4.801350009342E+06, -2.884860350605E-09, -3.924242264475E-09
   15,1, 40,   60.000, 1.00,     360.000,  7.963864308287E+06,  7.927134574708E+06,  7.889471774258E+06,  7.850657933992E+06,  1.009491064513E+02,  4.801106955729E+06,  1.455759957025E-10, -3.778723112191E-09
   15,1, 40,   60.000, 1.00,     420.000,  7.963635623588E+06,  7.926720847527E+06,  7.888943520865E+06,  7.850086862280E+06,  1.012762984084E+02,  4.800883533634E+06, -1.327862264588E-10, -3.911509338650E-09
   15,1, 40,   60.000, 1.00,     480.000,  7.963427168915E+06,  7.926344073630E+06,  7.888458449573E+06,  7.849561659817E+06,  1.015916022366E+02,  4.800679029768E+06,  1.122828052758E-09, -2.788510755636E-09
   15,1, 40,   60.000, 1.00,     540.000,  7.963239146752E+06,  7.926000725534E+06,  7.888012601753E+06,  7.849078114316E+06,  1.018836236929E+02,  4.800492047190E+06, -2.688125277928E-10, -3.057266440010E-09
   15,1, 40,   60.000, 1.00,     600.000,  7.963069262830E+06,  7.925687401067E+06,  7.887603036265E+06,  7.848633130772E+06,  1.021494571101E+02,  4.800321014616E+06,  6.983214007050E-10, -2.358774509048E-09
   15,1, 40,   60.000, 1.00,     660.000,  7.962914957130E+06,  7.925401046435E+06,  7.887227088431E+06,  7.848224075686E+06,  1.023904303620E+02,  4.800164440438E+06, -1.109469849325E-09, -3.468358045211E-09
   15,1, 40,   60.000, 1.00,     720.000,  7.962774141382E+06,  7.925138977019E+06,  7.886882191817E+06,  7.847848452198E+06,  1.026092060656E+02,  4.800020992802E+06,  9.658833732828E-10, -2.502474671928E-09
   15,1, 40,   60.000, 1.00,     780.000,  7.962645243904E+06,  7.924898868629E+06,  7.886565873481E+06,  7.847503796430E+06,  1.028084270949E+02,  4.799889498428E+06,  7.709672900091E-10, -1.731677912176E-09
   15,1, 40,   60.000, 1.00,     840.000,  7.962527062601E+06,  7.924678715775E+06,  7.886275788437E+06,  7.847187689317E+06,  1.029903154695E+02,  4.799768917356E+06, -2.045737801382E-09, -3.777586243814E-09
   15,1, 40,   60.000, 1.00,     900.000,  7.962418625250E+06,  7.924476770287E+06,  7.886009747963E+06,  7.846897805884E+06,  1.031566738119E+02,  4.799658317785E+06,  1.739522303978E-09, -2.038177626673E-09
   15,1, 40,   60.000, 1.00,     960.000,  7.962319100056E+06,  7.924291482646E+06,  7.885765731720E+06,  7.846631959187E+06,  1.033089898581E+02,  4.799556857176E+06, -1.374246494379E-09, -3.412424121052E-09
   15,1, 40,   60.000, 1.00,    1020.000,  7.962227747187E+06,  7.924121457992E+06,  7.885541886638E+06,  7.846388124358E+06,  1.034485324619E+02,  4.799463769124E+06,  8.735696610529E-10, -2.538854459999E-09
   15,1, 40,   60.000, 1.00,    1080.000,  7.962143894601E+06,  7.923965427489E+06,  7.885336518160E+06,  7.846164443995E+06,  1.035764161406E+02,  4.799378354092E+06, -3.441300577833E-10, -2.883098204620E-09
   15,1, 40,   60.000, 1.00,    1140.000,  7.962066926172E+06,  7.923822230653E+06,  7.885148078235E+06,  7.845959221585E+06,  1.036936396714E+02,  4.799299972472E+06, -6.525624485221E-11, -2.948581823148E-09
   15,1, 40,   60.000, 1.00,    1200.000,  7.961996275414E+06,  7.923690803891E+06,  7.884975152618E+06,  7.845770909339E+06,  1.038011084153E+02,  4.799228038977E+06,  1.654882453295E-09, -1.293756213272E-09
   15,1, 40,   60.000, 1.00,    1260.000,  7.961931421476E+06,  7.923570172041E+06,  7.884816448712E+06,  7.845598094599E+06,  1.038996476485E+02,  4.799162017836E+06, -3.664126779768E-10, -1.660282578086E-09
   15,1, 40,   60.000, 1.00,    1320.000,  7.961871885916E+06,  7.923459441207E+06,  7.884670784424E+06,  7.845439486857E+06,  1.039900113185E+02,  4.799101418515E+06, -5.869082997378E-10, -2.247361408081E-09
   15,1, 40,   60.000, 1.00,    1380.000,  7.961817229680E+06,  7.923357792220E+06,  7.884537078126E+06,  7.845293906112E+06,  1.040728886149E+02,  4.799045791832E+06,  2.722799763433E-10, -1.974967744900E-09
   15,1, 40,   60.000, 1.00,    1440.000,  7.961767050147E+06,  7.923264474500E+06,  7.884414339655E+06,  7.845160272598E+06,  1.041489095182E+02,  4.798994726403E+06, -2.844444679795E-10, -2.259184839204E-09
   15,1, 40,   60.000, 1.00,    1500.000,  7.961720978234E+06,  7.923178800320E+06,  7.884301662231E+06,  7.845037597732E+06,  1.042186498225E+02,  4.798947845393E+06,  8.803340278973E-10, -1.378793967888E-09
   15,1, 40,   60.000, 1.00,    1560.000,  7.961678675638E+06,  7.923100139471E+06,  7.884198215182E+06,  7.844924976052E+06,  1.042826357973E+02,  4.798904803541E+06, -2.146748556697E-09, -3.525656211423E-09
   15,1, 40,   60.000, 1.00,    1620.000,  7.961639832249E+06,  7.923027914365E+06,  7.884103237361E+06,  7.844821577983E+06,  1.043413485198E+02,  4.798865284452E+06,  1.488388079451E-09, -2.037268131971E-09
   15,1, 40,   60.000, 1.00,    1680.000,  7.961604163754E+06,  7.922961595539E+06,  7.884016031172E+06,  7.844726643296E+06,  1.043952278719E+02,  4.798828998124E+06, -1.794546733436E-09, -3.831701178569E-09
   15,1, 40,   60.000, 1.00,    1740.000,  7.961571409445E+06,  7.922900697555E+06,  7.883935957142E+06,  7.844639475172E+06,  1.044446761994E+02,  4.798795678696E+06,  1.469743438065E-09, -2.361957740504E-09
   15,1, 40,   60.000, 1.00,    1800.000,  7.961541330223E+06,  7.922844775267E+06,  7.883862428971E+06,  7.844559434800E+06,  1.044900616424E+02,  4.798765082395E+06, -6.571667654498E-10, -3.019067662535E-09
   16,1, 40,  120.000, 0.50,       0.000,  7.964770372286E+06,  7.929384223663E+06,  7.893839449198E+06,  7.858133896350E+06,  1.000000000000E+02,  4.802776827728E+06,  0.000000000000E+00,  0.000000000000E+00
   16,1, 40,  120.000, 0.50,     120.000,  7.964753398574E+06,  7.929282464189E+06,  7.893244552593E+06,  7.854628503565E+06,  1.000086856864E+02,  4.802477348869E+06, -3.557943273336E-09, -3.557943273336E-09
   16,1, 40,  120.000, 0.50,     240.000,  7.964618668528E+06,  7.928714586291E+06,  7.891403660304E+06,  7.852562644688E+06,  1.000957094066E+02,  4.801883612575E+06,  1.046942088578E-09, -2.511001184757E-09
   16,1, 40,  120.000, 0.50,     360.000,  7.964196416119E+06,  7.927555253935E+06,  7.889724133141E+06,  7.851161428015E+06,  1.004547674953E+02,  4.801316641189E+06, -2.694946488191E-10, -2.780552676995E-09
   16,1, 40,  120.000, 0.50,     480.000,  7.963554899727E+06,  7.926504726172E+06,  7.888939044646E+06,  7.849911784249E+06,  1.012220404683E+02,  4.800817249667E+06, -1.485943812440E-09, -4.266439646017E-09
   16,1, 40,  120.000, 0.50,     600.000,  7.963087258107E+06,  7.925913962740E+06,  7.887826758029E+06,  7.848959210720E+06,  1.020892948162E+02,  4.800415929784E+06,  1.351281753159E-09, -2.914930519182E-09
   16,1, 40,  120.000, 0.50,     720.000,  7.962876180085E+06,  7.925276052681E+06,  7.887014702960E+06,  7.847997584962E+06,  1.025761478818E+02,  4.800095856346E+06, -1.670628080319E-10, -3.081822796958E-09
   16,1, 40,  120.000, 0.50,     840.000,  7.962601245742E+06,  7.924725284685E+06,  7.886467927317E+06,  7.847361370150E+06,  1.028370918958E+02,  4.799820650732E+06,  2.620481609483E-11, -3.055447450606E-09
   16,1, 40,  120.000, 0.50,     960.000,  7.962314759666E+06,  7.924403762940E+06,  7.885760929231E+06,  7.846655894909E+06,  1.032595345721E+02,  4.799586448320E+06,  1.362820967188E-09, -1.692569639999E-09
   16,1, 40,  120.000, 0.50,    1080.000,  7.962179582269E+06,  7.923971846443E+06,  7.885450290815E+06,  7.846278630134E+06,  1.036002270256E+02,  4.799398034016E+06, -1.785792846931E-09, -3.478362486931E-09
   16,1, 40,  120.000, 0.50,    1200.000,  7.962011969307E+06,  7.923700438028E+06,  7.884958736820E+06,  7.845732600512E+06,  1.037418598988E+02,  4.799238559232E+06,  2.265892362630E-09, -1.212356437463E-09
   16,1, 40,  120.000, 0.50,    1320.000,  7.961855773917E+06,  7.923495463814E+06,  7.884683363513E+06,  7.845511206225E+06,  1.039906086253E+02,  4.799102507343E+06, -8.056986189331E-10, -2.018168743234E-09
   16,1, 40,  120.000, 0.50,    1440.000,  7.961781566893E+06,  7.923224324013E+06,  7.884429934559E+06,  7.845083564885E+06,  1.041839836078E+02,  4.798992982877E+06, -1.437115315639E-09, -3.455170372035E-09
   16,1, 40,  120.000, 0.50,    1560.000,  7.961665527434E+06,  7.923115175040E+06,  7.884143799733E+06,  7.844983178866E+06,  1.042527852790E+02,  4.798899189010E+06, -3.464606379566E-10, -3.801687853411E-09
   16,1, 40,  120.000, 0.50,    1680.000,  7.961593617888E+06,  7.922936336337E+06,  7.884044960192E+06,  7.844631123553E+06,  1.044265545020E+02,  4.798819949397E+06,  2.181025138270E-09, -1.620719558559E-09
   16,1, 40,  120.000, 0.50,    1800.000,  7.961540461420E+06,  7.922822807049E+06,  7.883791244649E+06,  7.844607261151E+06,  1.045130019619E+02,  4.798756322785E+06, -1.448768216505E-09, -3.069544618484E-09
   17,1, 40,  120.000, 0.65,       0.000,  7.964770372286E+06,  7.929384223663E+06,  7.893839449198E+06,  7.858133896350E+06,  1.000000000000E+02,  4.802776827728E+06,  0.000000000000E+00,  0.000000000000E+00
   17,1, 40,  120.000, 0.65,     120.000,  7.964726976012E+06,  7.929185869464E+06,  7.892973664916E+06,  7.854333137320E+06,  1.000282138052E+02,  4.802389028405E+06, -3.092093692203E-09, -3.092111455771E-09
   17,1, 40,  120.000, 0.65,     240.000,  7.964513334562E+06,  7.928482168530E+06,  7.891212095114E+06,  7.852439998451E+06,  1.002014354847E+02,  4.801805925352E+06,  1.165354035493E-09, -1.926764525706E-09
   17,1, 40,  120.000, 0.65,     360.000,  7.964069729171E+06,  7.927448886937E+06,  7.889770171692E+06,  7.851042343505E+06,  1.006596933603E+02,  4.801265841725E+06, -1.503899227373E-09, -3.430614015087E-09
   17,1, 40,  120.000, 0.65,     480.000,  7.963553235050E+06,  7.926545317858E+06,  7.888760015459E+06,  7.849868009138E+06,  1.013468494055E+02,  4.800798603100E+06,  1.386499803857E-09, -2.044089342235E-09
   17,1, 40,  120.000, 0.65,     600.000,  7.963144407763E+06,  7.925856494032E+06,  7.887831234480E+06,  7.848884908007E+06,  1.020141044857E+02,  4.800412270925E+06,  1.236273305949E-10, -1.920398062794E-09
   17,1, 40,  120.000, 0.65,     720.000,  7.962843028516E+06,  7.925271374360E+06,  7.887053938018E+06,  7.848039733331E+06,  1.025161411575E+02,  4.800093122323E+06, -1.126885251779E-10, -2.033175405813E-09
   17,1, 40,  120.000, 0.65,     840.000,  7.962584824149E+06,  7.924779318138E+06,  7.886412766488E+06,  7.847335756239E+06,  1.029044990042E+02,  4.799825351174E+06,  1.471413213494E-09, -5.616129783448E-10
   17,1, 40,  120.000, 0.65,     960.000,  7.962361314917E+06,  7.924371895785E+06,  7.885868679689E+06,  7.846744057201E+06,  1.032416910720E+02,  4.799600192036E+06, -2.578776303608E-09, -3.140485205222E-09
   17,1, 40,  120.000, 0.65,    1080.000,  7.962176373004E+06,  7.924026124815E+06,  7.885416582203E+06,  7.846251496745E+06,  1.035276467415E+02,  4.799411499507E+06, -1.286622364205E-09, -4.426965460880E-09
   17,1, 40,  120.000, 0.65,    1200.000,  7.962021158940E+06,  7.923736477228E+06,  7.885035612054E+06,  7.845836683691E+06,  1.037634455628E+02,  4.799253209424E+06, -3.114291047268E-10, -4.738467396237E-09
   17,1, 40,  120.000, 0.65,    1320.000,  7.961890341836E+06,  7.923494052090E+06,  7.884716089796E+06,  7.845489010753E+06,  1.039617029528E+02,  4.799120286968E+06,  1.328658072453E-09, -3.409695636947E-09
   17,1, 40,  120.000, 0.65,    1440.000,  7.961780771526E+06,  7.923289961734E+06,  7.884447954736E+06,  7.845196720274E+06,  1.041282990082E+02,  4.799008685815E+06,  2.099855400672E-09, -1.309672370553E-09
   17,1, 40,  120.000, 0.65,    1560.000,  7.961688655909E+06,  7.923118665855E+06,  7.884222544018E+06,  7.844951535131E+06,  1.042675497301E+02,  4.798914943252E+06,  7.677893876235E-10, -5.420588422567E-10
   17,1, 40,  120.000, 0.65,    1680.000,  7.961611214930E+06,  7.922974721075E+06,  7.884033295281E+06,  7.844745405439E+06,  1.043845544718E+02,  4.798836175589E+06, -2.377842811541E-09, -2.919932740042E-09
   17,1, 40,  120.000, 0.65,    1800.000,  7.961546153468E+06,  7.922853734795E+06,  7.883874207228E+06,  7.844572269574E+06,  1.044828112370E+02,  4.798769986154E+06, -6.326672519208E-10, -3.552486305125E-09
   18,1, 40,  120.000, 1.00,       0.000,  7.964770372286E+06,  7.929384223663E+06,  7.893839449198E+06,  7.858133896350E+06,  1.000000000000E+02,  4.802776827728E+06,  0.000000000000E+00,  0.000000000000E+00
   18,1, 40,  120.000, 1.00,     120.000,  7.964630231508E+06,  7.928913855098E+06,  7.892397348691E+06,  7.853723643580E+06,  1.001201139349E+02,  4.802191241400E+06, -2.676074473129E-09, -2.676074473129E-09
   18,1, 40,  120.000, 1.00,     240.000,  7.964308787594E+06,  7.928097784830E+06,  7.890861130373E+06,  7.852106569489E+06,  1.004564648995E+02,  4.801646017188E+06, -5.874198905076E-10, -3.263494363637E-09
   18,1, 40,  120.000, 1.00,     360.000,  7.963898319515E+06,  7.927235745710E+06,  7.889620492696E+06,  7.850807247901E+06,  1.009620584332E+02,  4.801161464200E+06,  4.641833584174E-10, -2.799424692057E-09
   18,1, 40,  120.000, 1.00,     480.000,  7.963495080455E+06,  7.926467410608E+06,  7.888609981297E+06,  7.849722196099E+06,  1.015206037288E+02,  4.800743936648E+06, -8.230927051045E-10, -3.622517397162E-09
   18,1, 40,  120.000, 1.00,     600.000,  7.963141805693E+06,  7.925814959564E+06,  7.887762526747E+06,  7.848804079465E+06,  1.020451071101E+02,  4.800389349501E+06,  7.604512575199E-10, -2.862179826479E-09
   18,1, 40,  120.000, 1.00,     720.000,  7.962843731295E+06,  7.925265258183E+06,  7.887044911665E+06,  7.848024360006E+06,  1.025012570112E+02,  4.800089500342E+06,  1.796593096515E-09, -1.065473043127E-09
   18,1, 40,  120.000, 1.00,     840.000,  7.962593416686E+06,  7.924801450029E+06,  7.886436461693E+06,  7.847362316628E+06,  1.028870045337E+02,  4.799835940886E+06, -2.016008693317E-09, -3.081368049607E-09
   18,1, 40,  120.000, 1.00,     960.000,  7.962382388994E+06,  7.924409237526E+06,  7.885920691434E+06,  7.846800716561E+06,  1.032114231658E+02,  4.799621311666E+06,  7.773905963404E-10, -2.303750079591E-09
   18,1, 40,  120.000, 1.00,    1080.000,  7.962203846114E+06,  7.924077055275E+06,  7.885483525208E+06,  7.846324591744E+06,  1.034847108065E+02,  4.799439476963E+06,  2.822844180628E-10, -2.021351974690E-09
   18,1, 40,  120.000, 1.00,    1200.000,  7.962052507899E+06,  7.923795462693E+06,  7.885112926600E+06,  7.845920972732E+06,  1.037154841825E+02,  4.799285335065E+06, -5.403535396908E-10, -2.561591827543E-09
   18,1, 40,  120.000, 1.00,    1320.000,  7.961924130630E+06,  7.923556636290E+06,  7.884798675709E+06,  7.845578757546E+06,  1.039106810610E+02,  4.799154616792E+06,  5.475158104673E-10, -2.014076017076E-09
   18,1, 40,  120.000, 1.00,    1440.000,  7.961815196268E+06,  7.923354020427E+06,  7.884532130632E+06,  7.845288525815E+06,  1.040759481301E+02,  4.799043730568E+06,  8.531060302630E-10, -1.160969986813E-09
   18,1, 40,  120.000, 1.00,    1560.000,  7.961722744248E+06,  7.923182088383E+06,  7.884305992343E+06,  7.845042314790E+06,  1.042159602471E+02,  4.798949645797E+06, -3.758486855077E-09, -4.919456841890E-09
   18,1, 40,  120.000, 1.00,    1680.000,  7.961644270104E+06,  7.923036168173E+06,  7.884114094287E+06,  7.844833398855E+06,  1.043346288551E+02,  4.798869801260E+06,  1.202465682582E-09, -3.717104846146E-09
   18,1, 40,  120.000, 1.00,    1800.000,  7.961577652322E+06,  7.922912305930E+06,  7.883951222808E+06,  7.844656094216E+06,  1.044352432107E+02,  4.798802030445E+06,  1.826720108511E-09, -1.890384737635E-09
   19,2, 20,   15.000, 0.50,       0.000,  7.964770372286E+06,  7.929384223663E+06,  7.893839449198E+06,  7.858133896350E+06,  1.000000000000E+02,  4.802776587486E+06,  0.000000000000E+00,  0.000000000000E+00
   19,2, 20,   15.000, 0.50,      15.000,  7.964770372286E+06,  7.929384223663E+06,  7.893839449198E+06,  7.858133896350E+06,  1.000000000000E+02,  4.802776587486E+06,  0.000000000000E+00,  0.000000000000E+00
   19,2, 20,   15.000, 0.50,      30.000,  7.964770372286E+06,  7.929384223663E+06,  7.893839449198E+06,  7.858133896350E+06,  1.000000000000E+02,  4.802776587486E+06,  0.000000000000E+00,  0.000000000000E+00
   19,2, 20,   15.000, 0.50,      45.000,  7.964770372286E+06,  7.929384223663E+06,  7.893839449198E+06,  7.858133896350E+06,  1.000000000000E+02,  4.802776587486E+06,  0.000000000000E+00,  0.000000000000E+00
   19,2, 20,   15.000, 0.50,      60.000,  7.964770372286E+06,  7.929384223663E+06,  7.893839449198E+06,  7.858133896350E+06,  1.000000000000E+02,  4.802776587486E+06,  0.000000000000E+00,  0.000000000000E+00
   19,2, 20,   15.000, 0.50,      75.000,  7.964770372286E+06,  7.929384223663E+06,  7.893839449198E+06,  7.858133896350E+06,  1.000000000000E+02,  4.802776587486E+06,  0.000000000000E+00,  0.000000000000E+00
   19,2, 20,   15.000, 0.50,      90.000,  7.964770372286E+06,  7.929384223663E+06,  7.893839449198E+06,  7.858133896350E+06,  1.000000000000E+02,  4.802776587486E+06,  0.000000000000E+00,  0.000000000000E+00
   19,2, 20,   15.000, 0.50,     105.000,  7.964770372286E+06,  7.929384223663E+06,  7.893839449198E+06,  7.858133896350E+06,  1.000000000000E+02,  4.802776587486E+06,  0.000000000000E+00,  0.000000000000E+00
   19,2, 20,   15.000, 0.50,     120.000,  7.964770372286E+06,  7.929384223663E+06,  7.893839449198E+06,  7.858133896350E+06,  1.000000000000E+02,  4.802776587486E+06,  0.000000000000E+00,  0.000000000000E+00
   19,2, 20,   15.000, 0.50,     135.000,  7.964770372286E+06,  7.929384223663E+06,  7.893839449198E+06,  7.858133896350E+06,  1.000000000000E+02,  4.802776587486E+06,  0.000000000000E+00,  0.000000000000E+00
   19,2, 20,   15.000, 0.50,     150.000,  7.964770372286E+06,  7.929384223663E+06,  7.893839449198E+06,  7.858133896350E+06,  1.000000000000E+02,  4.802776587486E+06,  0.000000000000E+00,  0.000000000000E+00
   19,2, 20,   15.000, 0.50,     165.000,  7.964770372286E+06,  7.929384223663E+06,  7.893839449198E+06,  7.858133896350E+06,  1.000000000000E+02,  4.802776587486E+06,  0.000000000000E+00,  0.000000000000E+00
   19,2, 20,   15.000, 0.50,     180.000,  7.964770372286E+06,  7.929384223663E+06,  7.893839449198E+06,  7.858133896350E+06,  1.000000000000E+02,  4.802776587486E+06,  0.000000000000E+00,  0.000000000000E+00
   19,2, 20,   15.000, 0.50,     195.000,  7.964770372286E+06,  7.929384223663E+06,  7.893839449198E+06,  7.858133896350E+06,  1.000000000000E+02,  4.802776587486E+06,  0.000000000000E+00,  0.000000000000E+00
   19,2, 20,   15.000, 0.50,     210.000,  7.964770372286E+06,  7.929384223663E+06,  7.893839449198E+06,  7.858133896350E+06,  1.000000000000E+02,  4.802776587486E+06,  0.000000000000E+00,  0.000000000000E+00
   19,2, 20,   15.000, 0.50,     225.000,  7.964770372286E+06,  7.929384223663E+06,  7.893839449198E+06,  7.858133896350E+06,  1.000000000000E+02,  4.802776587486E+06,  0.000000000000E+00,  0.000000000000E+00
   19,2, 20,   15.000, 0.50,     240.000,  7.964770372286E+06,  7.929384223663E+06,  7.893839449198E+06,  7.858133896350E+06,  1.000000000000E+02,  4.802776587486E+06,  0.000000000000E+00,  0.000000000000E+00
   19,2, 20,   15.000, 0.50,     255.000,  7.964770372286E+06,  7.929384223663E+06,  7.893839449198E+06,  7.858133896350E+06,  1.000000000000E+02,  4.802776587486E+06,  0.000000000000E+00,  0.000000000000E+00
   19,2, 20,   15.000, 0.50,     270.000,  7.964770372286E+06,  7.929384223663E+06,  7.893839449198E+06,  7.858133896350E+06,  1.000000000000E+02,  4.802776587486E+06,  0.000000000000E+00,  0.000000000000E+00
   19,2, 20,   15.000, 0.50,     285.000,  7.964770372286E+06,  7.929384223663E+06,  7.893839449198E+06,  7.858133896350E+06,  1.000000000000E+02,  4.802776587486E+06,  0.000000000000E+00,  0.000000000000E+00
   19,2, 20,   15.000, 0.50,     300.000,  7.964770372286E+06,  7.929384223624E+06,  7.893839188802E+06,  7.856382338820E+06,  1.000000000000E+02,  4.802739087486E+06,  9.347331797471E-10,  9.347331797471E-10
   19,2, 20,   15.000, 0.50,     315.000,  7.964770372285E+06,  7.929384222563E+06,  7.893835492794E+06,  7.854500948343E+06,  1.000000000000E+02,  4.802664087486E+06,  6.714628852933E-12,  9.414407031727E-10
   19,2, 20,   15.000, 0.50,     330.000,  7.964770372281E+06,  7.929384208633E+06,  7.893811290620E+06,  7.854885097609E+06,  1.000000000000E+02,  4.802589087486E+06, -4.124700581087E-11,  9.002008027892E-10
   19,2, 20,   15.000, 0.50,     345.000,  7.964770372222E+06,  7.929384091938E+06,  7.893715090057E+06,  7.855143493344E+06,  1.000000000001E+02,  4.802514087486E+06, -9.342926432510E-10, -3.410605131648E-11
   19,2, 20,   15.000, 0.50,     360.000,  7.964770371673E+06,  7.929383392635E+06,  7.893458986273E+06,  7.854325453324E+06,  1.000000000015E+02,  4.802439087486E+06,  1.748148292791E-09,  1.714056452329E-09
   19,2, 20,   15.000, 0.50,     375.000,  7.964770367720E+06,  7.929380210039E+06,  7.892986579856E+06,  7.853754277879E+06,  1.000000000149E+02,  4.802364087486E+06, -2.622329020596E-10,  1.451837761124E-09
   19,2, 20,   15.000, 0.50,     390.000,  7.964770344785E+06,  7.929368819181E+06,  7.892390687339E+06,  7.853900831414E+06,  1.000000001200E+02,  4.802289087487E+06, -1.022151252528E-09,  4.296794031688E-10
   19,2, 20,   15.000, 0.50,     405.000,  7.964770234757E+06,  7.929336091134E+06,  7.891919771668E+06,  7.853805642727E+06,  1.000000008078E+02,  4.802214087494E+06, -5.963087801319E-10, -1.666649040999E-10
   19,2, 20,   15.000, 0.50,     420.000,  7.964769790528E+06,  7.929259801325E+06,  7.891756230071E+06,  7.853245847603E+06,  1.000000046460E+02,  4.802139087535E+06,  1.842288099851E-09,  1.675630301179E-09
   19,2, 20,   15.000, 0.50,     435.000,  7.964768262334E+06,  7.929115230332E+06,  7.891779301137E+06,  7.852949300172E+06,  1.000000231515E+02,  4.802064087744E+06, -1.789281611764E-09, -1.136868377216E-10
   19,2, 20,   15.000, 0.50,     450.000,  7.964763745430E+06,  7.928894096941E+06,  7.891680791860E+06,  7.852986587842E+06,  1.000001010801E+02,  4.801989088675E+06,  1.622801448775E-09,  1.509079083917E-09
   19,2, 20,   15.000, 0.50,     465.000,  7.964752216532E+06,  7.928626387675E+06,  7.891361013618E+06,  7.852794046249E+06,  1.000003900063E+02,  4.801914092359E+06, -8.631104719825E-10,  6.459686119342E-10
   19,2, 20,   15.000, 0.50,     480.000,  7.964726753102E+06,  7.928379883773E+06,  7.891047119992E+06,  7.852390404530E+06,  1.000013387422E+02,  4.801839105324E+06, -1.426343487765E-09, -7.803464541212E-10
   19,2, 20,   15.000, 0.50,     495.000,  7.964678133030E+06,  7.928219309935E+06,  7.890929036743E+06,  7.852208921202E+06,  1.000041094225E+02,  4.801764146185E+06,  1.631072166219E-09,  8.507186066709E-10
   19,2, 20,   15.000, 0.50,     510.000,  7.964598223926E+06,  7.928148544755E+06,  7.890876742227E+06,  7.852175266645E+06,  1.000113244964E+02,  4.801689261940E+06, -2.089919348691E-10,  6.416485121008E-10
   19,2, 20,   15.000, 0.50,     525.000,  7.964486138559E+06,  7.928097184145E+06,  7.890686664453E+06,  7.851957332480E+06,  1.000280962414E+02,  4.801614557595E+06, -6.277858233261E-10,  1.386979420204E-11
   19,2, 20,   15.000, 0.50,     540.000,  7.964353825469E+06,  7.927984600573E+06,  7.890419410569E+06,  7.851658260266E+06,  1.000628798788E+02,  4.801540239916E+06,  1.906805380258E-09,  1.920625436469E-09
   19,2, 20,   15.000, 0.50,     555.000,  7.964225023699E+06,  7.927804724889E+06,  7.890259694642E+06,  7.851527338789E+06,  1.001270918818E+02,  4.801466664704E+06, -7.101874643922E-10,  1.210537448060E-09
   19,2, 20,   15.000, 0.50,     570.000,  7.964123807391E+06,  7.927630023437E+06,  7.890186025820E+06,  7.851447152895E+06,  1.002321205555E+02,  4.801394358798E+06, -1.860271936494E-10,  1.024545781547E-09
   19,2, 20,   15.000, 0.50,     585.000,  7.964057863578E+06,  7.927519746768E+06,  7.890039302062E+06,  7.851233241503E+06,  1.003831785845E+02,  4.801323973541E+06, -5.704450245503E-10,  4.540652298601E-10
   19,2, 20,   15.000, 0.50,     600.000,  7.964010607887E+06,  7.927446270103E+06,  7.889820362414E+06,  7.851004992372E+06,  1.005719446049E+02,  4.801256136965E+06,  1.337781441180E-09,  1.791931936168E-09
   19,2, 20,   15.000, 0.50,     615.000,  7.963953471294E+06,  7.927339388479E+06,  7.889662502144E+06,  7.850894257476E+06,  1.007731007746E+02,  4.801191224806E+06, -1.879882916000E-10,  1.603893906577E-09
   19,2, 20,   15.000, 0.50,     630.000,  7.963871728248E+06,  7.927186456063E+06,  7.889573029406E+06,  7.850785630935E+06,  1.009506204699E+02,  4.801129152715E+06, -6.394813567567E-10,  9.645191312302E-10
   19,2, 20,   15.000, 0.50,     645.000,  7.963779588849E+06,  7.927043970844E+06,  7.889440322910E+06,  7.850587734761E+06,  1.010748150012E+02,  4.801069343481E+06, -9.052314453584E-12,  9.554241842125E-10
   19,2, 20,   15.000, 0.50,     660.000,  7.963706118123E+06,  7.926947903773E+06,  7.889254668394E+06,  7.850406750824E+06,  1.011416321182E+02,  4.801010966834E+06, -1.141216898759E-09, -1.857642928371E-10
   19,2, 20,   15.000, 0.50,     675.000,  7.963663978517E+06,  7.926863170115E+06,  7.889109025737E+06,  7.850301984602E+06,  1.011789236110E+02,  4.800953371002E+06,  6.779075079066E-10,  4.920366336592E-10
   19,2, 20,   15.000, 0.50,     690.000,  7.963635483531E+06,  7.926746466753E+06,  7.889011704636E+06,  7.850178156572E+06,  1.012297347054E+02,  4.800896435940E+06, -5.413269832388E-10, -4.934008757118E-11
   19,2, 20,   15.000, 0.50,     705.000,  7.963593244162E+06,  7.926615308303E+06,  7.888884810906E+06,  7.849999795789E+06,  1.013208786205E+02,  4.800840565540E+06,  1.598515098067E-09,  1.549096850795E-09
   19,2, 20,   15.000, 0.50,     720.000,  7.963531040027E+06,  7.926513513235E+06,  7.888722589304E+06,  7.849849637960E+06,  1.014419654043E+02,  4.800786286870E+06, -8.075105029093E-10,  7.416929292958E-10
   19,2, 20,   15.000, 0.50,     735.000,  7.963466929347E+06,  7.926438457873E+06,  7.888590306818E+06,  7.849744956011E+06,  1.015560057370E+02,  4.800733771653E+06, -2.660698328327E-10,  4.756657290272E-10
   19,2, 20,   15.000, 0.50,     750.000,  7.963416581205E+06,  7.926351958883E+06,  7.888490835680E+06,  7.849615179120E+06,  1.016347798479E+02,  4.800682702545E+06, -5.952713877377E-10, -1.195985532831E-10
   19,2, 20,   15.000, 0.50,     765.000,  7.963374161892E+06,  7.926247335008E+06,  7.888369877424E+06,  7.849455849753E+06,  1.016853573829E+02,  4.800632603574E+06,  1.338158028830E-09,  1.218722900376E-09
   19,2, 20,   15.000, 0.50,     780.000,  7.963325576476E+06,  7.926154564921E+06,  7.888228004745E+06,  7.849325602053E+06,  1.017400305654E+02,  4.800583293984E+06,  3.611475563048E-10,  1.579792296980E-09
   19,2, 20,   15.000, 0.50,     795.000,  7.963271505551E+06,  7.926082593630E+06,  7.888111085678E+06,  7.849219869162E+06,  1.018200918873E+02,  4.800534994903E+06, -1.153210860139E-10,  1.464286469854E-09
   19,2, 20,   15.000, 0.50,     810.000,  7.963224965413E+06,  7.926005163774E+06,  7.888016443695E+06,  7.849091037317E+06,  1.019138419935E+02,  4.800487999407E+06, -4.375309003990E-10,  1.026819518302E-09
   19,2, 20,   15.000, 0.50,     825.000,  7.963188926648E+06,  7.925909880796E+06,  7.887906024275E+06,  7.848949841024E+06,  1.019935392933E+02,  4.800442304766E+06, -8.919940341912E-10,  1.346052158624E-10
   19,2, 20,   15.000, 0.50,     840.000,  7.963150598063E+06,  7.925818209282E+06,  7.887784247178E+06,  7.848834540306E+06,  1.020497065093E+02,  4.800397629110E+06,  4.680060783357E-10,  6.025402399246E-10
   19,2, 20,   15.000, 0.50,     855.000,  7.963101632998E+06,  7.925744970699E+06,  7.887681800685E+06,  7.848731398661E+06,  1.021004164794E+02,  4.800353755032E+06,  3.610267640397E-11,  6.384652806446E-10
   19,2, 20,   15.000, 0.50,     870.000,  7.963051570514E+06,  7.925675044391E+06,  7.887591620814E+06,  7.848611232425E+06,  1.021657038400E+02,  4.800310750935E+06,  9.504219633527E-10,  1.588887243997E-09
   19,2, 20,   15.000, 0.50,     885.000,  7.963012844109E+06,  7.925594860672E+06,  7.887487610338E+06,  7.848489968491E+06,  1.022421099586E+02,  4.800268809538E+06, -1.861366172307E-09, -2.723936631810E-10
   19,2, 20,   15.000, 0.50,     900.000,  7.962981599847E+06,  7.925515184724E+06,  7.887377592248E+06,  7.850143460824E+06,  1.023102872030E+02,  4.800265452517E+06, -4.818900833925E-11, -3.205968823750E-10
   19,2, 20,   15.000, 0.50,     915.000,  7.962944635268E+06,  7.925446627728E+06,  7.887286171310E+06,  7.851932755065E+06,  1.023626823517E+02,  4.800300499788E+06,  4.155822352914E-10,  9.504219633527E-11
   19,2, 20,   15.000, 0.50,     930.000,  7.962900096141E+06,  7.925379598889E+06,  7.887222803498E+06,  7.851437592987E+06,  1.024121677311E+02,  4.800336311164E+06,  1.151541084710E-09,  1.246462488780E-09
   19,2, 20,   15.000, 0.50,     945.000,  7.962858741447E+06,  7.925304952365E+06,  7.887221922242E+06,  7.851069514314E+06,  1.024717261870E+02,  4.800372940368E+06, -2.709583668548E-10,  9.754330676515E-10
   19,2, 20,   15.000, 0.50,     960.000,  7.962825901303E+06,  7.925232140518E+06,  7.887379177780E+06,  7.851803551812E+06,  1.025364720187E+02,  4.800410501855E+06, -4.695692723544E-10,  5.056790541857E-10
   19,2, 20,   15.000, 0.50,     975.000,  7.962794417724E+06,  7.925172085781E+06,  7.887765425095E+06,  7.852289632845E+06,  1.025931233798E+02,  4.800448973820E+06,  1.633466695239E-10,  6.689333531540E-10
   19,2, 20,   15.000, 0.50,     990.000,  7.962757832200E+06,  7.925122713119E+06,  7.888282460347E+06,  7.852036337879E+06,  1.026402662254E+02,  4.800488224243E+06, -4.492122229749E-10,  2.196429704782E-10
   19,2, 20,   15.000, 0.50,    1005.000,  7.962720039154E+06,  7.925087876516E+06,  7.888670940267E+06,  7.852033488736E+06,  1.026887669586E+02,  4.800528191991E+06,  4.322089353082E-10,  6.516529538203E-10
   19,2, 20,   15.000, 0.50,    1020.000,  7.962687150805E+06,  7.925095008681E+06,  7.888750528681E+06,  7.852518912195E+06,  1.027440998029E+02,  4.800568938492E+06, -5.854516871295E-10,  6.639311322942E-11
   19,2, 20,   15.000, 0.50,    1035.000,  7.962658219601E+06,  7.925176722437E+06,  7.888647224443E+06,  7.852734355524E+06,  1.027990452672E+02,  4.800610512080E+06, -4.028493094665E-10, -3.365130396560E-10
   19,2, 20,   15.000, 0.50,    1050.000,  7.962630425069E+06,  7.925338331470E+06,  7.888668027790E+06,  7.852599989372E+06,  1.028464066424E+02,  4.800652852969E+06,  4.825793098462E-10,  1.459738996346E-10
   19,2, 20,   15.000, 0.50,    1065.000,  7.962608203217E+06,  7.925545207110E+06,  7.888912370354E+06,  7.852708121496E+06,  1.028898355612E+02,  4.800695874786E+06, -1.480913169871E-10, -2.273736754432E-12
   19,2, 20,   15.000, 0.50,    1080.000,  7.962601635147E+06,  7.925733332984E+06,  7.889154970279E+06,  7.853043225969E+06,  1.029362489685E+02,  4.800739570420E+06,  6.324256673906E-10,  6.300524546532E-10
   19,2, 20,   15.000, 0.50,    1095.000,  7.962619450289E+06,  7.925841256078E+06,  7.889202083117E+06,  7.853145312559E+06,  1.029835876626E+02,  4.800783969195E+06,  5.280185177980E-10,  1.158014129032E-09
   19,2, 20,   15.000, 0.50,    1110.000,  7.962667302726E+06,  7.925859984105E+06,  7.889180149192E+06,  7.853090148164E+06,  1.030228937131E+02,  4.800829017805E+06,  5.570228722718E-10,  1.715079633868E-09
   19,2, 20,   15.000, 0.50,    1125.000,  7.962746909228E+06,  7.925855932684E+06,  7.889298845127E+06,  7.853234159233E+06,  1.030484009212E+02,  4.800874552515E+06, -1.045506792252E-09,  6.696154741803E-10
   19,2, 20,   15.000, 0.50,    1140.000,  7.962849151890E+06,  7.925914505086E+06,  7.889502475507E+06,  7.853469510975E+06,  1.030573823073E+02,  4.800920345889E+06, -8.102674087240E-10, -1.407443050994E-10
   19,2, 20,   15.000, 0.50,    1155.000,  7.962950439458E+06,  7.926046211278E+06,  7.889599101957E+06,  7.853525661743E+06,  1.030410763221E+02,  4.800966084329E+06, -7.193960982477E-10, -8.601546142017E-10
   19,2, 20,   15.000, 0.50,    1170.000,  7.963024846463E+06,  7.926174627302E+06,  7.889604376069E+06,  7.853526849189E+06,  1.029844511220E+02,  4.801011275785E+06,  1.962661144717E-09,  1.102534952224E-09
   19,2, 20,   15.000, 0.50,    1185.000,  7.963064499863E+06,  7.926235691203E+06,  7.889684734150E+06,  7.853675044994E+06,  1.028792959474E+02,  4.801055253888E+06, -5.182698714634E-11,  1.050693754223E-09
   19,2, 20,   15.000, 0.50,    1200.000,  7.963086865242E+06,  7.926259599926E+06,  7.889845255452E+06,  7.853842255678E+06,  1.027355497399E+02,  4.801097365230E+06, -8.294591680169E-10,  2.212345862063E-10
   19,2, 20,   15.000, 0.50,    1215.000,  7.963119812012E+06,  7.926321079958E+06,  7.889945498109E+06,  7.853882695283E+06,  1.025796598075E+02,  4.801137229302E+06, -1.708215791041E-10,  5.047695594840E-11
   19,2, 20,   15.000, 0.50,    1230.000,  7.963177082129E+06,  7.926431473887E+06,  7.889972696471E+06,  7.853921612338E+06,  1.024444450222E+02,  4.801174910088E+06,  3.381686042303E-10,  3.885816113325E-10
   19,2, 20,   15.000, 0.50,    1245.000,  7.963245663383E+06,  7.926530407858E+06,  7.890045300247E+06,  7.854061066553E+06,  1.023566961477E+02,  4.801210918647E+06, -2.179518787671E-10,  1.705302565824E-10
   19,2, 20,   15.000, 0.50,    1260.000,  7.963297910740E+06,  7.926582100705E+06,  7.890177572431E+06,  7.854184257650E+06,  1.023228270955E+02,  4.801246015071E+06, -4.092157723790E-10, -2.387423592154E-10
   19,2, 20,   15.000, 0.50,    1275.000,  7.963319828345E+06,  7.926624554193E+06,  7.890269812933E+06,  7.854223811277E+06,  1.023193876663E+02,  4.801280831682E+06, -1.008196193197E-09, -1.246917236131E-09
   19,2, 20,   15.000, 0.50,    1290.000,  7.963327016549E+06,  7.926701645613E+06,  7.890309993102E+06,  7.854285614500E+06,  1.023039486133E+02,  4.801315506704E+06,  1.403996918725E-09,  1.571152097313E-10
   19,2, 20,   15.000, 0.50,    1305.000,  7.963347561815E+06,  7.926794004286E+06,  7.890382594861E+06,  7.854410863906E+06,  1.022471340342E+02,  4.801349639824E+06,  6.885869652251E-11,  2.260094333906E-10
   19,2, 20,   15.000, 0.50,    1320.000,  7.963389657743E+06,  7.926856850903E+06,  7.890496293192E+06,  7.854506677306E+06,  1.021582531405E+02,  4.801382680228E+06,  9.962732860913E-10,  1.222360879183E-09
   19,2, 20,   15.000, 0.50,    1335.000,  7.963434769463E+06,  7.926893666690E+06,  7.890579393808E+06,  7.854552021264E+06,  1.020755219712E+02,  4.801414433541E+06, -1.538182914373E-10,  1.068656274583E-09
   19,2, 20,   15.000, 0.50,    1350.000,  7.963465265213E+06,  7.926943605863E+06,  7.890626709211E+06,  7.854626686251E+06,  1.020278163327E+02,  4.801445208578E+06, -5.801439328934E-10,  4.883986548521E-10
   19,2, 20,   15.000, 0.50,    1365.000,  7.963487266609E+06,  7.927013111497E+06,  7.890698585747E+06,  7.854737045498E+06,  1.020073795356E+02,  4.801475472547E+06,  1.139213168244E-10,  6.023128662491E-10
   19,2, 20,   15.000, 0.50,    1380.000,  7.963516962867E+06,  7.927071109172E+06,  7.890796160647E+06,  7.854816223221E+06,  1.019817519678E+02,  4.801505391034E+06,  6.496989612970E-10,  1.251919456990E-09
   19,2, 20,   15.000, 0.50,    1395.000,  7.963553855618E+06,  7.927108158770E+06,  7.890867962066E+06,  7.854868354510E+06,  1.019303123743E+02,  4.801534731516E+06, -7.702993798375E-11,  1.174839781015E-09
   19,2, 20,   15.000, 0.50,    1410.000,  7.963582959168E+06,  7.927151384067E+06,  7.890915465674E+06,  7.854948201963E+06,  1.018647534534E+02,  4.801563194510E+06, -8.102460924420E-10,  3.647073754109E-10
   19,2, 20,   15.000, 0.50,    1425.000,  7.963600621355E+06,  7.927214052556E+06,  7.890981718660E+06,  7.855044199942E+06,  1.018121641436E+02,  4.801590771392E+06, -3.810072257693E-10, -1.637090463191E-11
   19,2, 20,   15.000, 0.50,    1440.000,  7.963621169731E+06,  7.927274033287E+06,  7.891062878006E+06,  7.855111912026E+06,  1.017821959603E+02,  4.801617729093E+06,  1.761925716437E-09,  1.745547706378E-09
   19,2, 20,   15.000, 0.50,    1455.000,  7.963653867035E+06,  7.927315447371E+06,  7.891123714779E+06,  7.855166756753E+06,  1.017575514199E+02,  4.801644277198E+06,  5.217515308686E-11,  1.797616278054E-09
   19,2, 20,   15.000, 0.50,    1470.000,  7.963688094746E+06,  7.927353966407E+06,  7.891171111880E+06,  7.855243084701E+06,  1.017180084667E+02,  4.801670343897E+06, -3.933919856536E-10,  1.404259819537E-09
   19,2, 20,   15.000, 0.50,    1485.000,  7.963710446695E+06,  7.927404315071E+06,  7.891235109505E+06,  7.855322645622E+06,  1.016661456585E+02,  4.801695725053E+06, -2.353246486564E-10,  1.168928065454E-09
   19,2, 20,   15.000, 0.50,    1500.000,  7.963725435508E+06,  7.927455202291E+06,  7.891307875383E+06,  7.855379030619E+06,  1.016214712708E+02,  4.801720382180E+06, -2.566196144471E-10,  9.122231858782E-10
   19,2, 20,   15.000, 0.50,    1515.000,  7.963747141330E+06,  7.927494715568E+06,  7.891364475469E+06,  7.855431430301E+06,  1.015925970484E+02,  4.801744487692E+06,  8.947154128691E-11,  1.001808414003E-09
   19,2, 20,   15.000, 0.50,    1530.000,  7.963777055059E+06,  7.927532859312E+06,  7.891412815519E+06,  7.855499946018E+06,  1.015667089352E+02,  4.801768182487E+06, -2.584243929959E-10,  7.433982318616E-10
   19,2, 20,   15.000, 0.50,    1545.000,  7.963803662644E+06,  7.927580187182E+06,  7.891472205524E+06,  7.855566644683E+06,  1.015297321253E+02,  4.801791405795E+06,  6.190532531036E-10,  1.362423063256E-09
   19,2, 20,   15.000, 0.50,    1560.000,  7.963821762609E+06,  7.927627382786E+06,  7.891533678281E+06,  7.855618071231E+06,  1.014862595400E+02,  4.801814025733E+06, -5.074625164525E-10,  8.549250196666E-10
   19,2, 20,   15.000, 0.50,    1575.000,  7.963839100002E+06,  7.927664035686E+06,  7.891582080710E+06,  7.855671595521E+06,  1.014506223893E+02,  4.801836052347E+06, -1.814441930037E-10,  6.734808266629E-10
   19,2, 20,   15.000, 0.50,    1590.000,  7.963862150402E+06,  7.927697974571E+06,  7.891627294710E+06,  7.855735956294E+06,  1.014248045651E+02,  4.801857618049E+06,  1.581454966981E-10,  8.316192179336E-10
   19,2, 20,   15.000, 0.50,    1605.000,  7.963886639339E+06,  7.927739323142E+06,  7.891681943474E+06,  7.855794795494E+06,  1.013971039589E+02,  4.801878782363E+06, -8.053717692746E-10,  2.626165951369E-11
   19,2, 20,   15.000, 0.50,    1620.000,  7.963906593072E+06,  7.927782260194E+06,  7.891736697261E+06,  7.855842366710E+06,  1.013613314712E+02,  4.801899470629E+06,  8.172946763807E-10,  8.435563358944E-10
   19,2, 20,   15.000, 0.50,    1635.000,  7.963923972192E+06,  7.927817757005E+06,  7.891781574336E+06,  7.855892770223E+06,  1.013253074331E+02,  4.801919620421E+06,  2.057660708488E-10,  1.049329512171E-09
   19,2, 20,   15.000, 0.50,    1650.000,  7.963943528668E+06,  7.927849902005E+06,  7.891825051944E+06,  7.855949002102E+06,  1.012969863018E+02,  4.801939287624E+06,  3.460698394520E-10,  1.395392246195E-09
   19,2, 20,   15.000, 0.50,    1665.000,  7.963964460447E+06,  7.927886028433E+06,  7.891874529236E+06,  7.855999477774E+06,  1.012722333087E+02,  4.801958556771E+06, -1.560565010550E-10,  1.239300218003E-09
   19,2, 20,   15.000, 0.50,    1680.000,  7.963983222009E+06,  7.927923085039E+06,  7.891922332372E+06,  7.856044042600E+06,  1.012429592270E+02,  4.801977420715E+06, -2.717897018556E-10,  9.674749890110E-10
   19,2, 20,   15.000, 0.50,    1695.000,  7.964000226154E+06,  7.927955616675E+06,  7.891963421533E+06,  7.856092718375E+06,  1.012102953708E+02,  4.801995820124E+06, -2.125730702573E-10,  7.548806024715E-10
   19,2, 20,   15.000, 0.50,    1710.000,  7.964018106783E+06,  7.927986549107E+06,  7.892004917973E+06,  7.856143904216E+06,  1.011814470501E+02,  4.802013758192E+06,  8.080718316705E-10,  1.562966644997E-09
   19,2, 20,   15.000, 0.50,    1725.000,  7.964036408023E+06,  7.928020060043E+06,  7.892050031037E+06,  7.856188871764E+06,  1.011574042687E+02,  4.802031299577E+06, -4.220552796141E-10,  1.140961103374E-09
   19,2, 20,   15.000, 0.50,    1740.000,  7.964053024636E+06,  7.928053134086E+06,  7.892092134669E+06,  7.856229964323E+06,  1.011323304298E+02,  4.802048472588E+06, -3.118998392893E-10,  8.290044206660E-10
   19,2, 20,   15.000, 0.50,    1755.000,  7.964068607260E+06,  7.928082419247E+06,  7.892129389830E+06,  7.856274440468E+06,  1.011039822134E+02,  4.802065244932E+06, -1.907238811327E-10,  6.382379069692E-10
   19,2, 20,   15.000, 0.50,    1770.000,  7.964085098265E+06,  7.928111022838E+06,  7.892168033530E+06,  7.856319792002E+06,  1.010768000347E+02,  4.802081600799E+06,  9.075336038222E-10,  1.545799932501E-09
   19,2, 20,   15.000, 0.50,    1785.000,  7.964101789075E+06,  7.928141812201E+06,  7.892209191800E+06,  7.856360586634E+06,  1.010536820917E+02,  4.802097579415E+06,  1.281698303046E-09,  2.827505340974E-09
   19,2, 20,   15.000, 0.50,    1800.000,  7.964116824505E+06,  7.928171730237E+06,  7.892247327383E+06,  7.856399640624E+06,  1.010314686735E+02,  4.802113218046E+06, -2.053972991689E-09,  7.735252438579E-10
   20,2, 20,   15.000, 0.65,       0.000,  7.964770372286E+06,  7.929384223663E+06,  7.893839449198E+06,  7.858133896350E+06,  1.000000000000E+02,  4.802776587486E+06,  0.000000000000E+00,  0.000000000000E+00
   20,2, 20,   15.000, 0.65,      15.000,  7.964770372286E+06,  7.929384223663E+06,  7.893839449198E+06,  7.858133896350E+06,  1.000000000000E+02,  4.802776587486E+06,  0.000000000000E+00,  0.000000000000E+00
   20,2, 20,   15.000, 0.65,      30.000,  7.964770372286E+06,  7.929384223663E+06,  7.893839449198E+06,  7.858133896350E+06,  1.000000000000E+02,  4.802776587486E+06,  0.000000000000E+00,  0.000000000000E+00
   20,2, 20,   15.000, 0.65,      45.000,  7.964770372286E+06,  7.929384223663E+06,  7.893839449198E+06,  7.858133896350E+06,  1.000000000000E+02,  4.802776587486E+06,  0.000000000000E+00,  0.000000000000E+00
   20,2, 20,   15.000, 0.65,      60.000,  7.964770372286E+06,  7.929384223663E+06,  7.893839449198E+06,  7.858133896350E+06,  1.000000000000E+02,  4.802776587486E+06,  0.000000000000E+00,  0.000000000000E+00
   20,2, 20,   15.000, 0.65,      75.000,  7.964770372286E+06,  7.929384223663E+06,  7.893839449198E+06,  7.858133896350E+06,  1.000000000000E+02,  4.802776587486E+06,  0.000000000000E+00,  0.000000000000E+00
   20,2, 20,   15.000, 0.65,      90.000,  7.964770372286E+06,  7.929384223663E+06,  7.893839449198E+06,  7.858133896350E+06,  1.000000000000E+02,  4.802776587486E+06,  0.000000000000E+00,  0.000000000000E+00
   20,2, 20,   15.000, 0.65,     105.000,  7.964770372286E+06,  7.929384223663E+06,  7.893839449198E+06,  7.858133896350E+06,  1.000000000000E+02,  4.802776587486E+06,  0.000000000000E+00,  0.000000000000E+00
   20,2, 20,   15.000, 0.65,     120.000,  7.964770372286E+06,  7.929384223663E+06,  7.893839449198E+06,  7.858133896350E+06,  1.000000000000E+02,  4.802776587486E+06,  0.000000000000E+00,  0.000000000000E+00
   20,2, 20,   15.000, 0.65,     135.000,  7.964770372286E+06,  7.929384223663E+06,  7.893839449198E+06,  7.858133896350E+06,  1.000000000000E+02,  4.802776587486E+06,  0.000000000000E+00,  0.000000000000E+00
   20,2, 20,   15.000, 0.65,     150.000,  7.964770372286E+06,  7.929384223663E+06,  7.893839449198E+06,  7.858133896350E+06,  1.000000000000E+02,  4.802776587486E+06,  0.000000000000E+00,  0.000000000000E+00
   20,2, 20,   15.000, 0.65,     165.000,  7.964770372286E+06,  7.929384223663E+06,  7.893839449198E+06,  7.858133896350E+06,  1.000000000000E+02,  4.802776587486E+06,  0.000000000000E+00,  0.000000000000E+00
   20,2, 20,   15.000, 0.65,     180.000,  7.964770372286E+06,  7.929384223663E+06,  7.893839449198E+06,  7.858133896350E+06,  1.000000000000E+02,  4.802776587486E+06,  0.000000000000E+00,  0.000000000000E+00
   20,2, 20,   15.000, 0.65,     195.000,  7.964770372286E+06,  7.929384223663E+06,  7.893839449198E+06,  7.858133896350E+06,  1.000000000000E+02,  4.802776587486E+06,  0.000000000000E+00,  0.000000000000E+00
   20,2, 20,   15.000, 0.65,     210.000,  7.964770372286E+06,  7.929384223663E+06,  7.893839449198E+06,  7.858133896350E+06,  1.000000000000E+02,  4.802776587486E+06,  0.000000000000E+00,  0.000000000000E+00
   20,2, 20,   15.000, 0.65,     225.000,  7.964770372286E+06,  7.929384223663E+06,  7.893839449198E+06,  7.858133896350E+06,  1.000000000000E+02,  4.802776587486E+06,  0.000000000000E+00,  0.000000000000E+00
   20,2, 20,   15.000, 0.65,     240.000,  7.964770372286E+06,  7.929384223663E+06,  7.893839449198E+06,  7.858133896350E+06,  1.000000000000E+02,  4.802776587486E+06,  0.000000000000E+00,  0.000000000000E+00
   20,2, 20,   15.000, 0.65,     255.000,  7.964770372286E+06,  7.929384223663E+06,  7.893839449198E+06,  7.858133896350E+06,  1.000000000000E+02,  4.802776587486E+06,  0.000000000000E+00,  0.000000000000E+00
   20,2, 20,   15.000, 0.65,     270.000,  7.964770372286E+06,  7.929384223663E+06,  7.893839449198E+06,  7.858133896350E+06,  1.000000000000E+02,  4.802776587486E+06,  0.000000000000E+00,  0.000000000000E+00
   20,2, 20,   15.000, 0.65,     285.000,  7.964770372286E+06,  7.929384223663E+06,  7.893839449198E+06,  7.858133896350E+06,  1.000000000000E+02,  4.802776587486E+06,  0.000000000000E+00,  0.000000000000E+00
   20,2, 20,   15.000, 0.65,     300.000,  7.964770372285E+06,  7.929384222580E+06,  7.893837984398E+06,  7.856144175602E+06,  1.000000000000E+02,  4.802727837486E+06,  9.058296335240E-10,  9.058283012564E-10
   20,2, 20,   15.000, 0.65,     315.000,  7.964770372263E+06,  7.929384203113E+06,  7.893824331390E+06,  7.854801915415E+06,  1.000000000001E+02,  4.802652837486E+06, -1.242064229245E-10,  7.816254310455E-10
   20,2, 20,   15.000, 0.65,     330.000,  7.964770371985E+06,  7.929384033362E+06,  7.893764446913E+06,  7.854849836230E+06,  1.000000000019E+02,  4.802577837486E+06,  6.798615004300E-10,  1.461501142330E-09
   20,2, 20,   15.000, 0.65,     345.000,  7.964770369609E+06,  7.929383078355E+06,  7.893601077054E+06,  7.854772100091E+06,  1.000000000217E+02,  4.802502837486E+06,  1.197001608944E-09,  2.658509856701E-09
   20,2, 20,   15.000, 0.65,     360.000,  7.964770354770E+06,  7.929379188810E+06,  7.893292710264E+06,  7.854352681690E+06,  1.000000001852E+02,  4.802427837488E+06, -1.955978490287E-09,  7.025278137007E-10
   20,2, 20,   15.000, 0.65,     375.000,  7.964770282365E+06,  7.929366993710E+06,  7.892869067397E+06,  7.854001400928E+06,  1.000000012457E+02,  4.802352837502E+06, -6.045697276136E-10,  9.794121069717E-11
   20,2, 20,   15.000, 0.65,     390.000,  7.964769995258E+06,  7.929336440514E+06,  7.892434054077E+06,  7.853792118764E+06,  1.000000068752E+02,  4.802277837575E+06,  6.052038870052E-10,  7.031530913082E-10
   20,2, 20,   15.000, 0.65,     405.000,  7.964769045114E+06,  7.929273777479E+06,  7.892090814212E+06,  7.853574836679E+06,  1.000000320040E+02,  4.802202837923E+06, -1.928146531327E-10,  5.103402145323E-10
   20,2, 20,   15.000, 0.65,     420.000,  7.964766370813E+06,  7.929166838962E+06,  7.891862194912E+06,  7.853319282908E+06,  1.000001282088E+02,  4.802127839341E+06,  8.741745105567E-10,  1.384478309774E-09
   20,2, 20,   15.000, 0.65,     435.000,  7.964759879572E+06,  7.929013212958E+06,  7.891693023018E+06,  7.853081935285E+06,  1.000004487770E+02,  4.802052844390E+06, -4.349720583718E-10,  9.495124686509E-10
   20,2, 20,   15.000, 0.65,     450.000,  7.964746150073E+06,  7.928825613894E+06,  7.891521221060E+06,  7.852873138853E+06,  1.000013890015E+02,  4.801977860289E+06,  1.462909793304E-10,  1.095827428799E-09
   20,2, 20,   15.000, 0.65,     465.000,  7.964720644159E+06,  7.928628512231E+06,  7.891330175714E+06,  7.852668735590E+06,  1.000038377130E+02,  4.801902904999E+06,  2.049906910884E-10,  1.300804797211E-09
   20,2, 20,   15.000, 0.65,     480.000,  7.964678764397E+06,  7.928446243405E+06,  7.891137425179E+06,  7.852463418765E+06,  1.000095397238E+02,  4.801828018159E+06, -5.944738035168E-10,  7.063363227644E-10
   20,2, 20,   15.000, 0.65,     495.000,  7.964617664051E+06,  7.928290677154E+06,  7.890957302831E+06,  7.852266168073E+06,  1.000214756204E+02,  4.801753277630E+06,  7.798819368077E-10,  1.486228029535E-09
   20,2, 20,   15.000, 0.65,     510.000,  7.964538044215E+06,  7.928157805727E+06,  7.890787409492E+06,  7.852078278529E+06,  1.000440316848E+02,  4.801678819686E+06, -7.825722292409E-10,  7.037215254968E-10
   20,2, 20,   15.000, 0.65,     525.000,  7.964444776343E+06,  7.928035050871E+06,  7.890620550960E+06,  7.851895220460E+06,  1.000826409994E+02,  4.801604856602E+06, -3.355333788591E-10,  3.681179805426E-10
   20,2, 20,   15.000, 0.65,     540.000,  7.964345598489E+06,  7.927912022023E+06,  7.890455275569E+06,  7.851715800149E+06,  1.001426572179E+02,  4.801531681375E+06, -4.897824368300E-10, -1.216449163621E-10
   20,2, 20,   15.000, 0.65,     555.000,  7.964248305113E+06,  7.927785912063E+06,  7.890293848564E+06,  7.851541350821E+06,  1.002275585685E+02,  4.801459649021E+06,  3.799698333751E-10,  2.582964953035E-10
   20,2, 20,   15.000, 0.65,     570.000,  7.964157969841E+06,  7.927659305613E+06,  7.890137046342E+06,  7.851371850626E+06,  1.003370793070E+02,  4.801389130227E+06,  6.060059121182E-10,  8.642473403597E-10
   20,2, 20,   15.000, 0.65,     585.000,  7.964075828426E+06,  7.927535108066E+06,  7.889983774427E+06,  7.851206265990E+06,  1.004662224761E+02,  4.801320445563E+06,  5.195337493547E-10,  1.383796188748E-09
   20,2, 20,   15.000, 0.65,     600.000,  7.964000304066E+06,  7.927413936352E+06,  7.889833239676E+06,  7.851044197139E+06,  1.006059619856E+02,  4.801253801360E+06, -3.395133063577E-10,  1.044327291311E-09
   20,2, 20,   15.000, 0.65,     615.000,  7.963929167415E+06,  7.927294945248E+06,  7.889685529395E+06,  7.850885718791E+06,  1.007456907310E+02,  4.801189253145E+06, -1.083822809278E-09, -3.956301952712E-11
   20,2, 20,   15.000, 0.65,     630.000,  7.963861209887E+06,  7.927177583112E+06,  7.889540772810E+06,  7.850730668914E+06,  1.008764731548E+02,  4.801126713635E+06,  8.236291648700E-10,  7.839844329283E-10
   20,2, 20,   15.000, 0.65,     645.000,  7.963796494772E+06,  7.927062155375E+06,  7.889398761979E+06,  7.850578715600E+06,  1.009935791062E+02,  4.801066002515E+06,  3.904023770929E-10,  1.174385033664E-09
   20,2, 20,   15.000, 0.65,     660.000,  7.963735506424E+06,  7.926949290674E+06,  7.889259263062E+06,  7.850429660343E+06,  1.010970937218E+02,  4.801006915469E+06, -1.162847595992E-10,  1.058197085513E-09
   20,2, 20,   15.000, 0.65,     675.000,  7.963678228581E+06,  7.926839420608E+06,  7.889122225120E+06,  7.850283405759E+06,  1.011904816631E+02,  4.800949282407E+06, -1.723817089072E-09, -6.655227480223E-10
   20,2, 20,   15.000, 0.65,     690.000,  7.963623903767E+06,  7.926732754506E+06,  7.888987676556E+06,  7.850139823802E+06,  1.012781170293E+02,  4.800892994077E+06,  8.141105567461E-10,  1.484750100644E-10
   20,2, 20,   15.000, 0.65,     705.000,  7.963571450286E+06,  7.926629437725E+06,  7.888855628516E+06,  7.849998771704E+06,  1.013632076813E+02,  4.800837995466E+06,  2.306923985174E-09,  2.455408321111E-09
   20,2, 20,   15.000, 0.65,     720.000,  7.963520018087E+06,  7.926529558765E+06,  7.888726110166E+06,  7.849860152484E+06,  1.014470287857E+02,  4.800784260837E+06, -6.391323026378E-10,  1.816260919441E-09
   20,2, 20,   15.000, 0.65,     735.000,  7.963469250015E+06,  7.926433044282E+06,  7.888599206018E+06,  7.849723912753E+06,  1.015294091451E+02,  4.800731769478E+06, -1.422569617660E-09,  3.935838321922E-10
   20,2, 20,   15.000, 0.65,     750.000,  7.963419193626E+06,  7.926339624327E+06,  7.888475026393E+06,  7.849590022410E+06,  1.016097196855E+02,  4.800680493643E+06, -3.370561607596E-10,  5.638867150992E-11
   20,2, 20,   15.000, 0.65,     765.000,  7.963370064132E+06,  7.926248912666E+06,  7.888353662569E+06,  7.849458481338E+06,  1.016875938286E+02,  4.800630398711E+06, -2.934235077134E-10, -2.369233698118E-10
   20,2, 20,   15.000, 0.65,     780.000,  7.963322053389E+06,  7.926160520929E+06,  7.888235165349E+06,  7.849329331180E+06,  1.017630853946E+02,  4.800581448661E+06,  1.007499417227E-09,  7.707967597526E-10
   20,2, 20,   15.000, 0.65,     795.000,  7.963275249732E+06,  7.926074137868E+06,  7.888119534951E+06,  7.849202650003E+06,  1.018364542370E+02,  4.800533610288E+06,  8.575216092765E-10,  1.628450263524E-09
   20,2, 20,   15.000, 0.65,     810.000,  7.963229640980E+06,  7.925989563294E+06,  7.888006712815E+06,  7.849078537392E+06,  1.019079232720E+02,  4.800486853925E+06, -7.379981070699E-10,  8.903953130357E-10
   20,2, 20,   15.000, 0.65,     825.000,  7.963185155535E+06,  7.925906706168E+06,  7.887896586126E+06,  7.848957098924E+06,  1.019775965581E+02,  4.800441152088E+06,  8.237810433798E-10,  1.714397512842E-09
   20,2, 20,   15.000, 0.65,     840.000,  7.963141709371E+06,  7.925825553132E+06,  7.887789010719E+06,  7.848838428229E+06,  1.020455114519E+02,  4.800396478207E+06, -1.477217015378E-09,  2.373781171627E-10
   20,2, 20,   15.000, 0.65,     855.000,  7.963099237840E+06,  7.925746120650E+06,  7.887683842382E+06,  7.848722586780E+06,  1.021117098250E+02,  4.800352806313E+06, -1.121356341116E-10,  1.250555214938E-10
   20,2, 20,   15.000, 0.65,     870.000,  7.963057702745E+06,  7.925668413893E+06,  7.887580963240E+06,  7.848609588121E+06,  1.021762603964E+02,  4.800310111328E+06,  1.678400529670E-09,  1.803527993616E-09
   20,2, 20,   15.000, 0.65,     885.000,  7.963017080759E+06,  7.925592409545E+06,  7.887480295662E+06,  7.848499392509E+06,  1.022392415507E+02,  4.800268369301E+06, -1.258251725034E-09,  5.452420737129E-10
   20,2, 20,   15.000, 0.65,     900.000,  7.962977349036E+06,  7.925518063015E+06,  7.887383237200E+06,  7.850385044949E+06,  1.023007222210E+02,  4.800276307360E+06,  8.824546648967E-10,  1.427906681783E-09
   20,2, 20,   15.000, 0.65,     915.000,  7.962938479671E+06,  7.925445339344E+06,  7.887300303323E+06,  7.851626032062E+06,  1.023607590513E+02,  4.800311403553E+06, -1.188386722362E-09,  2.396518539172E-10
   20,2, 20,   15.000, 0.65,     930.000,  7.962900443062E+06,  7.925374321264E+06,  7.887265034315E+06,  7.851474729851E+06,  1.024194031987E+02,  4.800347386719E+06,  8.226592740357E-10,  1.062289811671E-09
   20,2, 20,   15.000, 0.65,     945.000,  7.962863214254E+06,  7.925305588269E+06,  7.887334291899E+06,  7.851452258704E+06,  1.024767049834E+02,  4.800384236459E+06, -3.816560401049E-10,  6.807567842770E-10
   20,2, 20,   15.000, 0.65,     960.000,  7.962826781399E+06,  7.925241191820E+06,  7.887550332476E+06,  7.851777446400E+06,  1.025327131643E+02,  4.800421933114E+06,  2.730553561037E-10,  9.536051948089E-10
   20,2, 20,   15.000, 0.65,     975.000,  7.962791169568E+06,  7.925186314131E+06,  7.887885308731E+06,  7.852035698987E+06,  1.025874721432E+02,  4.800460457711E+06,  1.773918789638E-10,  1.130956661655E-09
   20,2, 20,   15.000, 0.65,     990.000,  7.962756512652E+06,  7.925150726873E+06,  7.888236240159E+06,  7.852151688289E+06,  1.026410189653E+02,  4.800499791875E+06, -4.944027409692E-10,  6.366462912410E-10
   20,2, 20,   15.000, 0.65,    1005.000,  7.962723223375E+06,  7.925147939863E+06,  7.888498526117E+06,  7.852278255575E+06,  1.026933760024E+02,  4.800539917641E+06, -4.097544525905E-10,  2.269189280923E-10
   20,2, 20,   15.000, 0.65,    1020.000,  7.962692301154E+06,  7.925190170107E+06,  7.888647228541E+06,  7.852446278877E+06,  1.027445277108E+02,  4.800580817010E+06,  1.066746690981E-11,  2.373781171627E-10
   20,2, 20,   15.000, 0.65,    1035.000,  7.962665737593E+06,  7.925280338651E+06,  7.888737161980E+06,  7.852597677967E+06,  1.027943598817E+02,  4.800622470789E+06, -1.153992457148E-10,  1.218722900376E-10
   20,2, 20,   15.000, 0.65,    1050.000,  7.962646815366E+06,  7.925406496149E+06,  7.888831435200E+06,  7.852721787463E+06,  1.028425284787E+02,  4.800664855831E+06,  1.260385573687E-09,  1.382431946695E-09
   20,2, 20,   15.000, 0.65,    1065.000,  7.962639933189E+06,  7.925544670329E+06,  7.888947235917E+06,  7.852843542485E+06,  1.028882241438E+02,  4.800707939291E+06, -1.192328902277E-09,  1.900843926705E-10
   20,2, 20,   15.000, 0.65,    1080.000,  7.962649623061E+06,  7.925670384928E+06,  7.889066615086E+06,  7.852968336384E+06,  1.029298308229E+02,  4.800751668318E+06,  2.765161433160E-10,  4.665707820095E-10
   20,2, 20,   15.000, 0.65,    1095.000,  7.962678819360E+06,  7.925771162738E+06,  7.889174736756E+06,  7.853086738786E+06,  1.029645625653E+02,  4.800795954415E+06,  5.257025925687E-10,  9.922587196343E-10
   20,2, 20,   15.000, 0.65,    1110.000,  7.962727080722E+06,  7.925850458320E+06,  7.889274009862E+06,  7.853197362087E+06,  1.029882875312E+02,  4.800840654172E+06,  1.366045054851E-10,  1.128910298576E-09
   20,2, 20,   15.000, 0.65,    1125.000,  7.962789882556E+06,  7.925920677151E+06,  7.889371847501E+06,  7.853304904867E+06,  1.029958380431E+02,  4.800885552103E+06,  1.314018671650E-09,  2.442902768962E-09
   20,2, 20,   15.000, 0.65,    1140.000,  7.962859765522E+06,  7.925992314285E+06,  7.889469715575E+06,  7.853410550701E+06,  1.029820399172E+02,  4.800930355142E+06, -7.257048295628E-10,  1.717125996947E-09
   20,2, 20,   15.000, 0.65,    1155.000,  7.962929024133E+06,  7.926068276324E+06,  7.889565207661E+06,  7.853512832290E+06,  1.029433917165E+02,  4.800974708920E+06, -5.046465467728E-10,  1.212583811139E-09
   20,2, 20,   15.000, 0.65,    1170.000,  7.962992483415E+06,  7.926145942331E+06,  7.889657473743E+06,  7.853611727160E+06,  1.028798597736E+02,  4.801018240360E+06, -9.876544027065E-12,  1.202806743095E-09
   20,2, 20,   15.000, 0.65,    1185.000,  7.963048724515E+06,  7.926222308158E+06,  7.889747624591E+06,  7.853708283943E+06,  1.027959014785E+02,  4.801060619663E+06,  1.266426963298E-10,  1.329453880317E-09
   20,2, 20,   15.000, 0.65,    1200.000,  7.963099180200E+06,  7.926296703777E+06,  7.889836453401E+06,  7.853802873966E+06,  1.026999250122E+02,  4.801101622415E+06, -1.878140754030E-09, -5.486526788445E-10
   20,2, 20,   15.000, 0.65,    1215.000,  7.963146020120E+06,  7.926369981178E+06,  7.889923827785E+06,  7.853895366797E+06,  1.026020626764E+02,  4.801141167132E+06,  1.438915209206E-09,  8.901679393603E-10
   20,2, 20,   15.000, 0.65,    1230.000,  7.963190439722E+06,  7.926442707102E+06,  7.890009575670E+06,  7.853985890845E+06,  1.025110809934E+02,  4.801179311001E+06,  6.041895872499E-10,  1.494299795013E-09
   20,2, 20,   15.000, 0.65,    1245.000,  7.963232346700E+06,  7.926514568009E+06,  7.890093885196E+06,  7.854074758123E+06,  1.024318613711E+02,  4.801216204824E+06, -1.079079048338E-10,  1.386297299177E-09
   20,2, 20,   15.000, 0.65,    1260.000,  7.963271183099E+06,  7.926584915461E+06,  7.890176973579E+06,  7.854162137490E+06,  1.023646623688E+02,  4.801252027555E+06, -1.089971668478E-09,  2.962678991025E-10
   20,2, 20,   15.000, 0.65,    1275.000,  7.963306864509E+06,  7.926653303856E+06,  7.890258866350E+06,  7.854248091237E+06,  1.023063771558E+02,  4.801286929209E+06,  5.459299678989E-10,  8.421920938417E-10
   20,2, 20,   15.000, 0.65,    1290.000,  7.963340057245E+06,  7.926719512241E+06,  7.890339509360E+06,  7.854332718095E+06,  1.022528792007E+02,  4.801321003262E+06,  3.213949106851E-10,  1.163698470918E-09
   20,2, 20,   15.000, 0.65,    1305.000,  7.963371785862E+06,  7.926783372261E+06,  7.890418871861E+06,  7.854416135256E+06,  1.022010732563E+02,  4.801354291342E+06,  2.785598418598E-10,  1.442231223336E-09
   20,2, 20,   15.000, 0.65,    1320.000,  7.963402879289E+06,  7.926844756195E+06,  7.890496907287E+06,  7.854498412732E+06,  1.021497104093E+02,  4.801386806653E+06, -1.010327821405E-09,  4.320099833421E-10
   20,2, 20,   15.000, 0.65,    1335.000,  7.963433697328E+06,  7.926903688277E+06,  7.890573511471E+06,  7.854579576704E+06,  1.020989647819E+02,  4.801418557539E+06, -1.104393909657E-09, -6.723439582856E-10
   20,2, 20,   15.000, 0.65,    1350.000,  7.963464204151E+06,  7.926960388094E+06,  7.890648552150E+06,  7.854659632314E+06,  1.020494803597E+02,  4.801449559538E+06,  4.841931300348E-10, -1.880380295916E-10
   20,2, 20,   15.000, 0.65,    1365.000,  7.963494194492E+06,  7.927015196182E+06,  7.890721914245E+06,  7.854738556323E+06,  1.020016530493E+02,  4.801479835427E+06, -3.155222749740E-10, -5.036326911068E-10
   20,2, 20,   15.000, 0.65,    1380.000,  7.963523479048E+06,  7.927068463732E+06,  7.890793520005E+06,  7.854816283844E+06,  1.019554609737E+02,  4.801509409850E+06,  1.562153739698E-09,  1.058424459188E-09
   20,2, 20,   15.000, 0.65,    1395.000,  7.963551964061E+06,  7.927120475528E+06,  7.890863338419E+06,  7.854892713404E+06,  1.019106708048E+02,  4.801538305060E+06,  3.168991735691E-10,  1.375383362756E-09
   20,2, 20,   15.000, 0.65,    1410.000,  7.963579651405E+06,  7.927171415124E+06,  7.890931394751E+06,  7.854967721707E+06,  1.018670810372E+02,  4.801566540122E+06, -9.363083641745E-10,  4.390585672809E-10
   20,2, 20,   15.000, 0.65,    1425.000,  7.963606601568E+06,  7.927221362745E+06,  7.890997768303E+06,  7.855041178349E+06,  1.018246074599E+02,  4.801594132220E+06,  1.268284588463E-09,  1.707348928903E-09
   20,2, 20,   15.000, 0.65,    1440.000,  7.963632889105E+06,  7.927270322037E+06,  7.891062571466E+06,  7.855112963031E+06,  1.017832327243E+02,  4.801621097928E+06, -1.241345914949E-09,  4.661160346586E-10
   20,2, 20,   15.000, 0.65,    1455.000,  7.963658570886E+06,  7.927318264970E+06,  7.891125919661E+06,  7.855182985783E+06,  1.017429345022E+02,  4.801647453512E+06,  9.113825250040E-10,  1.377429725835E-09
   20,2, 20,   15.000, 0.65,    1470.000,  7.963683677920E+06,  7.927365172417E+06,  7.891187905397E+06,  7.855251203315E+06,  1.017036622329E+02,  4.801673214624E+06,  1.362967960716E-09,  2.740307536442E-09
   20,2, 20,   15.000, 0.65,    1485.000,  7.963708226164E+06,  7.927411052251E+06,  7.891248583852E+06,  7.855317625257E+06,  1.016653543301E+02,  4.801698396056E+06, -2.720548009094E-09,  1.978150976356E-11
   20,2, 20,   15.000, 0.65,    1500.000,  7.963732230912E+06,  7.927455934349E+06,  7.891307972316E+06,  7.855382309024E+06,  1.016279578720E+02,  4.801723011755E+06,  8.840372878183E-10,  9.038103598868E-10
   20,2, 20,   15.000, 0.65,    1515.000,  7.963755712663E+06,  7.927499854973E+06,  7.891366061994E+06,  7.855445345318E+06,  1.015914317665E+02,  4.801747074994E+06, -8.209832813577E-11,  8.217284630518E-10
   20,2, 20,   15.000, 0.65,    1530.000,  7.963778694075E+06,  7.927542843509E+06,  7.891422836284E+06,  7.855506838215E+06,  1.015557398864E+02,  4.801770598475E+06, -6.028870735975E-10,  2.188471626141E-10
   20,2, 20,   15.000, 0.65,    1545.000,  7.963801194844E+06,  7.927584917506E+06,  7.891478287419E+06,  7.855566885520E+06,  1.015208462831E+02,  4.801793594360E+06,  7.419735936764E-10,  9.607674655854E-10
   20,2, 20,   15.000, 0.65,    1560.000,  7.963823229680E+06,  7.927626085096E+06,  7.891532425523E+06,  7.855625565093E+06,  1.014867158662E+02,  4.801816074283E+06, -5.084728194049E-10,  4.522462404566E-10
   20,2, 20,   15.000, 0.65,    1575.000,  7.963844809288E+06,  7.927666350557E+06,  7.891585278813E+06,  7.855682930184E+06,  1.014533168563E+02,  4.801838049381E+06, -4.489351113079E-10,  3.296918293927E-12
   20,2, 20,   15.000, 0.65,    1590.000,  7.963865941832E+06,  7.927705719093E+06,  7.891636887616E+06,  7.855739013105E+06,  1.014206217534E+02,  4.801859530356E+06,  1.580144015634E-09,  1.583430275787E-09
   20,2, 20,   15.000, 0.65,    1605.000,  7.963886633462E+06,  7.927744199154E+06,  7.891687296377E+06,  7.855793833790E+06,  1.013886069319E+02,  4.801880527538E+06, -6.998290835725E-10,  8.835741027724E-10
   20,2, 20,   15.000, 0.65,    1620.000,  7.963906888298E+06,  7.927781802780E+06,  7.891736547197E+06,  7.855847408896E+06,  1.013572522888E+02,  4.801901050934E+06,  1.844568942033E-10,  1.067974153557E-09
   20,2, 20,   15.000, 0.65,    1635.000,  7.963926708688E+06,  7.927818545197E+06,  7.891784676531E+06,  7.855899758056E+06,  1.013265414297E+02,  4.801921110288E+06, -1.014819783762E-09,  5.320544005372E-11
   20,2, 20,   15.000, 0.65,    1650.000,  7.963946096009E+06,  7.927854444325E+06,  7.891831714865E+06,  7.855950906025E+06,  1.012964618988E+02,  4.801940715134E+06,  1.033831908970E-09,  1.087073542294E-09
   20,2, 20,   15.000, 0.65,    1665.000,  7.963965051669E+06,  7.927889520143E+06,  7.891877688111E+06,  7.856000881503E+06,  1.012670049754E+02,  4.801959874857E+06,  6.689824250117E-10,  1.756006895448E-09
   20,2, 20,   15.000, 0.65,    1680.000,  7.963983578001E+06,  7.927923793718E+06,  7.891922619458E+06,  7.856049714544E+06,  1.012381650197E+02,  4.801978598742E+06, -1.113663383734E-09,  6.423306331271E-10
   20,2, 20,   15.000, 0.65,    1695.000,  7.964001678851E+06,  7.927957286008E+06,  7.891966530901E+06,  7.856097434326E+06,  1.012099385532E+02,  4.801996896009E+06, -1.230056057011E-10,  5.193214747123E-10
   20,2, 20,   15.000, 0.65,    1710.000,  7.964019359869E+06,  7.927990016816E+06,  7.892009444177E+06,  7.856144068132E+06,  1.011823231877E+02,  4.802014775838E+06,  1.716330189083E-09,  2.235651663796E-09
   20,2, 20,   15.000, 0.65,    1725.000,  7.964036628499E+06,  7.928022004248E+06,  7.892051381137E+06,  7.856189641451E+06,  1.011553164703E+02,  4.802032247370E+06, -1.423484885521E-09,  8.121787686832E-10
   20,2, 20,   15.000, 0.65,    1740.000,  7.964053493704E+06,  7.928053264742E+06,  7.892092363724E+06,  7.856234178582E+06,  1.011289147713E+02,  4.802049319701E+06, -8.055309752564E-10,  6.593836587854E-12
   20,2, 20,   15.000, 0.65,    1755.000,  7.964069965481E+06,  7.928083813508E+06,  7.892132413714E+06,  7.856277703158E+06,  1.011031124073E+02,  4.802066001849E+06,  9.542262535689E-10,  9.607674655854E-10
   20,2, 20,   15.000, 0.65,    1770.000,  7.964086054305E+06,  7.928113665106E+06,  7.892171552428E+06,  7.856320238363E+06,  1.010779011660E+02,  4.802082302726E+06, -4.824869392905E-10,  4.782805262948E-10
   20,2, 20,   15.000, 0.65,    1785.000,  7.964101770630E+06,  7.928142833928E+06,  7.892209800534E+06,  7.856361806875E+06,  1.010532702988E+02,  4.802098231092E+06, -5.745328657270E-10, -9.629275155021E-11
   20,2, 20,   15.000, 0.65,    1800.000,  7.964117124521E+06,  7.928171334478E+06,  7.892247178005E+06,  7.856402430747E+06,  1.010292069421E+02,  4.802113795529E+06,  1.960309248261E-09,  1.864009391284E-09
   21,2, 20,   15.000, 1.00,       0.000,  7.964770372286E+06,  7.929384223663E+06,  7.893839449198E+06,  7.858133896350E+06,  1.000000000000E+02,  4.802776587486E+06,  0.000000000000E+00,  0.000000000000E+00
   21,2, 20,   15.000, 1.00,      15.000,  7.964770372286E+06,  7.929384223663E+06,  7.893839449198E+06,  7.858133896350E+06,  1.000000000000E+02,  4.802776587486E+06,  0.000000000000E+00,  0.000000000000E+00
   21,2, 20,   15.000, 1.00,      30.000,  7.964770372286E+06,  7.929384223663E+06,  7.893839449198E+06,  7.858133896350E+06,  1.000000000000E+02,  4.802776587486E+06,  0.000000000000E+00,  0.000000000000E+00
   21,2, 20,   15.000, 1.00,      45.000,  7.964770372286E+06,  7.929384223663E+06,  7.893839449198E+06,  7.858133896350E+06,  1.000000000000E+02,  4.802776587486E+06,  0.000000000000E+00,  0.000000000000E+00
   21,2, 20,   15.000, 1.00,      60.000,  7.964770372286E+06,  7.929384223663E+06,  7.893839449198E+06,  7.858133896350E+06,  1.000000000000E+02,  4.802776587486E+06,  0.000000000000E+00,  0.000000000000E+00
   21,2, 20,   15.000, 1.00,      75.000,  7.964770372286E+06,  7.929384223663E+06,  7.893839449198E+06,  7.858133896350E+06,  1.000000000000E+02,  4.802776587486E+06,  0.000000000000E+00,  0.000000000000E+00
   21,2, 20,   15.000, 1.00,      90.000,  7.964770372286E+06,  7.929384223663E+06,  7.893839449198E+06,  7.858133896350E+06,  1.000000000000E+02,  4.802776587486E+06,  0.000000000000E+00,  0.000000000000E+00
   21,2, 20,   15.000, 1.00,     105.000,  7.964770372286E+06,  7.929384223663E+06,  7.893839449198E+06,  7.858133896350E+06,  1.000000000000E+02,  4.802776587486E+06,  0.000000000000E+00,  0.000000000000E+00
   21,2, 20,   15.000, 1.00,     120.000,  7.964770372286E+06,  7.929384223663E+06,  7.893839449198E+06,  7.858133896350E+06,  1.000000000000E+02,  4.802776587486E+06,  0.000000000000E+00,  0.000000000000E+00
   21,2, 20,   15.000, 1.00,     135.000,  7.964770372286E+06,  7.929384223663E+06,  7.893839449198E+06,  7.858133896350E+06,  1.000000000000E+02,  4.802776587486E+06,  0.000000000000E+00,  0.000000000000E+00
   21,2, 20,   15.000, 1.00,     150.000,  7.964770372286E+06,  7.929384223663E+06,  7.893839449198E+06,  7.858133896350E+06,  1.000000000000E+02,  4.802776587486E+06,  0.000000000000E+00,  0.000000000000E+00
   21,2, 20,   15.000, 1.00,     165.000,  7.964770372286E+06,  7.929384223663E+06,  7.893839449198E+06,  7.858133896350E+06,  1.000000000000E+02,  4.802776587486E+06,  0.000000000000E+00,  0.000000000000E+00
   21,2, 20,   15.000, 1.00,     180.000,  7.964770372286E+06,  7.929384223663E+06,  7.893839449198E+06,  7.858133896350E+06,  1.000000000000E+02,  4.802776587486E+06,  0.000000000000E+00,  0.000000000000E+00
   21,2, 20,   15.000, 1.00,     195.000,  7.964770372286E+06,  7.929384223663E+06,  7.893839449198E+06,  7.858133896350E+06,  1.000000000000E+02,  4.802776587486E+06,  0.000000000000E+00,  0.000000000000E+00
   21,2, 20,   15.000, 1.00,     210.000,  7.964770372286E+06,  7.929384223663E+06,  7.893839449198E+06,  7.858133896350E+06,  1.000000000000E+02,  4.802776587486E+06,  0.000000000000E+00,  0.000000000000E+00
   21,2, 20,   15.000, 1.00,     225.000,  7.964770372286E+06,  7.929384223663E+06,  7.893839449198E+06,  7.858133896350E+06,  1.000000000000E+02,  4.802776587486E+06,  0.000000000000E+00,  0.000000000000E+00
   21,2, 20,   15.000, 1.00,     240.000,  7.964770372286E+06,  7.929384223663E+06,  7.893839449198E+06,  7.858133896350E+06,  1.000000000000E+02,  4.802776587486E+06,  0.000000000000E+00,  0.000000000000E+00
   21,2, 20,   15.000, 1.00,     255.000,  7.964770372286E+06,  7.929384223663E+06,  7.893839449198E+06,  7.858133896350E+06,  1.000000000000E+02,  4.802776587486E+06,  0.000000000000E+00,  0.000000000000E+00
   21,2, 20,   15.000, 1.00,     270.000,  7.964770372286E+06,  7.929384223663E+06,  7.893839449198E+06,  7.858133896350E+06,  1.000000000000E+02,  4.802776587486E+06,  0.000000000000E+00,  0.000000000000E+00
   21,2, 20,   15.000, 1.00,     285.000,  7.964770372286E+06,  7.929384223663E+06,  7.893839449198E+06,  7.858133896350E+06,  1.000000000000E+02,  4.802776587486E+06,  0.000000000000E+00,  0.000000000000E+00
   21,2, 20,   15.000, 1.00,     300.000,  7.964770371781E+06,  7.929384139861E+06,  7.893825492474E+06,  7.855796362255E+06,  1.000000000131E+02,  4.802701587486E+06,  1.405410898769E-09,  1.405410898769E-09
   21,2, 20,   15.000, 1.00,     315.000,  7.964770365381E+06,  7.929383422311E+06,  7.893763544498E+06,  7.855043960847E+06,  1.000000002286E+02,  4.802626587490E+06, -5.905747002544E-10,  8.148504093697E-10
   21,2, 20,   15.000, 1.00,     330.000,  7.964770324091E+06,  7.929380272265E+06,  7.893619110988E+06,  7.854768938107E+06,  1.000000020294E+02,  4.802551587520E+06,  1.742421318340E-09,  2.557271727710E-09
   21,2, 20,   15.000, 1.00,     345.000,  7.964770143618E+06,  7.929370830163E+06,  7.893383769703E+06,  7.854531132011E+06,  1.000000121803E+02,  4.802476587703E+06, -1.633821966607E-09,  9.234781828127E-10
   21,2, 20,   15.000, 1.00,     360.000,  7.964769542663E+06,  7.929349106429E+06,  7.893081841476E+06,  7.854265575615E+06,  1.000000556060E+02,  4.802401588537E+06, -5.309033213052E-10,  3.925606506527E-10
   21,2, 20,   15.000, 1.00,     375.000,  7.964767917168E+06,  7.929308193971E+06,  7.892754465383E+06,  7.853996705816E+06,  1.000002059292E+02,  4.802326591626E+06,  1.359737211715E-09,  1.752312073222E-09
   21,2, 20,   15.000, 1.00,     390.000,  7.964764197838E+06,  7.929242462579E+06,  7.892438038786E+06,  7.853740198983E+06,  1.000006443763E+02,  4.802251601292E+06, -1.718660769257E-10,  1.580474418006E-09
   21,2, 20,   15.000, 1.00,     405.000,  7.964756793538E+06,  7.929149670596E+06,  7.892152260774E+06,  7.853497435444E+06,  1.000017523349E+02,  4.802176627577E+06, -1.520888304185E-09,  5.957190296613E-11
   21,2, 20,   15.000, 1.00,     420.000,  7.964743699847E+06,  7.929031887697E+06,  7.891900540148E+06,  7.853265831116E+06,  1.000042280176E+02,  4.802101690997E+06,  5.722142759623E-10,  6.317577572190E-10
   21,2, 20,   15.000, 1.00,     435.000,  7.964722796674E+06,  7.928894815657E+06,  7.891676919593E+06,  7.853043444334E+06,  1.000091961884E+02,  4.802026828940E+06, -1.519566694697E-10,  4.797584551852E-10
   21,2, 20,   15.000, 1.00,     450.000,  7.964692273245E+06,  7.928745964139E+06,  7.891473012544E+06,  7.852829245915E+06,  1.000182615465E+02,  4.801952102863E+06,  1.302495888922E-09,  1.782268554962E-09
   21,2, 20,   15.000, 1.00,     465.000,  7.964651049849E+06,  7.928592603608E+06,  7.891281919263E+06,  7.852622545024E+06,  1.000334540950E+02,  4.801877604674E+06, -4.968967459718E-10,  1.285343387281E-09
   21,2, 20,   15.000, 1.00,     480.000,  7.964599053894E+06,  7.928440300230E+06,  7.891099259210E+06,  7.852422719687E+06,  1.000570369405E+02,  4.801803460229E+06, -1.096211121876E-09,  1.891748979688E-10
   21,2, 20,   15.000, 1.00,     495.000,  7.964537260723E+06,  7.928292367490E+06,  7.890922686483E+06,  7.852229188354E+06,  1.000911901337E+02,  4.801729828081E+06,  2.318074621144E-09,  2.507249519113E-09
   21,2, 20,   15.000, 1.00,     510.000,  7.964467498143E+06,  7.928150102401E+06,  7.890751056826E+06,  7.852041429673E+06,  1.001376325840E+02,  4.801656892569E+06, -8.701306342118E-11,  2.420165401418E-09
   21,2, 20,   15.000, 1.00,     525.000,  7.964392093379E+06,  7.928013434711E+06,  7.890583793959E+06,  7.851858986103E+06,  1.001972764346E+02,  4.801584851716E+06, -1.024972107189E-09,  1.395164872520E-09
   21,2, 20,   15.000, 1.00,     540.000,  7.964313478483E+06,  7.927881624361E+06,  7.890420546822E+06,  7.851681455532E+06,  1.002700086937E+02,  4.801513901846E+06, -1.601463850420E-09, -2.062279236270E-10
   21,2, 20,   15.000, 1.00,     555.000,  7.964233858480E+06,  7.927753786989E+06,  7.890261047569E+06,  7.851508482014E+06,  1.003546613987E+02,  4.801444221767E+06,  1.605172883501E-09,  1.399030225002E-09
   21,2, 20,   15.000, 1.00,     570.000,  7.964155002161E+06,  7.927629186263E+06,  7.890105067210E+06,  7.851339749050E+06,  1.004491771027E+02,  4.801375959424E+06,  2.640234697537E-10,  1.663011062192E-09
   21,2, 20,   15.000, 1.00,     585.000,  7.964078164559E+06,  7.927507334519E+06,  7.889952406361E+06,  7.851174974885E+06,  1.005509222258E+02,  4.801309223257E+06, -5.928910695729E-10,  1.070020516636E-09
   21,2, 20,   15.000, 1.00,     600.000,  7.964004113133E+06,  7.927387978477E+06,  7.889802894537E+06,  7.851013908997E+06,  1.006570660942E+02,  4.801244079249E+06,  9.904965736496E-12,  1.080024958355E-09
   21,2, 20,   15.000, 1.00,     615.000,  7.963933214502E+06,  7.927271037403E+06,  7.889656390075E+06,  7.850856329440E+06,  1.007649376767E+02,  4.801180553314E+06,  2.507221097403E-10,  1.330818122369E-09
   21,2, 20,   15.000, 1.00,     630.000,  7.963865541842E+06,  7.927156535355E+06,  7.889512779322E+06,  7.850702040955E+06,  1.008722923173E+02,  4.801118637698E+06, -7.486846698157E-10,  5.820766091347E-10
   21,2, 20,   15.000, 1.00,     645.000,  7.963800975987E+06,  7.927044545708E+06,  7.889371975057E+06,  7.850550873715E+06,  1.009774556369E+02,  4.801058299533E+06,  6.726281753799E-10,  1.254647941096E-09
   21,2, 20,   15.000, 1.00,     660.000,  7.963739287336E+06,  7.926935151906E+06,  7.889233914096E+06,  7.850402682546E+06,  1.010793473327E+02,  4.800999489743E+06, -7.900524678917E-10,  4.645244189305E-10
   21,2, 20,   15.000, 1.00,     675.000,  7.963680195954E+06,  7.926828422306E+06,  7.889098553999E+06,  7.850257346354E+06,  1.011774132378E+02,  4.800942150942E+06,  1.939497451531E-09,  2.404021870461E-09
   21,2, 20,   15.000, 1.00,     690.000,  7.963623412570E+06,  7.926724395820E+06,  7.888965868885E+06,  7.850114767498E+06,  1.012715052464E+02,  4.800886223520E+06, -7.747473773634E-10,  1.629359758226E-09
   21,2, 20,   15.000, 1.00,     705.000,  7.963568664651E+06,  7.926623075630E+06,  7.888835844590E+06,  7.849974870839E+06,  1.013617468927E+02,  4.800831649724E+06, -6.566835963895E-10,  9.727045835461E-10
   21,2, 20,   15.000, 1.00,     720.000,  7.963515711381E+06,  7.926524428980E+06,  7.888708473546E+06,  7.849837602229E+06,  1.014484122987E+02,  4.800778375908E+06, -5.340865527614E-10,  4.386038199300E-10
   21,2, 20,   15.000, 1.00,     735.000,  7.963464350425E+06,  7.926428391404E+06,  7.888583749864E+06,  7.849702926287E+06,  1.015318334131E+02,  4.800726353409E+06,  8.388099104195E-10,  1.277385308640E-09
   21,2, 20,   15.000, 1.00,     750.000,  7.963414418717E+06,  7.926334873845E+06,  7.888461665102E+06,  7.849570823433E+06,  1.016123391985E+02,  4.800675538497E+06,  1.438564822820E-10,  1.421085471520E-09
   21,2, 20,   15.000, 1.00,     765.000,  7.963365789183E+06,  7.926243771131E+06,  7.888342205083E+06,  7.849441286260E+06,  1.016902228811E+02,  4.800625891840E+06, -4.906439698971E-10,  9.304130799137E-10
   21,2, 20,   15.000, 1.00,     780.000,  7.963318365059E+06,  7.926154970453E+06,  7.888225347985E+06,  7.849314315460E+06,  1.017657298340E+02,  4.800577377788E+06,  1.652182390899E-09,  2.582510205684E-09
   21,2, 20,   15.000, 1.00,     795.000,  7.963272073289E+06,  7.926068358762E+06,  7.888111063699E+06,  7.849189915607E+06,  1.018390582418E+02,  4.800529963662E+06, -1.572743713041E-09,  1.009539118968E-09
   21,2, 20,   15.000, 1.00,     810.000,  7.963226858115E+06,  7.925983828448E+06,  7.887999314297E+06,  7.849068091126E+06,  1.019103660844E+02,  4.800483619153E+06, -1.096537971534E-09, -8.685674401931E-11
   21,2, 20,   15.000, 1.00,     825.000,  7.963182675610E+06,  7.925901281051E+06,  7.887890055312E+06,  7.848948842798E+06,  1.019797800217E+02,  4.800438315853E+06,  1.321765807916E-09,  1.235093805008E-09
   21,2, 20,   15.000, 1.00,     840.000,  7.963139489470E+06,  7.925820629118E+06,  7.887783237465E+06,  7.848832165041E+06,  1.020474036797E+02,  4.800394026908E+06, -7.828475645510E-10,  4.520188667811E-10
   21,2, 20,   15.000, 1.00,     855.000,  7.963097268104E+06,  7.925741796539E+06,  7.887678808496E+06,  7.848718044139E+06,  1.021133242743E+02,  4.800350726773E+06, -8.526512829121E-12,  4.433786671143E-10
   21,2, 20,   15.000, 1.00,     870.000,  7.963055982825E+06,  7.925664717821E+06,  7.887576714834E+06,  7.848606457450E+06,  1.021776173962E+02,  4.800308391033E+06,  2.756195272013E-10,  7.189555617515E-10
   21,2, 20,   15.000, 1.00,     885.000,  7.963015606873E+06,  7.925589336717E+06,  7.887476902904E+06,  7.848497373520E+06,  1.022403502169E+02,  4.800266996287E+06,  1.234923274751E-10,  8.426468411926E-10
   21,2, 20,   15.000, 1.00,     900.000,  7.962976115459E+06,  7.925515685143E+06,  7.887393018478E+06,  7.850733993474E+06,  1.023015835059E+02,  4.800301520039E+06,  6.697007393086E-10,  1.512489689048E-09
   21,2, 20,   15.000, 1.00,     915.000,  7.962937489780E+06,  7.925444249904E+06,  7.887358593045E+06,  7.851385311812E+06,  1.023613727143E+02,  4.800336940630E+06, -3.518465518937E-10,  1.160515239462E-09
   21,2, 20,   15.000, 1.00,     930.000,  7.962899734768E+06,  7.925376729274E+06,  7.887408048227E+06,  7.851559545462E+06,  1.024197677735E+02,  4.800373237147E+06,  1.060016074916E-09,  2.220531314379E-09
   21,2, 20,   15.000, 1.00,     945.000,  7.962862928225E+06,  7.925316829993E+06,  7.887550478178E+06,  7.851698923618E+06,  1.024768096581E+02,  4.800410389292E+06,  9.379164112033E-11,  2.314209268661E-09
   21,2, 20,   15.000, 1.00,     960.000,  7.962827317821E+06,  7.925270364172E+06,  7.887762437222E+06,  7.851868610991E+06,  1.025325188016E+02,  4.800448377074E+06, -1.596333731868E-09,  7.180460670497E-10
   21,2, 20,   15.000, 1.00,     975.000,  7.962793461102E+06,  7.925244112685E+06,  7.888003127491E+06,  7.852043767627E+06,  1.025868668572E+02,  4.800487180076E+06, -7.032951998553E-10,  1.455191522837E-11
   21,2, 20,   15.000, 1.00,     990.000,  7.962762364590E+06,  7.925243712324E+06,  7.888235816861E+06,  7.852208532704E+06,  1.026397218399E+02,  4.800526775904E+06,  1.228514179274E-09,  1.243279257324E-09
   21,2, 20,   15.000, 1.00,    1005.000,  7.962735543992E+06,  7.925271568160E+06,  7.888440188927E+06,  7.852361518926E+06,  1.026907614472E+02,  4.800567137326E+06,  1.190386456074E-09,  2.433807821944E-09
   21,2, 20,   15.000, 1.00,    1020.000,  7.962714928905E+06,  7.925325869652E+06,  7.888612340114E+06,  7.852505314168E+06,  1.027393629808E+02,  4.800608227770E+06, -1.797289428396E-09,  6.366462912410E-10
   21,2, 20,   15.000, 1.00,    1035.000,  7.962702585740E+06,  7.925401158614E+06,  7.888757989195E+06,  7.852641829698E+06,  1.027844982574E+02,  4.800649995244E+06,  1.383625658491E-09,  2.020442479989E-09
   21,2, 20,   15.000, 1.00,    1050.000,  7.962700312812E+06,  7.925490059670E+06,  7.888885469054E+06,  7.852772048613E+06,  1.028246793107E+02,  4.800692365434E+06, -1.538467131468E-10,  1.866737875389E-09
   21,2, 20,   15.000, 1.00,    1065.000,  7.962709228686E+06,  7.925585297460E+06,  7.889001696527E+06,  7.852896616662E+06,  1.028580035616E+02,  4.800735235487E+06, -8.811866791802E-10,  9.854375093710E-10
   21,2, 20,   15.000, 1.00,    1080.000,  7.962729490361E+06,  7.925681194173E+06,  7.889111069889E+06,  7.853016114952E+06,  1.028823276137E+02,  4.800778470402E+06, -6.394316187652E-10,  3.460627340246E-10
   21,2, 20,   15.000, 1.00,    1095.000,  7.962760232332E+06,  7.925774278275E+06,  7.889215932346E+06,  7.853131086516E+06,  1.028955595211E+02,  4.800821903794E+06,  1.269114591196E-09,  1.615262590349E-09
   21,2, 20,   15.000, 1.00,    1110.000,  7.962799735459E+06,  7.925863100966E+06,  7.889317408640E+06,  7.853242015166E+06,  1.028960143414E+02,  4.800865344009E+06, -1.153168227574E-09,  4.620233085006E-10
   21,2, 20,   15.000, 1.00,    1125.000,  7.962845756803E+06,  7.925947614855E+06,  7.889416047310E+06,  7.853349321594E+06,  1.028827464569E+02,  4.800908585206E+06,  1.157644646810E-09,  1.619582690182E-09
   21,2, 20,   15.000, 1.00,    1140.000,  7.962895911163E+06,  7.926028481174E+06,  7.889512169264E+06,  7.853453371834E+06,  1.028557694646E+02,  4.800951421748E+06, -1.244913505616E-09,  3.747118171304E-10
   21,2, 20,   15.000, 1.00,    1155.000,  7.962948001429E+06,  7.926106535923E+06,  7.889606012308E+06,  7.853554486562E+06,  1.028161031149E+02,  4.800993663295E+06,  8.339497981069E-10,  1.208718458656E-09
   21,2, 20,   15.000, 1.00,    1170.000,  7.963000234728E+06,  7.926182485906E+06,  7.889697776204E+06,  7.853652947789E+06,  1.027656359265E+02,  4.801035147834E+06,  7.870681884015E-10,  1.995886123041E-09
   21,2, 20,   15.000, 1.00,    1185.000,  7.963051310514E+06,  7.926256798578E+06,  7.889787632034E+06,  7.853749003540E+06,  1.027068428900E+02,  4.801075750477E+06, -6.537845820276E-10,  1.342186806141E-09
   21,2, 20,   15.000, 1.00,    1200.000,  7.963100404550E+06,  7.926329710321E+06,  7.889875722890E+06,  7.853842871366E+06,  1.026424321293E+02,  4.801115386959E+06,  7.139533408917E-10,  2.056140147033E-09
   21,2, 20,   15.000, 1.00,    1215.000,  7.963147089902E+06,  7.926401285095E+06,  7.889962163925E+06,  7.853934741020E+06,  1.025750029117E+02,  4.801154012003E+06, -5.098428346173E-10,  1.546368366689E-09
   21,2, 20,   15.000, 1.00,    1230.000,  7.963191234509E+06,  7.926471480675E+06,  7.890047043110E+06,  7.854024776378E+06,  1.025067812515E+02,  4.801191613722E+06, -8.131451068039E-10,  7.332801033044E-10
   21,2, 20,   15.000, 1.00,    1245.000,  7.963232902957E+06,  7.926540203386E+06,  7.890130422686E+06,  7.854113116707E+06,  1.024394682184E+02,  4.801228205745E+06,  1.326412757408E-09,  2.059778125840E-09
   21,2, 20,   15.000, 1.00,    1260.000,  7.963272276127E+06,  7.926607347054E+06,  7.890212341362E+06,  7.854199877456E+06,  1.023742025998E+02,  4.801263818784E+06, -1.926991899381E-10,  1.867192622740E-09
   21,2, 20,   15.000, 1.00,    1275.000,  7.963309591870E+06,  7.926672818148E+06,  7.890292817358E+06,  7.854285150801E+06,  1.023116141133E+02,  4.801298492996E+06, -1.032489649333E-09,  8.346887625521E-10
   21,2, 20,   15.000, 1.00,    1290.000,  7.963345104268E+06,  7.926736550450E+06,  7.890371852318E+06,  7.854369006216E+06,  1.022519309375E+02,  4.801332271960E+06,  3.014974936377E-10,  1.136186256190E-09
   21,2, 20,   15.000, 1.00,    1305.000,  7.963379057321E+06,  7.926798511939E+06,  7.890449435896E+06,  7.854451491332E+06,  1.021951054365E+02,  4.801365198541E+06, -6.323972456812E-10,  5.038600647822E-10
   21,2, 20,   15.000, 1.00,    1320.000,  7.963411669330E+06,  7.926858705792E+06,  7.890525550670E+06,  7.854532633319E+06,  1.021409305181E+02,  4.801397312499E+06,  8.553513453080E-10,  1.359239831800E-09
   21,2, 20,   15.000, 1.00,    1335.000,  7.963443125162E+06,  7.926917167027E+06,  7.890600176954E+06,  7.854612440949E+06,  1.020891309135E+02,  4.801428649463E+06, -1.203815713779E-09,  1.555235940032E-10
   21,2, 20,   15.000, 1.00,    1350.000,  7.963473574324E+06,  7.926973956177E+06,  7.890673297020E+06,  7.854690907406E+06,  1.020394245813E+02,  4.801459240831E+06,  8.031832976485E-10,  9.586074156687E-10
   21,2, 20,   15.000, 1.00,    1365.000,  7.963503133112E+06,  7.927029151427E+06,  7.890744898383E+06,  7.854768013753E+06,  1.019915570655E+02,  4.801489114187E+06,  7.925820000310E-10,  1.751232048264E-09
   21,2, 20,   15.000, 1.00,    1380.000,  7.963531889304E+06,  7.927082840515E+06,  7.890814975898E+06,  7.854843732888E+06,  1.019453154717E+02,  4.801518293920E+06,  1.828937001846E-11,  1.769421942299E-09
   21,2, 20,   15.000, 1.00,    1395.000,  7.963559907995E+06,  7.927135113453E+06,  7.890883532642E+06,  7.854918033691E+06,  1.019005294755E+02,  4.801546801862E+06,  5.004352487958E-10,  2.269871401950E-09
   21,2, 20,   15.000, 1.00,    1410.000,  7.963587237474E+06,  7.927186056769E+06,  7.890950579704E+06,  7.854990885036E+06,  1.018570656495E+02,  4.801574657846E+06, -1.847553221523E-09,  4.222329152981E-10
   21,2, 20,   15.000, 1.00,    1425.000,  7.963613914380E+06,  7.927235749567E+06,  7.891016135143E+06,  7.855062259342E+06,  1.018148195132E+02,  4.801601880139E+06, -2.627587036841E-10,  1.593889464857E-10
   21,2, 20,   15.000, 1.00,    1440.000,  7.963639967742E+06,  7.927284261371E+06,  7.891080222459E+06,  7.855132135393E+06,  1.017737078737E+02,  4.801628485757E+06,  1.345185296486E-09,  1.504531610408E-09
   21,2, 20,   15.000, 1.00,    1455.000,  7.963665421842E+06,  7.927331651471E+06,  7.891142868888E+06,  7.855200500250E+06,  1.017336626057E+02,  4.801654490696E+06, -1.867036303338E-09, -3.624336386565E-10
   21,2, 20,   15.000, 1.00,    1470.000,  7.963690298028E+06,  7.927377969374E+06,  7.891204103815E+06,  7.855267350210E+06,  1.016946261274E+02,  4.801679910088E+06,  1.751374156811E-09,  1.389025783283E-09
   21,2, 20,   15.000, 1.00,    1485.000,  7.963714615716E+06,  7.927423255940E+06,  7.891263957482E+06,  7.855332690851E+06,  1.016565483674E+02,  4.801704758314E+06, -8.772644832789E-10,  5.118181434227E-10
   21,2, 20,   15.000, 1.00,    1500.000,  7.963738392862E+06,  7.927467544845E+06,  7.891322460076E+06,  7.855396536328E+06,  1.016193848588E+02,  4.801729049087E+06, -5.382361223383E-10, -2.637534635141E-11
   21,2, 20,   15.000, 1.00,    1515.000,  7.963761646108E+06,  7.927510864101E+06,  7.891379641208E+06,  7.855458908128E+06,  1.015830955976E+02,  4.801752795521E+06,  6.801172958149E-10,  6.536993168993E-10
   21,2, 20,   15.000, 1.00,    1530.000,  7.963784390793E+06,  7.927553237450E+06,  7.891435529699E+06,  7.855519833509E+06,  1.015476443774E+02,  4.801776010186E+06, -1.578115416123E-10,  4.959019861417E-10
   21,2, 20,   15.000, 1.00,    1545.000,  7.963806640934E+06,  7.927594685567E+06,  7.891490153592E+06,  7.855579343857E+06,  1.015129983931E+02,  4.801798705162E+06,  4.624354232874E-10,  9.583800419932E-10
   21,2, 20,   15.000, 1.00,    1560.000,  7.963828409224E+06,  7.927635227014E+06,  7.891543540285E+06,  7.855637473121E+06,  1.014791279829E+02,  4.801820892082E+06,  1.522693082734E-10,  1.110606717702E-09
   21,2, 20,   15.000, 1.00,    1575.000,  7.963849707095E+06,  7.927674878979E+06,  7.891595716695E+06,  7.855694256473E+06,  1.014460064258E+02,  4.801842582178E+06,  1.931525162036E-09,  3.042146090593E-09
   21,2, 20,   15.000, 1.00,    1590.000,  7.963870544829E+06,  7.927713657822E+06,  7.891646709399E+06,  7.855749729240E+06,  1.014136097505E+02,  4.801863786324E+06, -1.716216502246E-09,  1.325929588347E-09
   21,2, 20,   15.000, 1.00,    1605.000,  7.963890931708E+06,  7.927751579456E+06,  7.891696544712E+06,  7.855803926144E+06,  1.013819165313E+02,  4.801884515072E+06, -2.785327524180E-12,  1.323087417404E-09
   21,2, 20,   15.000, 1.00,    1620.000,  7.963910876198E+06,  7.927788659603E+06,  7.891745248712E+06,  7.855856880809E+06,  1.013509076600E+02,  4.801904778687E+06, -9.867733297142E-10,  3.362856659805E-10
   21,2, 20,   15.000, 1.00,    1635.000,  7.963930386143E+06,  7.927824913950E+06,  7.891792847199E+06,  7.855908625509E+06,  1.013205660931E+02,  4.801924587179E+06,  4.989288981960E-10,  8.352571967407E-10
   21,2, 20,   15.000, 1.00,    1650.000,  7.963949468946E+06,  7.927860358232E+06,  7.891839365633E+06,  7.855959191082E+06,  1.012908765789E+02,  4.801943950327E+06,  5.918394663240E-10,  1.427110873919E-09
   21,2, 20,   15.000, 1.00,    1665.000,  7.963968131745E+06,  7.927895008262E+06,  7.891884829044E+06,  7.856008606958E+06,  1.012618253710E+02,  4.801962877708E+06,  3.113171942459E-10,  1.738385435601E-09
   21,2, 20,   15.000, 1.00,    1680.000,  7.963986381552E+06,  7.927928879913E+06,  7.891929261958E+06,  7.856056901265E+06,  1.012333999405E+02,  4.801981378707E+06, -1.167322238871E-09,  5.710489858757E-10
   21,2, 20,   15.000, 1.00,    1695.000,  7.964004225373E+06,  7.927961989088E+06,  7.891972688328E+06,  7.856104100952E+06,  1.012055886972E+02,  4.801999462538E+06,  1.009283323583E-09,  1.580360731168E-09
   21,2, 20,   15.000, 1.00,    1710.000,  7.964021670284E+06,  7.927994351670E+06,  7.892015131496E+06,  7.856150231924E+06,  1.011783807302E+02,  4.802017138249E+06,  5.882441200811E-10,  2.168576429540E-09
   21,2, 20,   15.000, 1.00,    1725.000,  7.964038723484E+06,  7.928025983467E+06,  7.892056614163E+06,  7.856195319161E+06,  1.011517655783E+02,  4.802034414732E+06, -1.131297722168E-09,  1.037278707372E-09
   21,2, 20,   15.000, 1.00,    1740.000,  7.964055392314E+06,  7.928056900164E+06,  7.892097158398E+06,  7.856239386821E+06,  1.011257330369E+02,  4.802051300728E+06,  1.159492057923E-09,  2.196770765295E-09
   21,2, 20,   15.000, 1.00,    1755.000,  7.964071684257E+06,  7.928087117279E+06,  7.892136785645E+06,  7.856282458319E+06,  1.011002730043E+02,  4.802067804823E+06, -9.034977210831E-10,  1.293301465921E-09
   21,2, 20,   15.000, 1.00,    1770.000,  7.964087606916E+06,  7.928116650124E+06,  7.892175516750E+06,  7.856324556392E+06,  1.010753753703E+02,  4.802083935453E+06, -2.690967448871E-10,  1.024204721034E-09
   21,2, 20,   15.000, 1.00,    1785.000,  7.964103167980E+06,  7.928145513779E+06,  7.892213371990E+06,  7.856365703149E+06,  1.010510299442E+02,  4.802099700903E+06, -1.012239181364E-09,  1.193711796077E-11
   21,2, 20,   15.000, 1.00,    1800.000,  7.964118375186E+06,  7.928173723076E+06,  7.892250371108E+06,  7.856405920108E+06,  1.010272264181E+02,  4.802115109299E+06,  1.618758460609E-09,  1.630724000279E-09
   22,2, 20,   60.000, 0.50,       0.000,  7.964770372286E+06,  7.929384223663E+06,  7.893839449198E+06,  7.858133896350E+06,  1.000000000000E+02,  4.802776587486E+06,  0.000000000000E+00,  0.000000000000E+00
   22,2, 20,   60.000, 0.50,      60.000,  7.964770372286E+06,  7.929384223663E+06,  7.893839449198E+06,  7.858133896350E+06,  1.000000000000E+02,  4.802776587486E+06,  0.000000000000E+00,  0.000000000000E+00
   22,2, 20,   60.000, 0.50,     120.000,  7.964770372286E+06,  7.929384223663E+06,  7.893839449198E+06,  7.858133896350E+06,  1.000000000000E+02,  4.802776587486E+06,  0.000000000000E+00,  0.000000000000E+00
   22,2, 20,   60.000, 0.50,     180.000,  7.964770372286E+06,  7.929384223663E+06,  7.893839449198E+06,  7.858133896350E+06,  1.000000000000E+02,  4.802776587486E+06,  0.000000000000E+00,  0.000000000000E+00
   22,2, 20,   60.000, 0.50,     240.000,  7.964770372286E+06,  7.929384223663E+06,  7.893839449198E+06,  7.858133896350E+06,  1.000000000000E+02,  4.802776587486E+06,  0.000000000000E+00,  0.000000000000E+00
   22,2, 20,   60.000, 0.50,     300.000,  7.964769958788E+06,  7.929376380962E+06,  7.893690694562E+06,  7.855290055823E+06,  1.000000778001E+02,  4.802626589820E+06,  9.708855941426E-11,  9.708855941426E-11
   22,2, 20,   60.000, 0.50,     360.000,  7.964764081767E+06,  7.929300596591E+06,  7.892932506060E+06,  7.853758805774E+06,  1.000015007465E+02,  4.802326637177E+06,  7.281926173164E-10,  8.252527550212E-10
   22,2, 20,   60.000, 0.50,     420.000,  7.964727376923E+06,  7.928997650512E+06,  7.891592485380E+06,  7.853266652021E+06,  1.000132504826E+02,  4.802027079714E+06, -1.255472170669E-09, -4.301909939386E-10
   22,2, 20,   60.000, 0.50,     480.000,  7.964596544536E+06,  7.928365104756E+06,  7.890706040174E+06,  7.851911750524E+06,  1.000706713726E+02,  4.801729597369E+06,  8.451763733319E-10,  4.149569576839E-10
   22,2, 20,   60.000, 0.50,     540.000,  7.964308374876E+06,  7.927650468094E+06,  7.890366264146E+06,  7.851725601804E+06,  1.002531427585E+02,  4.801439311793E+06,  9.367795428261E-10,  1.351736500510E-09
   22,2, 20,   60.000, 0.50,     600.000,  7.963913984834E+06,  7.927204681589E+06,  7.889632785041E+06,  7.850620097447E+06,  1.006416219510E+02,  4.801166154734E+06, -4.810374321096E-10,  8.706138032721E-10
   22,2, 20,   60.000, 0.50,     660.000,  7.963593625878E+06,  7.926875693298E+06,  7.888970674421E+06,  7.850349289864E+06,  1.011884531926E+02,  4.800921056989E+06,  6.366178695316E-10,  1.507260094513E-09
   22,2, 20,   60.000, 0.50,     720.000,  7.963431031397E+06,  7.926385109085E+06,  7.888650617995E+06,  7.849624088103E+06,  1.016682799637E+02,  4.800706758983E+06, -1.068656274583E-11,  1.496573531767E-09
   22,2, 20,   60.000, 0.50,     780.000,  7.963287701145E+06,  7.925976566495E+06,  7.888029527116E+06,  7.849124106249E+06,  1.019161962828E+02,  4.800514293271E+06, -1.471931909691E-09,  2.455635694787E-11
   22,2, 20,   60.000, 0.50,     840.000,  7.963076163711E+06,  7.925747288094E+06,  7.887606992010E+06,  7.848759570073E+06,  1.020783353809E+02,  4.800334129221E+06,  1.326156962023E-09,  1.350599632133E-09
   22,2, 20,   60.000, 0.50,     900.000,  7.962904329923E+06,  7.925423838088E+06,  7.887452102808E+06,  7.850973181722E+06,  1.023654499264E+02,  4.800317442780E+06,  5.061906449555E-10,  1.856733433669E-09
   22,2, 20,   60.000, 0.50,     960.000,  7.962793579576E+06,  7.925189766542E+06,  7.887713218087E+06,  7.852348196564E+06,  1.026666959445E+02,  4.800468407156E+06, -1.168587004940E-09,  6.880327418912E-10
   22,2, 20,   60.000, 0.50,    1020.000,  7.962679529071E+06,  7.925298949162E+06,  7.888838075748E+06,  7.852256955083E+06,  1.028068255197E+02,  4.800632612800E+06, -3.987565833086E-10,  2.892193151638E-10
   22,2, 20,   60.000, 0.50,    1080.000,  7.962675061726E+06,  7.925654680152E+06,  7.889394422096E+06,  7.853473461719E+06,  1.028996031243E+02,  4.800803805659E+06,  1.476507804909E-09,  1.765783963492E-09
   22,2, 20,   60.000, 0.50,    1140.000,  7.962869258222E+06,  7.926161378539E+06,  7.889414023608E+06,  7.853260623469E+06,  1.029621599818E+02,  4.800979658552E+06, -1.081019718185E-09,  6.848495104350E-10
   22,2, 20,   60.000, 0.50,    1200.000,  7.963142341914E+06,  7.926467706883E+06,  7.889995167750E+06,  7.854108541068E+06,  1.027415983803E+02,  4.801150771303E+06,  6.114930783951E-10,  1.296257323702E-09
   22,2, 20,   60.000, 0.50,    1260.000,  7.963368869382E+06,  7.926569348784E+06,  7.890337738226E+06,  7.854195067236E+06,  1.022986960363E+02,  4.801301980136E+06, -2.187903191953E-10,  1.077523847925E-09
   22,2, 20,   60.000, 0.50,    1320.000,  7.963474500448E+06,  7.926928687986E+06,  7.890511526557E+06,  7.854575635360E+06,  1.019897563784E+02,  4.801430633708E+06,  3.755360467039E-10,  1.453145159758E-09
   22,2, 20,   60.000, 0.50,    1380.000,  7.963521406489E+06,  7.927217069350E+06,  7.890930870912E+06,  7.855018775316E+06,  1.018669096379E+02,  4.801546333689E+06, -1.347473244095E-09,  1.057287590811E-10
   22,2, 20,   60.000, 0.50,    1440.000,  7.963664566117E+06,  7.927272721738E+06,  7.891149222101E+06,  7.855048880563E+06,  1.017680900631E+02,  4.801655383680E+06, -3.103650669800E-11,  7.457856554538E-11
   22,2, 20,   60.000, 0.50,    1500.000,  7.963794741306E+06,  7.927524737289E+06,  7.891359590647E+06,  7.855631640883E+06,  1.016084550232E+02,  4.801756680032E+06,  7.067910701153E-10,  7.813696356607E-10
   22,2, 20,   60.000, 0.50,    1560.000,  7.963828968403E+06,  7.927711240805E+06,  7.891638552361E+06,  7.855568276178E+06,  1.014014210721E+02,  4.801846976315E+06, -8.994902600534E-10, -1.181206243928E-10
   22,2, 20,   60.000, 0.50,    1620.000,  7.963933409825E+06,  7.927787674340E+06,  7.891783859596E+06,  7.856017808783E+06,  1.012944888213E+02,  4.801927853612E+06,  6.752429726475E-10,  5.570655048359E-10
   22,2, 20,   60.000, 0.50,    1680.000,  7.964030403105E+06,  7.928000764261E+06,  7.891978829879E+06,  7.856077103878E+06,  1.012498720768E+02,  4.802004184439E+06,  1.316379893979E-09,  1.873445398815E-09
   22,2, 20,   60.000, 0.50,    1740.000,  7.964051921765E+06,  7.928099016770E+06,  7.892175090044E+06,  7.856273127417E+06,  1.010791758502E+02,  4.802074055877E+06, -4.860964963882E-10,  1.387320480717E-09
   22,2, 20,   60.000, 0.50,    1800.000,  7.964146870600E+06,  7.928185818891E+06,  7.892271981254E+06,  7.856528728733E+06,  1.009575650256E+02,  4.802135158103E+06, -1.759474343999E-09, -3.722107067006E-10
   23,2, 20,   60.000, 0.65,       0.000,  7.964770372286E+06,  7.929384223663E+06,  7.893839449198E+06,  7.858133896350E+06,  1.000000000000E+02,  4.802776587486E+06,  0.000000000000E+00,  0.000000000000E+00
   23,2, 20,   60.000, 0.65,      60.000,  7.964770372286E+06,  7.929384223663E+06,  7.893839449198E+06,  7.858133896350E+06,  1.000000000000E+02,  4.802776587486E+06,  0.000000000000E+00,  0.000000000000E+00
   23,2, 20,   60.000, 0.65,     120.000,  7.964770372286E+06,  7.929384223663E+06,  7.893839449198E+06,  7.858133896350E+06,  1.000000000000E+02,  4.802776587486E+06,  0.000000000000E+00,  0.000000000000E+00
   23,2, 20,   60.000, 0.65,     180.000,  7.964770372286E+06,  7.929384223663E+06,  7.893839449198E+06,  7.858133896350E+06,  1.000000000000E+02,  4.802776587486E+06,  0.000000000000E+00,  0.000000000000E+00
   23,2, 20,   60.000, 0.65,     240.000,  7.964770372286E+06,  7.929384223663E+06,  7.893839449198E+06,  7.858133896350E+06,  1.000000000000E+02,  4.802776587486E+06,  0.000000000000E+00,  0.000000000000E+00
   23,2, 20,   60.000, 0.65,     300.000,  7.964768171162E+06,  7.929359656787E+06,  7.893566667125E+06,  7.855079700367E+06,  1.000006633321E+02,  4.802581613356E+06,  1.568256635665E-10,  1.568309926370E-10
   23,2, 20,   60.000, 0.65,     360.000,  7.964748957638E+06,  7.929212553678E+06,  7.892691475249E+06,  7.853771059251E+06,  1.000080557302E+02,  4.802281941460E+06,  8.885692182048E-10,  1.045407316269E-09
   23,2, 20,   60.000, 0.65,     420.000,  7.964673311146E+06,  7.928829849776E+06,  7.891582387910E+06,  7.852989809961E+06,  1.000458941148E+02,  4.801983900500E+06,  6.980513944654E-10,  1.743501343299E-09
   23,2, 20,   60.000, 0.65,     480.000,  7.964496073295E+06,  7.928256308530E+06,  7.890779822496E+06,  7.852089879491E+06,  1.001634259623E+02,  4.801691237889E+06, -3.486952948606E-10,  1.394710125169E-09
   23,2, 20,   60.000, 0.65,     540.000,  7.964220077241E+06,  7.927679810161E+06,  7.890184591507E+06,  7.851432944961E+06,  1.004103140245E+02,  4.801410672082E+06, -4.932090291732E-10,  9.015366231324E-10
   23,2, 20,   60.000, 0.65,     600.000,  7.963913224801E+06,  7.927201650327E+06,  7.889584722253E+06,  7.850765376774E+06,  1.007818020503E+02,  4.801149778956E+06, -2.585629488294E-10,  6.430127541535E-10
   23,2, 20,   60.000, 0.65,     660.000,  7.963646251260E+06,  7.926781121532E+06,  7.889024887703E+06,  7.850182919099E+06,  1.012004888854E+02,  4.800913015866E+06, -2.511644225933E-10,  3.917648427887E-10
   23,2, 20,   60.000, 0.65,     720.000,  7.963432804380E+06,  7.926383685838E+06,  7.888523774894E+06,  7.849635243116E+06,  1.015775635850E+02,  4.800699751112E+06,  5.305338390826E-10,  9.222276275977E-10
   23,2, 20,   60.000, 0.65,     780.000,  7.963248370016E+06,  7.926023071172E+06,  7.888055945109E+06,  7.849129233107E+06,  1.018843698695E+02,  4.800506370372E+06,  8.369660520202E-10,  1.759417500580E-09
   23,2, 20,   60.000, 0.65,     840.000,  7.963077080263E+06,  7.925701874794E+06,  7.887627737148E+06,  7.848664564389E+06,  1.021465223348E+02,  4.800329656511E+06, -7.487983566534E-10,  1.010448613670E-09
   23,2, 20,   60.000, 0.65,     900.000,  7.962920875748E+06,  7.925432499014E+06,  7.887508493660E+06,  7.851302788594E+06,  1.023881706924E+02,  4.800362872137E+06,  6.421676523871E-10,  1.652551873121E-09
   23,2, 20,   60.000, 0.65,     960.000,  7.962794798821E+06,  7.925307078698E+06,  7.888026281072E+06,  7.852225487192E+06,  1.026057448961E+02,  4.800514647772E+06, -1.411176953070E-09,  2.414708433207E-10
   23,2, 20,   60.000, 0.65,    1020.000,  7.962735776217E+06,  7.925438760370E+06,  7.888816029272E+06,  7.852654099930E+06,  1.027736447278E+02,  4.800677540559E+06,  4.089191207868E-10,  6.502887117676E-10
   23,2, 20,   60.000, 0.65,    1080.000,  7.962788089380E+06,  7.925785338485E+06,  7.889326722060E+06,  7.853234235707E+06,  1.028470440488E+02,  4.800846821816E+06, -2.006714794334E-10,  4.495177563513E-10
   23,2, 20,   60.000, 0.65,    1140.000,  7.962950532340E+06,  7.926158192740E+06,  7.889652407641E+06,  7.853597169022E+06,  1.027797748451E+02,  4.801015020960E+06,  5.907079270173E-10,  1.040234565153E-09
   23,2, 20,   60.000, 0.65,    1200.000,  7.963156510096E+06,  7.926451089740E+06,  7.890006898715E+06,  7.853996353884E+06,  1.025741722967E+02,  4.801173788952E+06, -6.092584214912E-10,  4.308731149649E-10
   23,2, 20,   60.000, 0.65,    1260.000,  7.963333828887E+06,  7.926702196313E+06,  7.890342636642E+06,  7.854333151571E+06,  1.023037337065E+02,  4.801317692185E+06,  4.601012904004E-10,  8.910774340620E-10
   23,2, 20,   60.000, 0.65,    1320.000,  7.963465992921E+06,  7.926945577420E+06,  7.890638550158E+06,  7.854656393225E+06,  1.020573839083E+02,  4.801446308565E+06, -1.120270098909E-09, -2.291926648468E-10
   23,2, 20,   60.000, 0.65,    1380.000,  7.963575814514E+06,  7.927165764776E+06,  7.890919188780E+06,  7.854957410691E+06,  1.018673945441E+02,  4.801562342014E+06,  1.776283120591E-09,  1.547050487716E-09
   23,2, 20,   60.000, 0.65,    1440.000,  7.963678587204E+06,  7.927358354305E+06,  7.891176384171E+06,  7.855234752836E+06,  1.017112408684E+02,  4.801668295693E+06, -8.407567975155E-10,  7.062226359267E-10
   23,2, 20,   60.000, 0.65,    1500.000,  7.963774019711E+06,  7.927533793911E+06,  7.891409484340E+06,  7.855491177954E+06,  1.015653664775E+02,  4.801765281044E+06, -1.422179707333E-09, -7.159997039707E-10
   23,2, 20,   60.000, 0.65,    1560.000,  7.963860886935E+06,  7.927695362825E+06,  7.891622914267E+06,  7.855723690934E+06,  1.014283821133E+02,  4.801853860643E+06,  4.429692168628E-10, -2.730757842073E-10
   23,2, 20,   60.000, 0.65,    1620.000,  7.963940371230E+06,  7.927843243194E+06,  7.891817222918E+06,  7.855935521953E+06,  1.013043591659E+02,  4.801934726675E+06,  1.901065971310E-09,  1.627995516174E-09
   23,2, 20,   60.000, 0.65,    1680.000,  7.964013174605E+06,  7.927978650636E+06,  7.891994625346E+06,  7.856128135781E+06,  1.011916323539E+02,  4.802008591879E+06, -2.036530943883E-10,  1.424382389814E-09
   23,2, 20,   60.000, 0.65,    1740.000,  7.964079720312E+06,  7.928102235110E+06,  7.892156640753E+06,  7.856303960113E+06,  1.010877798749E+02,  4.802076039573E+06, -9.925376076581E-10,  4.318962965044E-10
   23,2, 20,   60.000, 0.65,    1800.000,  7.964140532373E+06,  7.928214875329E+06,  7.892304381482E+06,  7.856464593516E+06,  1.009925379180E+02,  4.802137591930E+06,  3.325109076968E-10,  7.644302968401E-10
   24,2, 20,   60.000, 1.00,       0.000,  7.964770372286E+06,  7.929384223663E+06,  7.893839449198E+06,  7.858133896350E+06,  1.000000000000E+02,  4.802776587486E+06,  0.000000000000E+00,  0.000000000000E+00
   24,2, 20,   60.000, 1.00,      60.000,  7.964770372286E+06,  7.929384223663E+06,  7.893839449198E+06,  7.858133896350E+06,  1.000000000000E+02,  4.802776587486E+06,  0.000000000000E+00,  0.000000000000E+00
   24,2, 20,   60.000, 1.00,     120.000,  7.964770372286E+06,  7.929384223663E+06,  7.893839449198E+06,  7.858133896350E+06,  1.000000000000E+02,  4.802776587486E+06,  0.000000000000E+00,  0.000000000000E+00
   24,2, 20,   60.000, 1.00,     180.000,  7.964770372286E+06,  7.929384223663E+06,  7.893839449198E+06,  7.858133896350E+06,  1.000000000000E+02,  4.802776587486E+06,  0.000000000000E+00,  0.000000000000E+00
   24,2, 20,   60.000, 1.00,     240.000,  7.964770372286E+06,  7.929384223663E+06,  7.893839449198E+06,  7.858133896350E+06,  1.000000000000E+02,  4.802776587486E+06,  0.000000000000E+00,  0.000000000000E+00
   24,2, 20,   60.000, 1.00,     300.000,  7.964753255952E+06,  7.929282257194E+06,  7.893247356115E+06,  7.854669410172E+06,  1.000089219695E+02,  4.802477122804E+06,  6.510845196317E-10,  6.510845196317E-10
   24,2, 20,   60.000, 1.00,     360.000,  7.964685684897E+06,  7.928998609727E+06,  7.892329846241E+06,  7.853593792346E+06,  1.000531720296E+02,  4.802180313126E+06, -4.015987542516E-10,  2.494289219612E-10
   24,2, 20,   60.000, 1.00,     420.000,  7.964546394479E+06,  7.928567615512E+06,  7.891450072921E+06,  7.852736190740E+06,  1.001658491527E+02,  4.801890264075E+06,  5.128981683811E-10,  7.623839337612E-10
   24,2, 20,   60.000, 1.00,     480.000,  7.964344068488E+06,  7.928076382755E+06,  7.890701450457E+06,  7.851972053206E+06,  1.003636130336E+02,  4.801612080857E+06,  2.501678864064E-10,  1.012494976749E-09
   24,2, 20,   60.000, 1.00,     540.000,  7.964107508229E+06,  7.927590366003E+06,  7.890054589784E+06,  7.851285780626E+06,  1.006352939669E+02,  4.801350198495E+06, -4.490630090004E-10,  5.634319677483E-10
   24,2, 20,   60.000, 1.00,     600.000,  7.963865834846E+06,  7.927137556113E+06,  7.889475541631E+06,  7.850662154975E+06,  1.009506317526E+02,  4.801107236401E+06,  6.716618372593E-10,  1.235093805008E-09
   24,2, 20,   60.000, 1.00,     660.000,  7.963637247900E+06,  7.926723722361E+06,  7.888947172973E+06,  7.850090891089E+06,  1.012772424211E+02,  4.800883870946E+06, -1.991793396883E-10,  1.035914465319E-09
   24,2, 20,   60.000, 1.00,     720.000,  7.963428746962E+06,  7.926346842360E+06,  7.888462000951E+06,  7.849565540795E+06,  1.015921127293E+02,  4.800679397710E+06, -1.395619619871E-09, -3.597051545512E-10
   24,2, 20,   60.000, 1.00,     780.000,  7.963240630874E+06,  7.926003387655E+06,  7.888016046156E+06,  7.849081868969E+06,  1.018838730282E+02,  4.800492430091E+06,  2.917772690125E-09,  2.557953848736E-09
   24,2, 20,   60.000, 1.00,     840.000,  7.963070654142E+06,  7.925689952289E+06,  7.887606365513E+06,  7.848636763869E+06,  1.021495609941E+02,  4.800321403751E+06, -2.900719664467E-09, -3.428795025684E-10
   24,2, 20,   60.000, 1.00,     900.000,  7.962932809160E+06,  7.925503358103E+06,  7.887819678642E+06,  7.851707011066E+06,  1.023819884988E+02,  4.800464323061E+06,  1.627995516174E-10, -1.800799509510E-10
   24,2, 20,   60.000, 1.00,     960.000,  7.962857744882E+06,  7.925521492809E+06,  7.888394610948E+06,  7.852411395612E+06,  1.025585560275E+02,  4.800617836422E+06,  1.564217200212E-09,  1.384250936098E-09
   24,2, 20,   60.000, 1.00,    1020.000,  7.962865691068E+06,  7.925710684242E+06,  7.888963355550E+06,  7.852927136497E+06,  1.026497441197E+02,  4.800776821070E+06, -3.538502824085E-10,  1.030457497109E-09
   24,2, 20,   60.000, 1.00,    1080.000,  7.962948129333E+06,  7.925982868999E+06,  7.889426795339E+06,  7.853377553905E+06,  1.026406380545E+02,  4.800935259353E+06,  2.048068381555E-10,  1.235321178683E-09
   24,2, 20,   60.000, 1.00,    1140.000,  7.963076215492E+06,  7.926269976255E+06,  7.889811627089E+06,  7.853776212983E+06,  1.025424264751E+02,  4.801087804941E+06, -1.385330961057E-09, -1.500666257925E-10
   24,2, 20,   60.000, 1.00,    1200.000,  7.963219950017E+06,  7.926541400704E+06,  7.890150223501E+06,  7.854136299351E+06,  1.023850147606E+02,  4.801230905827E+06,  1.624357537366E-09,  1.474290911574E-09
   24,2, 20,   60.000, 1.00,    1260.000,  7.963359765149E+06,  7.926789370041E+06,  7.890458178620E+06,  7.854466138259E+06,  1.022011523207E+02,  4.801362974966E+06, -1.757143763825E-09, -2.828528522514E-10
   24,2, 20,   60.000, 1.00,    1320.000,  7.963487334586E+06,  7.927014349572E+06,  7.890741375136E+06,  7.854770322310E+06,  1.020150590508E+02,  4.801483878509E+06,  2.237925400550E-10, -5.911715561524E-11
   24,2, 20,   60.000, 1.00,    1380.000,  7.963601322670E+06,  7.927218545499E+06,  7.891002218662E+06,  7.855051342512E+06,  1.018396942025E+02,  4.801594260161E+06,  1.305522800976E-09,  1.246462488780E-09
   24,2, 20,   60.000, 1.00,    1440.000,  7.963703219738E+06,  7.927404193829E+06,  7.891242163788E+06,  7.855310682587E+06,  1.016795554517E+02,  4.801695033489E+06, -6.821210263297E-11,  1.178250386147E-09
   24,2, 20,   60.000, 1.00,    1500.000,  7.963795002072E+06,  7.927573305899E+06,  7.891462499387E+06,  7.855549480804E+06,  1.015346686963E+02,  4.801787113610E+06, -5.308038453222E-10,  6.474465408246E-10
   24,2, 20,   60.000, 1.00,    1560.000,  7.963878290325E+06,  7.927727639497E+06,  7.891664538715E+06,  7.855768861497E+06,  1.014034581131E+02,  4.801871321097E+06, -1.196667653858E-09, -5.492211130331E-10
   24,2, 20,   60.000, 1.00,    1620.000,  7.963954246494E+06,  7.927868693115E+06,  7.891849623368E+06,  7.855970041419E+06,  1.012841657257E+02,  4.801948371041E+06,  1.114358383347E-09,  5.651372703142E-10
   24,2, 20,   60.000, 1.00,    1680.000,  7.964023697874E+06,  7.927997730761E+06,  7.892019080674E+06,  7.856154314192E+06,  1.011753191381E+02,  4.802018890189E+06,  9.599716577213E-10,  1.525108928035E-09
   24,2, 20,   60.000, 1.00,    1740.000,  7.964087270425E+06,  7.928115829841E+06,  7.892174183743E+06,  7.856322991925E+06,  1.010757718799E+02,  4.802083436502E+06, -1.022101514536E-09,  5.029505700804E-10
   24,2, 20,   60.000, 1.00,    1800.000,  7.964145477047E+06,  7.928223930641E+06,  7.892316127236E+06,  7.856477349440E+06,  1.009846204709E+02,  4.802142513730E+06,  6.778009264963E-10,  1.180751496577E-09
   25,2, 20,  120.000, 0.50,       0.000,  7.964770372286E+06,  7.929384223663E+06,  7.893839449198E+06,  7.858133896350E+06,  1.000000000000E+02,  4.802776587486E+06,  0.000000000000E+00,  0.000000000000E+00
   25,2, 20,  120.000, 0.50,     120.000,  7.964770372286E+06,  7.929384223663E+06,  7.893839449198E+06,  7.858133896350E+06,  1.000000000000E+02,  4.802776587486E+06,  0.000000000000E+00,  0.000000000000E+00
   25,2, 20,  120.000, 0.50,     240.000,  7.964770372286E+06,  7.929384223663E+06,  7.893839449198E+06,  7.858133896350E+06,  1.000000000000E+02,  4.802776587486E+06,  0.000000000000E+00,  0.000000000000E+00
   25,2, 20,  120.000, 0.50,     360.000,  7.964753255952E+06,  7.929282257194E+06,  7.893247356115E+06,  7.854669410172E+06,  1.000089219695E+02,  4.802477122804E+06,  6.604636837437E-10,  6.604636837437E-10
   25,2, 20,  120.000, 0.50,     480.000,  7.964618313737E+06,  7.928715791990E+06,  7.891413188479E+06,  7.852514280903E+06,  1.000972988952E+02,  4.801883496056E+06, -1.331841303909E-10,  5.272795533529E-10
   25,2, 20,  120.000, 0.50,     600.000,  7.964197305725E+06,  7.927560328392E+06,  7.889726170931E+06,  7.851234973059E+06,  1.004583352625E+02,  4.801316834106E+06, -4.229718797433E-10,  1.043645170284E-10
   25,2, 20,  120.000, 0.50,     720.000,  7.963558196563E+06,  7.926508021461E+06,  7.888939256587E+06,  7.849834182686E+06,  1.012239558282E+02,  4.800817771571E+06,  5.742322173319E-10,  6.784830475226E-10
   25,2, 20,  120.000, 0.50,     840.000,  7.963089203449E+06,  7.925914181806E+06,  7.887837042390E+06,  7.849051753839E+06,  1.020866569181E+02,  4.800416408336E+06,  3.344666765770E-10,  1.013177097775E-09
   25,2, 20,  120.000, 0.50,     960.000,  7.962892081581E+06,  7.925381025742E+06,  7.887600679743E+06,  7.851389835038E+06,  1.025670056246E+02,  4.800395628089E+06, -1.077012257156E-09, -6.366462912410E-11
   25,2, 20,  120.000, 0.50,    1080.000,  7.962751548014E+06,  7.925387940889E+06,  7.888905042866E+06,  7.853090443800E+06,  1.027475455828E+02,  4.800714501161E+06, -6.548361852765E-11, -1.291482476518E-10
   25,2, 20,  120.000, 0.50,    1200.000,  7.962881537675E+06,  7.926223118431E+06,  7.889892493934E+06,  7.853495495239E+06,  1.028175384588E+02,  4.801048406203E+06,  1.157104634331E-09,  1.027956386679E-09
   25,2, 20,  120.000, 0.50,    1320.000,  7.963386169680E+06,  7.926859056548E+06,  7.890364689965E+06,  7.854684858197E+06,  1.024094386967E+02,  4.801362024833E+06, -1.194280230266E-10,  9.085852070712E-10
   25,2, 20,  120.000, 0.50,    1440.000,  7.963699439590E+06,  7.927179795129E+06,  7.890999402556E+06,  7.854793238433E+06,  1.016930768613E+02,  4.801608175766E+06, -4.084768079338E-10,  5.002220859751E-10
   25,2, 20,  120.000, 0.50,    1560.000,  7.963759371184E+06,  7.927621661740E+06,  7.891538637792E+06,  7.855820506119E+06,  1.014379251153E+02,  4.801796035885E+06, -3.649347490864E-10,  1.352873368887E-10
   25,2, 20,  120.000, 0.50,    1680.000,  7.963960320617E+06,  7.927912383255E+06,  7.891843297198E+06,  7.855790567495E+06,  1.013655472384E+02,  4.801964244226E+06,  4.432649802766E-10,  5.785523171653E-10
   25,2, 20,  120.000, 0.50,    1800.000,  7.964138100288E+06,  7.928122635144E+06,  7.892260601709E+06,  7.856593504050E+06,  1.010116188463E+02,  4.802106874191E+06, -3.889795152645E-10,  1.896296453197E-10
   26,2, 20,  120.000, 0.65,       0.000,  7.964770372286E+06,  7.929384223663E+06,  7.893839449198E+06,  7.858133896350E+06,  1.000000000000E+02,  4.802776587486E+06,  0.000000000000E+00,  0.000000000000E+00
   26,2, 20,  120.000, 0.65,     120.000,  7.964770372286E+06,  7.929384223663E+06,  7.893839449198E+06,  7.858133896350E+06,  1.000000000000E+02,  4.802776587486E+06,  0.000000000000E+00,  0.000000000000E+00
   26,2, 20,  120.000, 0.65,     240.000,  7.964770372286E+06,  7.929384223663E+06,  7.893839449198E+06,  7.858133896350E+06,  1.000000000000E+02,  4.802776587486E+06,  0.000000000000E+00,  0.000000000000E+00
   26,2, 20,  120.000, 0.65,     360.000,  7.964726832168E+06,  7.929185908651E+06,  7.892977209968E+06,  7.854364207433E+06,  1.000286558075E+02,  4.802388822639E+06, -6.632561166953E-10, -6.632490112679E-10
   26,2, 20,  120.000, 0.65,     480.000,  7.964513358060E+06,  7.928483951188E+06,  7.891219227012E+06,  7.852422784312E+06,  1.002031985152E+02,  4.801805875667E+06,  1.624009371426E-09,  9.607674655854E-10
   26,2, 20,  120.000, 0.65,     600.000,  7.964070916286E+06,  7.927452578896E+06,  7.889773523239E+06,  7.851062735563E+06,  1.006621506335E+02,  4.801266057754E+06, -7.439382443408E-11,  8.863025868777E-10
   26,2, 20,  120.000, 0.65,     720.000,  7.963555314777E+06,  7.926548306114E+06,  7.888762959661E+06,  7.849861605058E+06,  1.013479180908E+02,  4.800799005692E+06, -1.463611454255E-10,  7.398739398923E-10
   26,2, 20,  120.000, 0.65,     840.000,  7.963146001988E+06,  7.925858837090E+06,  7.887835304449E+06,  7.848894661353E+06,  1.020137221094E+02,  4.800412688576E+06, -6.950884312573E-11,  6.702975952066E-10
   26,2, 20,  120.000, 0.65,     960.000,  7.962886432347E+06,  7.925469050079E+06,  7.887917149639E+06,  7.851826829615E+06,  1.024886454583E+02,  4.800481379251E+06,  3.100542045331E-11,  7.012204150669E-10
   26,2, 20,  120.000, 0.65,    1080.000,  7.962838161838E+06,  7.925674966539E+06,  7.889042282064E+06,  7.853073539748E+06,  1.027098744283E+02,  4.800797272565E+06, -1.691091711109E-10,  5.320544005372E-10
   26,2, 20,  120.000, 0.65,    1200.000,  7.963055296100E+06,  7.926303286001E+06,  7.889953274280E+06,  7.853843462103E+06,  1.026014328111E+02,  4.801113999051E+06, -7.715783567619E-11,  4.549747245619E-10
   26,2, 20,  120.000, 0.65,    1320.000,  7.963390229427E+06,  7.926870689360E+06,  7.890517000259E+06,  7.854559331646E+06,  1.022116064808E+02,  4.801395764534E+06, -3.773479306801E-10,  7.753442332614E-11
   26,2, 20,  120.000, 0.65,    1440.000,  7.963650987773E+06,  7.927277982771E+06,  7.891070932541E+06,  7.855115950507E+06,  1.017808576941E+02,  4.801627558907E+06,  2.624370054605E-09,  2.701881385292E-09
   26,2, 20,  120.000, 0.65,    1560.000,  7.963826768237E+06,  7.927627423015E+06,  7.891536309214E+06,  7.855628554391E+06,  1.014707281333E+02,  4.801817071724E+06, -2.884780414547E-09, -1.829221218941E-10
   26,2, 20,  120.000, 0.65,    1680.000,  7.963978676170E+06,  7.927921341077E+06,  7.891914161289E+06,  7.856039688617E+06,  1.012426003715E+02,  4.801975765135E+06,  1.225815893235E-09,  1.042849362420E-09
   26,2, 20,  120.000, 0.65,    1800.000,  7.964112726282E+06,  7.928161318577E+06,  7.892236816250E+06,  7.856392074237E+06,  1.010388375452E+02,  4.802108983679E+06, -1.069645705343E-09, -2.683009370230E-11
   27,2, 20,  120.000, 1.00,       0.000,  7.964770372286E+06,  7.929384223663E+06,  7.893839449198E+06,  7.858133896350E+06,  1.000000000000E+02,  4.802776587486E+06,  0.000000000000E+00,  0.000000000000E+00
   27,2, 20,  120.000, 1.00,     120.000,  7.964770372286E+06,  7.929384223663E+06,  7.893839449198E+06,  7.858133896350E+06,  1.000000000000E+02,  4.802776587486E+06,  0.000000000000E+00,  0.000000000000E+00
   27,2, 20,  120.000, 1.00,     240.000,  7.964770372286E+06,  7.929384223663E+06,  7.893839449198E+06,  7.858133896350E+06,  1.000000000000E+02,  4.802776587486E+06,  0.000000000000E+00,  0.000000000000E+00
   27,2, 20,  120.000, 1.00,     360.000,  7.964630222551E+06,  7.928914458744E+06,  7.892401558844E+06,  7.853744338766E+06,  1.001209148257E+02,  4.802191097265E+06,  5.538822733797E-10,  5.538822733797E-10
   27,2, 20,  120.000, 1.00,     480.000,  7.964309274361E+06,  7.928099782713E+06,  7.890866217100E+06,  7.852109024165E+06,  1.004579797244E+02,  4.801646054832E+06,  2.860360837076E-10,  8.399183570873E-10
   27,2, 20,  120.000, 1.00,     600.000,  7.963899406511E+06,  7.927238437553E+06,  7.889624651411E+06,  7.850811546912E+06,  1.009634767274E+02,  4.801161672040E+06, -4.513367457548E-10,  3.885816113325E-10
   27,2, 20,  120.000, 1.00,     720.000,  7.963496454288E+06,  7.926470138206E+06,  7.888613584993E+06,  7.849726157442E+06,  1.015214746393E+02,  4.800744248996E+06, -4.424691724125E-10, -5.388756108005E-11
   27,2, 20,  120.000, 1.00,     840.000,  7.963143186166E+06,  7.925817511789E+06,  7.887765840917E+06,  7.848807717935E+06,  1.020454797564E+02,  4.800389706567E+06,  1.573312147229E-09,  1.519310899312E-09
   27,2, 20,  120.000, 1.00,     960.000,  7.962982626755E+06,  7.925732993615E+06,  7.888487067196E+06,  7.852438379798E+06,  1.023849829264E+02,  4.800675904518E+06, -2.623892214615E-10,  1.256921677850E-09
   27,2, 20,  120.000, 1.00,    1080.000,  7.963051145115E+06,  7.926084332047E+06,  7.889422917804E+06,  7.853417208575E+06,  1.024432835110E+02,  4.800969098540E+06,  5.853735274286E-10,  1.842181518441E-09
   27,2, 20,  120.000, 1.00,    1200.000,  7.963251483806E+06,  7.926559426470E+06,  7.890156989067E+06,  7.854157421011E+06,  1.022713032712E+02,  4.801241654932E+06, -1.881517164293E-10,  1.653916115174E-09
   27,2, 20,  120.000, 1.00,    1320.000,  7.963480067317E+06,  7.927003147330E+06,  7.890737741729E+06,  7.854771161647E+06,  1.019905649769E+02,  4.801480522729E+06, -3.493596523185E-10,  1.304670149693E-09
   27,2, 20,  120.000, 1.00,    1440.000,  7.963686686076E+06,  7.927381223711E+06,  7.891220864067E+06,  7.855290441638E+06,  1.016961880194E+02,  4.801684065292E+06, -7.256630851771E-10,  5.788933776785E-10
   27,2, 20,  120.000, 1.00,    1560.000,  7.963860470849E+06,  7.927698062523E+06,  7.891629513362E+06,  7.855732215056E+06,  1.014314112040E+02,  4.801855834636E+06, -4.757794158650E-10,  1.031139618135E-10
   27,2, 20,  120.000, 1.00,    1680.000,  7.964004950423E+06,  7.927963789891E+06,  7.891975549675E+06,  7.856107423298E+06,  1.012058534734E+02,  4.802000537053E+06,  1.357307155558E-09,  1.460421117372E-09
   27,2, 20,  120.000, 1.00,    1800.000,  7.964125688827E+06,  7.928187243352E+06,  7.892268055217E+06,  7.856425127822E+06,  1.010162414574E+02,  4.802122486028E+06, -8.803908713162E-10,  5.800302460557E-10
   28,2, 40,   15.000, 0.50,       0.000,  7.964770372286E+06,  7.929384223663E+06,  7.893839449198E+06,  7.858133896350E+06,  1.000000000000E+02,  4.802776827728E+06,  0.000000000000E+00,  0.000000000000E+00
   28,2, 40,   15.000, 0.50,      15.000,  7.964770372286E+06,  7.929384223663E+06,  7.893839449198E+06,  7.858133896350E+06,  1.000000000000E+02,  4.802776827728E+06,  0.000000000000E+00,  0.000000000000E+00
   28,2, 40,   15.000, 0.50,      30.000,  7.964770372286E+06,  7.929384223663E+06,  7.893839449198E+06,  7.858133896350E+06,  1.000000000000E+02,  4.802776827728E+06,  0.000000000000E+00,  0.000000000000E+00
   28,2, 40,   15.000, 0.50,      45.000,  7.964770372286E+06,  7.929384223663E+06,  7.893839449198E+06,  7.858133896350E+06,  1.000000000000E+02,  4.802776827728E+06,  0.000000000000E+00,  0.000000000000E+00
   28,2, 40,   15.000, 0.50,      60.000,  7.964770372286E+06,  7.929384223663E+06,  7.893839449198E+06,  7.858133896350E+06,  1.000000000000E+02,  4.802776827728E+06,  0.000000000000E+00,  0.000000000000E+00
   28,2, 40,   15.000, 0.50,      75.000,  7.964770372286E+06,  7.929384223663E+06,  7.893839449198E+06,  7.858133896350E+06,  1.000000000000E+02,  4.802776827728E+06,  0.000000000000E+00,  0.000000000000E+00
   28,2, 40,   15.000, 0.50,      90.000,  7.964770372286E+06,  7.929384223663E+06,  7.893839449198E+06,  7.858133896350E+06,  1.000000000000E+02,  4.802776827728E+06,  0.000000000000E+00,  0.000000000000E+00
   28,2, 40,   15.000, 0.50,     105.000,  7.964770372286E+06,  7.929384223663E+06,  7.893839449198E+06,  7.858133896350E+06,  1.000000000000E+02,  4.802776827728E+06,  0.000000000000E+00,  0.000000000000E+00
   28,2, 40,   15.000, 0.50,     120.000,  7.964770372286E+06,  7.929384223663E+06,  7.893839449198E+06,  7.858133896350E+06,  1.000000000000E+02,  4.802776827728E+06,  0.000000000000E+00,  0.000000000000E+00
   28,2, 40,   15.000, 0.50,     135.000,  7.964770372286E+06,  7.929384223663E+06,  7.893839449198E+06,  7.858133896350E+06,  1.000000000000E+02,  4.802776827728E+06,  0.000000000000E+00,  0.000000000000E+00
   28,2, 40,   15.000, 0.50,     150.000,  7.964770372286E+06,  7.929384223663E+06,  7.893839449198E+06,  7.858133896350E+06,  1.000000000000E+02,  4.802776827728E+06,  0.000000000000E+00,  0.000000000000E+00
   28,2, 40,   15.000, 0.50,     165.000,  7.964770372286E+06,  7.929384223663E+06,  7.893839449198E+06,  7.858133896350E+06,  1.000000000000E+02,  4.802776827728E+06,  0.000000000000E+00,  0.000000000000E+00
   28,2, 40,   15.000, 0.50,     180.000,  7.964770372286E+06,  7.929384223663E+06,  7.893839449198E+06,  7.858133896350E+06,  1.000000000000E+02,  4.802776827728E+06,  0.000000000000E+00,  0.000000000000E+00
   28,2, 40,   15.000, 0.50,     195.000,  7.964770372286E+06,  7.929384223663E+06,  7.893839449198E+06,  7.858133896350E+06,  1.000000000000E+02,  4.802776827728E+06,  0.000000000000E+00,  0.000000000000E+00
   28,2, 40,   15.000, 0.50,     210.000,  7.964770372286E+06,  7.929384223663E+06,  7.893839449198E+06,  7.858133896350E+06,  1.000000000000E+02,  4.802776827728E+06,  0.000000000000E+00,  0.000000000000E+00
   28,2, 40,   15.000, 0.50,     225.000,  7.964770372286E+06,  7.929384223663E+06,  7.893839449198E+06,  7.858133896350E+06,  1.000000000000E+02,  4.802776827728E+06,  0.000000000000E+00,  0.000000000000E+00
   28,2, 40,   15.000, 0.50,     240.000,  7.964770372286E+06,  7.929384223663E+06,  7.893839449198E+06,  7.858133896350E+06,  1.000000000000E+02,  4.802776827728E+06,  0.000000000000E+00,  0.000000000000E+00
   28,2, 40,   15.000, 0.50,     255.000,  7.964770372286E+06,  7.929384223663E+06,  7.893839449198E+06,  7.858133896350E+06,  1.000000000000E+02,  4.802776827728E+06,  0.000000000000E+00,  0.000000000000E+00
   28,2, 40,   15.000, 0.50,     270.000,  7.964770372286E+06,  7.929384223663E+06,  7.893839449198E+06,  7.858133896350E+06,  1.000000000000E+02,  4.802776827728E+06,  0.000000000000E+00,  0.000000000000E+00
   28,2, 40,   15.000, 0.50,     285.000,  7.964770372286E+06,  7.929384223663E+06,  7.893839449198E+06,  7.858133896350E+06,  1.000000000000E+02,  4.802776827728E+06,  0.000000000000E+00,  0.000000000000E+00
   28,2, 40,   15.000, 0.50,     300.000,  7.964770372286E+06,  7.929384223653E+06,  7.893839302676E+06,  7.855917431009E+06,  1.000000000000E+02,  4.802739327728E+06, -2.795886189233E-09, -2.795886189233E-09
   28,2, 40,   15.000, 0.50,     315.000,  7.964770372286E+06,  7.929384223325E+06,  7.893836795530E+06,  7.854769316034E+06,  1.000000000000E+02,  4.802664327728E+06, -6.394884621841E-12, -2.802281073855E-09
   28,2, 40,   15.000, 0.50,     330.000,  7.964770372285E+06,  7.929384218059E+06,  7.893817384800E+06,  7.855472364230E+06,  1.000000000000E+02,  4.802589327728E+06, -9.405951573171E-10, -3.742883336599E-09
   28,2, 40,   15.000, 0.50,     345.000,  7.964770372272E+06,  7.929384164652E+06,  7.893728403889E+06,  7.854385984743E+06,  1.000000000000E+02,  4.802514327728E+06,  2.724583225699E-09, -1.018293005473E-09
   28,2, 40,   15.000, 0.50,     360.000,  7.964770372131E+06,  7.929383781639E+06,  7.893464101113E+06,  7.854294597610E+06,  1.000000000001E+02,  4.802439327728E+06, -3.015536265139E-09, -4.033836376038E-09
   28,2, 40,   15.000, 0.50,     375.000,  7.964770370898E+06,  7.929381722745E+06,  7.892945208086E+06,  7.854347324672E+06,  1.000000000018E+02,  4.802364327728E+06,  2.352933847760E-09, -1.680916739133E-09
   28,2, 40,   15.000, 0.50,     390.000,  7.964770362302E+06,  7.929373149914E+06,  7.892300707881E+06,  7.853547884989E+06,  1.000000000175E+02,  4.802289327728E+06,  3.507381052259E-10, -1.330192844762E-09
   28,2, 40,   15.000, 0.50,     405.000,  7.964770313188E+06,  7.929345002601E+06,  7.891881301664E+06,  7.853672768285E+06,  1.000000001443E+02,  4.802214327729E+06, -2.376502550305E-09, -3.706645657076E-09
   28,2, 40,   15.000, 0.50,     420.000,  7.964770079332E+06,  7.929271631308E+06,  7.891857579436E+06,  7.853430899074E+06,  1.000000010071E+02,  4.802139327738E+06, -3.940030524063E-10, -4.100684236619E-09
   28,2, 40,   15.000, 0.50,     435.000,  7.964769140832E+06,  7.929120338858E+06,  7.891886655583E+06,  7.852900230108E+06,  1.000000060475E+02,  4.802064327791E+06,  7.691909331697E-10, -3.331479092594E-09
   28,2, 40,   15.000, 0.50,     450.000,  7.964765944172E+06,  7.928877613575E+06,  7.891588199212E+06,  7.853050304210E+06,  1.000000315834E+02,  4.801989328073E+06,  4.758859972753E-10, -2.855585989892E-09
   28,2, 40,   15.000, 0.50,     465.000,  7.964756671993E+06,  7.928585818125E+06,  7.891203030862E+06,  7.852655881918E+06,  1.000001446104E+02,  4.801914329395E+06,  6.284892606345E-10, -2.227125150966E-09
   28,2, 40,   15.000, 0.50,     480.000,  7.964733774037E+06,  7.928343575454E+06,  7.891121036477E+06,  7.852360193749E+06,  1.000005839899E+02,  4.801839334859E+06, -3.576303697628E-10, -2.584783942439E-09
   28,2, 40,   15.000, 0.50,     495.000,  7.964685828299E+06,  7.928229433806E+06,  7.891087846763E+06,  7.852436564682E+06,  1.000020891810E+02,  4.801764354908E+06, -1.827331175264E-09, -4.412072485138E-09
   28,2, 40,   15.000, 0.50,     510.000,  7.964601471184E+06,  7.928203703733E+06,  7.890784948812E+06,  7.851997324433E+06,  1.000066405863E+02,  4.801689420381E+06,  1.338385402505E-09, -3.073637344642E-09
   28,2, 40,   15.000, 0.50,     525.000,  7.964478731749E+06,  7.928129165977E+06,  7.890539170277E+06,  7.851877978893E+06,  1.000187867778E+02,  4.801614611086E+06,  1.913420533128E-10, -2.882188709918E-09
   28,2, 40,   15.000, 0.50,     540.000,  7.964334940583E+06,  7.927939234030E+06,  7.890521249742E+06,  7.851838927314E+06,  1.000473338006E+02,  4.801540106991E+06,  7.625402531630E-10, -2.119577402482E-09
   28,2, 40,   15.000, 0.50,     555.000,  7.964205125683E+06,  7.927737334532E+06,  7.890352667489E+06,  7.851436025373E+06,  1.001061577244E+02,  4.801466258177E+06, -1.199694565912E-09, -3.319200914120E-09
   28,2, 40,   15.000, 0.50,     570.000,  7.964120094023E+06,  7.927641549786E+06,  7.890070139474E+06,  7.851420965578E+06,  1.002116155634E+02,  4.801393641477E+06,  7.549942893093E-10, -2.564320311649E-09
   28,2, 40,   15.000, 0.50,     585.000,  7.964076540859E+06,  7.927590404602E+06,  7.890000024623E+06,  7.851268341605E+06,  1.003740804876E+02,  4.801323034197E+06, -2.139088906006E-10, -2.778278940241E-09
   28,2, 40,   15.000, 0.50,     600.000,  7.964032963679E+06,  7.927452212449E+06,  7.889905430793E+06,  7.850951416337E+06,  1.005849016240E+02,  4.801255226563E+06, -1.245140879291E-09, -4.023377186968E-09
   28,2, 40,   15.000, 0.50,     615.000,  7.963950130522E+06,  7.927266675787E+06,  7.889643292253E+06,  7.850970613865E+06,  1.008076513755E+02,  4.801190670711E+06,  1.289940598781E-09, -2.733486326179E-09
   28,2, 40,   15.000, 0.50,     630.000,  7.963839410093E+06,  7.927163474817E+06,  7.889531884210E+06,  7.850735553686E+06,  1.009875264171E+02,  4.801129134544E+06,  7.028475579318E-10, -2.030674295384E-09
   28,2, 40,   15.000, 0.50,     645.000,  7.963753496643E+06,  7.927103297430E+06,  7.889466664582E+06,  7.850521594137E+06,  1.010842313991E+02,  4.801069672728E+06,  8.828706654640E-10, -1.147782313637E-09
   28,2, 40,   15.000, 0.50,     660.000,  7.963718015798E+06,  7.926965752598E+06,  7.889234891440E+06,  7.850520148638E+06,  1.011091930078E+02,  4.801011123411E+06, -9.873346584754E-10, -2.135038812412E-09
   28,2, 40,   15.000, 0.50,     675.000,  7.963694991698E+06,  7.926805840151E+06,  7.889103246723E+06,  7.850247448341E+06,  1.011282421444E+02,  4.800952904174E+06,  1.046480235800E-09, -1.088665158022E-09
   28,2, 40,   15.000, 0.50,     690.000,  7.963639295674E+06,  7.926727718362E+06,  7.889046529980E+06,  7.850125744998E+06,  1.012094830211E+02,  4.800895437113E+06,  1.599076426828E-10, -9.288214641856E-10
   28,2, 40,   15.000, 0.50,     705.000,  7.963566301389E+06,  7.926654710554E+06,  7.888839839843E+06,  7.850071445185E+06,  1.013551047938E+02,  4.800839671522E+06, -3.207489385204E-09, -4.136381903663E-09
   28,2, 40,   15.000, 0.50,     720.000,  7.963518623346E+06,  7.926513455212E+06,  7.888703240072E+06,  7.849805184098E+06,  1.014946281349E+02,  4.800786044519E+06, -3.272404569543E-10, -4.463572622626E-09
   28,2, 40,   15.000, 0.50,     735.000,  7.963486628304E+06,  7.926403365991E+06,  7.888647390567E+06,  7.849746873558E+06,  1.015644279368E+02,  4.800733987439E+06,  1.147910211330E-09, -3.315562935313E-09
   28,2, 40,   15.000, 0.50,     750.000,  7.963427427922E+06,  7.926356011709E+06,  7.888459269831E+06,  7.849631351056E+06,  1.015873661188E+02,  4.800682625895E+06, -4.208544623907E-11, -3.357854438946E-09
   28,2, 40,   15.000, 0.50,     765.000,  7.963351185920E+06,  7.926263336784E+06,  7.888328202988E+06,  7.849404376107E+06,  1.016436795062E+02,  4.800631858737E+06,  1.858786902176E-09, -1.498847268522E-09
   28,2, 40,   15.000, 0.50,     780.000,  7.963307237161E+06,  7.926141895056E+06,  7.888272754505E+06,  7.849373902125E+06,  1.017599008949E+02,  4.800582385590E+06, -6.501608140752E-10, -2.149135980289E-09
   28,2, 40,   15.000, 0.50,     795.000,  7.963288763425E+06,  7.926080291577E+06,  7.888100781129E+06,  7.849208548312E+06,  1.018711334846E+02,  4.800534618348E+06, -5.340154984879E-10, -2.683009370230E-09
   28,2, 40,   15.000, 0.50,     810.000,  7.963243686956E+06,  7.926012699151E+06,  7.887983826477E+06,  7.849037653578E+06,  1.019207964049E+02,  4.800488057822E+06,  3.958575689467E-10, -2.287379174959E-09
   28,2, 40,   15.000, 0.50,     825.000,  7.963175351496E+06,  7.925891863192E+06,  7.887930542601E+06,  7.849003867050E+06,  1.019491809633E+02,  4.800442082652E+06, -8.994405220619E-10, -3.186869435012E-09
   28,2, 40,   15.000, 0.50,     840.000,  7.963131215898E+06,  7.925810554053E+06,  7.887772427873E+06,  7.848813285046E+06,  1.020255001097E+02,  4.800396892760E+06, -2.694306999729E-10, -3.456079866737E-09
   28,2, 40,   15.000, 0.50,     855.000,  7.963105892812E+06,  7.925761971994E+06,  7.887670233146E+06,  7.848700581138E+06,  1.021314275420E+02,  4.800353069718E+06,  1.366501578559E-09, -2.089564077323E-09
   28,2, 40,   15.000, 0.50,     870.000,  7.963061152848E+06,  7.925665776029E+06,  7.887613123827E+06,  7.848645027819E+06,  1.021959584679E+02,  4.800310525113E+06, -1.437761909528E-09, -3.527475200826E-09
   28,2, 40,   15.000, 0.50,     885.000,  7.963009786614E+06,  7.925578320649E+06,  7.887460999497E+06,  7.848458590391E+06,  1.022229280299E+02,  4.800268666761E+06,  1.691489615041E-09, -1.835815055529E-09
   28,2, 40,   15.000, 0.50,     900.000,  7.962978123565E+06,  7.925531677715E+06,  7.887369882547E+06,  7.850613426556E+06,  1.022810145916E+02,  4.800264946331E+06, -1.027871121551E-10, -1.938587956829E-09
   28,2, 40,   15.000, 0.50,     915.000,  7.962943563142E+06,  7.925447668125E+06,  7.887309986187E+06,  7.851677234183E+06,  1.023739605443E+02,  4.800299858645E+06,  5.678870707015E-10, -1.370608515572E-09
   28,2, 40,   15.000, 0.50,     930.000,  7.962893381203E+06,  7.925354327915E+06,  7.887187499400E+06,  7.850809373375E+06,  1.024366487352E+02,  4.800335938214E+06, -3.067853526773E-09, -4.438334144652E-09
   28,2, 40,   15.000, 0.50,     945.000,  7.962858013672E+06,  7.925309308915E+06,  7.887201232770E+06,  7.851860501883E+06,  1.024639357384E+02,  4.800372692598E+06,  2.663121279056E-09, -1.775333657861E-09
   28,2, 40,   15.000, 0.50,     960.000,  7.962834994061E+06,  7.925244864518E+06,  7.887398350000E+06,  7.851835622591E+06,  1.025178571903E+02,  4.800410056045E+06, -1.723542197851E-09, -3.498826117720E-09
   28,2, 40,   15.000, 0.50,     975.000,  7.962791317408E+06,  7.925156813956E+06,  7.887784006219E+06,  7.851651028419E+06,  1.026005151018E+02,  4.800448443837E+06,  6.622897785746E-10, -2.836713974830E-09
   28,2, 40,   15.000, 0.50,     990.000,  7.962744558220E+06,  7.925114044507E+06,  7.888368246566E+06,  7.852419962016E+06,  1.026530392963E+02,  4.800487845495E+06, -1.565190643760E-09, -4.401954356581E-09
   28,2, 40,   15.000, 0.50,    1005.000,  7.962722809882E+06,  7.925083983621E+06,  7.888721755232E+06,  7.852160287140E+06,  1.026801278324E+02,  4.800527844248E+06,  1.518749570550E-09, -2.883098204620E-09
   28,2, 40,   15.000, 0.50,    1020.000,  7.962696385631E+06,  7.925072326284E+06,  7.888626699909E+06,  7.852312258666E+06,  1.027368872286E+02,  4.800568471861E+06, -1.466560206609E-09, -4.349658411229E-09
   28,2, 40,   15.000, 0.50,    1035.000,  7.962649771871E+06,  7.925171709888E+06,  7.888543426471E+06,  7.852802808185E+06,  1.028094839408E+02,  4.800610069645E+06,  2.226620665624E-09, -2.123215381289E-09
   28,2, 40,   15.000, 0.50,    1050.000,  7.962619923958E+06,  7.925361607376E+06,  7.888768235932E+06,  7.852514724386E+06,  1.028486923429E+02,  4.800652505967E+06, -1.431153862086E-09, -3.554305294529E-09
   28,2, 40,   15.000, 0.50,    1065.000,  7.962610272868E+06,  7.925572456122E+06,  7.889052341193E+06,  7.852851138939E+06,  1.028787243428E+02,  4.800695461592E+06,  7.857252626309E-10, -2.768501872197E-09
   28,2, 40,   15.000, 0.50,    1080.000,  7.962596098657E+06,  7.925766425427E+06,  7.889088963880E+06,  7.853083613918E+06,  1.029397123858E+02,  4.800739099868E+06,  4.641478312806E-10, -2.304432200617E-09
   28,2, 40,   15.000, 0.50,    1095.000,  7.962603748712E+06,  7.925840788364E+06,  7.889038595904E+06,  7.852881341700E+06,  1.029969444578E+02,  4.800783624794E+06, -1.716870201562E-09, -4.021330823889E-09
   28,2, 40,   15.000, 0.50,    1110.000,  7.962664218323E+06,  7.925794571229E+06,  7.889254707387E+06,  7.853285704693E+06,  1.030207919019E+02,  4.800828757817E+06,  1.610814592823E-09, -2.410615707049E-09
   28,2, 40,   15.000, 0.50,    1125.000,  7.962756909821E+06,  7.925817292193E+06,  7.889464747126E+06,  7.853322114795E+06,  1.030480433774E+02,  4.800874274081E+06, -6.244320616133E-10, -3.034983819816E-09
   28,2, 40,   15.000, 0.50,    1140.000,  7.962862977621E+06,  7.925967889924E+06,  7.889394608000E+06,  7.853258418996E+06,  1.030824086691E+02,  4.800920252472E+06, -1.515680025932E-09, -4.550656740321E-09
   28,2, 40,   15.000, 0.50,    1155.000,  7.962968673928E+06,  7.926107365175E+06,  7.889485583765E+06,  7.853631772449E+06,  1.030676729747E+02,  4.800966378084E+06,  8.055565103859E-10, -3.745071808225E-09
   28,2, 40,   15.000, 0.50,    1170.000,  7.963030715585E+06,  7.926157602922E+06,  7.889734471795E+06,  7.853548162039E+06,  1.029933769206E+02,  4.801011835958E+06,  1.285492601255E-09, -2.459501047269E-09
   28,2, 40,   15.000, 0.50,    1185.000,  7.963042753608E+06,  7.926169631004E+06,  7.889719028333E+06,  7.853626177683E+06,  1.028872820538E+02,  4.801055940901E+06,  2.566359569300E-09,  1.068656274583E-10
   28,2, 40,   15.000, 0.50,    1200.000,  7.963063068545E+06,  7.926246301226E+06,  7.889748764034E+06,  7.853909690155E+06,  1.027352308014E+02,  4.801098109747E+06, -3.435850715050E-09, -3.328977982164E-09
   28,2, 40,   15.000, 0.50,    1215.000,  7.963124335038E+06,  7.926391073497E+06,  7.889974311643E+06,  7.853788152458E+06,  1.025445115483E+02,  4.801137707815E+06,  8.428457931586E-11, -3.244622348575E-09
   28,2, 40,   15.000, 0.50,    1230.000,  7.963205146988E+06,  7.926461062039E+06,  7.890002728899E+06,  7.853972046229E+06,  1.024002858466E+02,  4.801174793795E+06, -1.284959694203E-09, -4.529510988505E-09
   28,2, 40,   15.000, 0.50,    1245.000,  7.963270375024E+06,  7.926461934037E+06,  7.890014746086E+06,  7.854138810443E+06,  1.023528626111E+02,  4.801210442408E+06,  9.229736974703E-10, -3.606601239881E-09
   28,2, 40,   15.000, 0.50,    1260.000,  7.963290003195E+06,  7.926558576399E+06,  7.890206487624E+06,  7.854045537934E+06,  1.023583470070E+02,  4.801245776481E+06,  8.221334724112E-10, -2.784418029478E-09
   28,2, 40,   15.000, 0.50,    1275.000,  7.963285083596E+06,  7.926689500017E+06,  7.890261167834E+06,  7.854285243929E+06,  1.023624607893E+02,  4.801281182539E+06, -1.050707965078E-09, -3.835111783701E-09
   28,2, 40,   15.000, 0.50,    1290.000,  7.963318458565E+06,  7.926715045872E+06,  7.890273553904E+06,  7.854345401247E+06,  1.023257970004E+02,  4.801316344473E+06,  1.172679731098E-09, -2.662545739440E-09
   28,2, 40,   15.000, 0.50,    1305.000,  7.963379112598E+06,  7.926748433003E+06,  7.890435170573E+06,  7.854319128562E+06,  1.022204300172E+02,  4.801350441175E+06, -1.397921778334E-09, -4.060439096065E-09
   28,2, 40,   15.000, 0.50,    1320.000,  7.963402162565E+06,  7.926860761353E+06,  7.890503400110E+06,  7.854559185681E+06,  1.021015864631E+02,  4.801382856299E+06,  1.671310201345E-09, -2.389242581557E-09
   28,2, 40,   15.000, 0.50,    1335.000,  7.963408567164E+06,  7.926924309087E+06,  7.890521740902E+06,  7.854546120862E+06,  1.020637882617E+02,  4.801414096609E+06, -1.743629240991E-09, -4.132971298532E-09
   28,2, 40,   15.000, 0.50,    1350.000,  7.963455308896E+06,  7.926936627122E+06,  7.890659937468E+06,  7.854600757047E+06,  1.020814049893E+02,  4.801445185559E+06,  1.356077916626E-09, -2.776914698188E-09
   28,2, 40,   15.000, 0.50,    1365.000,  7.963512116676E+06,  7.927000036471E+06,  7.890732144037E+06,  7.854799279910E+06,  1.020487161313E+02,  4.801476161467E+06,  8.103739901344E-11, -2.695969669730E-09
   28,2, 40,   15.000, 0.50,    1380.000,  7.963531460716E+06,  7.927077956446E+06,  7.890754599091E+06,  7.854753776596E+06,  1.019574331995E+02,  4.801506207587E+06,  4.382343377074E-10, -2.257820597151E-09
   28,2, 40,   15.000, 0.50,    1395.000,  7.963536608938E+06,  7.927108484400E+06,  7.890874035102E+06,  7.854876535548E+06,  1.018837940300E+02,  4.801535016791E+06, -1.564757212691E-10, -2.414253685856E-09
   28,2, 40,   15.000, 0.50,    1410.000,  7.963565049685E+06,  7.927146732497E+06,  7.890941316343E+06,  7.855012190434E+06,  1.018598362824E+02,  4.801563094019E+06, -5.097788857711E-10, -2.924025466200E-09
   28,2, 40,   15.000, 0.50,    1425.000,  7.963610305837E+06,  7.927226179067E+06,  7.890962827857E+06,  7.854973741782E+06,  1.018516033574E+02,  4.801590929816E+06, -7.201279572655E-10, -3.644117896329E-09
   28,2, 40,   15.000, 0.50,    1440.000,  7.963640662009E+06,  7.927280075130E+06,  7.891068812532E+06,  7.855134307278E+06,  1.018091199281E+02,  4.801618385240E+06,  7.647074085071E-10, -2.879460225813E-09
   28,2, 40,   15.000, 0.50,    1455.000,  7.963651308292E+06,  7.927300371266E+06,  7.891130139789E+06,  7.855202261095E+06,  1.017308168590E+02,  4.801644934766E+06,  1.296648122207E-09, -1.582748154760E-09
   28,2, 40,   15.000, 0.50,    1470.000,  7.963674857904E+06,  7.927357959459E+06,  7.891153462244E+06,  7.855196256698E+06,  1.016828959000E+02,  4.801670537612E+06, -8.820393304632E-10, -2.464730641805E-09
   28,2, 40,   15.000, 0.50,    1485.000,  7.963712441753E+06,  7.927420734015E+06,  7.891255530251E+06,  7.855359565658E+06,  1.016849530104E+02,  4.801695796479E+06, -3.075939503105E-10, -2.772367224679E-09
   28,2, 40,   15.000, 0.50,    1500.000,  7.963730608330E+06,  7.927439323737E+06,  7.891313908584E+06,  7.855371387061E+06,  1.016568136593E+02,  4.801720859729E+06, -3.385736135897E-10, -3.110926627414E-09
   28,2, 40,   15.000, 0.50,    1515.000,  7.963745674457E+06,  7.927487729952E+06,  7.891340133874E+06,  7.855407516990E+06,  1.015793110506E+02,  4.801745130664E+06, -3.212718979739E-10, -3.432205630816E-09
   28,2, 40,   15.000, 0.50,    1530.000,  7.963782577637E+06,  7.927559290324E+06,  7.891435311258E+06,  7.855547643166E+06,  1.015391024975E+02,  4.801768518766E+06,  9.558434044266E-10, -2.476326699252E-09
   28,2, 40,   15.000, 0.50,    1545.000,  7.963805442880E+06,  7.927576311106E+06,  7.891481494771E+06,  7.855532458844E+06,  1.015418850904E+02,  4.801791626173E+06,  4.833893285650E-10, -1.992930265260E-09
   28,2, 40,   15.000, 0.50,    1560.000,  7.963810322238E+06,  7.927608187496E+06,  7.891507755314E+06,  7.855612119652E+06,  1.015053837077E+02,  4.801814480689E+06, -7.122338274712E-10, -2.705178303586E-09
   28,2, 40,   15.000, 0.50,    1575.000,  7.963841255515E+06,  7.927679162110E+06,  7.891597875209E+06,  7.855715637252E+06,  1.014404489994E+02,  4.801836574434E+06, -4.286562216294E-10, -3.133891368634E-09
   28,2, 40,   15.000, 0.50,    1590.000,  7.963876499462E+06,  7.927702389642E+06,  7.891635291944E+06,  7.855699723264E+06,  1.014150004612E+02,  4.801857990305E+06,  6.516671646750E-10, -2.482238414814E-09
   28,2, 40,   15.000, 0.50,    1605.000,  7.963881575306E+06,  7.927729105074E+06,  7.891667427767E+06,  7.855805490600E+06,  1.014068330032E+02,  4.801879154056E+06, -1.344425015759E-09, -3.826698957710E-09
   28,2, 40,   15.000, 0.50,    1620.000,  7.963895953634E+06,  7.927795095526E+06,  7.891752444301E+06,  7.855862803155E+06,  1.013658567150E+02,  4.801899949229E+06, -5.482192477757E-10, -4.374896889203E-09
   28,2, 40,   15.000, 0.50,    1635.000,  7.963932481437E+06,  7.927816374733E+06,  7.891778254079E+06,  7.855861447013E+06,  1.013170973453E+02,  4.801920071384E+06,  1.304613306274E-09, -3.070226739510E-09
   28,2, 40,   15.000, 0.50,    1650.000,  7.963950093018E+06,  7.927837504233E+06,  7.891815038496E+06,  7.855974504696E+06,  1.012965975987E+02,  4.801939674096E+06, -5.688889359590E-10, -3.639115675469E-09
   28,2, 40,   15.000, 0.50,    1665.000,  7.963957166484E+06,  7.927901723089E+06,  7.891894505778E+06,  7.855997663255E+06,  1.012812775722E+02,  4.801959008160E+06,  1.690835915724E-09, -1.948251338035E-09
   28,2, 40,   15.000, 0.50,    1680.000,  7.963982444885E+06,  7.927925456112E+06,  7.891913957389E+06,  7.856024940328E+06,  1.012415712942E+02,  4.801977929527E+06,  9.061125183507E-10, -1.042167241394E-09
   28,2, 40,   15.000, 0.50,    1695.000,  7.964006484020E+06,  7.927941508972E+06,  7.891957047535E+06,  7.856126928373E+06,  1.012006513103E+02,  4.801996246196E+06, -5.396358915277E-10, -1.581838660059E-09
   28,2, 40,   15.000, 0.50,    1710.000,  7.964017242060E+06,  7.927998450860E+06,  7.892025085020E+06,  7.856126968230E+06,  1.011860419344E+02,  4.802014146396E+06, -1.083321876649E-09, -2.665160536708E-09
   28,2, 40,   15.000, 0.50,    1725.000,  7.964033826700E+06,  7.928024266650E+06,  7.892037642198E+06,  7.856179439795E+06,  1.011679289243E+02,  4.802031801177E+06,  3.480380428300E-10, -2.317165126442E-09
   28,2, 40,   15.000, 0.50,    1740.000,  7.964055582517E+06,  7.928041726366E+06,  7.892088339425E+06,  7.856257448803E+06,  1.011240655411E+02,  4.802048991135E+06, -2.399310972123E-09, -4.716525836557E-09
   28,2, 40,   15.000, 0.50,    1755.000,  7.964069881808E+06,  7.928092109885E+06,  7.892146931859E+06,  7.856253725345E+06,  1.010951906217E+02,  4.802065635557E+06, -2.002309429372E-11, -4.736534719996E-09
   28,2, 40,   15.000, 0.50,    1770.000,  7.964083961460E+06,  7.928114698078E+06,  7.892157385152E+06,  7.856326626185E+06,  1.010889370772E+02,  4.802082016514E+06,  2.499824347524E-09, -2.236674845335E-09
   28,2, 40,   15.000, 0.50,    1785.000,  7.964102990146E+06,  7.928132420384E+06,  7.892211645356E+06,  7.856375534331E+06,  1.010580489895E+02,  4.802098118910E+06, -1.523893899957E-09, -3.760533218156E-09
   28,2, 40,   15.000, 0.50,    1800.000,  7.964117536456E+06,  7.928179681005E+06,  7.892256677202E+06,  7.856378118334E+06,  1.010180107940E+02,  4.802113689358E+06,  5.267963842925E-10, -3.233708412154E-09
   29,2, 40,   15.000, 0.65,       0.000,  7.964770372286E+06,  7.929384223663E+06,  7.893839449198E+06,  7.858133896350E+06,  1.000000000000E+02,  4.802776827728E+06,  0.000000000000E+00,  0.000000000000E+00
   29,2, 40,   15.000, 0.65,      15.000,  7.964770372286E+06,  7.929384223663E+06,  7.893839449198E+06,  7.858133896350E+06,  1.000000000000E+02,  4.802776827728E+06,  0.000000000000E+00,  0.000000000000E+00
   29,2, 40,   15.000, 0.65,      30.000,  7.964770372286E+06,  7.929384223663E+06,  7.893839449198E+06,  7.858133896350E+06,  1.000000000000E+02,  4.802776827728E+06,  0.000000000000E+00,  0.000000000000E+00
   29,2, 40,   15.000, 0.65,      45.000,  7.964770372286E+06,  7.929384223663E+06,  7.893839449198E+06,  7.858133896350E+06,  1.000000000000E+02,  4.802776827728E+06,  0.000000000000E+00,  0.000000000000E+00
   29,2, 40,   15.000, 0.65,      60.000,  7.964770372286E+06,  7.929384223663E+06,  7.893839449198E+06,  7.858133896350E+06,  1.000000000000E+02,  4.802776827728E+06,  0.000000000000E+00,  0.000000000000E+00
   29,2, 40,   15.000, 0.65,      75.000,  7.964770372286E+06,  7.929384223663E+06,  7.893839449198E+06,  7.858133896350E+06,  1.000000000000E+02,  4.802776827728E+06,  0.000000000000E+00,  0.000000000000E+00
   29,2, 40,   15.000, 0.65,      90.000,  7.964770372286E+06,  7.929384223663E+06,  7.893839449198E+06,  7.858133896350E+06,  1.000000000000E+02,  4.802776827728E+06,  0.000000000000E+00,  0.000000000000E+00
   29,2, 40,   15.000, 0.65,     105.000,  7.964770372286E+06,  7.929384223663E+06,  7.893839449198E+06,  7.858133896350E+06,  1.000000000000E+02,  4.802776827728E+06,  0.000000000000E+00,  0.000000000000E+00
   29,2, 40,   15.000, 0.65,     120.000,  7.964770372286E+06,  7.929384223663E+06,  7.893839449198E+06,  7.858133896350E+06,  1.000000000000E+02,  4.802776827728E+06,  0.000000000000E+00,  0.000000000000E+00
   29,2, 40,   15.000, 0.65,     135.000,  7.964770372286E+06,  7.929384223663E+06,  7.893839449198E+06,  7.858133896350E+06,  1.000000000000E+02,  4.802776827728E+06,  0.000000000000E+00,  0.000000000000E+00
   29,2, 40,   15.000, 0.65,     150.000,  7.964770372286E+06,  7.929384223663E+06,  7.893839449198E+06,  7.858133896350E+06,  1.000000000000E+02,  4.802776827728E+06,  0.000000000000E+00,  0.000000000000E+00
   29,2, 40,   15.000, 0.65,     165.000,  7.964770372286E+06,  7.929384223663E+06,  7.893839449198E+06,  7.858133896350E+06,  1.000000000000E+02,  4.802776827728E+06,  0.000000000000E+00,  0.000000000000E+00
   29,2, 40,   15.000, 0.65,     180.000,  7.964770372286E+06,  7.929384223663E+06,  7.893839449198E+06,  7.858133896350E+06,  1.000000000000E+02,  4.802776827728E+06,  0.000000000000E+00,  0.000000000000E+00
   29,2, 40,   15.000, 0.65,     195.000,  7.964770372286E+06,  7.929384223663E+06,  7.893839449198E+06,  7.858133896350E+06,  1.000000000000E+02,  4.802776827728E+06,  0.000000000000E+00,  0.000000000000E+00
   29,2, 40,   15.000, 0.65,     210.000,  7.964770372286E+06,  7.929384223663E+06,  7.893839449198E+06,  7.858133896350E+06,  1.000000000000E+02,  4.802776827728E+06,  0.000000000000E+00,  0.000000000000E+00
   29,2, 40,   15.000, 0.65,     225.000,  7.964770372286E+06,  7.929384223663E+06,  7.893839449198E+06,  7.858133896350E+06,  1.000000000000E+02,  4.802776827728E+06,  0.000000000000E+00,  0.000000000000E+00
   29,2, 40,   15.000, 0.65,     240.000,  7.964770372286E+06,  7.929384223663E+06,  7.893839449198E+06,  7.858133896350E+06,  1.000000000000E+02,  4.802776827728E+06,  0.000000000000E+00,  0.000000000000E+00
   29,2, 40,   15.000, 0.65,     255.000,  7.964770372286E+06,  7.929384223663E+06,  7.893839449198E+06,  7.858133896350E+06,  1.000000000000E+02,  4.802776827728E+06,  0.000000000000E+00,  0.000000000000E+00
   29,2, 40,   15.000, 0.65,     270.000,  7.964770372286E+06,  7.929384223663E+06,  7.893839449198E+06,  7.858133896350E+06,  1.000000000000E+02,  4.802776827728E+06,  0.000000000000E+00,  0.000000000000E+00
   29,2, 40,   15.000, 0.65,     285.000,  7.964770372286E+06,  7.929384223663E+06,  7.893839449198E+06,  7.858133896350E+06,  1.000000000000E+02,  4.802776827728E+06,  0.000000000000E+00,  0.000000000000E+00
   29,2, 40,   15.000, 0.65,     300.000,  7.964770372285E+06,  7.929384223144E+06,  7.893838346632E+06,  7.855777612698E+06,  1.000000000000E+02,  4.802728077728E+06, -1.869153276601E-09, -1.869153720691E-09
   29,2, 40,   15.000, 0.65,     315.000,  7.964770372278E+06,  7.929384212352E+06,  7.893826702974E+06,  7.855006166421E+06,  1.000000000000E+02,  4.802653077728E+06, -2.065815962737E-09, -3.934971459785E-09
   29,2, 40,   15.000, 0.65,     330.000,  7.964770372163E+06,  7.929384104786E+06,  7.893770269484E+06,  7.855057988441E+06,  1.000000000004E+02,  4.802578077728E+06,  1.338294808306E-09, -2.596664216981E-09
   29,2, 40,   15.000, 0.65,     345.000,  7.964770371044E+06,  7.929383422185E+06,  7.893605003620E+06,  7.854583101360E+06,  1.000000000057E+02,  4.802503077728E+06, -2.088422768054E-09, -4.685091425927E-09
   29,2, 40,   15.000, 0.65,     360.000,  7.964770363101E+06,  7.929380330769E+06,  7.893281241082E+06,  7.854308407351E+06,  1.000000000564E+02,  4.802428077729E+06,  1.411732064582E-09, -3.273385118518E-09
   29,2, 40,   15.000, 0.65,     375.000,  7.964770319488E+06,  7.929369717526E+06,  7.892837380272E+06,  7.854071468716E+06,  1.000000004352E+02,  4.802353077733E+06,  2.229950446520E-09, -1.043417796609E-09
   29,2, 40,   15.000, 0.65,     390.000,  7.964770126814E+06,  7.929341084031E+06,  7.892401898901E+06,  7.853785003856E+06,  1.000000027360E+02,  4.802278077762E+06, -1.648935210596E-09, -2.692331690923E-09
   29,2, 40,   15.000, 0.65,     405.000,  7.964769423812E+06,  7.929278981215E+06,  7.892083751531E+06,  7.853546211381E+06,  1.000000144010E+02,  4.802203077917E+06,  8.581579891143E-12, -2.683805178094E-09
   29,2, 40,   15.000, 0.65,     420.000,  7.964767266273E+06,  7.929169088227E+06,  7.891877107065E+06,  7.853314023830E+06,  1.000000647322E+02,  4.802128078624E+06,  4.191011981902E-10, -2.264755494252E-09
   29,2, 40,   15.000, 0.65,     435.000,  7.964761622377E+06,  7.929008816867E+06,  7.891702779416E+06,  7.853083868787E+06,  1.000002522168E+02,  4.802053081423E+06, -1.717399555901E-10, -2.436536306050E-09
   29,2, 40,   15.000, 0.65,     450.000,  7.964748915641E+06,  7.928814413041E+06,  7.891513088822E+06,  7.852869034355E+06,  1.000008617686E+02,  4.801978091149E+06, -4.139950604554E-10, -2.850583769032E-09
   29,2, 40,   15.000, 0.65,     465.000,  7.964724115083E+06,  7.928615469659E+06,  7.891317282320E+06,  7.852660177274E+06,  1.000026060285E+02,  4.801903121082E+06, -2.579527702551E-10, -3.108539203822E-09
   29,2, 40,   15.000, 0.65,     480.000,  7.964681918671E+06,  7.928437968219E+06,  7.891132450042E+06,  7.852457750813E+06,  1.000070275644E+02,  4.801828203283E+06,  6.914611105913E-10, -2.417095856799E-09
   29,2, 40,   15.000, 0.65,     495.000,  7.964619035259E+06,  7.928289588260E+06,  7.890956772730E+06,  7.852262984621E+06,  1.000170056216E+02,  4.801753405982E+06, -3.128555192689E-10, -2.729962034209E-09
   29,2, 40,   15.000, 0.65,     510.000,  7.964536534250E+06,  7.928160282295E+06,  7.890784200737E+06,  7.852073673098E+06,  1.000371266722E+02,  4.801678857247E+06, -1.271571292705E-09, -4.001549314125E-09
   29,2, 40,   15.000, 0.65,     525.000,  7.964440536826E+06,  7.928035720040E+06,  7.890615076441E+06,  7.851889837255E+06,  1.000734831421E+02,  4.801604768622E+06, -8.651479532773E-11, -4.087951310794E-09
   29,2, 40,   15.000, 0.65,     540.000,  7.964340175706E+06,  7.927909038109E+06,  7.890450752682E+06,  7.851711231379E+06,  1.001324632248E+02,  4.801531445925E+06,  1.111552627719E-09, -2.976321411552E-09
   29,2, 40,   15.000, 0.65,     555.000,  7.964243699062E+06,  7.927781411725E+06,  7.890290438594E+06,  7.851537184445E+06,  1.002184994807E+02,  4.801459271727E+06, -1.227853374530E-10, -3.099103196291E-09
   29,2, 40,   15.000, 0.65,     570.000,  7.964155257345E+06,  7.927655762218E+06,  7.890133449905E+06,  7.851367497589E+06,  1.003315191361E+02,  4.801388651161E+06,  1.942595417859E-09, -1.156422513304E-09
   29,2, 40,   15.000, 0.65,     585.000,  7.964074535849E+06,  7.927532759961E+06,  7.889979816109E+06,  7.851201872034E+06,  1.004655146586E+02,  4.801319930404E+06, -1.833857510292E-09, -2.990191205754E-09
   29,2, 40,   15.000, 0.65,     600.000,  7.963999080674E+06,  7.927411630662E+06,  7.889829392844E+06,  7.851039993507E+06,  1.006095314700E+02,  4.801253317288E+06,  6.416813747023E-10, -2.348542693653E-09
   29,2, 40,   15.000, 0.65,     615.000,  7.963927069420E+06,  7.927292035524E+06,  7.889681896096E+06,  7.850881652422E+06,  1.007511552961E+02,  4.801188841092E+06, -5.759019927609E-10, -2.924480213551E-09
   29,2, 40,   15.000, 0.65,     630.000,  7.963858381623E+06,  7.927174316206E+06,  7.889537179840E+06,  7.850726626006E+06,  1.008809114888E+02,  4.801126373545E+06, -1.699191898297E-10, -3.094328349107E-09
   29,2, 40,   15.000, 0.65,     645.000,  7.963793764814E+06,  7.927058877455E+06,  7.889395135436E+06,  7.850574712682E+06,  1.009951570286E+02,  4.801065701111E+06, -4.182520996210E-10, -3.512468538247E-09
   29,2, 40,   15.000, 0.65,     660.000,  7.963733514933E+06,  7.926946002279E+06,  7.889255641155E+06,  7.850425742440E+06,  1.010959065634E+02,  4.801006610775E+06,  6.817231223977E-10, -2.830802259268E-09
   29,2, 40,   15.000, 0.65,     675.000,  7.963676975781E+06,  7.926836014442E+06,  7.889118621997E+06,  7.850279554963E+06,  1.011880629535E+02,  4.800948947898E+06,  8.196199274835E-11, -2.748947736109E-09
   29,2, 40,   15.000, 0.65,     690.000,  7.963622960510E+06,  7.926729280382E+06,  7.888984053390E+06,  7.850136009880E+06,  1.012761242821E+02,  4.800892627440E+06,  3.897517864004E-10, -2.359229256399E-09
   29,2, 40,   15.000, 0.65,     705.000,  7.963570403762E+06,  7.926626055960E+06,  7.888851950289E+06,  7.849994988337E+06,  1.013623701223E+02,  4.800837610201E+06,  6.475637803760E-10, -1.711669028737E-09
   29,2, 40,   15.000, 0.65,     720.000,  7.963518702666E+06,  7.926526390559E+06,  7.888722374821E+06,  7.849856393017E+06,  1.014470469180E+02,  4.800783871352E+06, -8.812199858710E-10, -2.592969394755E-09
   29,2, 40,   15.000, 0.65,     735.000,  7.963467705684E+06,  7.926430121759E+06,  7.888595428489E+06,  7.849720155521E+06,  1.015295971927E+02,  4.800731381921E+06, -8.165903508939E-10, -3.409468263271E-09
   29,2, 40,   15.000, 0.65,     750.000,  7.963417539738E+06,  7.926336914700E+06,  7.888471228261E+06,  7.849586241909E+06,  1.016096598686E+02,  4.800680106490E+06,  9.796781164084E-10, -2.429715095786E-09
   29,2, 40,   15.000, 0.65,     765.000,  7.963368416975E+06,  7.926246343439E+06,  7.888349878176E+06,  7.849454657682E+06,  1.016873028084E+02,  4.800630008406E+06, -1.486358591762E-09, -3.916284185834E-09
   29,2, 40,   15.000, 0.65,     780.000,  7.963320487834E+06,  7.926158001808E+06,  7.888231438525E+06,  7.849325450645E+06,  1.017627709853E+02,  4.800581053763E+06,  2.085517536443E-09, -1.830812834669E-09
   29,2, 40,   15.000, 0.65,     795.000,  7.963273782066E+06,  7.926071593714E+06,  7.888115901852E+06,  7.849198707331E+06,  1.018362441222E+02,  4.800533211691E+06, -1.287363549096E-09, -3.118202585028E-09
   29,2, 40,   15.000, 0.65,     810.000,  7.963228239136E+06,  7.925986963891E+06,  7.888003187214E+06,  7.849074541652E+06,  1.019078022070E+02,  4.800486453044E+06, -4.675846376756E-10, -3.585682861740E-09
   29,2, 40,   15.000, 0.65,     825.000,  7.963183775506E+06,  7.925904069824E+06,  7.887893155978E+06,  7.848953075612E+06,  1.019774989977E+02,  4.800440749621E+06,  1.734928201103E-09, -1.850821718108E-09
   29,2, 40,   15.000, 0.65,     840.000,  7.963140328754E+06,  7.925822922809E+06,  7.887785644375E+06,  7.848834414590E+06,  1.020454068289E+02,  4.800396074207E+06, -1.226748924665E-09, -3.077730070800E-09
   29,2, 40,   15.000, 0.65,     855.000,  7.963097861183E+06,  7.925743532856E+06,  7.887680501279E+06,  7.848718623030E+06,  1.021116082826E+02,  4.800352400774E+06, -1.004791805315E-10, -3.178229235345E-09
   29,2, 40,   15.000, 0.65,     870.000,  7.963056344267E+06,  7.925665881201E+06,  7.887577616867E+06,  7.848605707464E+06,  1.021761780538E+02,  4.800309704454E+06,  1.067999466642E-09, -2.110027708113E-09
   29,2, 40,   15.000, 0.65,     885.000,  7.963015747691E+06,  7.925589922654E+06,  7.887476932337E+06,  7.848495612605E+06,  1.022391806928E+02,  4.800267961400E+06, -1.092614887455E-10, -2.219167072326E-09
   29,2, 40,   15.000, 0.65,     900.000,  7.962976038833E+06,  7.925515603572E+06,  7.887379507248E+06,  7.850748558653E+06,  1.023006765703E+02,  4.800275898695E+06, -8.754051927795E-10, -3.094555722782E-09
   29,2, 40,   15.000, 0.65,     915.000,  7.962937186488E+06,  7.925442885835E+06,  7.887294589558E+06,  7.851416686602E+06,  1.023607243458E+02,  4.800310994310E+06,  4.290070521051E-10, -2.665728970896E-09
   29,2, 40,   15.000, 0.65,     930.000,  7.962899163133E+06,  7.925371817226E+06,  7.887255886711E+06,  7.851262993891E+06,  1.024193796682E+02,  4.800346977064E+06, -2.671152188327E-10, -2.932665665867E-09
   29,2, 40,   15.000, 0.65,     945.000,  7.962861945494E+06,  7.925302831301E+06,  7.887326976810E+06,  7.851640314020E+06,  1.024766942380E+02,  4.800383826576E+06,  4.315197088545E-10, -2.501110429876E-09
   29,2, 40,   15.000, 0.65,     960.000,  7.962825517778E+06,  7.925237671377E+06,  7.887558386940E+06,  7.851818478567E+06,  1.025327161000E+02,  4.800421523203E+06,  9.851022220175E-10, -1.516127667855E-09
   29,2, 40,   15.000, 0.65,     975.000,  7.962789888666E+06,  7.925181256634E+06,  7.887913828021E+06,  7.851960985556E+06,  1.025874897198E+02,  4.800460047987E+06, -1.312443487222E-09, -2.828528522514E-09
   29,2, 40,   15.000, 0.65,     990.000,  7.962755149650E+06,  7.925143773935E+06,  7.888265516608E+06,  7.852155583001E+06,  1.026410547242E+02,  4.800499382592E+06, -1.152193451759E-09, -3.980858309660E-09
   29,2, 40,   15.000, 0.65,    1005.000,  7.962721629829E+06,  7.925140385790E+06,  7.888502566599E+06,  7.852304139852E+06,  1.026934413214E+02,  4.800539509182E+06,  1.830805729242E-09, -2.150045474991E-09
   29,2, 40,   15.000, 0.65,    1020.000,  7.962690214990E+06,  7.925185466804E+06,  7.888628974390E+06,  7.852448152024E+06,  1.027446552538E+02,  4.800580410138E+06, -1.899221668822E-09, -4.049070412293E-09
   29,2, 40,   15.000, 0.65,    1035.000,  7.962662833530E+06,  7.925282210808E+06,  7.888724197402E+06,  7.852592153294E+06,  1.027946338255E+02,  4.800622067258E+06, -1.989706177596E-10, -4.248249751981E-09
   29,2, 40,   15.000, 0.65,    1050.000,  7.962642909904E+06,  7.925415248481E+06,  7.888836795784E+06,  7.852722630083E+06,  1.028431370051E+02,  4.800664459671E+06,  5.153397708568E-10, -3.733021003427E-09
   29,2, 40,   15.000, 0.65,    1065.000,  7.962635313180E+06,  7.925555457596E+06,  7.888957472066E+06,  7.852849020022E+06,  1.028895226440E+02,  4.800707558986E+06, -4.279234744331E-10, -4.160938260611E-09
   29,2, 40,   15.000, 0.65,    1080.000,  7.962645265122E+06,  7.925676552389E+06,  7.889068712227E+06,  7.852970799394E+06,  1.029323694754E+02,  4.800751319582E+06,  1.450267461678E-09, -2.710748958634E-09
   29,2, 40,   15.000, 0.65,    1095.000,  7.962676160472E+06,  7.925770147620E+06,  7.889172297192E+06,  7.853086671423E+06,  1.029689961233E+02,  4.800795662234E+06,  1.027540275089E-09, -1.683247319306E-09
   29,2, 40,   15.000, 0.65,    1110.000,  7.962727239380E+06,  7.925845820666E+06,  7.889274388917E+06,  7.853198838123E+06,  1.029950951545E+02,  4.800840451642E+06, -6.851821332532E-10, -2.368324203417E-09
   29,2, 40,   15.000, 0.65,    1125.000,  7.962792776751E+06,  7.925917858066E+06,  7.889374602038E+06,  7.853307229945E+06,  1.030048872276E+02,  4.800885473542E+06, -1.230134216712E-09, -3.598415787565E-09
   29,2, 40,   15.000, 0.65,    1140.000,  7.962863920673E+06,  7.925993231670E+06,  7.889471504805E+06,  7.853412054926E+06,  1.029922154424E+02,  4.800930423300E+06,  1.698935214733E-09, -1.899479684653E-09
   29,2, 40,   15.000, 0.65,    1155.000,  7.962932460188E+06,  7.926070774421E+06,  7.889565871756E+06,  7.853513956309E+06,  1.029526416593E+02,  4.800974920687E+06, -1.106775560089E-09, -3.006334736710E-09
   29,2, 40,   15.000, 0.65,    1170.000,  7.962994085315E+06,  7.926147486197E+06,  7.889658370840E+06,  7.853613094936E+06,  1.028858897855E+02,  4.801018559482E+06, -1.459810050619E-10, -3.152308636345E-09
   29,2, 40,   15.000, 0.65,    1185.000,  7.963048915218E+06,  7.926222642556E+06,  7.889748935164E+06,  7.853709736413E+06,  1.027973198123E+02,  4.801060984271E+06, -9.178515725239E-10, -4.070216164109E-09
   29,2, 40,   15.000, 0.65,    1200.000,  7.963099294941E+06,  7.926297010893E+06,  7.889837678646E+06,  7.853804163277E+06,  1.026971626885E+02,  4.801101967536E+06,  4.291003108392E-10, -3.641162038548E-09
   29,2, 40,   15.000, 0.65,    1215.000,  7.963147026636E+06,  7.926370927500E+06,  7.889924860908E+06,  7.853896551791E+06,  1.025973278206E+02,  4.801141451587E+06,  4.840630118963E-10, -3.157083483529E-09
   29,2, 40,   15.000, 0.65,    1230.000,  7.963192224752E+06,  7.926444036235E+06,  7.890010600175E+06,  7.853987093254E+06,  1.025071891354E+02,  4.801179532652E+06,  6.069029723221E-10, -2.550223143771E-09
   29,2, 40,   15.000, 0.65,    1245.000,  7.963234090920E+06,  7.926515920690E+06,  7.890094977840E+06,  7.854075958259E+06,  1.024306556810E+02,  4.801216394288E+06,  6.974665289761E-10, -1.852868081187E-09
   29,2, 40,   15.000, 0.65,    1260.000,  7.963272232176E+06,  7.926586294460E+06,  7.890178091223E+06,  7.854163286094E+06,  1.023661359563E+02,  4.801252225056E+06, -1.491974987999E-09, -3.344894139445E-09
   29,2, 40,   15.000, 0.65,    1275.000,  7.963307196426E+06,  7.926654828509E+06,  7.890259992039E+06,  7.854249207351E+06,  1.023090871597E+02,  4.801287160869E+06, -1.284264250501E-09, -4.629100658349E-09
   29,2, 40,   15.000, 0.65,    1290.000,  7.963340084442E+06,  7.926721140638E+06,  7.890340683116E+06,  7.854333833351E+06,  1.022552077518E+02,  4.801321271852E+06,  1.078494626938E-09, -3.550667315722E-09
   29,2, 40,   15.000, 0.65,    1305.000,  7.963371912605E+06,  7.926784946398E+06,  7.890420129827E+06,  7.854417254719E+06,  1.022022810189E+02,  4.801354583933E+06,  9.063696460032E-10, -2.644355845405E-09
   29,2, 40,   15.000, 0.65,    1320.000,  7.963403269935E+06,  7.926846154966E+06,  7.890498251486E+06,  7.854499541616E+06,  1.021500713028E+02,  4.801387109104E+06, -2.693529843611E-10, -2.913793650805E-09
   29,2, 40,   15.000, 0.65,    1335.000,  7.963434316739E+06,  7.926904877359E+06,  7.890574927863E+06,  7.854580736412E+06,  1.020991511562E+02,  4.801418863702E+06,  1.306831531878E-09, -1.606849764357E-09
   29,2, 40,   15.000, 0.65,    1350.000,  7.963464941001E+06,  7.926961394505E+06,  7.890650021588E+06,  7.854660848229E+06,  1.020499116257E+02,  4.801449870884E+06, -5.441762596092E-10, -2.150954969693E-09
   29,2, 40,   15.000, 0.65,    1365.000,  7.963494938843E+06,  7.927016084810E+06,  7.890723404858E+06,  7.854739847902E+06,  1.020023179805E+02,  4.801480155520E+06, -1.460171095147E-09, -3.611148713389E-09
   29,2, 40,   15.000, 0.65,    1380.000,  7.963524157584E+06,  7.927069319130E+06,  7.890794989276E+06,  7.854817664766E+06,  1.019561531188E+02,  4.801509740182E+06,  3.083739930076E-10, -3.302830009488E-09
   29,2, 40,   15.000, 0.65,    1395.000,  7.963552558328E+06,  7.927121371122E+06,  7.890864750160E+06,  7.854894189621E+06,  1.019112606427E+02,  4.801538644777E+06,  5.195359698007E-10, -2.783281161101E-09
   29,2, 40,   15.000, 0.65,    1410.000,  7.963580190887E+06,  7.927172382780E+06,  7.890932733899E+06,  7.854969285256E+06,  1.018675825288E+02,  4.801566887825E+06,  5.843610040301E-10, -2.198930815211E-09
   29,2, 40,   15.000, 0.65,    1425.000,  7.963607129322E+06,  7.927222386994E+06,  7.890999044638E+06,  7.855042804864E+06,  1.018250864738E+02,  4.801594487227E+06, -2.352507078029E-10, -2.434262569295E-09
   29,2, 40,   15.000, 0.65,    1440.000,  7.963633427908E+06,  7.927271362039E+06,  7.891063814147E+06,  7.855114616169E+06,  1.017837203971E+02,  4.801621460205E+06, -3.642519619262E-10, -2.798515197355E-09
   29,2, 40,   15.000, 0.65,    1455.000,  7.963659116678E+06,  7.927319284890E+06,  7.891127165452E+06,  7.855184625697E+06,  1.017434205305E+02,  4.801647823087E+06,  1.616171640961E-10, -2.636852514115E-09
   29,2, 40,   15.000, 0.65,    1470.000,  7.963684216500E+06,  7.927366159221E+06,  7.891189184146E+06,  7.855252796389E+06,  1.017041299472E+02,  4.801673591312E+06, -1.931000692679E-09, -4.567937139655E-09
   29,2, 40,   15.000, 0.65,    1485.000,  7.963708750054E+06,  7.927412014428E+06,  7.891249907493E+06,  7.855319152703E+06,  1.016658011233E+02,  4.801698779555E+06,  1.402246763149E-09, -3.165723683196E-09
   29,2, 40,   15.000, 0.65,    1500.000,  7.963732742489E+06,  7.927456889159E+06,  7.891309332853E+06,  7.855383771035E+06,  1.016283899843E+02,  4.801723401813E+06, -2.526108211498E-10, -3.418335836614E-09
   29,2, 40,   15.000, 0.65,    1515.000,  7.963756217736E+06,  7.927500815935E+06,  7.891367438520E+06,  7.855446758448E+06,  1.015918534226E+02,  4.801747471431E+06,  2.044397762191E-09, -1.374019120703E-09
   29,2, 40,   15.000, 0.65,    1530.000,  7.963779196273E+06,  7.927543815203E+06,  7.891424205986E+06,  7.855508227012E+06,  1.015561506807E+02,  4.801771001131E+06, -2.238610408156E-09, -3.612626642280E-09
   29,2, 40,   15.000, 0.65,    1545.000,  7.963801695175E+06,  7.927585897607E+06,  7.891479634486E+06,  7.855568272367E+06,  1.015212443806E+02,  4.801794003055E+06,  1.100253221864E-10, -3.502577783365E-09
   29,2, 40,   15.000, 0.65,    1560.000,  7.963823728735E+06,  7.927627069042E+06,  7.891533744516E+06,  7.855626962703E+06,  1.014871002565E+02,  4.801816488815E+06,  4.758375915515E-10, -3.026684680663E-09
   29,2, 40,   15.000, 0.65,    1575.000,  7.963845308521E+06,  7.927667334547E+06,  7.891586572721E+06,  7.855684339516E+06,  1.014536869287E+02,  4.801838469539E+06, -5.348630427449E-10, -3.561581252143E-09
   29,2, 40,   15.000, 0.65,    1590.000,  7.963866443109E+06,  7.927706700352E+06,  7.891638163301E+06,  7.855740426579E+06,  1.014209762356E+02,  4.801859955914E+06, -7.641820509718E-11, -3.637978807092E-09
   29,2, 40,   15.000, 0.65,    1605.000,  7.963887138094E+06,  7.927745175069E+06,  7.891688560447E+06,  7.855795241209E+06,  1.013889436902E+02,  4.801880958240E+06, -5.018172544169E-10, -4.139792508795E-09
   29,2, 40,   15.000, 0.65,    1620.000,  7.963907396584E+06,  7.927782770671E+06,  7.891737803880E+06,  7.855848802638E+06,  1.013575687879E+02,  4.801901486490E+06,  2.876877402969E-09, -1.262947080249E-09
   29,2, 40,   15.000, 0.65,    1635.000,  7.963927220000E+06,  7.927819502992E+06,  7.891785927464E+06,  7.855901135296E+06,  1.013268352052E+02,  4.801921550370E+06, -1.345618727555E-09, -2.608544491522E-09
   29,2, 40,   15.000, 0.65,    1650.000,  7.963946609025E+06,  7.927855391319E+06,  7.891832959810E+06,  7.855952267857E+06,  1.012967308601E+02,  4.801941159380E+06, -2.585834213420E-09, -5.194351615501E-09
   29,2, 40,   15.000, 0.65,    1665.000,  7.963965564614E+06,  7.927890457104E+06,  7.891878925823E+06,  7.856002230523E+06,  1.012672476864E+02,  4.801960322882E+06,  1.507646674170E-09, -3.686750460474E-09
   29,2, 40,   15.000, 0.65,    1680.000,  7.963984088904E+06,  7.927924722286E+06,  7.891923848396E+06,  7.856051052735E+06,  1.012383810187E+02,  4.801979050147E+06,  1.143876549037E-09, -2.542833499319E-09
   29,2, 40,   15.000, 0.65,    1695.000,  7.964002185877E+06,  7.927958207852E+06,  7.891967749764E+06,  7.856098762255E+06,  1.012101285911E+02,  4.801997350402E+06,  1.082351985815E-09, -1.460534804210E-09
   29,2, 40,   15.000, 0.65,    1710.000,  7.964019861625E+06,  7.927990933001E+06,  7.892010652220E+06,  7.856145385327E+06,  1.011824892378E+02,  4.802015232847E+06, -1.999337140290E-09, -3.459831532382E-09
   29,2, 40,   15.000, 0.65,    1725.000,  7.964037124205E+06,  7.928022915006E+06,  7.892052578222E+06,  7.856190947198E+06,  1.011554614644E+02,  4.802032706665E+06,  8.197664769227E-12, -3.451646080066E-09
   29,2, 40,   15.000, 0.65,    1740.000,  7.964053983177E+06,  7.928054169604E+06,  7.892093550102E+06,  7.856235472468E+06,  1.011290421231E+02,  4.802049780998E+06,  2.761688655539E-10, -3.175500751240E-09
   29,2, 40,   15.000, 0.65,    1755.000,  7.964070448974E+06,  7.928084711632E+06,  7.892133589709E+06,  7.856278985152E+06,  1.011032254434E+02,  4.802066464917E+06, -1.185833209405E-09, -4.361368155514E-09
   29,2, 40,   15.000, 0.65,    1770.000,  7.964086532280E+06,  7.928114555614E+06,  7.892172718199E+06,  7.856321508611E+06,  1.010780026015E+02,  4.802082767376E+06, -5.444455997150E-10, -4.905814421363E-09
   29,2, 40,   15.000, 0.65,    1785.000,  7.964102243543E+06,  7.928143716141E+06,  7.892210956025E+06,  7.856363065495E+06,  1.010533618919E+02,  4.802098697168E+06,  7.719669348205E-10, -4.133880793233E-09
   29,2, 40,   15.000, 0.65,    1800.000,  7.964117592704E+06,  7.928172207990E+06,  7.892248323025E+06,  7.856403677754E+06,  1.010292894152E+02,  4.802114262890E+06,  1.114967229654E-09, -3.018953975698E-09
   30,2, 40,   15.000, 1.00,       0.000,  7.964770372286E+06,  7.929384223663E+06,  7.893839449198E+06,  7.858133896350E+06,  1.000000000000E+02,  4.802776827728E+06,  0.000000000000E+00,  0.000000000000E+00
   30,2, 40,   15.000, 1.00,      15.000,  7.964770372286E+06,  7.929384223663E+06,  7.893839449198E+06,  7.858133896350E+06,  1.000000000000E+02,  4.802776827728E+06,  0.000000000000E+00,  0.000000000000E+00
   30,2, 40,   15.000, 1.00,      30.000,  7.964770372286E+06,  7.929384223663E+06,  7.893839449198E+06,  7.858133896350E+06,  1.000000000000E+02,  4.802776827728E+06,  0.000000000000E+00,  0.000000000000E+00
   30,2, 40,   15.000, 1.00,      45.000,  7.964770372286E+06,  7.929384223663E+06,  7.893839449198E+06,  7.858133896350E+06,  1.000000000000E+02,  4.802776827728E+06,  0.000000000000E+00,  0.000000000000E+00
   30,2, 40,   15.000, 1.00,      60.000,  7.964770372286E+06,  7.929384223663E+06,  7.893839449198E+06,  7.858133896350E+06,  1.000000000000E+02,  4.802776827728E+06,  0.000000000000E+00,  0.000000000000E+00
   30,2, 40,   15.000, 1.00,      75.000,  7.964770372286E+06,  7.929384223663E+06,  7.893839449198E+06,  7.858133896350E+06,  1.000000000000E+02,  4.802776827728E+06,  0.000000000000E+00,  0.000000000000E+00
   30,2, 40,   15.000, 1.00,      90.000,  7.964770372286E+06,  7.929384223663E+06,  7.893839449198E+06,  7.858133896350E+06,  1.000000000000E+02,  4.802776827728E+06,  0.000000000000E+00,  0.000000000000E+00
   30,2, 40,   15.000, 1.00,     105.000,  7.964770372286E+06,  7.929384223663E+06,  7.893839449198E+06,  7.858133896350E+06,  1.000000000000E+02,  4.802776827728E+06,  0.000000000000E+00,  0.000000000000E+00
   30,2, 40,   15.000, 1.00,     120.000,  7.964770372286E+06,  7.929384223663E+06,  7.893839449198E+06,  7.858133896350E+06,  1.000000000000E+02,  4.802776827728E+06,  0.000000000000E+00,  0.000000000000E+00
   30,2, 40,   15.000, 1.00,     135.000,  7.964770372286E+06,  7.929384223663E+06,  7.893839449198E+06,  7.858133896350E+06,  1.000000000000E+02,  4.802776827728E+06,  0.000000000000E+00,  0.000000000000E+00
   30,2, 40,   15.000, 1.00,     150.000,  7.964770372286E+06,  7.929384223663E+06,  7.893839449198E+06,  7.858133896350E+06,  1.000000000000E+02,  4.802776827728E+06,  0.000000000000E+00,  0.000000000000E+00
   30,2, 40,   15.000, 1.00,     165.000,  7.964770372286E+06,  7.929384223663E+06,  7.893839449198E+06,  7.858133896350E+06,  1.000000000000E+02,  4.802776827728E+06,  0.000000000000E+00,  0.000000000000E+00
   30,2, 40,   15.000, 1.00,     180.000,  7.964770372286E+06,  7.929384223663E+06,  7.893839449198E+06,  7.858133896350E+06,  1.000000000000E+02,  4.802776827728E+06,  0.000000000000E+00,  0.000000000000E+00
   30,2, 40,   15.000, 1.00,     195.000,  7.964770372286E+06,  7.929384223663E+06,  7.893839449198E+06,  7.858133896350E+06,  1.000000000000E+02,  4.802776827728E+06,  0.000000000000E+00,  0.000000000000E+00
   30,2, 40,   15.000, 1.00,     210.000,  7.964770372286E+06,  7.929384223663E+06,  7.893839449198E+06,  7.858133896350E+06,  1.000000000000E+02,  4.802776827728E+06,  0.000000000000E+00,  0.000000000000E+00
   30,2, 40,   15.000, 1.00,     225.000,  7.964770372286E+06,  7.929384223663E+06,  7.893839449198E+06,  7.858133896350E+06,  1.000000000000E+02,  4.802776827728E+06,  0.000000000000E+00,  0.000000000000E+00
   30,2, 40,   15.000, 1.00,     240.000,  7.964770372286E+06,  7.929384223663E+06,  7.893839449198E+06,  7.858133896350E+06,  1.000000000000E+02,  4.802776827728E+06,  0.000000000000E+00,  0.000000000000E+00
   30,2, 40,   15.000, 1.00,     255.000,  7.964770372286E+06,  7.929384223663E+06,  7.893839449198E+06,  7.858133896350E+06,  1.000000000000E+02,  4.802776827728E+06,  0.000000000000E+00,  0.000000000000E+00
   30,2, 40,   15.000, 1.00,     270.000,  7.964770372286E+06,  7.929384223663E+06,  7.893839449198E+06,  7.858133896350E+06,  1.000000000000E+02,  4.802776827728E+06,  0.000000000000E+00,  0.000000000000E+00
   30,2, 40,   15.000, 1.00,     285.000,  7.964770372286E+06,  7.929384223663E+06,  7.893839449198E+06,  7.858133896350E+06,  1.000000000000E+02,  4.802776827728E+06,  0.000000000000E+00,  0.000000000000E+00
   30,2, 40,   15.000, 1.00,     300.000,  7.964770371948E+06,  7.929384157601E+06,  7.893826482550E+06,  7.855571798416E+06,  1.000000000068E+02,  4.802701827728E+06, -4.833907496504E-09, -4.833907496504E-09
   30,2, 40,   15.000, 1.00,     315.000,  7.964770367314E+06,  7.929383549032E+06,  7.893765597532E+06,  7.855096315968E+06,  1.000000001292E+02,  4.802626827730E+06,  3.616946742113E-10, -4.472212822293E-09
   30,2, 40,   15.000, 1.00,     330.000,  7.964770335304E+06,  7.929380717907E+06,  7.893619320906E+06,  7.854823203290E+06,  1.000000012400E+02,  4.802551827749E+06,  3.382183422218E-09, -1.090029400075E-09
   30,2, 40,   15.000, 1.00,     345.000,  7.964770186944E+06,  7.929371845453E+06,  7.893378583247E+06,  7.854534963479E+06,  1.000000079840E+02,  4.802476827868E+06, -9.514167231828E-10, -2.041474544967E-09
   30,2, 40,   15.000, 1.00,     360.000,  7.964769667824E+06,  7.929350754742E+06,  7.893070897447E+06,  7.854253654844E+06,  1.000000388208E+02,  4.802401828451E+06, -1.007535388453E-09, -3.049024144275E-09
   30,2, 40,   15.000, 1.00,     375.000,  7.964768204559E+06,  7.929310135718E+06,  7.892740971345E+06,  7.853987108337E+06,  1.000001520887E+02,  4.802326830732E+06, -1.578484898346E-09, -4.627509042621E-09
   30,2, 40,   15.000, 1.00,     390.000,  7.964764741908E+06,  7.929243976745E+06,  7.892425890436E+06,  7.853733819061E+06,  1.000005002541E+02,  4.802251838236E+06,  2.157179324058E-09, -2.470301296853E-09
   30,2, 40,   15.000, 1.00,     405.000,  7.964757661841E+06,  7.929149961616E+06,  7.892143450870E+06,  7.853492004810E+06,  1.000014215133E+02,  4.802176859559E+06, -8.843699106365E-10, -3.354671207489E-09
   30,2, 40,   15.000, 1.00,     420.000,  7.964744881703E+06,  7.929030480709E+06,  7.891894815368E+06,  7.853260413557E+06,  1.000035639956E+02,  4.802101913019E+06,  9.850964488578E-11, -3.256218406023E-09
   30,2, 40,   15.000, 1.00,     435.000,  7.964724169383E+06,  7.928891772622E+06,  7.891672950718E+06,  7.853038021278E+06,  1.000080136421E+02,  4.802027033223E+06,  2.248413011330E-09, -1.007833816402E-09
   30,2, 40,   15.000, 1.00,     450.000,  7.964693610709E+06,  7.928741804151E+06,  7.891469575453E+06,  7.852823938785E+06,  1.000163721936E+02,  4.801952278806E+06, -2.905665041908E-09, -3.913555701729E-09
   30,2, 40,   15.000, 1.00,     465.000,  7.964652077315E+06,  7.928588022025E+06,  7.891278371799E+06,  7.852617393015E+06,  1.000307228382E+02,  4.801877739649E+06,  3.323762598484E-09, -5.898073140997E-10
   30,2, 40,   15.000, 1.00,     480.000,  7.964599526955E+06,  7.928435879552E+06,  7.891095451541E+06,  7.852417711469E+06,  1.000534412376E+02,  4.801803541267E+06, -2.553747435741E-09, -3.143554749840E-09
   30,2, 40,   15.000, 1.00,     495.000,  7.964537033731E+06,  7.928288421875E+06,  7.890918698208E+06,  7.852224306793E+06,  1.000868584607E+02,  4.801729844144E+06,  5.646825229633E-10, -2.578872226877E-09
   30,2, 40,   15.000, 1.00,     510.000,  7.964466554512E+06,  7.928146680230E+06,  7.890747004780E+06,  7.852036663751E+06,  1.001328420639E+02,  4.801656836775E+06, -2.438582669129E-10, -2.822616806952E-09
   30,2, 40,   15.000, 1.00,     525.000,  7.964390531109E+06,  7.928010416733E+06,  7.890579756604E+06,  7.851854328521E+06,  1.001924046294E+02,  4.801584722845E+06, -1.262492332899E-10, -2.948809196823E-09
   30,2, 40,   15.000, 1.00,     540.000,  7.964311464854E+06,  7.927878836614E+06,  7.890416559442E+06,  7.851676899881E+06,  1.002654531942E+02,  4.801513704642E+06,  6.384084372257E-10, -2.310343916179E-09
   30,2, 40,   15.000, 1.00,     555.000,  7.964231577220E+06,  7.927751077827E+06,  7.890257119203E+06,  7.851504021957E+06,  1.003507538396E+02,  4.801443965950E+06, -1.654271386542E-09, -3.964714778704E-09
   30,2, 40,   15.000, 1.00,     570.000,  7.964152612775E+06,  7.927626456776E+06,  7.890101195328E+06,  7.851335378313E+06,  1.004461194298E+02,  4.801375657741E+06, -5.398987923400E-10, -4.504727257881E-09
   30,2, 40,   15.000, 1.00,     585.000,  7.964075782464E+06,  7.927504536321E+06,  7.889948584406E+06,  7.851170687233E+06,  1.005487627310E+02,  4.801308889182E+06,  6.929354867680E-10, -3.811692295130E-09
   30,2, 40,   15.000, 1.00,     600.000,  7.964001808444E+06,  7.927385098171E+06,  7.889799114714E+06,  7.851009698068E+06,  1.006557168023E+02,  4.801243724934E+06,  1.881900857370E-09, -1.929720383487E-09
   30,2, 40,   15.000, 1.00,     615.000,  7.963931021574E+06,  7.927268081090E+06,  7.889652644213E+06,  7.850852188537E+06,  1.007642207179E+02,  4.801180188245E+06,  5.134239700055E-10, -1.416310624336E-09
   30,2, 40,   15.000, 1.00,     630.000,  7.963863471510E+06,  7.927153518343E+06,  7.889509059332E+06,  7.850697962871E+06,  1.008719962325E+02,  4.801118268189E+06, -9.728466920933E-10, -2.389242581557E-09
   30,2, 40,   15.000, 1.00,     645.000,  7.963799025545E+06,  7.927041487218E+06,  7.889368273464E+06,  7.850546850653E+06,  1.009773840984E+02,  4.801057928950E+06, -5.777707201560E-10, -2.966999090859E-09
   30,2, 40,   15.000, 1.00,     660.000,  7.963737446811E+06,  7.926932072611E+06,  7.889230224649E+06,  7.850398706151E+06,  1.010793498093E+02,  4.800999119197E+06,  7.054268280626E-11, -2.896513251471E-09
   30,2, 40,   15.000, 1.00,     675.000,  7.963678451505E+06,  7.926825342839E+06,  7.889094872238E+06,  7.850253407893E+06,  1.011773955371E+02,  4.800941780130E+06,  7.489688869100E-10, -2.147544364561E-09
   30,2, 40,   15.000, 1.00,     690.000,  7.963621748430E+06,  7.926721335370E+06,  7.888962192534E+06,  7.850110858191E+06,  1.012714242303E+02,  4.800885851494E+06, -4.128679620408E-10, -2.560454959166E-09
   30,2, 40,   15.000, 1.00,     705.000,  7.963567064666E+06,  7.926620050519E+06,  7.888832173672E+06,  7.849970982321E+06,  1.013615964923E+02,  4.800831275441E+06,  6.227054427654E-10, -1.937678462127E-09
   30,2, 40,   15.000, 1.00,     720.000,  7.963514160464E+06,  7.926521451520E+06,  7.888704810194E+06,  7.849833727083E+06,  1.014482075916E+02,  4.800777998555E+06, -4.421139010446E-10, -2.379692887189E-09
   30,2, 40,   15.000, 1.00,     735.000,  7.963462835793E+06,  7.926425469309E+06,  7.888580097856E+06,  7.849699058581E+06,  1.015315973131E+02,  4.800725972515E+06, -8.930385320127E-10, -3.272816684330E-09
   30,2, 40,   15.000, 1.00,     750.000,  7.963412930666E+06,  7.926332010316E+06,  7.888458029203E+06,  7.849566959164E+06,  1.016120936998E+02,  4.800675153920E+06, -2.106759211529E-10, -3.483364707790E-09
   30,2, 40,   15.000, 1.00,     765.000,  7.963364321251E+06,  7.926240965532E+06,  7.888338590333E+06,  7.849437423630E+06,  1.016899847726E+02,  4.800625503692E+06, -3.403641812838E-10, -3.823515726253E-09
   30,2, 40,   15.000, 1.00,     780.000,  7.963316913657E+06,  7.926152219357E+06,  7.888221759049E+06,  7.849310454929E+06,  1.017655097136E+02,  4.800576986338E+06,  6.678959607598E-10, -3.155491867801E-09
   30,2, 40,   15.000, 1.00,     795.000,  7.963270636987E+06,  7.926065657114E+06,  7.888107504396E+06,  7.849186059708E+06,  1.018388614053E+02,  4.800529569259E+06,  1.356568191113E-10, -3.019977157237E-09
   30,2, 40,   15.000, 1.00,     810.000,  7.963225436837E+06,  7.925981170618E+06,  7.887995787354E+06,  7.849064244070E+06,  1.019101941162E+02,  4.800483222170E+06,  6.025118182151E-10, -2.417436917312E-09
   30,2, 40,   15.000, 1.00,     825.000,  7.963181269907E+06,  7.925898661635E+06,  7.887886562342E+06,  7.848945009930E+06,  1.019796323506E+02,  4.800437916656E+06, -1.160472606898E-09, -3.577952156775E-09
   30,2, 40,   15.000, 1.00,     840.000,  7.963138099996E+06,  7.925818043440E+06,  7.887779779132E+06,  7.848828352231E+06,  1.020472787652E+02,  4.800393625837E+06, -1.694971274446E-09, -5.272795533529E-09
   30,2, 40,   15.000, 1.00,     855.000,  7.963095895302E+06,  7.925739240876E+06,  7.887675384793E+06,  7.848714257198E+06,  1.021132203615E+02,  4.800350324143E+06,  2.402487098152E-09, -2.870365278795E-09
   30,2, 40,   15.000, 1.00,     870.000,  7.963054626803E+06,  7.925662189417E+06,  7.887573325387E+06,  7.848602701646E+06,  1.021775329162E+02,  4.800307987136E+06, -2.136516741302E-09, -5.006768333260E-09
   30,2, 40,   15.000, 1.00,     885.000,  7.963014267399E+06,  7.925586833667E+06,  7.887473547247E+06,  7.848493653237E+06,  1.022402839481E+02,  4.800266591396E+06,  2.856566538867E-09, -2.150045474991E-09
   30,2, 40,   15.000, 1.00,     900.000,  7.962974791873E+06,  7.925513188968E+06,  7.887388708178E+06,  7.850954898158E+06,  1.023015346059E+02,  4.800301114415E+06, -8.857625743985E-10, -3.035893314518E-09
   30,2, 40,   15.000, 1.00,     915.000,  7.962936179881E+06,  7.925441670700E+06,  7.887353229973E+06,  7.851328590195E+06,  1.023613407516E+02,  4.800336534526E+06,  2.448672375976E-10, -2.791239239741E-09
   30,2, 40,   15.000, 1.00,     930.000,  7.962898430602E+06,  7.925373859866E+06,  7.887404513393E+06,  7.851501563226E+06,  1.024197530687E+02,  4.800372830822E+06, -8.160867537299E-10, -3.607510734582E-09
   30,2, 40,   15.000, 1.00,     945.000,  7.962861607050E+06,  7.925313419178E+06,  7.887552365287E+06,  7.851691823908E+06,  1.024768147334E+02,  4.800409983043E+06, -9.559215641275E-10, -4.563389666146E-09
   30,2, 40,   15.000, 1.00,     960.000,  7.962825930795E+06,  7.925266339180E+06,  7.887770182398E+06,  7.851877238753E+06,  1.025325524182E+02,  4.800447971329E+06,  1.157474116553E-09, -3.406057658140E-09
   30,2, 40,   15.000, 1.00,     975.000,  7.962791929131E+06,  7.925239796103E+06,  7.888013542576E+06,  7.852049964384E+06,  1.025869523167E+02,  4.800486775614E+06, -9.455760618948E-10, -4.351477400633E-09
   30,2, 40,   15.000, 1.00,     990.000,  7.962760593656E+06,  7.925239811825E+06,  7.888244956866E+06,  7.852211489666E+06,  1.026399097984E+02,  4.800526374261E+06,  4.266553332855E-09, -8.503775461577E-11
   30,2, 40,   15.000, 1.00,    1005.000,  7.962733464298E+06,  7.925268882222E+06,  7.888446004641E+06,  7.852363559923E+06,  1.026911438611E+02,  4.800566741419E+06, -2.815056632244E-09, -2.899923856603E-09
   30,2, 40,   15.000, 1.00,    1020.000,  7.962712545121E+06,  7.925324893966E+06,  7.888615066148E+06,  7.852507383516E+06,  1.027400802385E+02,  4.800607842622E+06, -3.691695837915E-10, -3.269178705523E-09
   30,2, 40,   15.000, 1.00,    1035.000,  7.962700011700E+06,  7.925401858443E+06,  7.888758968207E+06,  7.852643940482E+06,  1.027857293862E+02,  4.800649628563E+06, -2.548716793171E-10, -3.523837222019E-09
   30,2, 40,   15.000, 1.00,    1050.000,  7.962697765966E+06,  7.925491934654E+06,  7.888885944998E+06,  7.852774077023E+06,  1.028266088053E+02,  4.800692027695E+06,  2.093358375532E-09, -1.430635165889E-09
   30,2, 40,   15.000, 1.00,    1065.000,  7.962706979146E+06,  7.925587655329E+06,  7.889002322281E+06,  7.852898524486E+06,  1.028607683375E+02,  4.800734939220E+06, -1.971841356863E-09, -3.402419679333E-09
   30,2, 40,   15.000, 1.00,    1080.000,  7.962727784279E+06,  7.925683443068E+06,  7.889111996245E+06,  7.853017914978E+06,  1.028859596614E+02,  4.800778228615E+06,  1.061110310729E-09, -2.341266736039E-09
   30,2, 40,   15.000, 1.00,    1095.000,  7.962759223080E+06,  7.925776090488E+06,  7.889217076339E+06,  7.853132796704E+06,  1.028999469677E+02,  4.800821727820E+06, -3.498854539430E-10, -2.691194822546E-09
   30,2, 40,   15.000, 1.00,    1110.000,  7.962799450515E+06,  7.925864417172E+06,  7.889318650060E+06,  7.853243646866E+06,  1.029009003685E+02,  4.800865241325E+06, -5.032063654653E-11, -2.741444404819E-09
   30,2, 40,   15.000, 1.00,    1125.000,  7.962846108664E+06,  7.925948548473E+06,  7.889417305779E+06,  7.853350882241E+06,  1.028877720242E+02,  4.800908557906E+06,  1.180069375550E-10, -2.623437467264E-09
   30,2, 40,   15.000, 1.00,    1140.000,  7.962896740087E+06,  7.926029204549E+06,  7.889513408795E+06,  7.853454867891E+06,  1.028605482588E+02,  4.800951466130E+06, -3.926459157810E-10, -3.016111804754E-09
   30,2, 40,   15.000, 1.00,    1155.000,  7.962949127473E+06,  7.926107201225E+06,  7.889607223722E+06,  7.853555924348E+06,  1.028203042525E+02,  4.800993770693E+06, -1.661561555011E-09, -4.677758624894E-09
   30,2, 40,   15.000, 1.00,    1170.000,  7.963001499090E+06,  7.926183193087E+06,  7.889698962029E+06,  7.853654333484E+06,  1.027690477770E+02,  4.801035306410E+06,  1.951065087269E-09, -2.726665115915E-09
   30,2, 40,   15.000, 1.00,    1185.000,  7.963052596659E+06,  7.926257596881E+06,  7.889788798785E+06,  7.853750343209E+06,  1.027094002061E+02,  4.801075947413E+06,  6.821920806033E-10, -2.044544089586E-09
   30,2, 40,   15.000, 1.00,    1200.000,  7.963101640503E+06,  7.926330613775E+06,  7.889876878264E+06,  7.853844171141E+06,  1.026442034212E+02,  4.801115610464E+06,  5.869082997378E-12, -2.038632374024E-09
   30,2, 40,   15.000, 1.00,    1215.000,  7.963148239268E+06,  7.926402288214E+06,  7.889963315976E+06,  7.853936007321E+06,  1.025761485947E+02,  4.801154252693E+06,  2.663114173629E-11, -2.012029653997E-09
   30,2, 40,   15.000, 1.00,    1230.000,  7.963192284370E+06,  7.926472568881E+06,  7.890048199831E+06,  7.854026016093E+06,  1.025075002689E+02,  4.801191865197E+06,  4.287556976124E-10, -1.583202902111E-09
   30,2, 40,   15.000, 1.00,    1245.000,  7.963233853853E+06,  7.926541358304E+06,  7.890131591523E+06,  7.854114337293E+06,  1.024399502106E+02,  4.801228464451E+06, -4.650075879908E-10, -2.048182068393E-09
   30,2, 40,   15.000, 1.00,    1260.000,  7.963273135773E+06,  7.926608548833E+06,  7.890213528623E+06,  7.854201086922E+06,  1.023745964574E+02,  4.801264083397E+06, -1.977298325073E-10, -2.245997166028E-09
   30,2, 40,   15.000, 1.00,    1275.000,  7.963310371870E+06,  7.926674046788E+06,  7.890294027659E+06,  7.854286357550E+06,  1.023120157673E+02,  4.801298763634E+06, -8.780034477240E-10, -3.124114300590E-09
   30,2, 40,   15.000, 1.00,    1290.000,  7.963345818347E+06,  7.926737787071E+06,  7.890373088177E+06,  7.854370218735E+06,  1.022523868671E+02,  4.801332549437E+06,  1.388357873111E-09, -1.735770638334E-09
   30,2, 40,   15.000, 1.00,    1305.000,  7.963379719968E+06,  7.926799740136E+06,  7.890450697579E+06,  7.854452717754E+06,  1.021956252738E+02,  4.801365483816E+06, -2.056765424641E-09, -3.792592906393E-09
   30,2, 40,   15.000, 1.00,    1320.000,  7.963412294437E+06,  7.926859912806E+06,  7.890526836334E+06,  7.854533880897E+06,  1.021415021661E+02,  4.801397606349E+06,  1.489809164923E-09, -2.302840584889E-09
   30,2, 40,   15.000, 1.00,    1335.000,  7.963443724783E+06,  7.926918344417E+06,  7.890601483062E+06,  7.854613715528E+06,  1.020897335631E+02,  4.801428952352E+06,  7.617018127348E-12, -2.295109879924E-09
   30,2, 40,   15.000, 1.00,    1350.000,  7.963474157822E+06,  7.926975099857E+06,  7.890674618950E+06,  7.854692212966E+06,  1.020400375101E+02,  4.801459552915E+06, -7.608491614519E-11, -2.371280061197E-09
   30,2, 40,   15.000, 1.00,    1365.000,  7.963503706875E+06,  7.927030261119E+06,  7.890746231112E+06,  7.854769352115E+06,  1.019921641216E+02,  4.801489435376E+06, -9.625154007153E-10, -3.333752829349E-09
   30,2, 40,   15.000, 1.00,    1380.000,  7.963532456994E+06,  7.927083918802E+06,  7.890816314641E+06,  7.854845103630E+06,  1.019459062834E+02,  4.801518623971E+06, -1.420744411007E-09, -4.754383553518E-09
   30,2, 40,   15.000, 1.00,    1395.000,  7.963560471161E+06,  7.927136164679E+06,  7.890884873335E+06,  7.854919434300E+06,  1.019010987436E+02,  4.801547140452E+06,  1.954418848982E-09, -2.799879439408E-09
   30,2, 40,   15.000, 1.00,    1410.000,  7.963587796306E+06,  7.927187086014E+06,  7.890951919276E+06,  7.854992311273E+06,  1.018576116766E+02,  4.801575004627E+06, -4.374385298433E-10, -3.237346390961E-09
   30,2, 40,   15.000, 1.00,    1425.000,  7.963614468396E+06,  7.927236761832E+06,  7.891017471572E+06,  7.855063705760E+06,  1.018153427149E+02,  4.801602234768E+06, -1.570214180902E-09, -4.807588993572E-09
   30,2, 40,   15.000, 1.00,    1440.000,  7.963640516314E+06,  7.927285261054E+06,  7.891081554637E+06,  7.855133595932E+06,  1.017742096223E+02,  4.801628847912E+06,  3.407251369936E-09, -1.400394467055E-09
   30,2, 40,   15.000, 1.00,    1455.000,  7.963665964516E+06,  7.927332642102E+06,  7.891144196375E+06,  7.855201968821E+06,  1.017341444856E+02,  4.801654860079E+06, -1.653305048421E-09, -3.053628461203E-09
   30,2, 40,   15.000, 1.00,    1470.000,  7.963690834659E+06,  7.927378953569E+06,  7.891205426550E+06,  7.855268821190E+06,  1.016950895356E+02,  4.801680286422E+06, -6.175895350680E-10, -3.671175363706E-09
   30,2, 40,   15.000, 1.00,    1485.000,  7.963715146486E+06,  7.927424235482E+06,  7.891265275519E+06,  7.855334159437E+06,  1.016569943503E+02,  4.801705141338E+06,  9.326015515398E-10, -2.738488547038E-09
   30,2, 40,   15.000, 1.00,    1500.000,  7.963738918212E+06,  7.927468520836E+06,  7.891323773391E+06,  7.855397998733E+06,  1.016198140842E+02,  4.801729438549E+06,  1.124305981648E-09, -1.614125721972E-09
   30,2, 40,   15.000, 1.00,    1515.000,  7.963762166646E+06,  7.927511837119E+06,  7.891380949589E+06,  7.855460361617E+06,  1.015835083925E+02,  4.801753191175E+06, -1.850551711868E-09, -3.464720066404E-09
   30,2, 40,   15.000, 1.00,    1530.000,  7.963784907203E+06,  7.927554207696E+06,  7.891436832721E+06,  7.855521276317E+06,  1.015480407893E+02,  4.801776411787E+06,  8.766960490902E-10, -2.587967173895E-09
   30,2, 40,   15.000, 1.00,    1545.000,  7.963807153893E+06,  7.927595652973E+06,  7.891491450653E+06,  7.855580775019E+06,  1.015133782568E+02,  4.801799112460E+06, -9.307115078627E-10, -3.518721314322E-09
   30,2, 40,   15.000, 1.00,    1560.000,  7.963828919341E+06,  7.927636191332E+06,  7.891544830680E+06,  7.855638892264E+06,  1.014794909852E+02,  4.801821304825E+06,  1.408395178260E-09, -2.110368768626E-09
   30,2, 40,   15.000, 1.00,    1575.000,  7.963850214871E+06,  7.927675839840E+06,  7.891596999692E+06,  7.855695663607E+06,  1.014463521670E+02,  4.801843000108E+06, -8.884910585039E-10, -2.998831405421E-09
   30,2, 40,   15.000, 1.00,    1590.000,  7.963871050631E+06,  7.927714614783E+06,  7.891647984312E+06,  7.855751124583E+06,  1.014139378021E+02,  4.801864209175E+06, -3.967670636484E-10, -3.395598469069E-09
   30,2, 40,   15.000, 1.00,    1605.000,  7.963891435761E+06,  7.927752532037E+06,  7.891697810948E+06,  7.855805309979E+06,  1.013822264891E+02,  4.801884942572E+06,  9.207923312715E-10, -2.474848770362E-09
   30,2, 40,   15.000, 1.00,    1620.000,  7.963911378589E+06,  7.927789607315E+06,  7.891746505796E+06,  7.855858253400E+06,  1.013511991909E+02,  4.801905210560E+06,  1.909654656629E-10, -2.283854882990E-09
   30,2, 40,   15.000, 1.00,    1635.000,  7.963930886832E+06,  7.927825856321E+06,  7.891794094773E+06,  7.855909987046E+06,  1.013208389742E+02,  4.801925023145E+06, -4.405364961713E-11, -2.327851689188E-09
   30,2, 40,   15.000, 1.00,    1650.000,  7.963949967788E+06,  7.927861294822E+06,  7.891840603444E+06,  7.855960541669E+06,  1.012911307253E+02,  4.801944390105E+06, -7.006804025877E-10, -3.028503670066E-09
   30,2, 40,   15.000, 1.00,    1665.000,  7.963968628510E+06,  7.927895938673E+06,  7.891886056921E+06,  7.856009946621E+06,  1.012620608528E+02,  4.801963321018E+06,  9.309246706835E-10, -2.097522155964E-09
   30,2, 40,   15.000, 1.00,    1680.000,  7.963986875956E+06,  7.927929803798E+06,  7.891930479785E+06,  7.856058229963E+06,  1.012336169873E+02,  4.801981825273E+06, -1.207354216604E-09, -3.304876372567E-09
   30,2, 40,   15.000, 1.00,    1695.000,  7.964004717098E+06,  7.927962906145E+06,  7.891973896025E+06,  7.856105418603E+06,  1.012057876905E+02,  4.801999912088E+06, -1.960813733604E-10, -3.500986167637E-09
   30,2, 40,   15.000, 1.00,    1710.000,  7.964022159004E+06,  7.927995261642E+06,  7.892016328996E+06,  7.856151538424E+06,  1.011785621866E+02,  4.802017590521E+06, -8.682405905347E-10, -4.369212547317E-09
   30,2, 40,   15.000, 1.00,    1725.000,  7.964039208884E+06,  7.928026886133E+06,  7.892057801405E+06,  7.856196614398E+06,  1.011519301252E+02,  4.802034869473E+06,  2.718678615565E-09, -1.650505510042E-09
   30,2, 40,   15.000, 1.00,    1740.000,  7.964055874104E+06,  7.928057795334E+06,  7.892098335316E+06,  7.856240670685E+06,  1.011258813836E+02,  4.802051757694E+06, -1.204497834806E-09, -2.855017555703E-09
   30,2, 40,   15.000, 1.00,    1755.000,  7.964072162180E+06,  7.928088004785E+06,  7.892137952166E+06,  7.856283730707E+06,  1.011004059121E+02,  4.802068263783E+06,  1.487933332101E-09, -1.367084223602E-09
   30,2, 40,   15.000, 1.00,    1770.000,  7.964088080754E+06,  7.928117529817E+06,  7.892176672794E+06,  7.856325817213E+06,  1.010754936235E+02,  4.802084396187E+06, -4.397548991619E-10, -1.806824911910E-09
   30,2, 40,   15.000, 1.00,    1785.000,  7.964103637555E+06,  7.928146385523E+06,  7.892214517473E+06,  7.856366952320E+06,  1.010511343253E+02,  4.802100163202E+06, -8.435563358944E-10, -2.650381247804E-09
   30,2, 40,   15.000, 1.00,    1800.000,  7.964118840360E+06,  7.928174586747E+06,  7.892251505941E+06,  7.856407157555E+06,  1.010273176873E+02,  4.802115572967E+06,  2.776232577162E-10, -2.372757990088E-09
   31,2, 40,   60.000, 0.50,       0.000,  7.964770372286E+06,  7.929384223663E+06,  7.893839449198E+06,  7.858133896350E+06,  1.000000000000E+02,  4.802776827728E+06,  0.000000000000E+00,  0.000000000000E+00
   31,2, 40,   60.000, 0.50,      60.000,  7.964770372286E+06,  7.929384223663E+06,  7.893839449198E+06,  7.858133896350E+06,  1.000000000000E+02,  4.802776827728E+06,  0.000000000000E+00,  0.000000000000E+00
   31,2, 40,   60.000, 0.50,     120.000,  7.964770372286E+06,  7.929384223663E+06,  7.893839449198E+06,  7.858133896350E+06,  1.000000000000E+02,  4.802776827728E+06,  0.000000000000E+00,  0.000000000000E+00
   31,2, 40,   60.000, 0.50,     180.000,  7.964770372286E+06,  7.929384223663E+06,  7.893839449198E+06,  7.858133896350E+06,  1.000000000000E+02,  4.802776827728E+06,  0.000000000000E+00,  0.000000000000E+00
   31,2, 40,   60.000, 0.50,     240.000,  7.964770372286E+06,  7.929384223663E+06,  7.893839449198E+06,  7.858133896350E+06,  1.000000000000E+02,  4.802776827728E+06,  0.000000000000E+00,  0.000000000000E+00
   31,2, 40,   60.000, 0.50,     300.000,  7.964769984045E+06,  7.929376625448E+06,  7.893690701178E+06,  7.855197159139E+06,  1.000000685813E+02,  4.802626829785E+06, -3.460485231699E-09, -3.460485231699E-09
   31,2, 40,   60.000, 0.50,     360.000,  7.964764331996E+06,  7.929301701585E+06,  7.892924917073E+06,  7.853900859104E+06,  1.000013631535E+02,  4.802326872738E+06,  1.150482376033E-09, -2.310002855666E-09
   31,2, 40,   60.000, 0.50,     420.000,  7.964728297530E+06,  7.928997786585E+06,  7.891576080292E+06,  7.853083286292E+06,  1.000123704710E+02,  4.802027284746E+06,  1.381124548061E-09, -9.288214641856E-10
   31,2, 40,   60.000, 0.50,     480.000,  7.964597741938E+06,  7.928359106333E+06,  7.890710018030E+06,  7.852078649366E+06,  1.000676098834E+02,  4.801729684157E+06, -2.547039912315E-09, -3.475861376501E-09
   31,2, 40,   60.000, 0.50,     540.000,  7.964307153408E+06,  7.927642634786E+06,  7.890371513257E+06,  7.851590475206E+06,  1.002472465338E+02,  4.801439129849E+06, -8.056701972237E-10, -4.281446308596E-09
   31,2, 40,   60.000, 0.50,     600.000,  7.963908859788E+06,  7.927206968096E+06,  7.889608990365E+06,  7.850679198992E+06,  1.006367448082E+02,  4.801165649590E+06,  3.029043682545E-09, -1.252374204341E-09
   31,2, 40,   60.000, 0.50,     660.000,  7.963589966578E+06,  7.926876333659E+06,  7.888980890704E+06,  7.850364285652E+06,  1.011908391390E+02,  4.800920477108E+06, -2.702961410250E-09, -3.955392458010E-09
   31,2, 40,   60.000, 0.50,     720.000,  7.963432868902E+06,  7.926373054359E+06,  7.888652029592E+06,  7.849518704348E+06,  1.016745844642E+02,  4.800706439816E+06,  9.583800419932E-11, -3.859440766973E-09
   31,2, 40,   60.000, 0.50,     780.000,  7.963287329282E+06,  7.925976836133E+06,  7.888002911101E+06,  7.849292428694E+06,  1.019140614190E+02,  4.800514099193E+06,  1.039552444126E-09, -2.819888322847E-09
   31,2, 40,   60.000, 0.50,     840.000,  7.963071107371E+06,  7.925751722015E+06,  7.887631886904E+06,  7.848536223398E+06,  1.020708330899E+02,  4.800333646028E+06,  2.532374310249E-10, -2.566594048403E-09
   31,2, 40,   60.000, 0.50,     900.000,  7.962904615413E+06,  7.925410627076E+06,  7.887430591490E+06,  7.851299807259E+06,  1.023692726874E+02,  4.800316849201E+06, -6.021423359925E-10, -3.168679540977E-09
   31,2, 40,   60.000, 0.50,     960.000,  7.962794398164E+06,  7.925191565291E+06,  7.887715097001E+06,  7.851975838825E+06,  1.026736353284E+02,  4.800468136442E+06,  8.484448699164E-10, -2.320120984223E-09
   31,2, 40,   60.000, 0.50,    1020.000,  7.962673300331E+06,  7.925301481531E+06,  7.888875771814E+06,  7.852627862521E+06,  1.028002360138E+02,  4.800632352582E+06, -2.276692612213E-09, -4.596586222760E-09
   31,2, 40,   60.000, 0.50,    1080.000,  7.962674644387E+06,  7.925645736245E+06,  7.889350682479E+06,  7.853168900740E+06,  1.028999710278E+02,  4.800803358793E+06,  1.630951373954E-09, -2.965634848806E-09
   31,2, 40,   60.000, 0.50,    1140.000,  7.962871929147E+06,  7.926178830826E+06,  7.889440217421E+06,  7.853461420863E+06,  1.029781564861E+02,  4.800979702619E+06,  5.350386800274E-10, -2.430624590488E-09
   31,2, 40,   60.000, 0.50,    1200.000,  7.963140769159E+06,  7.926461658294E+06,  7.889998744485E+06,  7.854043222573E+06,  1.027421104378E+02,  4.801151310626E+06, -2.467572812748E-10, -2.677325028344E-09
   31,2, 40,   60.000, 0.50,    1260.000,  7.963375144820E+06,  7.926556742005E+06,  7.890319086310E+06,  7.854123235482E+06,  1.022905625840E+02,  4.801302290817E+06, -1.007180117085E-09, -3.684590410558E-09
   31,2, 40,   60.000, 0.50,    1320.000,  7.963474051730E+06,  7.926954997126E+06,  7.890536436663E+06,  7.854774373096E+06,  1.019947411509E+02,  4.801430849929E+06,  3.432774065004E-10, -3.341256160638E-09
   31,2, 40,   60.000, 0.50,    1380.000,  7.963513975978E+06,  7.927202808781E+06,  7.890912449860E+06,  7.854729243024E+06,  1.018653766390E+02,  4.801546653463E+06, -1.222701939696E-09, -4.563844413497E-09
   31,2, 40,   60.000, 0.50,    1440.000,  7.963674940621E+06,  7.927268449826E+06,  7.891165791796E+06,  7.855393264621E+06,  1.017686317876E+02,  4.801655673716E+06,  6.019149623171E-10, -3.961986294598E-09
   31,2, 40,   60.000, 0.50,    1500.000,  7.963793581789E+06,  7.927546040997E+06,  7.891348617784E+06,  7.855282139908E+06,  1.016169884148E+02,  4.801757242322E+06,  1.245524572369E-09, -2.716433300520E-09
   31,2, 40,   60.000, 0.50,    1560.000,  7.963820502396E+06,  7.927690349206E+06,  7.891650664334E+06,  7.855888756300E+06,  1.013893329469E+02,  4.801847431963E+06, -1.259593318537E-09, -3.976083462476E-09
   31,2, 40,   60.000, 0.50,    1620.000,  7.963946712906E+06,  7.927799372683E+06,  7.891777337364E+06,  7.855763613679E+06,  1.012964448112E+02,  4.801928005295E+06,  1.015052930597E-09, -2.961087375297E-09
   31,2, 40,   60.000, 0.50,    1680.000,  7.964024550140E+06,  7.928006687685E+06,  7.891979664303E+06,  7.856251717303E+06,  1.012657420766E+02,  4.802004870902E+06, -8.970459930424E-10, -3.858076524921E-09
   31,2, 40,   60.000, 0.50,    1740.000,  7.964046619418E+06,  7.928084344984E+06,  7.892190613273E+06,  7.856186615843E+06,  1.010597332793E+02,  4.802074635163E+06,  1.990372311411E-10, -3.659010872070E-09
   31,2, 40,   60.000, 0.50,    1800.000,  7.964161549072E+06,  7.928202998535E+06,  7.892243258765E+06,  7.856540494212E+06,  1.009608756608E+02,  4.802135253431E+06,  1.792898274289E-09, -1.866055754363E-09
   32,2, 40,   60.000, 0.65,       0.000,  7.964770372286E+06,  7.929384223663E+06,  7.893839449198E+06,  7.858133896350E+06,  1.000000000000E+02,  4.802776827728E+06,  0.000000000000E+00,  0.000000000000E+00
   32,2, 40,   60.000, 0.65,      60.000,  7.964770372286E+06,  7.929384223663E+06,  7.893839449198E+06,  7.858133896350E+06,  1.000000000000E+02,  4.802776827728E+06,  0.000000000000E+00,  0.000000000000E+00
   32,2, 40,   60.000, 0.65,     120.000,  7.964770372286E+06,  7.929384223663E+06,  7.893839449198E+06,  7.858133896350E+06,  1.000000000000E+02,  4.802776827728E+06,  0.000000000000E+00,  0.000000000000E+00
   32,2, 40,   60.000, 0.65,     180.000,  7.964770372286E+06,  7.929384223663E+06,  7.893839449198E+06,  7.858133896350E+06,  1.000000000000E+02,  4.802776827728E+06,  0.000000000000E+00,  0.000000000000E+00
   32,2, 40,   60.000, 0.65,     240.000,  7.964770372286E+06,  7.929384223663E+06,  7.893839449198E+06,  7.858133896350E+06,  1.000000000000E+02,  4.802776827728E+06,  0.000000000000E+00,  0.000000000000E+00
   32,2, 40,   60.000, 0.65,     300.000,  7.964768236962E+06,  7.929359982708E+06,  7.893565577588E+06,  7.855012548159E+06,  1.000006190728E+02,  4.802581851872E+06, -2.833692391846E-09, -2.833701273630E-09
   32,2, 40,   60.000, 0.65,     360.000,  7.964749315957E+06,  7.929213097676E+06,  7.892683686955E+06,  7.853828990865E+06,  1.000076666308E+02,  4.802282163871E+06,  1.043215291929E-09, -1.790510850697E-09
   32,2, 40,   60.000, 0.65,     420.000,  7.964673965900E+06,  7.928828509541E+06,  7.891573039010E+06,  7.852941076908E+06,  1.000444133334E+02,  4.801984056990E+06, -1.009070160762E-09, -2.799538378895E-09
   32,2, 40,   60.000, 0.65,     480.000,  7.964496135108E+06,  7.928252087178E+06,  7.890777722030E+06,  7.852107659262E+06,  1.001603095921E+02,  4.801691241744E+06, -5.441123107630E-10, -3.343757271068E-09
   32,2, 40,   60.000, 0.65,     540.000,  7.964218516531E+06,  7.927675740857E+06,  7.890182105394E+06,  7.851419759675E+06,  1.004065562363E+02,  4.801410463939E+06,  2.257070974565E-09, -1.086618794943E-09
   32,2, 40,   60.000, 0.65,     600.000,  7.963910594066E+06,  7.927199372130E+06,  7.889579417474E+06,  7.850762845900E+06,  1.007795899089E+02,  4.801149405626E+06, -2.236365759245E-09, -3.323066266603E-09
   32,2, 40,   60.000, 0.65,     660.000,  7.963644092994E+06,  7.926778545061E+06,  7.889021660073E+06,  7.850180151243E+06,  1.012005606069E+02,  4.800912598878E+06,  1.852580311379E-10, -3.137756721117E-09
   32,2, 40,   60.000, 0.65,     720.000,  7.963431450626E+06,  7.926380370805E+06,  7.888520452471E+06,  7.849629705081E+06,  1.015782605060E+02,  4.800699362811E+06,  1.040900698968E-09, -2.096840034937E-09
   32,2, 40,   60.000, 0.65,     780.000,  7.963247093621E+06,  7.926020294605E+06,  7.888052063812E+06,  7.849126811916E+06,  1.018842479264E+02,  4.800505991950E+06, -1.203144250894E-09, -3.300101525383E-09
   32,2, 40,   60.000, 0.65,     840.000,  7.963075668827E+06,  7.925699460154E+06,  7.887624482033E+06,  7.848659963632E+06,  1.021460574575E+02,  4.800329257398E+06, -6.298108701230E-10, -3.929926606361E-09
   32,2, 40,   60.000, 0.65,     900.000,  7.962919490922E+06,  7.925429703246E+06,  7.887506266026E+06,  7.851366368817E+06,  1.023881753032E+02,  4.800362463441E+06,  1.584051556591E-09, -2.346041583223E-09
   32,2, 40,   60.000, 0.65,     960.000,  7.962793209865E+06,  7.925304176728E+06,  7.888030955133E+06,  7.852164011943E+06,  1.026063031099E+02,  4.800514260944E+06,  1.338381849791E-09, -1.007720129564E-09
   32,2, 40,   60.000, 0.65,    1020.000,  7.962733906159E+06,  7.925437830971E+06,  7.888822501278E+06,  7.852699831565E+06,  1.027751756078E+02,  4.800677225158E+06, -1.873628363569E-09, -2.881279215217E-09
   32,2, 40,   60.000, 0.65,    1080.000,  7.962786841286E+06,  7.925787397061E+06,  7.889325905160E+06,  7.853213111656E+06,  1.028502356132E+02,  4.800846663034E+06,  2.880433669361E-10, -2.593196768430E-09
   32,2, 40,   60.000, 0.65,    1140.000,  7.962950955665E+06,  7.926160250839E+06,  7.889652189028E+06,  7.853607473336E+06,  1.027837899723E+02,  4.801015085791E+06, -2.045577929266E-09, -4.638877726393E-09
   32,2, 40,   60.000, 0.65,    1200.000,  7.963158087569E+06,  7.926451424836E+06,  7.890009671566E+06,  7.853995985630E+06,  1.025767751465E+02,  4.801174039611E+06,  1.742444410979E-09, -2.896513251471E-09
   32,2, 40,   60.000, 0.65,    1260.000,  7.963335024292E+06,  7.926702923316E+06,  7.890343388555E+06,  7.854333208678E+06,  1.023040798937E+02,  4.801318011005E+06,  8.051586064539E-10, -2.091383066727E-09
   32,2, 40,   60.000, 0.65,    1320.000,  7.963466437669E+06,  7.926947167756E+06,  7.890639545044E+06,  7.854659370182E+06,  1.020570697096E+02,  4.801446622402E+06, -1.725098286443E-09, -3.816467142315E-09
   32,2, 40,   60.000, 0.65,    1380.000,  7.963576224074E+06,  7.927166898971E+06,  7.890920873848E+06,  7.854957383261E+06,  1.018678790964E+02,  4.801562668150E+06,  1.671960347949E-10, -3.649347490864E-09
   32,2, 40,   60.000, 0.65,    1440.000,  7.963679176950E+06,  7.927359210719E+06,  7.891177549672E+06,  7.855237061669E+06,  1.017120818178E+02,  4.801668664802E+06,  2.262183329549E-09, -1.387206793879E-09
   32,2, 40,   60.000, 0.65,    1500.000,  7.963774557194E+06,  7.927534794078E+06,  7.891410821376E+06,  7.855492179675E+06,  1.015657859457E+02,  4.801765684172E+06, -2.557243306001E-09, -3.944478521589E-09
   32,2, 40,   60.000, 0.65,    1560.000,  7.963861377279E+06,  7.927696305362E+06,  7.891624222105E+06,  7.855725326973E+06,  1.014285743995E+02,  4.801854280079E+06,  1.839569385709E-09, -2.104911800416E-09
   32,2, 40,   60.000, 0.65,    1620.000,  7.963940874649E+06,  7.927844160014E+06,  7.891818416894E+06,  7.855936809819E+06,  1.013046408692E+02,  4.801935161135E+06, -6.509450756198E-10, -2.755882633210E-09
   32,2, 40,   60.000, 0.65,    1680.000,  7.964013657325E+06,  7.927979584894E+06,  7.891995851637E+06,  7.856129449056E+06,  1.011918750414E+02,  4.802009041720E+06,  1.011000172468E-09, -1.744865585351E-09
   32,2, 40,   60.000, 0.65,    1740.000,  7.964080189571E+06,  7.928103113895E+06,  7.892157796888E+06,  7.856305224770E+06,  1.010878944768E+02,  4.802076498980E+06, -3.515223667705E-10, -2.096385287587E-09
   32,2, 40,   60.000, 0.65,    1800.000,  7.964140996614E+06,  7.928215719786E+06,  7.892305495040E+06,  7.856465802969E+06,  1.009926053270E+02,  4.802138056372E+06, -8.764597936306E-10, -2.972797119583E-09
   33,2, 40,   60.000, 1.00,       0.000,  7.964770372286E+06,  7.929384223663E+06,  7.893839449198E+06,  7.858133896350E+06,  1.000000000000E+02,  4.802776827728E+06,  0.000000000000E+00,  0.000000000000E+00
   33,2, 40,   60.000, 1.00,      60.000,  7.964770372286E+06,  7.929384223663E+06,  7.893839449198E+06,  7.858133896350E+06,  1.000000000000E+02,  4.802776827728E+06,  0.000000000000E+00,  0.000000000000E+00
   33,2, 40,   60.000, 1.00,     120.000,  7.964770372286E+06,  7.929384223663E+06,  7.893839449198E+06,  7.858133896350E+06,  1.000000000000E+02,  4.802776827728E+06,  0.000000000000E+00,  0.000000000000E+00
   33,2, 40,   60.000, 1.00,     180.000,  7.964770372286E+06,  7.929384223663E+06,  7.893839449198E+06,  7.858133896350E+06,  1.000000000000E+02,  4.802776827728E+06,  0.000000000000E+00,  0.000000000000E+00
   33,2, 40,   60.000, 1.00,     240.000,  7.964770372286E+06,  7.929384223663E+06,  7.893839449198E+06,  7.858133896350E+06,  1.000000000000E+02,  4.802776827728E+06,  0.000000000000E+00,  0.000000000000E+00
   33,2, 40,   60.000, 1.00,     300.000,  7.964753398574E+06,  7.929282464189E+06,  7.893244552593E+06,  7.854628503565E+06,  1.000086856864E+02,  4.802477348869E+06, -3.557943273336E-09, -3.557943273336E-09
   33,2, 40,   60.000, 1.00,     360.000,  7.964685933195E+06,  7.928998107939E+06,  7.892323692067E+06,  7.853597464836E+06,  1.000522583332E+02,  4.802180484369E+06,  9.978293746826E-10, -2.560113898653E-09
   33,2, 40,   60.000, 1.00,     420.000,  7.964546382821E+06,  7.928565795193E+06,  7.891444118306E+06,  7.852731685759E+06,  1.001641016146E+02,  4.801890330466E+06, -8.023448572203E-10, -3.362401912455E-09
   33,2, 40,   60.000, 1.00,     480.000,  7.964343470987E+06,  7.928073648301E+06,  7.890696749782E+06,  7.851967122922E+06,  1.003614110983E+02,  4.801612015132E+06,  2.323019998585E-09, -1.039325070451E-09
   33,2, 40,   60.000, 1.00,     540.000,  7.964106327398E+06,  7.927587348323E+06,  7.890050578029E+06,  7.851281283880E+06,  1.006332368393E+02,  4.801350009342E+06, -2.884860350605E-09, -3.924242264475E-09
   33,2, 40,   60.000, 1.00,     600.000,  7.963864308287E+06,  7.927134574708E+06,  7.889471774258E+06,  7.850657933992E+06,  1.009491064513E+02,  4.801106955729E+06,  1.455759957025E-10, -3.778723112191E-09
   33,2, 40,   60.000, 1.00,     660.000,  7.963635623588E+06,  7.926720847527E+06,  7.888943520865E+06,  7.850086862280E+06,  1.012762984084E+02,  4.800883533634E+06, -1.327862264588E-10, -3.911509338650E-09
   33,2, 40,   60.000, 1.00,     720.000,  7.963427168915E+06,  7.926344073630E+06,  7.888458449573E+06,  7.849561659817E+06,  1.015916022366E+02,  4.800679029768E+06,  1.122828052758E-09, -2.788510755636E-09
   33,2, 40,   60.000, 1.00,     780.000,  7.963239146752E+06,  7.926000725534E+06,  7.888012601753E+06,  7.849078114316E+06,  1.018836236929E+02,  4.800492047190E+06, -2.688125277928E-10, -3.057266440010E-09
   33,2, 40,   60.000, 1.00,     840.000,  7.963069262830E+06,  7.925687401067E+06,  7.887603036265E+06,  7.848633130772E+06,  1.021494571101E+02,  4.800321014616E+06,  6.983214007050E-10, -2.358774509048E-09
   33,2, 40,   60.000, 1.00,     900.000,  7.962931353394E+06,  7.925500703024E+06,  7.887819287863E+06,  7.851744063434E+06,  1.023822023963E+02,  4.800463946760E+06, -1.107309799409E-10, -2.469278115314E-09
   33,2, 40,   60.000, 1.00,     960.000,  7.962856241714E+06,  7.925519646930E+06,  7.888397748278E+06,  7.852404257848E+06,  1.025595003378E+02,  4.800617516780E+06, -1.143632744061E-09, -3.612967702793E-09
   33,2, 40,   60.000, 1.00,    1020.000,  7.962864495168E+06,  7.925710277000E+06,  7.888966414004E+06,  7.852928382054E+06,  1.026515789820E+02,  4.800776611519E+06, -3.124114300590E-10, -3.925379132852E-09
   33,2, 40,   60.000, 1.00,    1080.000,  7.962947573039E+06,  7.925983498646E+06,  7.889428700657E+06,  7.853379361232E+06,  1.026430011233E+02,  4.800935191587E+06, -8.540155249648E-10, -4.779394657817E-09
   33,2, 40,   60.000, 1.00,    1140.000,  7.963076307199E+06,  7.926270996369E+06,  7.889812959306E+06,  7.853777730375E+06,  1.025447207318E+02,  4.801087874831E+06,  3.012132765434E-09, -1.767148205545E-09
   33,2, 40,   60.000, 1.00,    1200.000,  7.963220454173E+06,  7.926542479790E+06,  7.890151436033E+06,  7.854137685550E+06,  1.023868341381E+02,  4.801231084879E+06, -9.227960617864E-10, -2.689830580493E-09
   33,2, 40,   60.000, 1.00,    1260.000,  7.963360427392E+06,  7.926790433839E+06,  7.890459400744E+06,  7.854467474231E+06,  1.022024223732E+02,  4.801363230221E+06, -7.224798537209E-10, -3.412424121052E-09
   33,2, 40,   60.000, 1.00,    1320.000,  7.963488002692E+06,  7.927015397033E+06,  7.890742618848E+06,  7.854771648891E+06,  1.020159103188E+02,  4.801484184840E+06,  1.432283625036E-09, -1.980197339435E-09
   33,2, 40,   60.000, 1.00,    1380.000,  7.963601943011E+06,  7.927219573720E+06,  7.891003474414E+06,  7.855052677092E+06,  1.018402913212E+02,  4.801594602320E+06, -5.841798156325E-10, -2.564320311649E-09
   33,2, 40,   60.000, 1.00,    1440.000,  7.963703790089E+06,  7.927405195192E+06,  7.891243419439E+06,  7.855312025205E+06,  1.016800113634E+02,  4.801695403001E+06, -3.611262400227E-10, -2.925389708253E-09
   33,2, 40,   60.000, 1.00,    1500.000,  7.963795534985E+06,  7.927574275895E+06,  7.891463743118E+06,  7.855550821582E+06,  1.015350384312E+02,  4.801787505307E+06, -9.179075277643E-10, -3.843297236017E-09
   33,2, 40,   60.000, 1.00,    1560.000,  7.963878797118E+06,  7.927728577754E+06,  7.891665760535E+06,  7.855770187409E+06,  1.014037622010E+02,  4.801871731039E+06,  1.127318682848E-09, -2.715978553169E-09
   33,2, 40,   60.000, 1.00,    1620.000,  7.963954733786E+06,  7.927869600911E+06,  7.891850815771E+06,  7.855971340671E+06,  1.012844110417E+02,  4.801948795702E+06, -1.592638909642E-09, -4.308617462812E-09
   33,2, 40,   60.000, 1.00,    1680.000,  7.964024168593E+06,  7.927998609032E+06,  7.892020238459E+06,  7.856155578058E+06,  1.011755094888E+02,  4.802019326271E+06,  9.077893992071E-10, -3.400828063604E-09
   33,2, 40,   60.000, 1.00,    1740.000,  7.964087725405E+06,  7.928116678607E+06,  7.892175303469E+06,  7.856324214802E+06,  1.010759114803E+02,  4.802083880960E+06,  9.189875527227E-10, -2.481783667463E-09
   33,2, 40,   60.000, 1.00,    1800.000,  7.964145916162E+06,  7.928224749270E+06,  7.892317206696E+06,  7.856478528116E+06,  1.009847143852E+02,  4.802142963823E+06, -1.558589701744E-09, -4.040430212626E-09
   34,2, 40,  120.000, 0.50,       0.000,  7.964770372286E+06,  7.929384223663E+06,  7.893839449198E+06,  7.858133896350E+06,  1.000000000000E+02,  4.802776827728E+06,  0.000000000000E+00,  0.000000000000E+00
   34,2, 40,  120.000, 0.50,     120.000,  7.964770372286E+06,  7.929384223663E+06,  7.893839449198E+06,  7.858133896350E+06,  1.000000000000E+02,  4.802776827728E+06,  0.000000000000E+00,  0.000000000000E+00
   34,2, 40,  120.000, 0.50,     240.000,  7.964770372286E+06,  7.929384223663E+06,  7.893839449198E+06,  7.858133896350E+06,  1.000000000000E+02,  4.802776827728E+06,  0.000000000000E+00,  0.000000000000E+00
   34,2, 40,  120.000, 0.50,     360.000,  7.964753398574E+06,  7.929282464189E+06,  7.893244552593E+06,  7.854628503565E+06,  1.000086856864E+02,  4.802477348869E+06, -3.557943273336E-09, -3.557943273336E-09
   34,2, 40,  120.000, 0.50,     480.000,  7.964618668528E+06,  7.928714586291E+06,  7.891403660304E+06,  7.852562644688E+06,  1.000957094066E+02,  4.801883612575E+06,  1.046942088578E-09, -2.511001184757E-09
   34,2, 40,  120.000, 0.50,     600.000,  7.964196416119E+06,  7.927555253935E+06,  7.889724133141E+06,  7.851161428015E+06,  1.004547674953E+02,  4.801316641189E+06, -2.694946488191E-10, -2.780552676995E-09
   34,2, 40,  120.000, 0.50,     720.000,  7.963554899727E+06,  7.926504726172E+06,  7.888939044646E+06,  7.849911784249E+06,  1.012220404683E+02,  4.800817249667E+06, -1.485943812440E-09, -4.266439646017E-09
   34,2, 40,  120.000, 0.50,     840.000,  7.963087258107E+06,  7.925913962740E+06,  7.887826758029E+06,  7.848959210720E+06,  1.020892948162E+02,  4.800415929784E+06,  1.351281753159E-09, -2.914930519182E-09
   34,2, 40,  120.000, 0.50,     960.000,  7.962892570422E+06,  7.925375669733E+06,  7.887607254090E+06,  7.851518408422E+06,  1.025679316856E+02,  4.800395363374E+06,  8.938627615862E-10, -2.020897227339E-09
   34,2, 40,  120.000, 0.50,    1080.000,  7.962749051030E+06,  7.925387782031E+06,  7.888907297725E+06,  7.852949333099E+06,  1.027460547498E+02,  4.800714202560E+06,  7.440235094691E-10, -1.276930561289E-09
   34,2, 40,  120.000, 0.50,    1200.000,  7.962880469915E+06,  7.926228242206E+06,  7.889891585475E+06,  7.853649466164E+06,  1.028231876838E+02,  4.801048357106E+06, -4.208686732454E-10, -1.697799234535E-09
   34,2, 40,  120.000, 0.50,    1320.000,  7.963390309836E+06,  7.926856570643E+06,  7.890367838624E+06,  7.854532225418E+06,  1.024133399982E+02,  4.801362548767E+06, -5.331912689144E-10, -2.230990503449E-09
   34,2, 40,  120.000, 0.50,    1440.000,  7.963699149656E+06,  7.927182038974E+06,  7.890998340042E+06,  7.854941634973E+06,  1.016873658892E+02,  4.801608591120E+06, -1.130842974817E-09, -3.361947165104E-09
   34,2, 40,  120.000, 0.50,    1560.000,  7.963758053038E+06,  7.927623951153E+06,  7.891543811276E+06,  7.855689429505E+06,  1.014400587155E+02,  4.801796236597E+06,  2.171987034671E-10, -3.144805305055E-09
   34,2, 40,  120.000, 0.50,    1680.000,  7.963962976550E+06,  7.927911059342E+06,  7.891838886222E+06,  7.855902821016E+06,  1.013696369156E+02,  4.801964818334E+06,  8.251959116023E-10, -2.319666236872E-09
   34,2, 40,  120.000, 0.50,    1800.000,  7.964137675136E+06,  7.928125085604E+06,  7.892268983860E+06,  7.856511956732E+06,  1.010064693662E+02,  4.802107384711E+06, -1.751175204845E-09, -4.070898285136E-09
   35,2, 40,  120.000, 0.65,       0.000,  7.964770372286E+06,  7.929384223663E+06,  7.893839449198E+06,  7.858133896350E+06,  1.000000000000E+02,  4.802776827728E+06,  0.000000000000E+00,  0.000000000000E+00
   35,2, 40,  120.000, 0.65,     120.000,  7.964770372286E+06,  7.929384223663E+06,  7.893839449198E+06,  7.858133896350E+06,  1.000000000000E+02,  4.802776827728E+06,  0.000000000000E+00,  0.000000000000E+00
   35,2, 40,  120.000, 0.65,     240.000,  7.964770372286E+06,  7.929384223663E+06,  7.893839449198E+06,  7.858133896350E+06,  1.000000000000E+02,  4.802776827728E+06,  0.000000000000E+00,  0.000000000000E+00
   35,2, 40,  120.000, 0.65,     360.000,  7.964726976012E+06,  7.929185869464E+06,  7.892973664916E+06,  7.854333137320E+06,  1.000282138052E+02,  4.802389028405E+06, -3.092093692203E-09, -3.092111455771E-09
   35,2, 40,  120.000, 0.65,     480.000,  7.964513334562E+06,  7.928482168530E+06,  7.891212095114E+06,  7.852439998451E+06,  1.002014354847E+02,  4.801805925352E+06,  1.165354035493E-09, -1.926764525706E-09
   35,2, 40,  120.000, 0.65,     600.000,  7.964069729171E+06,  7.927448886937E+06,  7.889770171692E+06,  7.851042343505E+06,  1.006596933603E+02,  4.801265841725E+06, -1.503899227373E-09, -3.430614015087E-09
   35,2, 40,  120.000, 0.65,     720.000,  7.963553235050E+06,  7.926545317858E+06,  7.888760015459E+06,  7.849868009138E+06,  1.013468494055E+02,  4.800798603100E+06,  1.386499803857E-09, -2.044089342235E-09
   35,2, 40,  120.000, 0.65,     840.000,  7.963144407763E+06,  7.925856494032E+06,  7.887831234480E+06,  7.848884908007E+06,  1.020141044857E+02,  4.800412270925E+06,  1.236273305949E-10, -1.920398062794E-09
   35,2, 40,  120.000, 0.65,     960.000,  7.962885202671E+06,  7.925466505272E+06,  7.887917864613E+06,  7.851857449694E+06,  1.024892820626E+02,  4.800481027314E+06, -9.418723578847E-10, -2.862179826479E-09
   35,2, 40,  120.000, 0.65,    1080.000,  7.962836997320E+06,  7.925674578243E+06,  7.889046465063E+06,  7.853051482076E+06,  1.027115423231E+02,  4.800797077462E+06, -1.669718585617E-09, -4.532012098935E-09
   35,2, 40,  120.000, 0.65,    1200.000,  7.963055361413E+06,  7.926305085692E+06,  7.889953927517E+06,  7.853861764584E+06,  1.026041715648E+02,  4.801114087621E+06,  1.975529073661E-09, -2.556589606684E-09
   35,2, 40,  120.000, 0.65,    1320.000,  7.963391392101E+06,  7.926871839864E+06,  7.890517628875E+06,  7.854549909984E+06,  1.022131075383E+02,  4.801396085215E+06, -1.860911424956E-11, -2.575234248070E-09
   35,2, 40,  120.000, 0.65,    1440.000,  7.963651735507E+06,  7.927278732977E+06,  7.891072828435E+06,  7.855123510872E+06,  1.017808158780E+02,  4.801627939370E+06, -3.061586539843E-10, -2.881279215217E-09
   35,2, 40,  120.000, 0.65,    1560.000,  7.963827080562E+06,  7.927628575436E+06,  7.891537268492E+06,  7.855626521220E+06,  1.014708914376E+02,  4.801817463169E+06,  5.029043848026E-10, -2.378328645136E-09
   35,2, 40,  120.000, 0.65,    1680.000,  7.963979170804E+06,  7.927922221304E+06,  7.891915450840E+06,  7.856042780681E+06,  1.012430566198E+02,  4.801976199026E+06, -1.455594755839E-09, -3.833974915324E-09
   35,2, 40,  120.000, 0.65,    1800.000,  7.964113228554E+06,  7.928162103817E+06,  7.892237975231E+06,  7.856392478616E+06,  1.010389270487E+02,  4.802109443714E+06,  1.682009198589E-09, -2.151978151232E-09
   36,2, 40,  120.000, 1.00,       0.000,  7.964770372286E+06,  7.929384223663E+06,  7.893839449198E+06,  7.858133896350E+06,  1.000000000000E+02,  4.802776827728E+06,  0.000000000000E+00,  0.000000000000E+00
   36,2, 40,  120.000, 1.00,     120.000,  7.964770372286E+06,  7.929384223663E+06,  7.893839449198E+06,  7.858133896350E+06,  1.000000000000E+02,  4.802776827728E+06,  0.000000000000E+00,  0.000000000000E+00
   36,2, 40,  120.000, 1.00,     240.000,  7.964770372286E+06,  7.929384223663E+06,  7.893839449198E+06,  7.858133896350E+06,  1.000000000000E+02,  4.802776827728E+06,  0.000000000000E+00,  0.000000000000E+00
   36,2, 40,  120.000, 1.00,     360.000,  7.964630231508E+06,  7.928913855098E+06,  7.892397348691E+06,  7.853723643580E+06,  1.001201139349E+02,  4.802191241400E+06, -2.676074473129E-09, -2.676074473129E-09
   36,2, 40,  120.000, 1.00,     480.000,  7.964308787594E+06,  7.928097784830E+06,  7.890861130373E+06,  7.852106569489E+06,  1.004564648995E+02,  4.801646017188E+06, -5.874198905076E-10, -3.263494363637E-09
   36,2, 40,  120.000, 1.00,     600.000,  7.963898319515E+06,  7.927235745710E+06,  7.889620492696E+06,  7.850807247901E+06,  1.009620584332E+02,  4.801161464200E+06,  4.641833584174E-10, -2.799424692057E-09
   36,2, 40,  120.000, 1.00,     720.000,  7.963495080455E+06,  7.926467410608E+06,  7.888609981297E+06,  7.849722196099E+06,  1.015206037288E+02,  4.800743936648E+06, -8.230927051045E-10, -3.622517397162E-09
   36,2, 40,  120.000, 1.00,     840.000,  7.963141805693E+06,  7.925814959564E+06,  7.887762526747E+06,  7.848804079465E+06,  1.020451071101E+02,  4.800389349501E+06,  7.604512575199E-10, -2.862179826479E-09
   36,2, 40,  120.000, 1.00,     960.000,  7.962981335318E+06,  7.925731246379E+06,  7.888488252559E+06,  7.852455467157E+06,  1.023857058670E+02,  4.800675634205E+06,  1.343096300843E-09, -1.518856151961E-09
   36,2, 40,  120.000, 1.00,    1080.000,  7.963050468860E+06,  7.926084200884E+06,  7.889425217314E+06,  7.853416509274E+06,  1.024448994760E+02,  4.800969022142E+06, -2.350361683057E-09, -3.869217835017E-09
   36,2, 40,  120.000, 1.00,    1200.000,  7.963251530849E+06,  7.926560194772E+06,  7.890158576908E+06,  7.854158858469E+06,  1.022729415632E+02,  4.801241775130E+06,  2.537831278460E-09, -1.331500243396E-09
   36,2, 40,  120.000, 1.00,    1320.000,  7.963480511257E+06,  7.927004131016E+06,  7.890739003783E+06,  7.854772529129E+06,  1.019917214377E+02,  4.801480781702E+06, -1.717808117974E-09, -3.049308361369E-09
   36,2, 40,  120.000, 1.00,    1440.000,  7.963687229051E+06,  7.927382196309E+06,  7.891222061799E+06,  7.855291741139E+06,  1.016968747894E+02,  4.801684406677E+06, -4.794173946721E-10, -3.528839442879E-09
   36,2, 40,  120.000, 1.00,    1560.000,  7.963860990296E+06,  7.927698982770E+06,  7.891630677806E+06,  7.855733474116E+06,  1.014318043433E+02,  4.801856223198E+06,  1.826151674322E-09, -1.702687768557E-09
   36,2, 40,  120.000, 1.00,    1680.000,  7.964005424372E+06,  7.927964651275E+06,  7.891976663435E+06,  7.856108631180E+06,  1.012060820466E+02,  4.802000953044E+06, -1.286139195145E-09, -2.988826963701E-09
   36,2, 40,  120.000, 1.00,    1800.000,  7.964126122179E+06,  7.928188044217E+06,  7.892269102813E+06,  7.856426267929E+06,  1.010163679620E+02,  4.802122917199E+06, -1.211901690112E-09, -4.200728653814E-09
   37,3, 20,   15.000, 0.50,       0.000,  7.964770372286E+06,  7.929384223663E+06,  7.893839449198E+06,  7.858133896350E+06,  1.000000000000E+02,  4.802776587486E+06,  0.000000000000E+00,  0.000000000000E+00
   37,3, 20,   15.000, 0.50,      15.000,  7.964770372286E+06,  7.929384223663E+06,  7.893839448797E+06,  7.858131197301E+06,  1.000000000000E+02,  4.802776529686E+06,  3.558540129234E-10,  3.558540129234E-10
   37,3, 20,   15.000, 0.50,      30.000,  7.964770372286E+06,  7.929384223661E+06,  7.893839441889E+06,  7.858120225020E+06,  1.000000000000E+02,  4.802776241043E+06,  1.277896899410E-09,  1.633750912333E-09
   37,3, 20,   15.000, 0.50,      45.000,  7.964770372286E+06,  7.929384223635E+06,  7.893839385414E+06,  7.858098767906E+06,  1.000000000000E+02,  4.802775492135E+06, -6.546585495926E-10,  9.790923627406E-10
   37,3, 20,   15.000, 0.50,      60.000,  7.964770372286E+06,  7.929384223381E+06,  7.893839093440E+06,  7.858067982935E+06,  1.000000000000E+02,  4.802774056381E+06,  7.444995731021E-10,  1.723591935843E-09
   37,3, 20,   15.000, 0.50,      75.000,  7.964770372284E+06,  7.929384221642E+06,  7.893838021683E+06,  7.858027203595E+06,  1.000000000000E+02,  4.802771711432E+06, -1.340247024473E-09,  3.833449113699E-10
   37,3, 20,   15.000, 0.50,      90.000,  7.964770372275E+06,  7.929384212421E+06,  7.893835045047E+06,  7.857974529197E+06,  1.000000000000E+02,  4.802768240545E+06,  3.384243996152E-10,  7.217693109851E-10
   37,3, 20,   15.000, 0.50,     105.000,  7.964770372217E+06,  7.929384173203E+06,  7.893828519065E+06,  7.857909642802E+06,  1.000000000003E+02,  4.802763433921E+06, -1.718802877804E-11,  7.045812822071E-10
   37,3, 20,   15.000, 0.50,     120.000,  7.964770371903E+06,  7.929384035789E+06,  7.893816823580E+06,  7.857833045397E+06,  1.000000000019E+02,  4.802757089992E+06, -6.122604645498E-10,  9.232081765731E-11
   37,3, 20,   15.000, 0.50,     135.000,  7.964770370479E+06,  7.929383631596E+06,  7.893799052630E+06,  7.857744190455E+06,  1.000000000120E+02,  4.802749016673E+06,  6.876916813781E-10,  7.800124990354E-10
   37,3, 20,   15.000, 0.50,     150.000,  7.964770364895E+06,  7.929382619105E+06,  7.893775120368E+06,  7.857642286517E+06,  1.000000000650E+02,  4.802739032538E+06,  6.199343260960E-10,  1.399946825131E-09
   37,3, 20,   15.000, 0.50,     165.000,  7.964770345808E+06,  7.929380433582E+06,  7.893745081302E+06,  7.857527569264E+06,  1.000000003099E+02,  4.802726967943E+06, -4.953832899446E-10,  9.045635351868E-10
   37,3, 20,   15.000, 0.50,     180.000,  7.964770288406E+06,  7.929376323749E+06,  7.893708478846E+06,  7.857400515344E+06,  1.000000013135E+02,  4.802712666080E+06, -2.833502321664E-10,  6.212133030203E-10
   37,3, 20,   15.000, 0.50,     195.000,  7.964770135479E+06,  7.929369510296E+06,  7.893664551365E+06,  7.857260969326E+06,  1.000000049886E+02,  4.802695983949E+06, -1.137784977345E-09, -5.165645688976E-10
   37,3, 20,   15.000, 0.50,     210.000,  7.964769772466E+06,  7.929359401514E+06,  7.893612906186E+06,  7.857108869245E+06,  1.000000170845E+02,  4.802676793284E+06,  1.851745423664E-09,  1.335180854767E-09
   37,3, 20,   15.000, 0.50,     225.000,  7.964769000808E+06,  7.929345707686E+06,  7.893553618544E+06,  7.856944824281E+06,  1.000000530410E+02,  4.802654981446E+06, -6.910241268088E-10,  6.441496225307E-10
   37,3, 20,   15.000, 0.50,     240.000,  7.964767524701E+06,  7.929328337255E+06,  7.893486692729E+06,  7.856769456221E+06,  1.000001499508E+02,  4.802630452352E+06,  6.208011882336E-11,  7.062226359267E-10
   37,3, 20,   15.000, 0.50,     255.000,  7.964764970078E+06,  7.929307154311E+06,  7.893411830790E+06,  7.856583025872E+06,  1.000003875368E+02,  4.802603127552E+06, -9.699192560220E-10, -2.636966200953E-10
   37,3, 20,   15.000, 0.50,     270.000,  7.964760943337E+06,  7.929281838748E+06,  7.893328832397E+06,  7.856386003104E+06,  1.000009188264E+02,  4.802572947597E+06,  8.274412266474E-10,  5.637446065521E-10
   37,3, 20,   15.000, 0.50,     285.000,  7.964755110129E+06,  7.929251995374E+06,  7.893237861236E+06,  7.856179278567E+06,  1.000020051623E+02,  4.802539873781E+06,  3.864641939799E-10,  9.501945896773E-10
   37,3, 20,   15.000, 0.50,     300.000,  7.964747248709E+06,  7.929217370412E+06,  7.893139149359E+06,  7.855963666749E+06,  1.000040410611E+02,  4.802503890236E+06,  8.198810519389E-10,  1.770104063326E-09
   37,3, 20,   15.000, 0.50,     315.000,  7.964737237406E+06,  7.929177904718E+06,  7.893032737371E+06,  7.855739795197E+06,  1.000075473941E+02,  4.802465006041E+06, -7.411031788251E-10,  1.028979568218E-09
   37,3, 20,   15.000, 0.50,     330.000,  7.964724982487E+06,  7.929133574201E+06,  7.892918694122E+06,  7.855508512105E+06,  1.000131154023E+02,  4.802423256758E+06, -1.231164503679E-09, -2.021920408879E-10
   37,3, 20,   15.000, 0.50,     345.000,  7.964710348178E+06,  7.929084254077E+06,  7.892797346822E+06,  7.855270908115E+06,  1.000213056608E+02,  4.802378704669E+06,  2.010423827414E-09,  1.808245997381E-09
   37,3, 20,   15.000, 0.50,     360.000,  7.964693156193E+06,  7.929029791541E+06,  7.892669107209E+06,  7.855027970129E+06,  1.000325392180E+02,  4.802331437336E+06, -4.327915803515E-10,  1.375440206175E-09
   37,3, 20,   15.000, 0.50,     375.000,  7.964673257163E+06,  7.928970158733E+06,  7.892534269340E+06,  7.854780600079E+06,  1.000470399160E+02,  4.802281564797E+06,  3.326263708914E-10,  1.708087893348E-09
   37,3, 20,   15.000, 0.50,     390.000,  7.964650599859E+06,  7.928905454090E+06,  7.892393145589E+06,  7.854529882263E+06,  1.000648704187E+02,  4.802229216488E+06, -1.066787547188E-09,  6.413074515876E-10
   37,3, 20,   15.000, 0.50,     405.000,  7.964625223427E+06,  7.928835771963E+06,  7.892246232101E+06,  7.854277017074E+06,  1.000860461811E+02,  4.802174539193E+06,  4.858264901486E-10,  1.127091309172E-09
   37,3, 20,   15.000, 0.50,     420.000,  7.964597183158E+06,  7.928761159290E+06,  7.892094090280E+06,  7.854023097620E+06,  1.001106491727E+02,  4.802117696586E+06, -1.567457275087E-11,  1.111402525567E-09
   37,3, 20,   15.000, 0.50,     435.000,  7.964566494840E+06,  7.928681716980E+06,  7.891937204839E+06,  7.853769181559E+06,  1.001388547873E+02,  4.802058869742E+06,  6.702833843519E-10,  1.781700120773E-09
   37,3, 20,   15.000, 0.50,     450.000,  7.964533154292E+06,  7.928597667454E+06,  7.891776080082E+06,  7.853516450089E+06,  1.001708536525E+02,  4.801998257152E+06, -8.030482945287E-10,  9.786162991077E-10
   37,3, 20,   15.000, 0.50,     465.000,  7.964497193171E+06,  7.928509285121E+06,  7.891611350121E+06,  7.853266111879E+06,  1.002067433773E+02,  4.801936073266E+06, -4.062101766067E-10,  5.724132279283E-10
   37,3, 20,   15.000, 0.50,     480.000,  7.964458694791E+06,  7.928416819995E+06,  7.891443689165E+06,  7.853019271142E+06,  1.002464928810E+02,  4.801872545857E+06,  1.657419090861E-09,  2.229853635072E-09
   37,3, 20,   15.000, 0.50,     495.000,  7.964417760080E+06,  7.928320535364E+06,  7.891273718036E+06,  7.852777010940E+06,  1.002900075405E+02,  4.801807913538E+06, -1.154518258772E-09,  1.075363798009E-09
   37,3, 20,   15.000, 0.50,     510.000,  7.964374484437E+06,  7.928220771363E+06,  7.891102078185E+06,  7.852540475923E+06,  1.003372187796E+02,  4.801742424360E+06, -6.601155178032E-10,  4.151843313593E-10
   37,3, 20,   15.000, 0.50,     525.000,  7.964328980107E+06,  7.928117913833E+06,  7.890929499861E+06,  7.852310777999E+06,  1.003881007583E+02,  4.801676335143E+06,  2.169429080823E-10,  6.320988177322E-10
   37,3, 20,   15.000, 0.50,     540.000,  7.964281402360E+06,  7.928012327218E+06,  7.890756729436E+06,  7.852088928082E+06,  1.004426050487E+02,  4.801609910386E+06, -8.764189374233E-10, -2.444267011015E-10
   37,3, 20,   15.000, 0.50,     555.000,  7.964231932048E+06,  7.927904367752E+06,  7.890584468787E+06,  7.851875911289E+06,  1.005005988774E+02,  4.801543420170E+06,  5.018918614041E-10,  2.573870006017E-10
   37,3, 20,   15.000, 0.50,     570.000,  7.964180738931E+06,  7.927794442265E+06,  7.890413430083E+06,  7.851672721090E+06,  1.005618804358E+02,  4.801477137672E+06,  1.080806555365E-10,  3.653894964373E-10
   37,3, 20,   15.000, 0.50,     585.000,  7.964127982640E+06,  7.927683005039E+06,  7.890244371000E+06,  7.851480281222E+06,  1.006262442149E+02,  4.801411337251E+06,  5.104183742333E-10,  8.758433978073E-10
   37,3, 20,   15.000, 0.50,     600.000,  7.964073848742E+06,  7.927570506772E+06,  7.890078034453E+06,  7.851299417836E+06,  1.006935102779E+02,  4.801346293209E+06,  1.086036149900E-09,  1.961780071724E-09
   37,3, 20,   15.000, 0.50,     615.000,  7.964018562070E+06,  7.927457387411E+06,  7.889915112756E+06,  7.851128213808E+06,  1.007634870226E+02,  4.801282220689E+06, -2.350795114126E-09, -3.890363586834E-10
   37,3, 20,   15.000, 0.50,     630.000,  7.963962356528E+06,  7.927344109754E+06,  7.889756287059E+06,  7.850961819577E+06,  1.008359270313E+02,  4.801219216295E+06,  1.948507133420E-09,  1.559556039865E-09
   37,3, 20,   15.000, 0.50,     645.000,  7.963905448317E+06,  7.927231158326E+06,  7.889602216179E+06,  7.850798620925E+06,  1.009105377123E+02,  4.801157314780E+06, -3.119282609987E-10,  1.247599357157E-09
   37,3, 20,   15.000, 0.50,     660.000,  7.963848049873E+06,  7.927119004500E+06,  7.889453388777E+06,  7.850640270806E+06,  1.009870269865E+02,  4.801096546515E+06, -1.073097166682E-09,  1.743956090650E-10
   37,3, 20,   15.000, 0.50,     675.000,  7.963790395935E+06,  7.927008102577E+06,  7.889309894589E+06,  7.850486576182E+06,  1.010651187930E+02,  4.801036937609E+06,  1.350123568500E-09,  1.524540493847E-09
   37,3, 20,   15.000, 0.50,     690.000,  7.963732738989E+06,  7.926898914229E+06,  7.889171237098E+06,  7.850336054413E+06,  1.011445238251E+02,  4.800978509928E+06, -2.486473249519E-10,  1.275793692912E-09
   37,3, 20,   15.000, 0.50,     705.000,  7.963675324596E+06,  7.926791896824E+06,  7.889036392897E+06,  7.850188670426E+06,  1.012249162778E+02,  4.800921280729E+06,  5.454836582430E-10,  1.821263140300E-09
   37,3, 20,   15.000, 0.50,     720.000,  7.963618385461E+06,  7.926687444548E+06,  7.888904300521E+06,  7.850045104712E+06,  1.013059519915E+02,  4.800865262241E+06, -4.160156663602E-10,  1.405169314239E-09
   37,3, 20,   15.000, 0.50,     735.000,  7.963562156245E+06,  7.926585827679E+06,  7.888774522656E+06,  7.849904956318E+06,  1.013872984007E+02,  4.800810461619E+06, -7.715925676166E-10,  6.334630597848E-10
   37,3, 20,   15.000, 0.50,     750.000,  7.963506877931E+06,  7.926487143241E+06,  7.888647379413E+06,  7.849767504009E+06,  1.014686334465E+02,  4.800756881108E+06, -9.294254255110E-10, -2.960405254271E-10
   37,3, 20,   15.000, 0.50,     765.000,  7.963452781743E+06,  7.926391270209E+06,  7.888523298158E+06,  7.849632919285E+06,  1.015496228783E+02,  4.800704518030E+06,  1.009070160762E-09,  7.130438461900E-10
   37,3, 20,   15.000, 0.50,     780.000,  7.963400072200E+06,  7.926297882963E+06,  7.888402161987E+06,  7.849501522832E+06,  1.016299167467E+02,  4.800653364578E+06, -4.563389666146E-10,  2.564775059000E-10
   37,3, 20,   15.000, 0.50,     795.000,  7.963348916622E+06,  7.926206592431E+06,  7.888283500564E+06,  7.849372956209E+06,  1.017091714186E+02,  4.800603407739E+06, -4.042561840834E-10, -1.477928890381E-10
   37,3, 20,   15.000, 0.50,     810.000,  7.963299425561E+06,  7.926117161072E+06,  7.888167148273E+06,  7.849246862534E+06,  1.017870647458E+02,  4.800554629510E+06,  1.787960002275E-09,  1.640273694647E-09
   37,3, 20,   15.000, 0.50,     825.000,  7.963251621381E+06,  7.926029614019E+06,  7.888053337526E+06,  7.849123432898E+06,  1.018632904438E+02,  4.800507007174E+06,  1.158724671768E-09,  2.798969944706E-09
   37,3, 20,   15.000, 0.50,     840.000,  7.963205420393E+06,  7.925944131503E+06,  7.887942174194E+06,  7.849002796310E+06,  1.019375582076E+02,  4.800460513539E+06, -1.965737794762E-09,  8.330971468240E-10
   37,3, 20,   15.000, 0.50,     855.000,  7.963160652753E+06,  7.925860819386E+06,  7.887833420566E+06,  7.848884672173E+06,  1.020096225446E+02,  4.800415117394E+06,  4.127400643483E-10,  1.246007741429E-09
   37,3, 20,   15.000, 0.50,     870.000,  7.963117118054E+06,  7.925779584733E+06,  7.887726881932E+06,  7.848768899541E+06,  1.020793258823E+02,  4.800370784508E+06, -6.532019369843E-11,  1.180524122901E-09
   37,3, 20,   15.000, 0.50,     885.000,  7.963074653574E+06,  7.925700234247E+06,  7.887622652838E+06,  7.848655637051E+06,  1.021466296935E+02,  4.800327479174E+06, -1.235491708940E-09, -5.502442945726E-11
   37,3, 20,   15.000, 0.50,     900.000,  7.963033181596E+06,  7.925622666037E+06,  7.887520831724E+06,  7.848544908977E+06,  1.022116279608E+02,  4.800285166107E+06,  6.317435463643E-10,  5.766196409240E-10
   37,3, 20,   15.000, 0.50,     915.000,  7.962992702036E+06,  7.925546920761E+06,  7.887421283188E+06,  7.848436506179E+06,  1.022745432273E+02,  4.800243812391E+06,  2.286242306582E-09,  2.863089321181E-09
   37,3, 20,   15.000, 0.50,     930.000,  7.962953227500E+06,  7.925473042394E+06,  7.887323851037E+06,  7.848330364666E+06,  1.023356870769E+02,  4.800203389118E+06, -2.458129699789E-09,  4.051798896398E-10
   37,3, 20,   15.000, 0.50,     945.000,  7.962914713949E+06,  7.925400950470E+06,  7.887228569657E+06,  7.848226592309E+06,  1.023953711738E+02,  4.800163872055E+06,  9.677307843958E-10,  1.372882252326E-09
   37,3, 20,   15.000, 0.50,     960.000,  7.962877057178E+06,  7.925330497964E+06,  7.887135498712E+06,  7.848125157654E+06,  1.024538009861E+02,  4.800125240846E+06,  4.965272637492E-11,  1.422449713573E-09
   37,3, 20,   15.000, 0.50,     975.000,  7.962840161423E+06,  7.925261612988E+06,  7.887044540947E+06,  7.848025910090E+06,  1.025110205738E+02,  4.800087477008E+06,  2.915641061918E-10,  1.713942765491E-09
   37,3, 20,   15.000, 0.50,     990.000,  7.962804004787E+06,  7.925194308325E+06,  7.886955573504E+06,  7.847928828453E+06,  1.025669514280E+02,  4.800050561798E+06, -7.854694672460E-10,  9.285940905102E-10
   37,3, 20,   15.000, 0.50,    1005.000,  7.962768629157E+06,  7.925128562446E+06,  7.886868599981E+06,  7.847833968973E+06,  1.026214995330E+02,  4.800014475180E+06, -1.258683823835E-09, -3.301465767436E-10
   37,3, 20,   15.000, 0.50,    1020.000,  7.962734070915E+06,  7.925064273958E+06,  7.886783642134E+06,  7.847741269601E+06,  1.026746544796E+02,  4.799979196335E+06,  2.188436099004E-09,  1.858097675722E-09
   37,3, 20,   15.000, 0.50,    1035.000,  7.962700313610E+06,  7.925001354558E+06,  7.886700615180E+06,  7.847650619914E+06,  1.027265114417E+02,  4.799944705080E+06, -1.915921643558E-09, -5.775291356258E-11
   37,3, 20,   15.000, 0.50,    1050.000,  7.962667307716E+06,  7.924939796805E+06,  7.886619419804E+06,  7.847562010850E+06,  1.027772052908E+02,  4.799910982955E+06,  2.440927460157E-10,  1.864464138635E-10
   37,3, 20,   15.000, 0.50,    1065.000,  7.962635018382E+06,  7.924879612726E+06,  7.886540043322E+06,  7.847475455433E+06,  1.028268171832E+02,  4.799878013124E+06,  1.579664399287E-09,  1.766238710843E-09
   37,3, 20,   15.000, 0.50,    1080.000,  7.962603437989E+06,  7.924820762164E+06,  7.886462480994E+06,  7.847390876533E+06,  1.028753396489E+02,  4.799845779300E+06, -1.897575430121E-10,  1.576609065523E-09
   37,3, 20,   15.000, 0.50,    1095.000,  7.962572558568E+06,  7.924763188315E+06,  7.886386657146E+06,  7.847308188082E+06,  1.029227308192E+02,  4.799814264828E+06,  7.696598913753E-11,  1.653461367823E-09
   37,3, 20,   15.000, 0.50,    1110.000,  7.962542353694E+06,  7.924706880001E+06,  7.886312496215E+06,  7.847227376592E+06,  1.029689956437E+02,  4.799783452777E+06, -2.988755909428E-10,  1.354692358291E-09
   37,3, 20,   15.000, 0.50,    1125.000,  7.962512797098E+06,  7.924651845574E+06,  7.886239986091E+06,  7.847148423265E+06,  1.030142036918E+02,  4.799753326772E+06, -7.986429295670E-10,  5.561560101341E-10
   37,3, 20,   15.000, 0.50,    1140.000,  7.962483884971E+06,  7.924598052160E+06,  7.886169116284E+06,  7.847071248306E+06,  1.030584298006E+02,  4.799723871523E+06,  3.085176558670E-10,  8.644747140352E-10
   37,3, 20,   15.000, 0.50,    1155.000,  7.962455623256E+06,  7.924545439520E+06,  7.886099829147E+06,  7.846995784227E+06,  1.031016957721E+02,  4.799695072465E+06,  1.037747665578E-09,  1.902208168758E-09
   37,3, 20,   15.000, 0.50,    1170.000,  7.962427997843E+06,  7.924493976505E+06,  7.886032073438E+06,  7.846922013425E+06,  1.031439831135E+02,  4.799666915057E+06, -1.038898744810E-09,  8.631104719825E-10
   37,3, 20,   15.000, 0.50,    1185.000,  7.962400974708E+06,  7.924443660232E+06,  7.885965838747E+06,  7.846849904481E+06,  1.031852916721E+02,  4.799639384617E+06, -1.129976112679E-10,  7.503331289627E-10
   37,3, 20,   15.000, 0.50,    1200.000,  7.962374530966E+06,  7.924394471717E+06,  7.885901105474E+06,  7.846779391888E+06,  1.032256642414E+02,  4.799612466787E+06,  2.538058652135E-11,  7.757989806123E-10
   37,3, 20,   15.000, 0.50,    1215.000,  7.962348669057E+06,  7.924346372482E+06,  7.885837818140E+06,  7.846710432658E+06,  1.032651510673E+02,  4.799586147902E+06,  4.867501957051E-10,  1.262378646061E-09
   37,3, 20,   15.000, 0.50,    1230.000,  7.962323393048E+06,  7.924299337913E+06,  7.885775929264E+06,  7.846643015137E+06,  1.033037698170E+02,  4.799560414808E+06, -3.335998144394E-10,  9.285940905102E-10
   37,3, 20,   15.000, 0.50,    1245.000,  7.962298685265E+06,  7.924253358166E+06,  7.885715419900E+06,  7.846577109819E+06,  1.033415145977E+02,  4.799535254441E+06,  7.984581884557E-10,  1.727130438667E-09
   37,3, 20,   15.000, 0.50,    1260.000,  7.962274518116E+06,  7.924208409072E+06,  7.885656264083E+06,  7.846512667011E+06,  1.033783941534E+02,  4.799510653757E+06, -3.016822347490E-10,  1.425632945029E-09
   37,3, 20,   15.000, 0.50,    1275.000,  7.962250878815E+06,  7.924164452532E+06,  7.885598417100E+06,  7.846449655538E+06,  1.034144427509E+02,  4.799486600034E+06, -7.838423243811E-10,  6.416485121008E-10
   37,3, 20,   15.000, 0.50,    1290.000,  7.962227767959E+06,  7.924121464371E+06,  7.885541846725E+06,  7.846388057206E+06,  1.034496932821E+02,  4.799463081054E+06,  7.037215254968E-11,  7.121343514882E-10
   37,3, 20,   15.000, 0.50,    1305.000,  7.962205178741E+06,  7.924079435934E+06,  7.885486538626E+06,  7.846327834902E+06,  1.034841563605E+02,  4.799440084926E+06,  4.963141009284E-10,  1.208263711305E-09
   37,3, 20,   15.000, 0.50,    1320.000,  7.962183092020E+06,  7.924038348962E+06,  7.885432467489E+06,  7.846268942941E+06,  1.035178341803E+02,  4.799417599855E+06, -7.355396292041E-10,  4.729372449219E-10
   37,3, 20,   15.000, 0.50,    1335.000,  7.962161491233E+06,  7.923998171487E+06,  7.885379593834E+06,  7.846211354285E+06,  1.035507438199E+02,  4.799395614190E+06,  3.048299390684E-10,  7.776179700159E-10
   37,3, 20,   15.000, 0.50,    1350.000,  7.962140369573E+06,  7.923958878560E+06,  7.885327888614E+06,  7.846155049790E+06,  1.035829146410E+02,  4.799374116629E+06,  5.606821673609E-10,  1.338321453659E-09
   37,3, 20,   15.000, 0.50,    1365.000,  7.962119720305E+06,  7.923920457522E+06,  7.885277334592E+06,  7.846099997372E+06,  1.036143676661E+02,  4.799353096246E+06,  9.618332796890E-10,  2.300112100784E-09
   37,3, 20,   15.000, 0.50,    1380.000,  7.962099530089E+06,  7.923882892336E+06,  7.885227906558E+06,  7.846046162827E+06,  1.036451105150E+02,  4.799332542332E+06, -2.021401712682E-09,  2.787601260934E-10
   37,3, 20,   15.000, 0.50,    1395.000,  7.962079785260E+06,  7.923846159140E+06,  7.885179572069E+06,  7.845993523967E+06,  1.036751532082E+02,  4.799312444310E+06, -7.005951374595E-12,  2.719389158301E-10
   37,3, 20,   15.000, 0.50,    1410.000,  7.962060477111E+06,  7.923810237801E+06,  7.885132307042E+06,  7.845942058435E+06,  1.037045175462E+02,  4.799292791841E+06,  8.907434789762E-10,  1.162788976217E-09
   37,3, 20,   15.000, 0.50,    1425.000,  7.962041597537E+06,  7.923775114173E+06,  7.885086092972E+06,  7.845891733723E+06,  1.037332265027E+02,  4.799273574921E+06, -7.389999723273E-10,  4.238245310262E-10
   37,3, 20,   15.000, 0.50,    1440.000,  7.962023135369E+06,  7.923740770673E+06,  7.885040904579E+06,  7.845842519912E+06,  1.037612930734E+02,  4.799254783818E+06, -1.031068563861E-10,  3.205968823750E-10
   37,3, 20,   15.000, 0.50,    1455.000,  7.962005080055E+06,  7.923707185820E+06,  7.884996714289E+06,  7.845794397383E+06,  1.037887260989E+02,  4.799236408962E+06,  1.301408758536E-09,  1.622083800612E-09
   37,3, 20,   15.000, 0.50,    1470.000,  7.961987424199E+06,  7.923674342656E+06,  7.884953502278E+06,  7.845747345288E+06,  1.038155411695E+02,  4.799218440967E+06,  1.031395413520E-09,  2.653450792423E-09
   37,3, 20,   15.000, 0.50,    1485.000,  7.961970159890E+06,  7.923642228168E+06,  7.884911250933E+06,  7.845701335839E+06,  1.038417582988E+02,  4.799200870713E+06, -4.130171760153E-10,  2.240540197818E-09
   37,3, 20,   15.000, 0.50,    1500.000,  7.961953276666E+06,  7.923610825526E+06,  7.884869936245E+06,  7.845656343659E+06,  1.038673920321E+02,  4.799183689340E+06, -6.726779133714E-10,  1.567968865857E-09
   37,3, 20,   15.000, 0.50,    1515.000,  7.961936765151E+06,  7.923580115164E+06,  7.884829533314E+06,  7.845612348934E+06,  1.038924511720E+02,  4.799166888164E+06, -8.787921501607E-10,  6.893969839439E-10
   37,3, 20,   15.000, 0.50,    1530.000,  7.961920618857E+06,  7.923550082062E+06,  7.884790023611E+06,  7.845569329816E+06,  1.039169471535E+02,  4.799150458652E+06, -4.297078248783E-10,  2.596607373562E-10
   37,3, 20,   15.000, 0.50,    1545.000,  7.961904830543E+06,  7.923520714609E+06,  7.884751390174E+06,  7.845527261677E+06,  1.039408960713E+02,  4.799134392476E+06,  2.514610741855E-11,  2.846718416549E-10
   37,3, 20,   15.000, 0.50,    1560.000,  7.961889390401E+06,  7.923491997792E+06,  7.884713611999E+06,  7.845486123682E+06,  1.039643121142E+02,  4.799118681537E+06, -8.734204470784E-10, -5.888978193980E-10
   37,3, 20,   15.000, 0.50,    1575.000,  7.961874289604E+06,  7.923463913964E+06,  7.884676668039E+06,  7.845445897855E+06,  1.039872048008E+02,  4.799103317914E+06,  9.883294183055E-10,  3.992681740783E-10
   37,3, 20,   15.000, 0.50,    1590.000,  7.961859522290E+06,  7.923436448839E+06,  7.884640540931E+06,  7.845406563091E+06,  1.040095841537E+02,  4.799088293831E+06,  1.126913673488E-09,  1.526132109575E-09
   37,3, 20,   15.000, 0.50,    1605.000,  7.961845082252E+06,  7.923409591135E+06,  7.884605213413E+06,  7.845368096777E+06,  1.040314638877E+02,  4.799073601691E+06, -1.267466132049E-10,  1.399257598678E-09
   37,3, 20,   15.000, 0.50,    1620.000,  7.961830960787E+06,  7.923383327600E+06,  7.884570666186E+06,  7.845330480089E+06,  1.040528574632E+02,  4.799059234102E+06, -1.676454530752E-10,  1.231455826201E-09
   37,3, 20,   15.000, 0.50,    1635.000,  7.961817149567E+06,  7.923357643150E+06,  7.884536881385E+06,  7.845293696241E+06,  1.040737747260E+02,  4.799045183843E+06, -5.536122671401E-10,  6.780283001717E-10
   37,3, 20,   15.000, 0.50,    1650.000,  7.961803642843E+06,  7.923332524751E+06,  7.884503843590E+06,  7.845257726131E+06,  1.040942246988E+02,  4.799031443839E+06,  7.560814196950E-10,  1.434273144696E-09
   37,3, 20,   15.000, 0.50,    1665.000,  7.961790435003E+06,  7.923307961226E+06,  7.884471536374E+06,  7.845222549988E+06,  1.041142187550E+02,  4.799018007165E+06, -1.313708253292E-09,  1.205080479849E-10
   37,3, 20,   15.000, 0.50,    1680.000,  7.961777518432E+06,  7.923283940253E+06,  7.884439941881E+06,  7.845188150569E+06,  1.041337686985E+02,  4.799004867070E+06,  2.430766699035E-10,  3.637978807092E-10
   37,3, 20,   15.000, 0.50,    1695.000,  7.961764885574E+06,  7.923260448658E+06,  7.884409044089E+06,  7.845154511557E+06,  1.041528839602E+02,  4.798992016965E+06,  1.819003614401E-09,  2.182787284255E-09
   37,3, 20,   15.000, 0.50,    1710.000,  7.961752530961E+06,  7.923237474724E+06,  7.884378828906E+06,  7.845121615393E+06,  1.041715730052E+02,  4.798979450393E+06, -6.537987928823E-10,  1.528860593680E-09
   37,3, 20,   15.000, 0.50,    1725.000,  7.961740449492E+06,  7.923215007772E+06,  7.884349281228E+06,  7.845089444946E+06,  1.041898458803E+02,  4.798967161034E+06, -3.786482238866E-10,  1.150056050392E-09
   37,3, 20,   15.000, 0.50,    1740.000,  7.961728634486E+06,  7.923193036415E+06,  7.884320385007E+06,  7.845057984796E+06,  1.042077132527E+02,  4.798955142728E+06, -8.031406650844E-10,  3.469722287264E-10
   37,3, 20,   15.000, 0.50,    1755.000,  7.961717079050E+06,  7.923171549065E+06,  7.884292125726E+06,  7.845027219459E+06,  1.042251841165E+02,  4.798943389458E+06,  2.539536581025E-09,  2.886736183427E-09
   37,3, 20,   15.000, 0.50,    1770.000,  7.961705777863E+06,  7.923150535178E+06,  7.884264490164E+06,  7.844997132645E+06,  1.042422663601E+02,  4.798931895337E+06, -6.396660978680E-10,  2.246906660730E-09
   37,3, 20,   15.000, 0.50,    1785.000,  7.961694726123E+06,  7.923129984645E+06,  7.884237464391E+06,  7.844967709067E+06,  1.042589687464E+02,  4.798920654600E+06, -2.896982209677E-09, -6.502887117676E-10
   37,3, 20,   15.000, 0.50,    1800.000,  7.961683917986E+06,  7.923109886907E+06,  7.884211034104E+06,  7.844938934822E+06,  1.042753006414E+02,  4.798909661620E+06,  1.870525068171E-09,  1.220087142428E-09
   38,3, 20,   15.000, 0.65,       0.000,  7.964770372286E+06,  7.929384223663E+06,  7.893839449198E+06,  7.858133896350E+06,  1.000000000000E+02,  4.802776587486E+06,  0.000000000000E+00,  0.000000000000E+00
   38,3, 20,   15.000, 0.65,      15.000,  7.964770372286E+06,  7.929384223662E+06,  7.893839446938E+06,  7.858130831061E+06,  1.000000000000E+02,  4.802776512346E+06,  1.113843239864E-09,  1.113843239864E-09
   38,3, 20,   15.000, 0.65,      30.000,  7.964770372286E+06,  7.929384223626E+06,  7.893839419085E+06,  7.858119594854E+06,  1.000000000000E+02,  4.802776171790E+06,  4.201546090210E-10,  1.533997873171E-09
   38,3, 20,   15.000, 0.65,      45.000,  7.964770372285E+06,  7.929384223266E+06,  7.893839252121E+06,  7.858098286957E+06,  1.000000000000E+02,  4.802775336716E+06, -6.927223031306E-10,  8.412754937126E-10
   38,3, 20,   15.000, 0.65,      60.000,  7.964770372280E+06,  7.929384220844E+06,  7.893838601429E+06,  7.858067016587E+06,  1.000000000000E+02,  4.802773781074E+06, -2.889598421651E-10,  5.523155266474E-10
   38,3, 20,   15.000, 0.65,      75.000,  7.964770372244E+06,  7.929384208880E+06,  7.893836739486E+06,  7.858025219642E+06,  1.000000000004E+02,  4.802771283254E+06, -6.898989712845E-11,  4.833253797187E-10
   38,3, 20,   15.000, 0.65,      90.000,  7.964770372041E+06,  7.929384162541E+06,  7.893832541008E+06,  7.857971969068E+06,  1.000000000030E+02,  4.802767627457E+06, -6.432722687855E-10, -1.599467225333E-10
   38,3, 20,   15.000, 0.65,     105.000,  7.964770371118E+06,  7.929384015828E+06,  7.893824697876E+06,  7.857906735694E+06,  1.000000000181E+02,  4.802762605022E+06,  5.414406700766E-10,  3.814939475433E-10
   38,3, 20,   15.000, 0.65,     120.000,  7.964770367564E+06,  7.929383624895E+06,  7.893812051874E+06,  7.857829269984E+06,  1.000000000932E+02,  4.802756015714E+06, -1.116468528739E-09, -7.349747477292E-10
   38,3, 20,   15.000, 0.65,     135.000,  7.964770355783E+06,  7.929382728359E+06,  7.893793800540E+06,  7.857739320658E+06,  1.000000004157E+02,  4.802747668962E+06,  8.437985865584E-10,  1.088231726953E-10
   38,3, 20,   15.000, 0.65,     150.000,  7.964770321628E+06,  7.929380925839E+06,  7.893769451048E+06,  7.857636679196E+06,  1.000000016289E+02,  4.802737385036E+06, -2.685205391373E-10, -1.596944798621E-10
   38,3, 20,   15.000, 0.65,     165.000,  7.964770233899E+06,  7.929377696280E+06,  7.893738637159E+06,  7.857521287064E+06,  1.000000056793E+02,  4.802724996173E+06,  6.089244664054E-10,  4.492335392570E-10
   38,3, 20,   15.000, 0.65,     180.000,  7.964770032113E+06,  7.929372459537E+06,  7.893700996492E+06,  7.857393213815E+06,  1.000000177979E+02,  4.802710347647E+06, -3.296637407502E-10,  1.195701315737E-10
   38,3, 20,   15.000, 0.65,     195.000,  7.964769612561E+06,  7.929364657152E+06,  7.893656174658E+06,  7.857252610135E+06,  1.000000505625E+02,  4.802693298818E+06, -7.002376456455E-10, -5.806697345179E-10
   38,3, 20,   15.000, 0.65,     210.000,  7.964768817221E+06,  7.929353813433E+06,  7.893603878545E+06,  7.857099713451E+06,  1.000001311775E+02,  4.802673724174E+06,  1.086913004045E-09,  5.062474883744E-10
   38,3, 20,   15.000, 0.65,     225.000,  7.964767431282E+06,  7.929339551016E+06,  7.893543897012E+06,  7.856934863260E+06,  1.000003128003E+02,  4.802651514447E+06,  1.793328818778E-09,  2.299572088305E-09
   38,3, 20,   15.000, 0.65,     240.000,  7.964765193172E+06,  7.929321566631E+06,  7.893476086523E+06,  7.856758494052E+06,  1.000006895713E+02,  4.802626577822E+06, -9.000593603758E-10,  1.399513394063E-09
   38,3, 20,   15.000, 0.65,     255.000,  7.964761816092E+06,  7.929299596031E+06,  7.893400358080E+06,  7.856571123805E+06,  1.000014129645E+02,  4.802598841297E+06, -2.770286222642E-10,  1.122486992244E-09
   38,3, 20,   15.000, 0.65,     270.000,  7.964757014464E+06,  7.929273394339E+06,  7.893316679120E+06,  7.856373351468E+06,  1.000027047959E+02,  4.802568252147E+06, -2.865752080083E-11,  1.093837909139E-09
   38,3, 20,   15.000, 0.65,     285.000,  7.964750526226E+06,  7.929242737199E+06,  7.893225078602E+06,  7.856165855755E+06,  1.000048610378E+02,  4.802534779385E+06,  7.426250725473E-10,  1.836468754846E-09
   38,3, 20,   15.000, 0.65,     300.000,  7.964742124557E+06,  7.929207430993E+06,  7.893125646214E+06,  7.855949389561E+06,  1.000082418454E+02,  4.802498415040E+06, -4.913602857926E-10,  1.345085820503E-09
   38,3, 20,   15.000, 0.65,     315.000,  7.964731618665E+06,  7.929167319623E+06,  7.893018528726E+06,  7.855724773333E+06,  1.000132472815E+02,  4.802459175030E+06, -1.434351304397E-09, -8.924416761147E-11
   38,3, 20,   15.000, 0.65,     330.000,  7.964718848750E+06,  7.929122284932E+06,  7.892903927940E+06,  7.855492889808E+06,  1.000202837481E+02,  4.802417099479E+06,  1.120171955193E-09,  1.030912244460E-09
   38,3, 20,   15.000, 0.65,     345.000,  7.964703681326E+06,  7.929072245004E+06,  7.892782099832E+06,  7.855254678702E+06,  1.000297303226E+02,  4.802372252406E+06, -2.210471805597E-10,  8.098481885099E-10
   38,3, 20,   15.000, 0.65,     360.000,  7.964686008121E+06,  7.929017154132E+06,  7.892653352863E+06,  7.855011130348E+06,  1.000419144750E+02,  4.802324720897E+06, -2.049864722409E-09, -1.240039182449E-09
   38,3, 20,   15.000, 0.65,     375.000,  7.964665747580E+06,  7.928957004487E+06,  7.892518045401E+06,  7.854763278917E+06,  1.000571024732E+02,  4.802274613940E+06,  2.434621393377E-09,  1.194564447360E-09
   38,3, 20,   15.000, 0.65,     390.000,  7.964642846089E+06,  7.928891827746E+06,  7.892376583116E+06,  7.854512195716E+06,  1.000755033608E+02,  4.802222061147E+06, -1.063353405328E-09,  1.311946107307E-10
   38,3, 20,   15.000, 0.65,     405.000,  7.964617276997E+06,  7.928821695798E+06,  7.892229416533E+06,  7.854258982326E+06,  1.000972802817E+02,  4.802167211495E+06,  1.125399329283E-09,  1.256580617337E-09
   38,3, 20,   15.000, 0.65,     420.000,  7.964589037724E+06,  7.928746720748E+06,  7.892077038408E+06,  7.854004763415E+06,  1.001225617574E+02,  4.802110232134E+06, -1.187557163718E-09,  6.900791049702E-11
   38,3, 20,   15.000, 0.65,     435.000,  7.964558146547E+06,  7.928667054506E+06,  7.891919980871E+06,  7.853750679420E+06,  1.001514482061E+02,  4.802051307226E+06,  8.475153912002E-10,  9.165432857117E-10
   38,3, 20,   15.000, 0.65,     450.000,  7.964524640427E+06,  7.928582887803E+06,  7.891758812447E+06,  7.853497879227E+06,  1.001840131730E+02,  4.801990636724E+06,  1.034160312940E-09,  1.950752448465E-09
   38,3, 20,   15.000, 0.65,     465.000,  7.964488574186E+06,  7.928494448398E+06,  7.891594134992E+06,  7.853247512858E+06,  1.002203016448E+02,  4.801928435062E+06, -7.603215834706E-10,  1.190414877783E-09
   38,3, 20,   15.000, 0.65,     480.000,  7.964450020509E+06,  7.928401998575E+06,  7.891426580447E+06,  7.853000724190E+06,  1.002603282476E+02,  4.801864929729E+06, -1.259870430204E-09, -6.946265784791E-11
   38,3, 20,   15.000, 0.65,     495.000,  7.964409070077E+06,  7.928305832254E+06,  7.891256807304E+06,  7.852758643791E+06,  1.003040767746E+02,  4.801800359749E+06,  1.240310076867E-09,  1.170860741695E-09
   38,3, 20,   15.000, 0.65,     510.000,  7.964365831390E+06,  7.928206272050E+06,  7.891085496767E+06,  7.852522381919E+06,  1.003515009482E+02,  4.801734974100E+06, -6.220490789133E-10,  5.488800525200E-10
   38,3, 20,   15.000, 0.65,     525.000,  7.964320430163E+06,  7.928103666482E+06,  7.890913348585E+06,  7.852293021716E+06,  1.004025256534E+02,  4.801669030081E+06, -2.523758979578E-10,  2.964952727780E-10
   38,3, 20,   15.000, 0.65,     540.000,  7.964273008369E+06,  7.927998387407E+06,  7.890741076590E+06,  7.852071612585E+06,  1.004570480911E+02,  4.801602791638E+06,  4.098215100612E-10,  7.062226359267E-10
   38,3, 20,   15.000, 0.65,     555.000,  7.964223723075E+06,  7.927890827628E+06,  7.890569403996E+06,  7.851859163744E+06,  1.005149387949E+02,  4.801536527660E+06, -9.229115249809E-10, -2.166871126974E-10
   38,3, 20,   15.000, 0.65,     570.000,  7.964172745220E+06,  7.927781398572E+06,  7.890399058578E+06,  7.851656637948E+06,  1.005760427045E+02,  4.801470510246E+06,  1.201720500887E-09,  9.849827620201E-10
   38,3, 20,   15.000, 0.65,     585.000,  7.964120258399E+06,  7.927670527900E+06,  7.890230767856E+06,  7.851464945366E+06,  1.006401804419E+02,  4.801405012960E+06, -1.191885701246E-09, -2.069100446533E-10
   38,3, 20,   15.000, 0.65,     600.000,  7.964066457653E+06,  7.927558656960E+06,  7.890065254369E+06,  7.851284937625E+06,  1.007071497849E+02,  4.801340309078E+06,  6.207381275658E-10,  4.138200893067E-10
   38,3, 20,   15.000, 0.65,     615.000,  7.964011548235E+06,  7.927446238082E+06,  7.889903228890E+06,  7.851114328638E+06,  1.007767272662E+02,  4.801276594705E+06,  5.126636892783E-10,  9.265477274312E-10
   38,3, 20,   15.000, 0.65,     630.000,  7.963955744316E+06,  7.927333731745E+06,  7.889745367574E+06,  7.850948698044E+06,  1.008486698458E+02,  4.801213947055E+06, -2.379918484507E-10,  6.884874892421E-10
   38,3, 20,   15.000, 0.65,     645.000,  7.963899267644E+06,  7.927221603502E+06,  7.889592240020E+06,  7.850786735495E+06,  1.009227166535E+02,  4.801152399059E+06, -3.326210418209E-10,  3.558398020687E-10
   38,3, 20,   15.000, 0.65,     660.000,  7.963842346166E+06,  7.927110319994E+06,  7.889444167073E+06,  7.850629069924E+06,  1.009985908071E+02,  4.801091979581E+06, -3.061897402290E-10,  4.956746124662E-11
   38,3, 20,   15.000, 0.65,     675.000,  7.963785212620E+06,  7.927000341983E+06,  7.889301067489E+06,  7.850475596032E+06,  1.010760013006E+02,  4.801032713196E+06,  2.184235903258E-09,  2.233718987554E-09
   38,3, 20,   15.000, 0.65,     690.000,  7.963728103061E+06,  7.926892110384E+06,  7.889162437348E+06,  7.850325768052E+06,  1.011546449455E+02,  4.800974619991E+06, -1.346716071993E-09,  8.869847079040E-10
   38,3, 20,   15.000, 0.65,     705.000,  7.963671255166E+06,  7.926786020573E+06,  7.889027553092E+06,  7.850179348098E+06,  1.012342083533E+02,  4.800917715408E+06,  2.064139970059E-10,  1.093440005207E-09
   38,3, 20,   15.000, 0.65,     720.000,  7.963614905949E+06,  7.926682384301E+06,  7.888895790670E+06,  7.850036291784E+06,  1.013143699609E+02,  4.800862010109E+06,  2.662732256908E-10,  1.359694579151E-09
   38,3, 20,   15.000, 0.65,     735.000,  7.963559288154E+06,  7.926581388567E+06,  7.888766824151E+06,  7.849896470240E+06,  1.013948021395E+02,  4.800807509872E+06,  4.940177156243E-10,  1.853777575889E-09
   38,3, 20,   15.000, 0.65,     750.000,  7.963504624251E+06,  7.926483071712E+06,  7.888640581755E+06,  7.849759710239E+06,  1.014751735064E+02,  4.800754215525E+06, -8.251390681835E-10,  1.028638507705E-09
   38,3, 20,   15.000, 0.65,     765.000,  7.963451117000E+06,  7.926387337360E+06,  7.888517068677E+06,  7.849625898051E+06,  1.015551517272E+02,  4.800702122916E+06, -4.536788722476E-10,  5.748006515205E-10
   38,3, 20,   15.000, 0.65,     780.000,  7.963398936466E+06,  7.926294009756E+06,  7.888396246304E+06,  7.849494958968E+06,  1.016344073634E+02,  4.800651222934E+06,  1.614943734296E-09,  2.189608494518E-09
   38,3, 20,   15.000, 0.65,     795.000,  7.963348205389E+06,  7.926202907949E+06,  7.888278032973E+06,  7.849366812114E+06,  1.017126196402E+02,  4.800601501614E+06, -1.785129821741E-09,  4.042703949381E-10
   38,3, 20,   15.000, 0.65,     810.000,  7.963298987174E+06,  7.926113902046E+06,  7.888162352878E+06,  7.849241376260E+06,  1.017894851895E+02,  4.800552940348E+06,  6.867790780518E-10,  1.090938894777E-09
   38,3, 20,   15.000, 0.65,     825.000,  7.963251281926E+06,  7.926026926946E+06,  7.888049154843E+06,  7.849118585997E+06,  1.018647305361E+02,  4.800505516268E+06, -1.825813278344E-09, -7.348717190325E-10
   38,3, 20,   15.000, 0.65,     840.000,  7.963205034227E+06,  7.925941958532E+06,  7.887938397969E+06,  7.848998387057E+06,  1.019381280105E+02,  4.800459202851E+06,  1.404409033512E-09,  6.693881005049E-10
   38,3, 20,   15.000, 0.65,     855.000,  7.963160151793E+06,  7.925858979391E+06,  7.887830038486E+06,  7.848880727678E+06,  1.020095128827E+02,  4.800413970774E+06, -1.005290073408E-09, -3.360582923051E-10
   38,3, 20,   15.000, 0.65,     870.000,  7.963116528954E+06,  7.925777958800E+06,  7.887724031088E+06,  7.848765558981E+06,  1.020787974067E+02,  4.800369788991E+06,  2.245703178971E-09,  1.909484126372E-09
   38,3, 20,   15.000, 0.65,     885.000,  7.963074066534E+06,  7.925698852320E+06,  7.887620333755E+06,  7.848652837164E+06,  1.021459763672E+02,  4.800326625947E+06, -8.749019286824E-10,  1.034550223267E-09
   38,3, 20,   15.000, 0.65,     900.000,  7.963032682100E+06,  7.925621610215E+06,  7.887518907441E+06,  7.848542522044E+06,  1.022111198698E+02,  4.800284450742E+06, -8.435869780499E-10,  1.909938873723E-10
   38,3, 20,   15.000, 0.65,     915.000,  7.962992310194E+06,  7.925546183036E+06,  7.887419713325E+06,  7.848434574985E+06,  1.022743528630E+02,  4.800243234062E+06,  7.724390016506E-10,  9.636096365284E-10
   38,3, 20,   15.000, 0.65,     930.000,  7.962952897159E+06,  7.925472521532E+06,  7.887322711861E+06,  7.848328958521E+06,  1.023358259381E+02,  4.800202948717E+06, -1.214500944258E-09, -2.510205376893E-10
   38,3, 20,   15.000, 0.65,     945.000,  7.962914396318E+06,  7.925400574737E+06,  7.887227863254E+06,  7.848225636352E+06,  1.023956858021E+02,  4.800163569740E+06, -2.260858167347E-11, -2.737579052337E-10
   38,3, 20,   15.000, 0.65,     960.000,  7.962876766486E+06,  7.925330289782E+06,  7.887135127486E+06,  7.848124572714E+06,  1.024540540866E+02,  4.800125074118E+06,  7.582103833670E-10,  4.843059286941E-10
   38,3, 20,   15.000, 0.65,     975.000,  7.962839973023E+06,  7.925261613498E+06,  7.887044463796E+06,  7.848025731687E+06,  1.025110193774E+02,  4.800087440340E+06,  2.580278213316E-10,  7.421476766467E-10
   38,3, 20,   15.000, 0.65,     990.000,  7.962803988803E+06,  7.925194494221E+06,  7.886955830388E+06,  7.847929076868E+06,  1.025666415035E+02,  4.800050647947E+06,  3.099116518968E-10,  1.052285369951E-09
   38,3, 20,   15.000, 0.65,    1005.000,  7.962768793322E+06,  7.925128882967E+06,  7.886869184554E+06,  7.847834571158E+06,  1.026209624665E+02,  4.800014677199E+06, -1.633548407654E-09, -5.811671144329E-10
   38,3, 20,   15.000, 0.65,    1020.000,  7.962734370143E+06,  7.925064734172E+06,  7.886784482887E+06,  7.847742176480E+06,  1.026740172947E+02,  4.799979508920E+06,  5.801781277626E-10, -9.094947017729E-13
   38,3, 20,   15.000, 0.65,    1035.000,  7.962700704144E+06,  7.925002006254E+06,  7.886701681496E+06,  7.847651853558E+06,  1.027258405093E+02,  4.799945124456E+06,  7.816205460642E-10,  7.808012014721E-10
   38,3, 20,   15.000, 0.65,    1050.000,  7.962667779768E+06,  7.924940661848E+06,  7.886620736339E+06,  7.847563561826E+06,  1.027764676595E+02,  4.799911505678E+06, -9.133103162640E-10, -1.323314791080E-10
   38,3, 20,   15.000, 0.65,    1065.000,  7.962635580591E+06,  7.924880667512E+06,  7.886541603673E+06,  7.847477259455E+06,  1.028259340237E+02,  4.799878634990E+06,  6.557185905365E-10,  5.234142008703E-10
   38,3, 20,   15.000, 0.65,    1080.000,  7.962604089734E+06,  7.924821992933E+06,  7.886464240524E+06,  7.847392903459E+06,  1.028742729902E+02,  4.799846495306E+06,  7.501030907520E-10,  1.273292582482E-09
   38,3, 20,   15.000, 0.65,    1095.000,  7.962573290509E+06,  7.924764609942E+06,  7.886388605074E+06,  7.847310449915E+06,  1.029215154358E+02,  4.799815070014E+06, -1.500537472054E-10,  1.123225956690E-09
   38,3, 20,   15.000, 0.65,    1110.000,  7.962543166889E+06,  7.924708491615E+06,  7.886314656909E+06,  7.847229854304E+06,  1.029676900431E+02,  4.799784342948E+06,  3.726547959104E-10,  1.495664037066E-09
   38,3, 20,   15.000, 0.65,    1125.000,  7.962513703680E+06,  7.924653611623E+06,  7.886242357111E+06,  7.847151071943E+06,  1.030128238878E+02,  4.799754298354E+06,  2.115614350373E-10,  1.707121555228E-09
   38,3, 20,   15.000, 0.65,    1140.000,  7.962484886467E+06,  7.924599943895E+06,  7.886171668179E+06,  7.847074058460E+06,  1.030569428092E+02,  4.799724920872E+06, -5.120659452018E-11,  1.655735104578E-09
   38,3, 20,   15.000, 0.65,    1155.000,  7.962456701441E+06,  7.924547462558E+06,  7.886102553821E+06,  7.846998770268E+06,  1.031000715135E+02,  4.799696195519E+06, -1.513924319241E-09,  1.418811734766E-10
   38,3, 20,   15.000, 0.65,    1170.000,  7.962429135239E+06,  7.924496142025E+06,  7.886034978683E+06,  7.846925164973E+06,  1.031422335878E+02,  4.799668107672E+06,  7.569305182642E-10,  8.990355127025E-10
   38,3, 20,   15.000, 0.65,    1185.000,  7.962402174838E+06,  7.924445957121E+06,  7.885968908116E+06,  7.846853201668E+06,  1.031834515657E+02,  4.799640643051E+06, -6.462443913335E-10,  2.528395270929E-10
   38,3, 20,   15.000, 0.65,    1200.000,  7.962375807518E+06,  7.924396883156E+06,  7.885904308028E+06,  7.846782841071E+06,  1.032237470514E+02,  4.799613787705E+06,  7.269087554107E-10,  9.795257938094E-10
   38,3, 20,   15.000, 0.65,    1215.000,  7.962350020842E+06,  7.924348895917E+06,  7.885841144848E+06,  7.846714045517E+06,  1.032631408495E+02,  4.799587528001E+06, -7.183564854074E-10,  2.610249794088E-10
   38,3, 20,   15.000, 0.65,    1230.000,  7.962324802625E+06,  7.924301971622E+06,  7.885779385586E+06,  7.846646778826E+06,  1.033016530665E+02,  4.799561850607E+06, -5.129401348114E-10, -2.519300323911E-10
   38,3, 20,   15.000, 0.65,    1245.000,  7.962300140901E+06,  7.924256086875E+06,  7.885718997938E+06,  7.846581006097E+06,  1.033393031892E+02,  4.799536742492E+06,  1.281372785655E-09,  1.029548002407E-09
   38,3, 20,   15.000, 0.65,    1260.000,  7.962276023886E+06,  7.924211218643E+06,  7.885659950392E+06,  7.846516693492E+06,  1.033761101562E+02,  4.799512190908E+06,  1.185511688817E-10,  1.148237060988E-09
   38,3, 20,   15.000, 0.65,    1275.000,  7.962252439948E+06,  7.924167344268E+06,  7.885602212297E+06,  7.846453808053E+06,  1.034120924290E+02,  4.799488183387E+06, -1.132758553624E-09,  1.546140993014E-11
   38,3, 20,   15.000, 0.65,    1290.000,  7.962229377597E+06,  7.924124441495E+06,  7.885545753865E+06,  7.846392317579E+06,  1.034472680567E+02,  4.799464707736E+06,  1.954983064323E-09,  1.970420271391E-09
   38,3, 20,   15.000, 0.65,    1305.000,  7.962206825481E+06,  7.924082488507E+06,  7.885490546147E+06,  7.846332190576E+06,  1.034816547307E+02,  4.799441752027E+06, -1.524242954076E-10,  1.818079908844E-09
   38,3, 20,   15.000, 0.65,    1320.000,  7.962184772389E+06,  7.924041463949E+06,  7.885436560968E+06,  7.846273396241E+06,  1.035152698275E+02,  4.799419304595E+06, -2.134088017414E-09, -3.160494088661E-10
   38,3, 20,   15.000, 0.65,    1335.000,  7.962163207259E+06,  7.924001346946E+06,  7.885383770868E+06,  7.846215904477E+06,  1.035481304414E+02,  4.799397354034E+06,  2.368850671175E-09,  2.052729541901E-09
   38,3, 20,   15.000, 0.65,    1350.000,  7.962142119191E+06,  7.923962117108E+06,  7.885332149045E+06,  7.846159685902E+06,  1.035802534066E+02,  4.799375889189E+06, -2.515403663139E-09, -4.624780558515E-10
   38,3, 20,   15.000, 0.65,    1365.000,  7.962121497467E+06,  7.923923754527E+06,  7.885281669318E+06,  7.846104711847E+06,  1.036116553084E+02,  4.799354899159E+06,  2.081538497123E-09,  1.618900569156E-09
   38,3, 20,   15.000, 0.65,    1380.000,  7.962101331565E+06,  7.923886239766E+06,  7.885232306104E+06,  7.846050954342E+06,  1.036423524838E+02,  4.799334373286E+06, -1.577880270887E-09,  4.092726157978E-11
   38,3, 20,   15.000, 0.65,    1395.000,  7.962081611182E+06,  7.923849553847E+06,  7.885184034397E+06,  7.845998386090E+06,  1.036723610125E+02,  4.799314301156E+06,  3.406797066674E-10,  3.815330273937E-10
   38,3, 20,   15.000, 0.65,    1410.000,  7.962062326244E+06,  7.923813678226E+06,  7.885136829761E+06,  7.845946980438E+06,  1.037016967010E+02,  4.799294672595E+06,  1.346607270136E-10,  5.161382432561E-10
   38,3, 20,   15.000, 0.65,    1425.000,  7.962043466915E+06,  7.923778594782E+06,  7.885090668320E+06,  7.845896711358E+06,  1.037303750610E+02,  4.799275477659E+06,  4.696161237661E-10,  9.858922567219E-10
   38,3, 20,   15.000, 0.65,    1440.000,  7.962025023602E+06,  7.923744285799E+06,  7.885045526740E+06,  7.845847553424E+06,  1.037584112886E+02,  4.799256706638E+06, -4.276179410567E-11,  9.431460057385E-10
   38,3, 20,   15.000, 0.65,    1455.000,  7.962006986950E+06,  7.923710733957E+06,  7.885001382224E+06,  7.845799481793E+06,  1.037858202432E+02,  4.799238350045E+06, -6.544773611949E-10,  2.887645678129E-10
   38,3, 20,   15.000, 0.65,    1470.000,  7.961989347841E+06,  7.923677922326E+06,  7.884958212495E+06,  7.845752472193E+06,  1.038126164330E+02,  4.799220398611E+06, -1.408166472316E-09, -1.119587977882E-09
   38,3, 20,   15.000, 0.65,    1485.000,  7.961972097383E+06,  7.923645834358E+06,  7.884915995783E+06,  7.845706500906E+06,  1.038388140056E+02,  4.799202843284E+06,  2.781163077614E-09,  1.661646820139E-09
   38,3, 20,   15.000, 0.65,    1500.000,  7.961955226899E+06,  7.923614453882E+06,  7.884874710812E+06,  7.845661544752E+06,  1.038644267469E+02,  4.799185675218E+06, -1.371139202178E-09,  2.905835572165E-10
   38,3, 20,   15.000, 0.65,    1515.000,  7.961938727923E+06,  7.923583765100E+06,  7.884834336788E+06,  7.845617581077E+06,  1.038894680861E+02,  4.799168885773E+06, -2.184215031065E-10,  7.230482879095E-11
   38,3, 20,   15.000, 0.65,    1530.000,  7.961922592185E+06,  7.923553752580E+06,  7.884794853389E+06,  7.845574587740E+06,  1.039139511068E+02,  4.799152466503E+06, -6.013720632581E-10, -5.288711690810E-10
   38,3, 20,   15.000, 0.65,    1545.000,  7.961906811609E+06,  7.923524401246E+06,  7.884756240751E+06,  7.845532543098E+06,  1.039378885602E+02,  4.799136409160E+06,  7.326561579646E-10,  2.037268131971E-10
   38,3, 20,   15.000, 0.65,    1560.000,  7.961891378303E+06,  7.923495696374E+06,  7.884718479464E+06,  7.845491425994E+06,  1.039612928804E+02,  4.799120705681E+06,  2.056310677290E-10,  4.092726157978E-10
   38,3, 20,   15.000, 0.65,    1575.000,  7.961876284554E+06,  7.923467623577E+06,  7.884681550555E+06,  7.845451215749E+06,  1.039841761982E+02,  4.799105348186E+06, -7.280176461677E-12,  4.019966581836E-10
   38,3, 20,   15.000, 0.65,    1590.000,  7.961861522826E+06,  7.923440168800E+06,  7.884645435485E+06,  7.845411892150E+06,  1.040065503538E+02,  4.799090328977E+06,  3.587601327126E-10,  7.607923180331E-10
   38,3, 20,   15.000, 0.65,    1605.000,  7.961847085753E+06,  7.923413318311E+06,  7.884610116133E+06,  7.845373435440E+06,  1.040284269063E+02,  4.799075640529E+06, -2.410164290367E-10,  5.197762220632E-10
   38,3, 20,   15.000, 0.65,    1620.000,  7.961832966134E+06,  7.923387058689E+06,  7.884575574790E+06,  7.845335826306E+06,  1.040498171425E+02,  4.799061275487E+06,  3.791071900849E-10,  8.990355127025E-10
   38,3, 20,   15.000, 0.65,    1635.000,  7.961819156932E+06,  7.923361376822E+06,  7.884541794151E+06,  7.845299045874E+06,  1.040707320830E+02,  4.799047226665E+06, -1.617618261562E-10,  7.371454557870E-10
   38,3, 20,   15.000, 0.65,    1650.000,  7.961805651270E+06,  7.923336259889E+06,  7.884508757301E+06,  7.845263075694E+06,  1.040911824888E+02,  4.799033487038E+06, -4.643858630970E-10,  2.728484105319E-10
   38,3, 20,   15.000, 0.65,    1665.000,  7.961792442423E+06,  7.923311695365E+06,  7.884476447709E+06,  7.845227897736E+06,  1.041111788672E+02,  4.799020049740E+06,  5.147032799968E-10,  7.876224117354E-10
   38,3, 20,   15.000, 0.65,    1680.000,  7.961779523822E+06,  7.923287671001E+06,  7.884444849220E+06,  7.845193494379E+06,  1.041307314776E+02,  4.799006908061E+06, -3.128097780802E-11,  7.562448445242E-10
   38,3, 20,   15.000, 0.65,    1695.000,  7.961766889042E+06,  7.923264174829E+06,  7.884413946041E+06,  7.845159848400E+06,  1.041498503378E+02,  4.798994055442E+06, -5.998909147209E-10,  1.564330887049E-10
   38,3, 20,   15.000, 0.65,    1710.000,  7.961754531806E+06,  7.923241195144E+06,  7.884383722739E+06,  7.845126942969E+06,  1.041685452304E+02,  4.798981485472E+06, -2.070308369184E-10, -5.047695594840E-11
   38,3, 20,   15.000, 0.65,    1725.000,  7.961742445975E+06,  7.923218720510E+06,  7.884354164228E+06,  7.845094761636E+06,  1.041868257090E+02,  4.798969191885E+06, -2.686771916061E-10, -3.192326403223E-10
   38,3, 20,   15.000, 0.65,    1740.000,  7.961730625551E+06,  7.923196739742E+06,  7.884325255762E+06,  7.845063288324E+06,  1.042047011043E+02,  4.798957168556E+06,  1.105448510508E-09,  7.862581696827E-10
   38,3, 20,   15.000, 0.65,    1755.000,  7.961719064666E+06,  7.923175241910E+06,  7.884296982927E+06,  7.845032507320E+06,  1.042221805299E+02,  4.798945409497E+06,  1.261686533027E-09,  2.047727321042E-09
   38,3, 20,   15.000, 0.65,    1770.000,  7.961707757587E+06,  7.923154216327E+06,  7.884269331635E+06,  7.845002403266E+06,  1.042392728881E+02,  4.798933908855E+06, -1.942839888969E-09,  1.050466380548E-10
   38,3, 20,   15.000, 0.65,    1785.000,  7.961696698708E+06,  7.923133652546E+06,  7.884242288114E+06,  7.844972961153E+06,  1.042559868747E+02,  4.798922660910E+06,  1.129016546919E-09,  1.234184310306E-09
   38,3, 20,   15.000, 0.65,    1800.000,  7.961685882546E+06,  7.923113540356E+06,  7.884215838904E+06,  7.844944166306E+06,  1.042723309851E+02,  4.798911660068E+06, -1.209986777440E-09,  2.410160959698E-11
   39,3, 20,   15.000, 1.00,       0.000,  7.964770372286E+06,  7.929384223663E+06,  7.893839449198E+06,  7.858133896350E+06,  1.000000000000E+02,  4.802776587486E+06,  0.000000000000E+00,  0.000000000000E+00
   39,3, 20,   15.000, 1.00,      15.000,  7.964770372285E+06,  7.929384223534E+06,  7.893839427647E+06,  7.858130297621E+06,  1.000000000000E+02,  4.802776471886E+06,  1.335862975793E-09,  1.335862975793E-09
   39,3, 20,   15.000, 1.00,      30.000,  7.964770372273E+06,  7.929384222038E+06,  7.893839267362E+06,  7.858118373833E+06,  1.000000000004E+02,  4.802776010199E+06, -6.311040579021E-10,  7.047589178910E-10
   39,3, 20,   15.000, 1.00,      45.000,  7.964770372175E+06,  7.929384213204E+06,  7.893838650000E+06,  7.858096634601E+06,  1.000000000043E+02,  4.802774974071E+06,  4.304752110329E-10,  1.135234128924E-09
   39,3, 20,   15.000, 1.00,      60.000,  7.964770371651E+06,  7.929384177602E+06,  7.893836991101E+06,  7.858064440182E+06,  1.000000000301E+02,  4.802773138691E+06,  1.719513420539E-11,  1.152429263129E-09
   39,3, 20,   15.000, 1.00,      75.000,  7.964770369493E+06,  7.929384067176E+06,  7.893833468012E+06,  7.858021224591E+06,  1.000000001606E+02,  4.802770284176E+06,  1.424780293746E-10,  1.294907292504E-09
   39,3, 20,   15.000, 1.00,      90.000,  7.964770362268E+06,  7.929383785486E+06,  7.893827126777E+06,  7.857966438129E+06,  1.000000006946E+02,  4.802766196931E+06, -5.397282620834E-10,  7.551790304205E-10
   39,3, 20,   15.000, 1.00,     105.000,  7.964770341738E+06,  7.929383168736E+06,  7.893817009225E+06,  7.857899613805E+06,  1.000000025404E+02,  4.802760670975E+06, -1.114841552408E-10,  6.436948751798E-10
   39,3, 20,   15.000, 1.00,     120.000,  7.964770290780E+06,  7.929381974425E+06,  7.893802246829E+06,  7.857820396780E+06,  1.000000080820E+02,  4.802753509234E+06,  1.124007553699E-09,  1.767702428879E-09
   39,3, 20,   15.000, 1.00,     135.000,  7.964770177894E+06,  7.929379882492E+06,  7.893782102279E+06,  7.857728544687E+06,  1.000000228394E+02,  4.802744524800E+06, -1.230432644661E-09,  5.372697842176E-10
   39,3, 20,   15.000, 1.00,     150.000,  7.964769950963E+06,  7.929376509417E+06,  7.893755969795E+06,  7.857623922232E+06,  1.000000582669E+02,  4.802733542178E+06,  7.802043455740E-10,  1.317474129792E-09
   39,3, 20,   15.000, 1.00,     165.000,  7.964769531428E+06,  7.929371431337E+06,  7.893723355976E+06,  7.857506497645E+06,  1.000001359272E+02,  4.802720398519E+06, -1.533365434625E-09, -2.158913048333E-10
   39,3, 20,   15.000, 1.00,     180.000,  7.964768810239E+06,  7.929364209975E+06,  7.893683858489E+06,  7.857376340471E+06,  1.000002930201E+02,  4.802704944861E+06, -5.038742756369E-10, -7.197655804703E-10
   39,3, 20,   15.000, 1.00,     195.000,  7.964767646711E+06,  7.929354415662E+06,  7.893637150568E+06,  7.857233619371E+06,  1.000005888522E+02,  4.802687047390E+06,  2.063671900032E-09,  1.343906319562E-09
   39,3, 20,   15.000, 1.00,     210.000,  7.964765870797E+06,  7.929341644054E+06,  7.893582972287E+06,  7.857078599505E+06,  1.000011114192E+02,  4.802666588705E+06, -7.165681381593E-10,  6.273381814026E-10
   39,3, 20,   15.000, 1.00,     225.000,  7.964763288558E+06,  7.929325525917E+06,  7.893521126561E+06,  7.856911639482E+06,  1.000019829776E+02,  4.802643469079E+06,  5.515232714970E-11,  6.824905085523E-10
   39,3, 20,   15.000, 1.00,     240.000,  7.964759689924E+06,  7.929305731285E+06,  7.893451477552E+06,  7.856733187950E+06,  1.000033634357E+02,  4.802617607667E+06,  1.201726718136E-09,  1.884217226689E-09
   39,3, 20,   15.000, 1.00,     255.000,  7.964754857540E+06,  7.929281970097E+06,  7.893373949971E+06,  7.856543779813E+06,  1.000054506468E+02,  4.802588943628E+06, -1.912439984153E-09, -2.822275746439E-11
   39,3, 20,   15.000, 1.00,     270.000,  7.964748575465E+06,  7.929253991283E+06,  7.893288528486E+06,  7.856344032084E+06,  1.000084771990E+02,  4.802557437079E+06,  2.599065851427E-09,  2.570857304818E-09
   39,3, 20,   15.000, 1.00,     285.000,  7.964740636829E+06,  7.929221581595E+06,  7.893195256962E+06,  7.856134639356E+06,  1.000127039133E+02,  4.802523069853E+06, -1.332836063739E-09,  1.238021241079E-09
   39,3, 20,   15.000, 1.00,     300.000,  7.964730849905E+06,  7.929184564843E+06,  7.893094237463E+06,  7.855916368897E+06,  1.000184108299E+02,  4.802485846016E+06,  3.877573817590E-10,  1.625778622838E-09
   39,3, 20,   15.000, 1.00,     315.000,  7.964719042490E+06,  7.929142801663E+06,  7.892985629000E+06,  7.855690055388E+06,  1.000258868207E+02,  4.802445792102E+06,  8.461995548714E-10,  2.472006599419E-09
   39,3, 20,   15.000, 1.00,     330.000,  7.964705064736E+06,  7.929096189721E+06,  7.892869646034E+06,  7.855456595307E+06,  1.000354190567E+02,  4.802402957096E+06, -8.388099104195E-10,  1.633225110709E-09
   39,3, 20,   15.000, 1.00,     345.000,  7.964688790713E+06,  7.929044664118E+06,  7.892746556751E+06,  7.855216940994E+06,  1.000472833910E+02,  4.802357412145E+06,  5.471036956806E-10,  2.180343017244E-09
   39,3, 20,   15.000, 1.00,     360.000,  7.964670119045E+06,  7.928988197824E+06,  7.892616681107E+06,  7.854972094415E+06,  1.000617363841E+02,  4.802309250054E+06, -2.581074909358E-09, -4.007461029687E-10
   39,3, 20,   15.000, 1.00,     375.000,  7.964648972893E+06,  7.928926801970E+06,  7.892480388657E+06,  7.854723100660E+06,  1.000790093034E+02,  4.802258584565E+06,  2.753651529019E-09,  2.352862793487E-09
   39,3, 20,   15.000, 1.00,     390.000,  7.964625299529E+06,  7.928860525906E+06,  7.892338096165E+06,  7.854471041206E+06,  1.000993040787E+02,  4.802205549482E+06, -1.862986209744E-09,  4.898765837424E-10
   39,3, 20,   15.000, 1.00,     405.000,  7.964599069645E+06,  7.928789456961E+06,  7.892190265001E+06,  7.854217026988E+06,  1.001227909478E+02,  4.802150297650E+06,  3.705764584083E-10,  8.604956747149E-10
   39,3, 20,   15.000, 1.00,     420.000,  7.964570276546E+06,  7.928713719872E+06,  7.892037398323E+06,  7.853962191313E+06,  1.001496074068E+02,  4.802092999814E+06, -4.187512558929E-10,  4.417870513862E-10
   39,3, 20,   15.000, 1.00,     435.000,  7.964538935259E+06,  7.928633475886E+06,  7.891880038046E+06,  7.853707682652E+06,  1.001798580630E+02,  4.802033843383E+06,  4.173017487119E-10,  8.591314326623E-10
   39,3, 20,   15.000, 1.00,     450.000,  7.964505081638E+06,  7.928548921536E+06,  7.891718761592E+06,  7.853454657358E+06,  1.002136150476E+02,  4.801973031105E+06,  4.895071015198E-10,  1.348666955892E-09
   39,3, 20,   15.000, 1.00,     465.000,  7.964468771457E+06,  7.928460287135E+06,  7.891554178437E+06,  7.853204272343E+06,  1.002509187359E+02,  4.801910779662E+06, -1.351693867946E-09, -3.069544618484E-12
   39,3, 20,   15.000, 1.00,     480.000,  7.964430079517E+06,  7.928367835005E+06,  7.891386926439E+06,  7.852957677752E+06,  1.002917786172E+02,  4.801847318204E+06,  4.543920795186E-10,  4.513367457548E-10
   39,3, 20,   15.000, 1.00,     495.000,  7.964389098745E+06,  7.928271857499E+06,  7.891217667987E+06,  7.852716009669E+06,  1.003361742320E+02,  4.801782886811E+06,  8.259775086117E-10,  1.277271621802E-09
   39,3, 20,   15.000, 1.00,     510.000,  7.964345939286E+06,  7.928172674840E+06,  7.891047085961E+06,  7.852480382903E+06,  1.003840561499E+02,  4.801717734909E+06, -1.295262563872E-09, -1.796252036002E-11
   39,3, 20,   15.000, 1.00,     525.000,  7.964300727556E+06,  7.928070632814E+06,  7.890875879544E+06,  7.852251883869E+06,  1.004353469895E+02,  4.801652119631E+06,  1.647904923630E-09,  1.630041879253E-09
   39,3, 20,   15.000, 1.00,     540.000,  7.964253605270E+06,  7.927966100356E+06,  7.890704759902E+06,  7.852031563627E+06,  1.004899424974E+02,  4.801586304149E+06, -1.082142375708E-09,  5.479705578182E-10
   39,3, 20,   15.000, 1.00,     555.000,  7.964204728410E+06,  7.927859467041E+06,  7.890534445761E+06,  7.851820431101E+06,  1.005477127024E+02,  4.801520555968E+06, -2.800391030178E-10,  2.678461896721E-10
   39,3, 20,   15.000, 1.00,     570.000,  7.964154266145E+06,  7.927751140497E+06,  7.890365658921E+06,  7.851619446534E+06,  1.006085031599E+02,  4.801455145203E+06, -4.052935764776E-11,  2.273736754432E-10
   39,3, 20,   15.000, 1.00,     585.000,  7.964102399704E+06,  7.927641543765E+06,  7.890199119723E+06,  7.851429515201E+06,  1.006721362923E+02,  4.801390342847E+06, -1.814584038584E-10,  4.592948243953E-11
   39,3, 20,   15.000, 1.00,     600.000,  7.964049321182E+06,  7.927531112608E+06,  7.890035542511E+06,  7.851251481463E+06,  1.007384128283E+02,  4.801326419039E+06, -2.287094957865E-10, -1.828084350564E-10
   39,3, 20,   15.000, 1.00,     615.000,  7.963995232316E+06,  7.927420292649E+06,  7.889875610009E+06,  7.851082507698E+06,  1.008071133359E+02,  4.801263525739E+06,  5.374971578931E-10,  3.547029336914E-10
   39,3, 20,   15.000, 1.00,     630.000,  7.963940343204E+06,  7.927309535665E+06,  7.889719896248E+06,  7.850918533095E+06,  1.008779998451E+02,  4.801201695737E+06,  1.908233571157E-10,  5.454694473883E-10
   39,3, 20,   15.000, 1.00,     645.000,  7.963884870946E+06,  7.927199293309E+06,  7.889568758520E+06,  7.850758652923E+06,  1.009508175502E+02,  4.801140958000E+06,  4.915534645988E-11,  5.945821612841E-10
   39,3, 20,   15.000, 1.00,     660.000,  7.963829038119E+06,  7.927090005896E+06,  7.889422268610E+06,  7.850602742174E+06,  1.010252965910E+02,  4.801081337449E+06,  4.486651050684E-10,  1.043190422934E-09
   39,3, 20,   15.000, 1.00,     675.000,  7.963773070855E+06,  7.926982084977E+06,  7.889280234557E+06,  7.850450675952E+06,  1.011011539270E+02,  4.801022854758E+06,  2.886366701205E-10,  1.331727617071E-09
   39,3, 20,   15.000, 1.00,     690.000,  7.963717196174E+06,  7.926875891434E+06,  7.889142299903E+06,  7.850302266128E+06,  1.011780953544E+02,  4.800965526188E+06, -7.113953870430E-10,  6.202753866091E-10
   39,3, 20,   15.000, 1.00,     705.000,  7.963661638156E+06,  7.926771714259E+06,  7.889008063572E+06,  7.850157323590E+06,  1.012558177879E+02,  4.800909363455E+06, -1.233559032698E-09, -6.132268026704E-10
   39,3, 20,   15.000, 1.00,     720.000,  7.963606612664E+06,  7.926669756566E+06,  7.888877168476E+06,  7.850015685333E+06,  1.013340120121E+02,  4.800854373635E+06,  1.591089926478E-09,  9.779341780813E-10
   39,3, 20,   15.000, 1.00,     735.000,  7.963552320733E+06,  7.926570133540E+06,  7.888749339964E+06,  7.849877213315E+06,  1.014123661964E+02,  4.800800559128E+06,  5.177440698390E-10,  1.495664037066E-09
   39,3, 20,   15.000, 1.00,     750.000,  7.963498941214E+06,  7.926472882873E+06,  7.888624384462E+06,  7.849741788048E+06,  1.014905704826E+02,  4.800747917686E+06, -1.230858970303E-09,  2.648903318914E-10
   39,3, 20,   15.000, 1.00,     765.000,  7.963446623811E+06,  7.926377983987E+06,  7.888502169228E+06,  7.849609304493E+06,  1.015683228636E+02,  4.800696442529E+06,  6.418758857762E-10,  9.067662176676E-10
   39,3, 20,   15.000, 1.00,     780.000,  7.963395483762E+06,  7.926285380236E+06,  7.888382599958E+06,  7.849479669834E+06,  1.016453363220E+02,  4.800646122573E+06,  1.661533133301E-10,  1.072749000741E-09
   39,3, 20,   15.000, 1.00,     795.000,  7.963345599274E+06,  7.926194998610E+06,  7.888265604085E+06,  7.849352801825E+06,  1.017213468403E+02,  4.800596942776E+06, -2.148681232939E-10,  8.576535037719E-10
   39,3, 20,   15.000, 1.00,     810.000,  7.963297012191E+06,  7.926106763738E+06,  7.888151120816E+06,  7.849228627263E+06,  1.017961215036E+02,  4.800548884599E+06, -8.539302598365E-11,  7.721610018052E-10
   39,3, 20,   15.000, 1.00,     825.000,  7.963249731728E+06,  7.926020605504E+06,  7.888039096026E+06,  7.849107080574E+06,  1.018694656463E+02,  4.800501926583E+06, -1.241488689629E-09, -4.692992661148E-10
   39,3, 20,   15.000, 1.00,     840.000,  7.963203740437E+06,  7.925936461505E+06,  7.887929479820E+06,  7.848988102560E+06,  1.019412279481E+02,  4.800456045002E+06,  1.291311946261E-09,  8.221832104027E-10
   39,3, 20,   15.000, 1.00,     855.000,  7.963159001289E+06,  7.925854276317E+06,  7.887822225291E+06,  7.848871639299E+06,  1.020113026223E+02,  4.800411214542E+06,  1.285869188905E-09,  2.108208718710E-09
   39,3, 20,   15.000, 1.00,     870.000,  7.963115464750E+06,  7.925773999420E+06,  7.887717287743E+06,  7.848757641180E+06,  1.020796283062E+02,  4.800367408966E+06, -1.600710675120E-09,  5.074980435893E-10
   39,3, 20,   15.000, 1.00,     885.000,  7.963073074997E+06,  7.925695583042E+06,  7.887614624084E+06,  7.848646062046E+06,  1.021461838387E+02,  4.800324601724E+06, -5.001794534110E-10,  7.275957614183E-12
   39,3, 20,   15.000, 1.00,     900.000,  7.963031774777E+06,  7.925618980548E+06,  7.887514192335E+06,  7.848536858445E+06,  1.022109816264E+02,  4.800282766448E+06,  1.341746269645E-09,  1.349235390080E-09
   39,3, 20,   15.000, 1.00,     915.000,  7.962991508812E+06,  7.925544145526E+06,  7.887415951205E+06,  7.848429988965E+06,  1.022740596371E+02,  4.800241877343E+06, -4.291820232538E-10,  9.199538908433E-10
   39,3, 20,   15.000, 1.00,     930.000,  7.962952225862E+06,  7.925471031481E+06,  7.887319859771E+06,  7.848325413652E+06,  1.023354731352E+02,  4.800201909440E+06, -7.682388059038E-10,  1.518856151961E-10
   39,3, 20,   15.000, 1.00,     945.000,  7.962913879732E+06,  7.925399591939E+06,  7.887225877226E+06,  7.848223093513E+06,  1.023952871276E+02,  4.800162838747E+06,  8.203500101445E-10,  9.722498361953E-10
   39,3, 20,   15.000, 1.00,     960.000,  7.962876429508E+06,  7.925329780787E+06,  7.887133962728E+06,  7.848122990091E+06,  1.024535701794E+02,  4.800124642300E+06, -4.148859034103E-10,  5.575202521868E-10
   39,3, 20,   15.000, 1.00,     975.000,  7.962839839308E+06,  7.925261552711E+06,  7.887044075311E+06,  7.848025065118E+06,  1.025103898977E+02,  4.800087298148E+06,  1.382716163789E-10,  6.957634468563E-10
   39,3, 20,   15.000, 1.00,     990.000,  7.962804077753E+06,  7.925194863620E+06,  7.886956173878E+06,  7.847929280241E+06,  1.025658100647E+02,  4.800050785299E+06, -6.060503210392E-10,  8.958522812463E-11
   39,3, 20,   15.000, 1.00,    1005.000,  7.962769117308E+06,  7.925129671004E+06,  7.886870217246E+06,  7.847835596822E+06,  1.026198891725E+02,  4.800015083637E+06,  1.002476324174E-09,  1.091848389478E-09
   39,3, 20,   15.000, 1.00,    1020.000,  7.962734933604E+06,  7.925065934198E+06,  7.886786164239E+06,  7.847743975813E+06,  1.026726800030E+02,  4.799980173837E+06, -1.271871497011E-10,  9.645191312302E-10
   39,3, 20,   15.000, 1.00,    1035.000,  7.962701504809E+06,  7.925003614519E+06,  7.886703973810E+06,  7.847654377698E+06,  1.027242298825E+02,  4.799946037285E+06,  3.016253913302E-10,  1.266016624868E-09
   39,3, 20,   15.000, 1.00,    1050.000,  7.962668811074E+06,  7.924942675312E+06,  7.886623605183E+06,  7.847566762501E+06,  1.027745812952E+02,  4.799912656004E+06, -5.091038701721E-10,  7.566995918751E-10
   39,3, 20,   15.000, 1.00,    1065.000,  7.962636834089E+06,  7.924883081885E+06,  7.886545017987E+06,  7.847481089843E+06,  1.028237726211E+02,  4.799880012594E+06,  2.421103317829E-10,  9.986251825467E-10
   39,3, 20,   15.000, 1.00,    1080.000,  7.962605556722E+06,  7.924824801386E+06,  7.886468172387E+06,  7.847397319059E+06,  1.028718388537E+02,  4.799848090176E+06,  5.384634960137E-10,  1.537046045996E-09
   39,3, 20,   15.000, 1.00,    1095.000,  7.962574962764E+06,  7.924767802626E+06,  7.886393029191E+06,  7.847315409337E+06,  1.029188122218E+02,  4.799816872360E+06, -4.105658035769E-10,  1.126409188146E-09
   39,3, 20,   15.000, 1.00,    1110.000,  7.962545036740E+06,  7.924712055883E+06,  7.886319549935E+06,  7.847235319881E+06,  1.029647226933E+02,  4.799786343200E+06, -2.006245836128E-09, -8.799361239653E-10
   39,3, 20,   15.000, 1.00,    1125.000,  7.962515763773E+06,  7.924657532701E+06,  7.886247696937E+06,  7.847157010092E+06,  1.030095983654E+02,  4.799756487176E+06,  2.084846073558E-09,  1.205080479849E-09
   39,3, 20,   15.000, 1.00,    1140.000,  7.962487129497E+06,  7.924604205711E+06,  7.886177433339E+06,  7.847080439728E+06,  1.030534657618E+02,  4.799727289162E+06, -8.854783573042E-11,  1.116404746426E-09
   39,3, 20,   15.000, 1.00,    1155.000,  7.962459119994E+06,  7.924552048460E+06,  7.886108723115E+06,  7.847005569068E+06,  1.030963500585E+02,  4.799698734413E+06,  3.767866019189E-10,  1.493390300311E-09
   39,3, 20,   15.000, 1.00,    1170.000,  7.962431721740E+06,  7.924501035283E+06,  7.886041531072E+06,  7.846932359044E+06,  1.031382752593E+02,  4.799670808542E+06,  5.363460786612E-10,  2.029537427006E-09
   39,3, 20,   15.000, 1.00,    1185.000,  7.962404921575E+06,  7.924451141192E+06,  7.885975822843E+06,  7.846860771349E+06,  1.031792643355E+02,  4.799643497507E+06,  2.194724402216E-10,  2.249180397484E-09
   39,3, 20,   15.000, 1.00,    1200.000,  7.962378706667E+06,  7.924402341794E+06,  7.885911564869E+06,  7.846790768518E+06,  1.032193393421E+02,  4.799616787597E+06, -2.830375933627E-10,  1.966327545233E-09
   39,3, 20,   15.000, 1.00,    1215.000,  7.962353064488E+06,  7.924354613237E+06,  7.885848724379E+06,  7.846722313978E+06,  1.032585215154E+02,  4.799590665420E+06,  1.554951722937E-10,  2.121851139236E-09
   39,3, 20,   15.000, 1.00,    1230.000,  7.962327982785E+06,  7.924307932164E+06,  7.885787269374E+06,  7.846655372081E+06,  1.032968313586E+02,  4.799565117890E+06, -6.048708200979E-10,  1.517037162557E-09
   39,3, 20,   15.000, 1.00,    1245.000,  7.962303449565E+06,  7.924262275686E+06,  7.885727168607E+06,  7.846589908107E+06,  1.033342887163E+02,  4.799540132221E+06, -1.007848027257E-09,  5.093170329928E-10
   39,3, 20,   15.000, 1.00,    1260.000,  7.962279453073E+06,  7.924217621367E+06,  7.885668391570E+06,  7.846525888254E+06,  1.033709128393E+02,  4.799515695913E+06,  5.219646936894E-10,  1.031366991811E-09
   39,3, 20,   15.000, 1.00,    1275.000,  7.962255981779E+06,  7.924173947215E+06,  7.885610908472E+06,  7.846463279618E+06,  1.034067224416E+02,  4.799491796750E+06,  1.765727120073E-09,  2.797150955303E-09
   39,3, 20,   15.000, 1.00,    1290.000,  7.962233024365E+06,  7.924131231668E+06,  7.885554690230E+06,  7.846402050164E+06,  1.034417357492E+02,  4.799468422786E+06, -2.337145588172E-09,  4.602043190971E-10
   39,3, 20,   15.000, 1.00,    1305.000,  7.962210569722E+06,  7.924089453602E+06,  7.885499708451E+06,  7.846342168690E+06,  1.034759705409E+02,  4.799445562344E+06,  8.958807029558E-10,  1.356056600343E-09
   39,3, 20,   15.000, 1.00,    1320.000,  7.962188606939E+06,  7.924048592318E+06,  7.885445935414E+06,  7.846283604798E+06,  1.035094441830E+02,  4.799423204007E+06,  2.663114173629E-10,  1.622538547963E-09
   39,3, 20,   15.000, 1.00,    1335.000,  7.962167125303E+06,  7.924008627548E+06,  7.885393344058E+06,  7.846226328857E+06,  1.035421736568E+02,  4.799401336612E+06, -1.124618620452E-09,  4.979483492207E-10
   39,3, 20,   15.000, 1.00,    1350.000,  7.962146114297E+06,  7.923969539449E+06,  7.885341907962E+06,  7.846170311971E+06,  1.035741755803E+02,  4.799379949246E+06,  1.555022777211E-09,  2.053184289252E-09
   39,3, 20,   15.000, 1.00,    1365.000,  7.962125563603E+06,  7.923931308601E+06,  7.885291601330E+06,  7.846115525952E+06,  1.036054662249E+02,  4.799359031239E+06, -1.294196749768E-09,  7.589733286295E-10
   39,3, 20,   15.000, 1.00,    1380.000,  7.962105463097E+06,  7.923893916002E+06,  7.885242398974E+06,  7.846061943289E+06,  1.036360615278E+02,  4.799338572162E+06,  3.255138381064E-10,  1.084572431864E-09
   39,3, 20,   15.000, 1.00,    1395.000,  7.962085802858E+06,  7.923857343069E+06,  7.885194276291E+06,  7.846009537131E+06,  1.036659771006E+02,  4.799318561819E+06,  2.216324901383E-10,  1.306034391746E-09
   39,3, 20,   15.000, 1.00,    1410.000,  7.962066573163E+06,  7.923821571624E+06,  7.885147209258E+06,  7.845958281257E+06,  1.036952282350E+02,  4.799298990242E+06,  4.671107944887E-11,  1.352873368887E-09
   39,3, 20,   15.000, 1.00,    1425.000,  7.962047764490E+06,  7.923786583894E+06,  7.885101174402E+06,  7.845908150061E+06,  1.037238299068E+02,  4.799279847691E+06,  7.917861921669E-10,  2.144588506781E-09
   39,3, 20,   15.000, 1.00,    1440.000,  7.962029367520E+06,  7.923752362505E+06,  7.885056148794E+06,  7.845859118531E+06,  1.037517967783E+02,  4.799261124642E+06, -1.373422264805E-09,  7.712515071034E-10
   39,3, 20,   15.000, 1.00,    1455.000,  7.962011373133E+06,  7.923718890468E+06,  7.885012110033E+06,  7.845811162232E+06,  1.037791431999E+02,  4.799242811790E+06,  1.247798309123E-09,  2.019078237936E-09
   39,3, 20,   15.000, 1.00,    1470.000,  7.961993772412E+06,  7.923686151181E+06,  7.884969036228E+06,  7.845764257293E+06,  1.038058832117E+02,  4.799224900039E+06,  2.834354972947E-10,  2.302385837538E-09
   39,3, 20,   15.000, 1.00,    1485.000,  7.961976556635E+06,  7.923654128412E+06,  7.884926905986E+06,  7.845718380387E+06,  1.038320305449E+02,  4.799207380497E+06, -9.405027867615E-10,  1.361968315905E-09
   39,3, 20,   15.000, 1.00,    1500.000,  7.961959717279E+06,  7.923622806297E+06,  7.884885698401E+06,  7.845673508720E+06,  1.038575986243E+02,  4.799190244476E+06, -6.085656423238E-10,  7.535163604189E-10
   39,3, 20,   15.000, 1.00,    1515.000,  7.961943246012E+06,  7.923592169332E+06,  7.884845393042E+06,  7.845629620014E+06,  1.038826005704E+02,  4.799173483485E+06,  6.519371709146E-10,  1.405624061590E-09
   39,3, 20,   15.000, 1.00,    1530.000,  7.961927134690E+06,  7.923562202362E+06,  7.884805969937E+06,  7.845586692497E+06,  1.039070492033E+02,  4.799157089223E+06, -5.054090479462E-10,  9.003997547552E-10
   39,3, 20,   15.000, 1.00,    1545.000,  7.961911375359E+06,  7.923532890575E+06,  7.884767409568E+06,  7.845544704891E+06,  1.039309570464E+02,  4.799141053578E+06, -3.517044433465E-10,  5.488800525200E-10
   39,3, 20,   15.000, 1.00,    1560.000,  7.961895960241E+06,  7.923504219494E+06,  7.884729692856E+06,  7.845503636397E+06,  1.039543363313E+02,  4.799125368623E+06,  1.540783500786E-09,  2.089564077323E-09
   39,3, 20,   15.000, 1.00,    1575.000,  7.961880881739E+06,  7.923476174971E+06,  7.884692801152E+06,  7.845463466683E+06,  1.039771990030E+02,  4.799110026608E+06,  1.809610239434E-10,  2.270553522976E-09
   39,3, 20,   15.000, 1.00,    1590.000,  7.961866132428E+06,  7.923448743174E+06,  7.884656716227E+06,  7.845424175879E+06,  1.039995567258E+02,  4.799095019959E+06, -5.039311190558E-10,  1.766693458194E-09
   39,3, 20,   15.000, 1.00,    1605.000,  7.961851705051E+06,  7.923421910587E+06,  7.884621420261E+06,  7.845385744556E+06,  1.040214208892E+02,  4.799080341273E+06,  6.153300091682E-11,  1.828084350564E-09
   39,3, 20,   15.000, 1.00,    1620.000,  7.961837592518E+06,  7.923395663997E+06,  7.884586895836E+06,  7.845348153727E+06,  1.040428026144E+02,  4.799065983312E+06, -7.543405899924E-10,  1.073658495443E-09
   39,3, 20,   15.000, 1.00,    1635.000,  7.961823787895E+06,  7.923369990490E+06,  7.884553125925E+06,  7.845311384829E+06,  1.040637127606E+02,  4.799051939003E+06,  5.673967962139E-10,  1.641183189349E-09
   39,3, 20,   15.000, 1.00,    1650.000,  7.961810284409E+06,  7.923344877441E+06,  7.884520093883E+06,  7.845275419714E+06,  1.040841619316E+02,  4.799038201432E+06, -7.030394044705E-10,  9.381437848788E-10
   39,3, 20,   15.000, 1.00,    1665.000,  7.961797075438E+06,  7.923320312509E+06,  7.884487783440E+06,  7.845240240645E+06,  1.041041604822E+02,  4.799024763839E+06,  1.988652797991E-09,  2.926753950305E-09
   39,3, 20,   15.000, 1.00,    1680.000,  7.961784154507E+06,  7.923296283632E+06,  7.884456178689E+06,  7.845205830279E+06,  1.041237185246E+02,  4.799011619617E+06, -1.051063236446E-09,  1.875832822407E-09
   39,3, 20,   15.000, 1.00,    1695.000,  7.961771515288E+06,  7.923272779015E+06,  7.884425264079E+06,  7.845172171665E+06,  1.041428459347E+02,  4.798998762306E+06, -8.958380703916E-10,  9.799805411603E-10
   39,3, 20,   15.000, 1.00,    1710.000,  7.961759151595E+06,  7.923249787131E+06,  7.884395024411E+06,  7.845139248228E+06,  1.041615523580E+02,  4.798986185592E+06,  1.030556973092E-09,  2.010438038269E-09
   39,3, 20,   15.000, 1.00,    1725.000,  7.961747057379E+06,  7.923227296709E+06,  7.884365444823E+06,  7.845107043770E+06,  1.041798472157E+02,  4.798973883300E+06, -8.333955747730E-10,  1.176886144094E-09
   39,3, 20,   15.000, 1.00,    1740.000,  7.961735226726E+06,  7.923205296729E+06,  7.884336510786E+06,  7.845075542450E+06,  1.041977397103E+02,  4.798961849396E+06,  9.166711834041E-10,  2.093656803481E-09
   39,3, 20,   15.000, 1.00,    1755.000,  7.961723653854E+06,  7.923183776417E+06,  7.884308208098E+06,  7.845044728785E+06,  1.042152388316E+02,  4.798950077978E+06, -9.403606782143E-10,  1.153239281848E-09
   39,3, 20,   15.000, 1.00,    1770.000,  7.961712333111E+06,  7.923162725242E+06,  7.884280522873E+06,  7.845014587638E+06,  1.042323533612E+02,  4.798938563278E+06, -2.076490090985E-10,  9.454197424930E-10
   39,3, 20,   15.000, 1.00,    1785.000,  7.961701258967E+06,  7.923142132903E+06,  7.884253441533E+06,  7.844985104211E+06,  1.042490918788E+02,  4.798927299657E+06, -6.827178822277E-10,  2.628439688124E-10
   39,3, 20,   15.000, 1.00,    1800.000,  7.961690426020E+06,  7.923121989333E+06,  7.884226950808E+06,  7.844956264034E+06,  1.042654627663E+02,  4.798916281598E+06,  1.142979044744E-09,  1.405624061590E-09
   40,3, 20,   60.000, 0.50,       0.000,  7.964770372286E+06,  7.929384223663E+06,  7.893839449198E+06,  7.858133896350E+06,  1.000000000000E+02,  4.802776587486E+06,  0.000000000000E+00,  0.000000000000E+00
   40,3, 20,   60.000, 0.50,      60.000,  7.964770362135E+06,  7.929384031142E+06,  7.893835798637E+06,  7.858064486634E+06,  1.000000019099E+02,  4.802772916782E+06,  1.091422063837E-09,  1.091422063837E-09
   40,3, 20,   60.000, 0.50,     120.000,  7.964770188157E+06,  7.929381607693E+06,  7.893806555794E+06,  7.857826085220E+06,  1.000000424306E+02,  4.802754923626E+06,  1.335507704425E-09,  2.426929768262E-09
   40,3, 20,   60.000, 0.50,     180.000,  7.964768818324E+06,  7.929367852636E+06,  7.893703008335E+06,  7.857393029174E+06,  1.000004418847E+02,  4.802709698324E+06, -1.185242126667E-09,  1.241687641595E-09
   40,3, 20,   60.000, 0.50,     240.000,  7.964762250650E+06,  7.929321022585E+06,  7.893480890154E+06,  7.856762193704E+06,  1.000028672303E+02,  4.802627057766E+06, -1.701067731119E-09, -4.593800895236E-10
   40,3, 20,   60.000, 0.50,     300.000,  7.964740769914E+06,  7.929212545969E+06,  7.893132520676E+06,  7.855957035956E+06,  1.000130103962E+02,  4.802500710369E+06,  3.686295713123E-10, -9.072209650185E-11
   40,3, 20,   60.000, 0.50,     360.000,  7.964689627849E+06,  7.929024829603E+06,  7.892666013082E+06,  7.855024136106E+06,  1.000440171865E+02,  4.802329244922E+06,  2.543742994021E-11, -6.525624485221E-11
   40,3, 20,   60.000, 0.50,     420.000,  7.964596333353E+06,  7.928757777291E+06,  7.892092699034E+06,  7.854020748213E+06,  1.001160170690E+02,  4.802116785781E+06,  1.782524350347E-09,  1.717239683785E-09
   40,3, 20,   60.000, 0.50,     480.000,  7.964458486746E+06,  7.928417696238E+06,  7.891444568156E+06,  7.853020814033E+06,  1.002472396734E+02,  4.801872923315E+06, -1.402923999194E-09,  3.143441063003E-10
   40,3, 20,   60.000, 0.50,     540.000,  7.964282452885E+06,  7.928015811403E+06,  7.890761741044E+06,  7.852092716663E+06,  1.004423380202E+02,  4.801611605132E+06,  2.481215233274E-11,  3.392415237613E-10
   40,3, 20,   60.000, 0.50,     600.000,  7.964076860301E+06,  7.927575817171E+06,  7.890085167765E+06,  7.851306983131E+06,  1.006916094397E+02,  4.801349294317E+06, -1.006526417768E-09, -6.673417374259E-10
   40,3, 20,   60.000, 0.50,     660.000,  7.963852279864E+06,  7.927126639378E+06,  7.889459732968E+06,  7.850646750559E+06,  1.009813319578E+02,  4.801099482559E+06, -5.067590791441E-11, -7.180460670497E-10
   40,3, 20,   60.000, 0.50,     720.000,  7.963623272959E+06,  7.926694171787E+06,  7.888905245207E+06,  7.850049793832E+06,  1.012978106854E+02,  4.800867856839E+06,  1.381494030284E-09,  6.634763849434E-10
   40,3, 20,   60.000, 0.50,     780.000,  7.963404439936E+06,  7.926299259741E+06,  7.888407551850E+06,  7.849506610853E+06,  1.016217733524E+02,  4.800655444360E+06,  1.287759232582E-09,  1.951320882654E-09
   40,3, 20,   60.000, 0.50,     840.000,  7.963206042026E+06,  7.925946568767E+06,  7.887947314042E+06,  7.849007073329E+06,  1.019308053211E+02,  4.800462021720E+06, -9.991936167353E-10,  9.522409527563E-10
   40,3, 20,   60.000, 0.50,     900.000,  7.963031974434E+06,  7.925626002855E+06,  7.887523290772E+06,  7.848548868113E+06,  1.022103615342E+02,  4.800286256726E+06,  5.801155111840E-10,  1.532498572487E-09
   40,3, 20,   60.000, 0.50,     960.000,  7.962877733452E+06,  7.925331926494E+06,  7.887139031011E+06,  7.848128966057E+06,  1.024566770589E+02,  4.800126267883E+06, -4.480398274609E-10,  1.084572431864E-09
   40,3, 20,   60.000, 0.50,    1020.000,  7.962735751163E+06,  7.925065016338E+06,  7.886786131765E+06,  7.847743690248E+06,  1.026740472243E+02,  4.799980189612E+06, -2.887361461035E-10,  7.958078640513E-10
   40,3, 20,   60.000, 0.50,    1080.000,  7.962604182930E+06,  7.924822464489E+06,  7.886463552259E+06,  7.847393329759E+06,  1.028723542701E+02,  4.799846581657E+06, -1.147611783381E-09, -3.519744495861E-10
   40,3, 20,   60.000, 0.50,    1140.000,  7.962484371305E+06,  7.924599622697E+06,  7.886171221640E+06,  7.847072183834E+06,  1.030573973159E+02,  4.799724474204E+06,  4.965841071680E-10,  1.446096575819E-10
   40,3, 20,   60.000, 0.50,    1200.000,  7.962375134408E+06,  7.924395231540E+06,  7.885902002721E+06,  7.846780853262E+06,  1.032259928584E+02,  4.799612975910E+06,  1.189107479149E-09,  1.333773980150E-09
   40,3, 20,   60.000, 0.50,    1260.000,  7.962274949252E+06,  7.924209198721E+06,  7.885657184533E+06,  7.846513520577E+06,  1.033773852166E+02,  4.799511077252E+06,  7.854339401092E-10,  2.119122655131E-09
   40,3, 20,   60.000, 0.50,    1320.000,  7.962183409549E+06,  7.924038942831E+06,  7.885433516554E+06,  7.846269882000E+06,  1.035167618326E+02,  4.799417901663E+06, -1.918891712194E-09,  2.000888343900E-10
   40,3, 20,   60.000, 0.50,    1380.000,  7.962099756713E+06,  7.923883111088E+06,  7.885228004503E+06,  7.846046877883E+06,  1.036451984810E+02,  4.799332760473E+06, -7.603375706822E-10, -5.602487362921E-10
   40,3, 20,   60.000, 0.50,    1440.000,  7.962023239536E+06,  7.923741283298E+06,  7.885041663304E+06,  7.845842716811E+06,  1.037611644648E+02,  4.799254951361E+06,  3.327784270368E-09,  2.767592377495E-09
   40,3, 20,   60.000, 0.50,    1500.000,  7.961953363028E+06,  7.923610965152E+06,  7.884870049695E+06,  7.845656857119E+06,  1.038669562234E+02,  4.799183794982E+06, -1.280739070353E-09,  1.487023837399E-09
   40,3, 20,   60.000, 0.50,    1560.000,  7.961889498814E+06,  7.923491941405E+06,  7.884713694436E+06,  7.845486025465E+06,  1.039643655398E+02,  4.799118734635E+06, -1.004934802040E-09,  4.820321919397E-10
   40,3, 20,   60.000, 0.50,    1620.000,  7.961830970425E+06,  7.923383594402E+06,  7.884570882869E+06,  7.845330773541E+06,  1.040529323462E+02,  4.799059253571E+06, -8.581082511228E-10, -3.760760591831E-10
   40,3, 20,   60.000, 0.50,    1680.000,  7.961777451545E+06,  7.923283761570E+06,  7.884439638220E+06,  7.845187936267E+06,  1.041336379179E+02,  4.799004850679E+06,  1.222815626534E-09,  8.467395673506E-10
   40,3, 20,   60.000, 0.50,    1740.000,  7.961728646762E+06,  7.923192938319E+06,  7.884320540818E+06,  7.845057899463E+06,  1.042078069032E+02,  4.798955094024E+06, -8.228369097196E-10,  2.410160959698E-11
   40,3, 20,   60.000, 0.50,    1800.000,  7.961683840381E+06,  7.923109893873E+06,  7.884210698918E+06,  7.844938814759E+06,  1.042755015379E+02,  4.798909593277E+06, -1.980993147299E-11,  4.092726157978E-12
   41,3, 20,   60.000, 0.65,       0.000,  7.964770372286E+06,  7.929384223663E+06,  7.893839449198E+06,  7.858133896350E+06,  1.000000000000E+02,  4.802776587486E+06,  0.000000000000E+00,  0.000000000000E+00
   41,3, 20,   60.000, 0.65,      60.000,  7.964770318223E+06,  7.929383620293E+06,  7.893832753388E+06,  7.858059399525E+06,  1.000000162926E+02,  4.802771816132E+06,  8.583500021864E-10,  8.583498356529E-10
   41,3, 20,   60.000, 0.65,     120.000,  7.964769688582E+06,  7.929378248502E+06,  7.893791811527E+06,  7.857811565149E+06,  1.000002454041E+02,  4.802750635669E+06, -1.053052756106E-09, -1.947029204530E-10
   41,3, 20,   60.000, 0.65,     180.000,  7.964766207634E+06,  7.929355580584E+06,  7.893671943690E+06,  7.857363878187E+06,  1.000017789528E+02,  4.802700492656E+06,  9.508624998489E-10,  7.561595793959E-10
   41,3, 20,   60.000, 0.65,     240.000,  7.964753977983E+06,  7.929294288425E+06,  7.893438234537E+06,  7.856718747597E+06,  1.000082995526E+02,  4.802611841579E+06, -5.062794627975E-11,  7.055405149003E-10
   41,3, 20,   60.000, 0.65,     300.000,  7.964723020796E+06,  7.929172170579E+06,  7.893079710673E+06,  7.855900641371E+06,  1.000281700096E+02,  4.802479337892E+06,  3.035047768662E-10,  1.009027528198E-09
   41,3, 20,   60.000, 0.65,     360.000,  7.964662044412E+06,  7.928975532352E+06,  7.892602451548E+06,  7.854956642185E+06,  1.000747216937E+02,  4.802302714452E+06, -1.014058170767E-09, -5.002220859751E-12
   41,3, 20,   60.000, 0.65,     420.000,  7.964563031889E+06,  7.928701914341E+06,  7.892024782667E+06,  7.853948237919E+06,  1.001628699994E+02,  4.802087103083E+06,  8.012701613325E-10,  7.962626114022E-10
   41,3, 20,   60.000, 0.65,     480.000,  7.964424096955E+06,  7.928358293189E+06,  7.891377112193E+06,  7.852946592698E+06,  1.003034546670E+02,  4.801842620202E+06,  7.330029916375E-10,  1.529315341031E-09
   41,3, 20,   60.000, 0.65,     540.000,  7.964249293517E+06,  7.927959794970E+06,  7.890698864410E+06,  7.852024513182E+06,  1.004992414720E+02,  4.801583261765E+06, -1.399417470793E-09,  1.298303686781E-10
   41,3, 20,   60.000, 0.65,     600.000,  7.964047107566E+06,  7.927528610794E+06,  7.890034263826E+06,  7.851249323047E+06,  1.007446840859E+02,  4.801325358048E+06,  6.437126387482E-10,  7.735252438579E-10
   41,3, 20,   60.000, 0.65,     660.000,  7.963829134796E+06,  7.927091056982E+06,  7.889421656822E+06,  7.850600649980E+06,  1.010279102997E+02,  4.801081084916E+06,  2.529780829263E-10,  1.026592144626E-09
   41,3, 20,   60.000, 0.65,     720.000,  7.963608585488E+06,  7.926671769755E+06,  7.888874945116E+06,  7.850014872069E+06,  1.013328327755E+02,  4.800854651510E+06, -7.266152124430E-10,  2.999058779096E-10
   41,3, 20,   60.000, 0.65,     780.000,  7.963397755378E+06,  7.926286174042E+06,  7.888382703522E+06,  7.849479658357E+06,  1.016414197678E+02,  4.800646656369E+06,  7.220446462952E-10,  1.021817297442E-09
   41,3, 20,   60.000, 0.65,     840.000,  7.963204814547E+06,  7.925937207774E+06,  7.887931130734E+06,  7.848989491510E+06,  1.019370964796E+02,  4.800456672947E+06, -1.297635776609E-09, -2.760316419881E-10
   41,3, 20,   60.000, 0.65,     900.000,  7.963031962772E+06,  7.925620452987E+06,  7.887516180026E+06,  7.848538962517E+06,  1.022087263521E+02,  4.800283492301E+06,  1.373095415147E-09,  1.096850610338E-09
   41,3, 20,   60.000, 0.65,     960.000,  7.962876808066E+06,  7.925331474404E+06,  7.887136409397E+06,  7.848125801396E+06,  1.024527810372E+02,  4.800125534015E+06, -6.034373001285E-10,  4.934008757118E-10
   41,3, 20,   60.000, 0.65,    1020.000,  7.962735832049E+06,  7.925067713593E+06,  7.886788923796E+06,  7.847747101654E+06,  1.026717941677E+02,  4.799981242389E+06,  2.775948360068E-10,  7.707967597526E-10
   41,3, 20,   60.000, 0.65,    1080.000,  7.962606734088E+06,  7.924826872747E+06,  7.886471084752E+06,  7.847400618556E+06,  1.028702753504E+02,  4.799849290805E+06, -4.502478390123E-10,  3.205968823750E-10
   41,3, 20,   60.000, 0.65,    1140.000,  7.962488401578E+06,  7.924606555501E+06,  7.886180517921E+06,  7.847083830637E+06,  1.030515417176E+02,  4.799728576715E+06, -2.280717836811E-10,  9.231371222995E-11
   41,3, 20,   60.000, 0.65,    1200.000,  7.962380038550E+06,  7.924404833714E+06,  7.885914792734E+06,  7.846794252749E+06,  1.032173293583E+02,  4.799618134936E+06,  8.997771416830E-10,  9.922587196343E-10
   41,3, 20,   60.000, 0.65,    1260.000,  7.962280829863E+06,  7.924220176531E+06,  7.885671716117E+06,  7.846529480529E+06,  1.033688405806E+02,  4.799517083635E+06,  8.162208686713E-10,  1.808530214475E-09
   41,3, 20,   60.000, 0.65,    1320.000,  7.962190004180E+06,  7.924051175480E+06,  7.885449319138E+06,  7.846287278539E+06,  1.035073122407E+02,  4.799424614465E+06, -2.158321521506E-09, -3.497007128317E-10
   41,3, 20,   60.000, 0.65,    1380.000,  7.962106862620E+06,  7.923896507969E+06,  7.885245806161E+06,  7.846065656301E+06,  1.036339177319E+02,  4.799339990813E+06,  1.308933406108E-09,  9.590621630196E-10
   41,3, 20,   60.000, 0.65,    1440.000,  7.962030758776E+06,  7.923754949323E+06,  7.885059552866E+06,  7.845862828294E+06,  1.037496734354E+02,  4.799262540350E+06,  7.749720865036E-10,  1.733951648930E-09
   41,3, 20,   60.000, 0.65,    1500.000,  7.961961094497E+06,  7.923625371696E+06,  7.884889075542E+06,  7.845677186292E+06,  1.038555036186E+02,  4.799191648133E+06, -2.645100138920E-09, -9.113136911765E-10
   41,3, 20,   60.000, 0.65,    1560.000,  7.961897318715E+06,  7.923506748534E+06,  7.884733021829E+06,  7.845507261120E+06,  1.039522753134E+02,  4.799126752446E+06,  2.295675649577E-09,  1.384250936098E-09
   41,3, 20,   60.000, 0.65,    1620.000,  7.961838926263E+06,  7.923398145094E+06,  7.884590160400E+06,  7.845351708658E+06,  1.040407830067E+02,  4.799067340765E+06, -1.149572881332E-09,  2.346496330574E-10
   41,3, 20,   60.000, 0.65,    1680.000,  7.961785457641E+06,  7.923298707035E+06,  7.884459366332E+06,  7.845209301318E+06,  1.041217469024E+02,  4.799012945337E+06, -1.152356876588E-09, -9.176801540889E-10
   41,3, 20,   60.000, 0.65,    1740.000,  7.961736494706E+06,  7.923207654478E+06,  7.884339611637E+06,  7.845078918470E+06,  1.041958222825E+02,  4.798963139091E+06,  3.027635919750E-10, -6.148184183985E-10
   41,3, 20,   60.000, 0.65,    1800.000,  7.961691655433E+06,  7.923124275312E+06,  7.884229957001E+06,  7.844959536724E+06,  1.042636048979E+02,  4.798917531950E+06,  1.429893536908E-09,  8.149072527885E-10
   42,3, 20,   60.000, 1.00,       0.000,  7.964770372286E+06,  7.929384223663E+06,  7.893839449198E+06,  7.858133896350E+06,  1.000000000000E+02,  4.802776587486E+06,  0.000000000000E+00,  0.000000000000E+00
   42,3, 20,   60.000, 1.00,      60.000,  7.964769951521E+06,  7.929381717603E+06,  7.893824915498E+06,  7.858049477870E+06,  1.000002193373E+02,  4.802769259124E+06, -8.299139153678E-11, -8.299139153678E-11
   42,3, 20,   60.000, 1.00,     120.000,  7.964767066949E+06,  7.929367464631E+06,  7.893760229757E+06,  7.857778397635E+06,  1.000019452394E+02,  4.802740728387E+06,  1.130729287979E-09,  1.047737896442E-09
   42,3, 20,   60.000, 1.00,     180.000,  7.964756906858E+06,  7.929325283650E+06,  7.893607723106E+06,  7.857300054447E+06,  1.000088751415E+02,  4.802679428684E+06,  2.785327524180E-10,  1.326270648860E-09
   42,3, 20,   60.000, 1.00,     240.000,  7.964732058933E+06,  7.929236673885E+06,  7.893342619185E+06,  7.856621273354E+06,  1.000279834584E+02,  4.802577460240E+06,  3.844320417556E-10,  1.710702690616E-09
   42,3, 20,   60.000, 1.00,     300.000,  7.964684182319E+06,  7.929086431078E+06,  7.892956932548E+06,  7.855772434822E+06,  1.000689662284E+02,  4.802431598214E+06, -8.156462172337E-10,  8.950564733823E-10
   42,3, 20,   60.000, 1.00,     360.000,  7.964606276192E+06,  7.928866426671E+06,  7.892458562431E+06,  7.854804036817E+06,  1.001422442246E+02,  4.802243780318E+06,  2.493720785424E-10,  1.144371708506E-09
   42,3, 20,   60.000, 1.00,     420.000,  7.964494532155E+06,  7.928577161945E+06,  7.891869193822E+06,  7.853781388981E+06,  1.002563644738E+02,  4.802020994399E+06, -1.383057224302E-09, -2.387423592154E-10
   42,3, 20,   60.000, 1.00,     480.000,  7.964349294333E+06,  7.928227718897E+06,  7.891221578214E+06,  7.852777952720E+06,  1.004157838832E+02,  4.801774588883E+06, -1.691091711109E-10, -4.079083737452E-10
   42,3, 20,   60.000, 1.00,     540.000,  7.964175151197E+06,  7.927834669297E+06,  7.890556115924E+06,  7.851867862944E+06,  1.006196135433E+02,  4.801519107218E+06,  1.626744960959E-09,  1.218722900376E-09
   42,3, 20,   60.000, 1.00,     600.000,  7.963980390675E+06,  7.927420270672E+06,  7.889916831216E+06,  7.851118310504E+06,  1.008614204759E+02,  4.801270792447E+06,  4.092726157978E-11,  1.259650161956E-09
   42,3, 20,   60.000, 1.00,     660.000,  7.963775646538E+06,  7.927007732177E+06,  7.889332633875E+06,  7.850497095147E+06,  1.011301067539E+02,  4.801038598852E+06, -1.450814579584E-09, -1.912212610478E-10
   42,3, 20,   60.000, 1.00,     720.000,  7.963571561695E+06,  7.926614500209E+06,  7.888806353402E+06,  7.849934215475E+06,  1.014119806469E+02,  4.800823317691E+06, -9.204086381942E-10, -1.111629899242E-09
   42,3, 20,   60.000, 1.00,     780.000,  7.963376387874E+06,  7.926249336006E+06,  7.888329480035E+06,  7.849419597953E+06,  1.016936364649E+02,  4.800624935879E+06,  9.667360245658E-10, -1.450644049328E-10
   42,3, 20,   60.000, 1.00,     840.000,  7.963194827065E+06,  7.925914244041E+06,  7.887894024349E+06,  7.848947638300E+06,  1.019645264651E+02,  4.800442807466E+06,  1.552621142764E-09,  1.407443050994E-09
   42,3, 20,   60.000, 1.00,     900.000,  7.963028412643E+06,  7.925607855445E+06,  7.887494827529E+06,  7.848514137033E+06,  1.022181775951E+02,  4.800275898122E+06, -1.747423539200E-09, -3.401510184631E-10
   42,3, 20,   60.000, 1.00,     960.000,  7.962876696527E+06,  7.925327754134E+06,  7.887128455216E+06,  7.848115824193E+06,  1.024518939371E+02,  4.800123011758E+06,  3.346940502524E-10, -5.456968210638E-12
   42,3, 20,   60.000, 1.00,    1020.000,  7.962738390294E+06,  7.925071475219E+06,  7.886792199244E+06,  7.847749942684E+06,  1.026655868175E+02,  4.799982946967E+06, -1.296598384215E-10, -1.350599632133E-10
   42,3, 20,   60.000, 1.00,    1080.000,  7.962612068653E+06,  7.924836781902E+06,  7.886483652602E+06,  7.847414008070E+06,  1.028605171078E+02,  4.799854577994E+06,  8.879510460247E-10,  7.530616130680E-10
   42,3, 20,   60.000, 1.00,    1140.000,  7.962496460706E+06,  7.924621694822E+06,  7.886200582334E+06,  7.847105699315E+06,  1.030383979706E+02,  4.799736881872E+06, -2.874003257602E-10,  4.656612873077E-10
   42,3, 20,   60.000, 1.00,    1200.000,  7.962390504231E+06,  7.924424465037E+06,  7.885940904003E+06,  7.846822823706E+06,  1.032009255232E+02,  4.799628937403E+06,  1.285229700443E-10,  5.943547876086E-10
   42,3, 20,   60.000, 1.00,    1260.000,  7.962293310525E+06,  7.924243539557E+06,  7.885702681050E+06,  7.846563316051E+06,  1.033496099157E+02,  4.799529913998E+06, -1.159037310572E-10,  4.783942131326E-10
   42,3, 20,   60.000, 1.00,    1320.000,  7.962204116090E+06,  7.924077528887E+06,  7.885484125398E+06,  7.846325247561E+06,  1.034857567345E+02,  4.799439059403E+06, -1.089802026399E-09, -6.111804395914E-10
   42,3, 20,   60.000, 1.00,    1380.000,  7.962122246312E+06,  7.923925179615E+06,  7.885283593884E+06,  7.846106832234E+06,  1.036104995848E+02,  4.799355689378E+06,  8.119513950078E-10,  2.009983290918E-10
   42,3, 20,   60.000, 1.00,    1440.000,  7.962047093171E+06,  7.923785353259E+06,  7.885099580821E+06,  7.845906426960E+06,  1.037248378859E+02,  4.799279179651E+06,  1.014655026665E-10,  3.024069883395E-10
   42,3, 20,   60.000, 1.00,    1500.000,  7.961978102568E+06,  7.923657010834E+06,  7.884930708374E+06,  7.845722526005E+06,  1.038296658096E+02,  4.799208959599E+06,  4.325784175307E-11,  3.456079866737E-10
   42,3, 20,   60.000, 1.00,    1560.000,  7.961914766972E+06,  7.923539201642E+06,  7.884775716215E+06,  7.845553752052E+06,  1.039257916730E+02,  4.799144507100E+06,  8.404299478570E-10,  1.185981091112E-09
   42,3, 20,   60.000, 1.00,    1620.000,  7.961856620689E+06,  7.923431054721E+06,  7.884633451374E+06,  7.845398845845E+06,  1.040139506331E+02,  4.799085344138E+06,  7.239009391924E-10,  1.909938873723E-09
   42,3, 20,   60.000, 1.00,    1680.000,  7.961803236296E+06,  7.923331771836E+06,  7.884502858751E+06,  7.845256655790E+06,  1.040948133978E+02,  4.799031032942E+06, -3.268553427915E-09, -1.358785084449E-09
   42,3, 20,   60.000, 1.00,    1740.000,  7.961754221600E+06,  7.923240621343E+06,  7.884382972436E+06,  7.845126128230E+06,  1.041689927445E+02,  4.798981172506E+06,  9.735003914102E-10, -3.851710062008E-10
   42,3, 20,   60.000, 1.00,    1800.000,  7.961709216856E+06,  7.923156932630E+06,  7.884272907846E+06,  7.845006298605E+06,  1.042370488484E+02,  4.798935395437E+06,  1.673242877587E-09,  1.287844497710E-09
   43,3, 20,  120.000, 0.50,       0.000,  7.964770372286E+06,  7.929384223663E+06,  7.893839449198E+06,  7.858133896350E+06,  1.000000000000E+02,  4.802776587486E+06,  0.000000000000E+00,  0.000000000000E+00
   43,3, 20,  120.000, 0.50,     120.000,  7.964768730958E+06,  7.929374447807E+06,  7.893782749648E+06,  7.857804382392E+06,  1.000008555929E+02,  4.802747991371E+06,  3.404920789762E-10,  3.404920789762E-10
   43,3, 20,  120.000, 0.50,     240.000,  7.964751467455E+06,  7.929294452760E+06,  7.893458828200E+06,  7.856737065965E+06,  1.000115879272E+02,  4.802616443080E+06, -4.803268893738E-10, -1.398348103976E-10
   43,3, 20,  120.000, 0.50,     360.000,  7.964671756119E+06,  7.929009777706E+06,  7.892656028714E+06,  7.855010087155E+06,  1.000713427970E+02,  4.802321418924E+06,  1.039950348058E-09,  9.001155376609E-10
   43,3, 20,  120.000, 0.50,     480.000,  7.964458571964E+06,  7.928419074731E+06,  7.891446495683E+06,  7.853023707769E+06,  1.002656826081E+02,  4.801873935350E+06, -1.178932507173E-09, -2.787601260934E-10
   43,3, 20,  120.000, 0.50,     600.000,  7.964088372657E+06,  7.927592485710E+06,  7.890110363900E+06,  7.851330185730E+06,  1.006761254802E+02,  4.801359091286E+06, -3.198010745109E-10, -5.984475137666E-10
   43,3, 20,  120.000, 0.50,     720.000,  7.963636787248E+06,  7.926718047581E+06,  7.888915808332E+06,  7.850064844069E+06,  1.012740047876E+02,  4.800876099102E+06,  1.238106506207E-09,  6.396021490218E-10
   43,3, 20,  120.000, 0.50,     840.000,  7.963214327753E+06,  7.925950865398E+06,  7.887959260426E+06,  7.849020970087E+06,  1.019109228554E+02,  4.800467194761E+06,  2.796127773763E-10,  9.190443961415E-10
   43,3, 20,  120.000, 0.50,     960.000,  7.962874566879E+06,  7.925336736049E+06,  7.887151553096E+06,  7.848140824355E+06,  1.024541218762E+02,  4.800129097445E+06,  3.092850420217E-10,  1.228272594744E-09
   43,3, 20,  120.000, 0.50,    1080.000,  7.962606701776E+06,  7.924828804323E+06,  7.886466153687E+06,  7.847399114794E+06,  1.028776147672E+02,  4.799849001643E+06, -1.412558958691E-10,  1.086846168619E-09
   43,3, 20,  120.000, 0.50,    1200.000,  7.962379437071E+06,  7.924396374811E+06,  7.885908587871E+06,  7.846784419090E+06,  1.032191314071E+02,  4.799614806414E+06,  1.143689587479E-10,  1.201442501042E-09
   43,3, 20,  120.000, 0.50,    1320.000,  7.962182948137E+06,  7.924041931600E+06,  7.885433911744E+06,  7.846271388623E+06,  1.035134852502E+02,  4.799418763413E+06, -5.383071766119E-11,  1.147782313637E-09
   43,3, 20,  120.000, 0.50,    1440.000,  7.962023409132E+06,  7.923742229301E+06,  7.885042942222E+06,  7.845845003304E+06,  1.037632554558E+02,  4.799255367855E+06, -2.102638063661E-10,  9.376890375279E-10
   43,3, 20,  120.000, 0.50,    1560.000,  7.961890605467E+06,  7.923490889322E+06,  7.884714636868E+06,  7.845486391585E+06,  1.039634318802E+02,  4.799118969096E+06, -1.347927991446E-09, -4.101821104996E-10
   43,3, 20,  120.000, 0.50,    1680.000,  7.961776578328E+06,  7.923285282110E+06,  7.884438562695E+06,  7.845188014841E+06,  1.041325238582E+02,  4.799004726440E+06,  2.395665887889E-09,  1.985426933970E-09
   43,3, 20,  120.000, 0.50,    1800.000,  7.961683894195E+06,  7.923108486645E+06,  7.884211582304E+06,  7.844937934528E+06,  1.042776135360E+02,  4.798909334684E+06, -1.756461642799E-10,  1.809894456528E-09
   44,3, 20,  120.000, 0.65,       0.000,  7.964770372286E+06,  7.929384223663E+06,  7.893839449198E+06,  7.858133896350E+06,  1.000000000000E+02,  4.802776587486E+06,  0.000000000000E+00,  0.000000000000E+00
   44,3, 20,  120.000, 0.65,     120.000,  7.964766195410E+06,  7.929365206075E+06,  7.893756899169E+06,  7.857775546978E+06,  1.000027493989E+02,  4.802739560253E+06,  1.620378498046E-09,  1.620378498046E-09
   44,3, 20,  120.000, 0.65,     240.000,  7.964734759063E+06,  7.929248087260E+06,  7.893372875060E+06,  7.856652363936E+06,  1.000267212448E+02,  4.802586965083E+06, -4.402078701560E-10,  1.180183062388E-09
   44,3, 20,  120.000, 0.65,     360.000,  7.964625188262E+06,  7.928911884459E+06,  7.892529066095E+06,  7.854875905887E+06,  1.001236428528E+02,  4.802269919989E+06, -9.046061677509E-10,  2.755768946372E-10
   44,3, 20,  120.000, 0.65,     480.000,  7.964387957173E+06,  7.928301032580E+06,  7.891314128791E+06,  7.852877377823E+06,  1.003662363928E+02,  4.801813474329E+06, -7.594351814078E-10, -4.838511813432E-10
   44,3, 20,  120.000, 0.65,     600.000,  7.964025993718E+06,  7.927497419652E+06,  7.890005960314E+06,  7.851215597662E+06,  1.007905783460E+02,  4.801310574584E+06,  1.270635152650E-09,  7.867129170336E-10
   44,3, 20,  120.000, 0.65,     720.000,  7.963605685150E+06,  7.926666651665E+06,  7.888858259961E+06,  7.849993979561E+06,  1.013479304407E+02,  4.800848917449E+06, -1.138012351021E-09, -3.512923285598E-10
   44,3, 20,  120.000, 0.65,     840.000,  7.963208941058E+06,  7.925936543024E+06,  7.887924746043E+06,  7.848984096854E+06,  1.019298778391E+02,  4.800456060999E+06,  1.064826449237E-09,  7.134985935409E-10
   44,3, 20,  120.000, 0.65,     960.000,  7.962878389890E+06,  7.925335026426E+06,  7.887143453108E+06,  7.848131826184E+06,  1.024448678697E+02,  4.800127815562E+06,  6.635438865032E-10,  1.376974978484E-09
   44,3, 20,  120.000, 0.65,    1080.000,  7.962610260605E+06,  7.924835655039E+06,  7.886482770908E+06,  7.847414105415E+06,  1.028651648933E+02,  4.799853982874E+06,  2.272315668961E-10,  1.604348653927E-09
   44,3, 20,  120.000, 0.65,    1200.000,  7.962386527600E+06,  7.924416352529E+06,  7.885930251481E+06,  7.846811214249E+06,  1.032083788156E+02,  4.799624573347E+06, -1.415736861077E-09,  1.887201506179E-10
   44,3, 20,  120.000, 0.65,    1320.000,  7.962197359313E+06,  7.924064691562E+06,  7.885467077059E+06,  7.846306549935E+06,  1.034959291965E+02,  4.799432007735E+06,  7.598437434808E-10,  9.486029739492E-10
   44,3, 20,  120.000, 0.65,    1440.000,  7.962038445609E+06,  7.923769385309E+06,  7.885078397187E+06,  7.845883313128E+06,  1.037379002179E+02,  4.799270392978E+06, -2.111963937068E-10,  7.376002031378E-10
   44,3, 20,  120.000, 0.65,    1560.000,  7.961905174860E+06,  7.923521314564E+06,  7.884752240680E+06,  7.845528198023E+06,  1.039404026200E+02,  4.799134736192E+06, -1.686164097237E-09, -9.486029739492E-10
   44,3, 20,  120.000, 0.65,    1680.000,  7.961793191478E+06,  7.923313085553E+06,  7.884478282632E+06,  7.845229902569E+06,  1.041100145249E+02,  4.799020814235E+06,  9.810641188324E-11, -8.503775461577E-10
   44,3, 20,  120.000, 0.65,    1800.000,  7.961699108012E+06,  7.923138148991E+06,  7.884248196625E+06,  7.844979395688E+06,  1.042523375658E+02,  4.798925117175E+06,  1.962575879588E-09,  1.112312020268E-09
   45,3, 20,  120.000, 1.00,       0.000,  7.964770372286E+06,  7.929384223663E+06,  7.893839449198E+06,  7.858133896350E+06,  1.000000000000E+02,  4.802776587486E+06,  0.000000000000E+00,  0.000000000000E+00
   45,3, 20,  120.000, 1.00,     120.000,  7.964756922062E+06,  7.929339174290E+06,  7.893701884697E+06,  7.857716953032E+06,  1.000116107275E+02,  4.802720685872E+06,  1.414491634932E-09,  1.414491634932E-09
   45,3, 20,  120.000, 1.00,     240.000,  7.964690953637E+06,  7.929143320011E+06,  7.893195459914E+06,  7.856468466439E+06,  1.000743784839E+02,  4.802522316388E+06, -1.073431121767E-09,  3.410605131648E-10
   45,3, 20,  120.000, 1.00,     360.000,  7.964527868608E+06,  7.928711717761E+06,  7.892249306009E+06,  7.854582077710E+06,  1.002450584585E+02,  4.802159018305E+06,  1.667785909376E-10,  5.078391041025E-10
   45,3, 20,  120.000, 1.00,     480.000,  7.964252668877E+06,  7.928054322704E+06,  7.891009937628E+06,  7.852548752582E+06,  1.005598935311E+02,  4.801683500430E+06,  1.534203875053E-09,  2.042042979156E-09
   45,3, 20,  120.000, 1.00,     600.000,  7.963898439899E+06,  7.927286453549E+06,  7.889772407701E+06,  7.850957333161E+06,  1.010015805415E+02,  4.801203690095E+06, -1.782041181286E-09,  2.601154847071E-10
   45,3, 20,  120.000, 1.00,     720.000,  7.963524682896E+06,  7.926541169290E+06,  7.888722553075E+06,  7.849836223013E+06,  1.015064941014E+02,  4.800784469388E+06,  1.068656274583E-10,  3.669811121654E-10
   45,3, 20,  120.000, 1.00,     840.000,  7.963177609765E+06,  7.925883779081E+06,  7.887851524337E+06,  7.848898512859E+06,  1.020061104467E+02,  4.800425202641E+06,  1.338776201010E-09,  1.705757313175E-09
   45,3, 20,  120.000, 1.00,     960.000,  7.962876045777E+06,  7.925323909270E+06,  7.887119613417E+06,  7.848104788342E+06,  1.024579397485E+02,  4.800120155411E+06, -1.518515091448E-09,  1.873559085652E-10
   45,3, 20,  120.000, 1.00,    1080.000,  7.962620513377E+06,  7.924850793358E+06,  7.886500175461E+06,  7.847431302497E+06,  1.028478634211E+02,  4.799861899021E+06,  1.243051883648E-09,  1.430635165889E-09
   45,3, 20,  120.000, 1.00,    1200.000,  7.962404980868E+06,  7.924450875525E+06,  7.885975065151E+06,  7.846859786509E+06,  1.031781669061E+02,  4.799643279050E+06,  1.372200131300E-10,  1.567968865857E-09
   45,3, 20,  120.000, 1.00,    1320.000,  7.962222857301E+06,  7.924112337018E+06,  7.885529855834E+06,  7.846375015633E+06,  1.034567605156E+02,  4.799458090312E+06, -1.627995516174E-09, -6.002665031701E-11
   45,3, 20,  120.000, 1.00,    1440.000,  7.962068622726E+06,  7.923825439752E+06,  7.885152368392E+06,  7.845963929740E+06,  1.036919148105E+02,  4.799301120089E+06,  9.881659934763E-10,  9.281393431593E-10
   45,3, 20,  120.000, 1.00,    1560.000,  7.961937836686E+06,  7.923582141768E+06,  7.884832245307E+06,  7.845615323547E+06,  1.038907189232E+02,  4.799168006360E+06, -1.901980795083E-10,  7.380549504887E-10
   45,3, 20,  120.000, 1.00,    1680.000,  7.961826867185E+06,  7.923375734626E+06,  7.884560705034E+06,  7.845319648010E+06,  1.040589969326E+02,  4.799055085992E+06,  6.958771336940E-10,  1.433818397345E-09
   45,3, 20,  120.000, 1.00,    1800.000,  7.961732685262E+06,  7.923200579662E+06,  7.884330319509E+06,  7.845068807838E+06,  1.042015479520E+02,  4.798959271746E+06, -6.043592293281E-10,  8.294591680169E-10
   46,3, 40,   15.000, 0.50,       0.000,  7.964770372286E+06,  7.929384223663E+06,  7.893839449198E+06,  7.858133896350E+06,  1.000000000000E+02,  4.802776827728E+06,  0.000000000000E+00,  0.000000000000E+00
   46,3, 40,   15.000, 0.50,      15.000,  7.964770372286E+06,  7.929384223663E+06,  7.893839448972E+06,  7.858130482458E+06,  1.000000000000E+02,  4.802776769928E+06, -3.374871937467E-09, -3.374871937467E-09
   46,3, 40,   15.000, 0.50,      30.000,  7.964770372286E+06,  7.929384223663E+06,  7.893839444424E+06,  7.858118506032E+06,  1.000000000000E+02,  4.802776481284E+06,  3.316529273434E-10, -3.043219010124E-09
   46,3, 40,   15.000, 0.50,      45.000,  7.964770372286E+06,  7.929384223653E+06,  7.893839401706E+06,  7.858097382119E+06,  1.000000000000E+02,  4.802775732377E+06, -6.698996912746E-10, -3.713118701398E-09
   46,3, 40,   15.000, 0.50,      60.000,  7.964770372286E+06,  7.929384223543E+06,  7.893839153317E+06,  7.858066663687E+06,  1.000000000000E+02,  4.802774296623E+06,  7.480167596441E-10, -2.965101941754E-09
   46,3, 40,   15.000, 0.50,      75.000,  7.964770372285E+06,  7.929384222660E+06,  7.893838152944E+06,  7.858024734149E+06,  1.000000000000E+02,  4.802771951673E+06, -3.838778184218E-10, -3.348979760176E-09
   46,3, 40,   15.000, 0.50,      90.000,  7.964770372283E+06,  7.929384217229E+06,  7.893835189605E+06,  7.857971807640E+06,  1.000000000000E+02,  4.802768480787E+06,  2.410928345853E-09, -9.380514143231E-10
   46,3, 40,   15.000, 0.50,     105.000,  7.964770372262E+06,  7.929384190812E+06,  7.893828470587E+06,  7.857907059941E+06,  1.000000000000E+02,  4.802763674162E+06, -1.811649497085E-09, -2.749700911409E-09
   46,3, 40,   15.000, 0.50,     120.000,  7.964770372135E+06,  7.929384086590E+06,  7.893816383403E+06,  7.857829852451E+06,  1.000000000003E+02,  4.802757330234E+06,  2.013962330238E-10, -2.548304678385E-09
   46,3, 40,   15.000, 0.50,     135.000,  7.964770371464E+06,  7.929383747375E+06,  7.893798327183E+06,  7.857740486884E+06,  1.000000000024E+02,  4.802749256915E+06, -1.475527255934E-09, -4.023831934319E-09
   46,3, 40,   15.000, 0.50,     150.000,  7.964770368436E+06,  7.929382825166E+06,  7.893774445756E+06,  7.857638314498E+06,  1.000000000153E+02,  4.802739272779E+06,  2.387857023223E-09, -1.635974911096E-09
   46,3, 40,   15.000, 0.50,     165.000,  7.964770356652E+06,  7.929380710149E+06,  7.893744482194E+06,  7.857523377026E+06,  1.000000000865E+02,  4.802727208183E+06, -6.141505082269E-10, -2.250125419323E-09
   46,3, 40,   15.000, 0.50,     180.000,  7.964770316809E+06,  7.929376578780E+06,  7.893707559288E+06,  7.857396003761E+06,  1.000000004300E+02,  4.802712906311E+06, -3.992752795057E-10, -2.649400698829E-09
   46,3, 40,   15.000, 0.50,     195.000,  7.964770199078E+06,  7.929369621078E+06,  7.893663186942E+06,  7.857255901791E+06,  1.000000019003E+02,  4.802696224150E+06,  5.975309136375E-10, -2.051876890619E-09
   46,3, 40,   15.000, 0.50,     210.000,  7.964769893696E+06,  7.929359327497E+06,  7.893611479908E+06,  7.857103593649E+06,  1.000000075063E+02,  4.802677033390E+06, -5.321396656655E-10, -2.584016556284E-09
   46,3, 40,   15.000, 0.50,     225.000,  7.964769195754E+06,  7.929345555361E+06,  7.893552244723E+06,  7.856939448974E+06,  1.000000266231E+02,  4.802655221283E+06,  6.843805522294E-10, -1.899636004055E-09
   46,3, 40,   15.000, 0.50,     240.000,  7.964767785160E+06,  7.929328247424E+06,  7.893484995201E+06,  7.856763603147E+06,  1.000000851078E+02,  4.802630691504E+06, -1.221636125592E-10, -2.021806722041E-09
   46,3, 40,   15.000, 0.50,     255.000,  7.964765252484E+06,  7.929307104959E+06,  7.893409748857E+06,  7.856576892255E+06,  1.000002459965E+02,  4.802603365156E+06, -1.068976018814E-09, -3.090775635428E-09
   46,3, 40,   15.000, 0.50,     270.000,  7.964761184353E+06,  7.929281648324E+06,  7.893326693846E+06,  7.856379771739E+06,  1.000006446519E+02,  4.802573182083E+06,  8.901892556423E-10, -2.200579274358E-09
   46,3, 40,   15.000, 0.50,     285.000,  7.964755271178E+06,  7.929251576602E+06,  7.893235642434E+06,  7.856172800047E+06,  1.000015355124E+02,  4.802540102688E+06, -7.548592861895E-10, -2.955431455121E-09
   46,3, 40,   15.000, 0.50,     300.000,  7.964747353658E+06,  7.929216860736E+06,  7.893136613324E+06,  7.855956990841E+06,  1.000033329663E+02,  4.802504110310E+06,  2.106759211529E-11, -2.934370968433E-09
   46,3, 40,   15.000, 0.50,     315.000,  7.964737352191E+06,  7.929177431530E+06,  7.893029973432E+06,  7.855732936108E+06,  1.000066121929E+02,  4.802465213791E+06,  6.279918807195E-10, -2.306364876858E-09
   46,3, 40,   15.000, 0.50,     330.000,  7.964725137102E+06,  7.929133031355E+06,  7.892915827461E+06,  7.855501551636E+06,  1.000120349560E+02,  4.802423449390E+06, -2.137312549166E-10, -2.520096131775E-09
   46,3, 40,   15.000, 0.50,     345.000,  7.964710483909E+06,  7.929083490010E+06,  7.892794298920E+06,  7.855263928241E+06,  1.000202006928E+02,  4.802378880910E+06, -1.952948025519E-09, -4.473065473576E-09
   46,3, 40,   15.000, 0.50,     360.000,  7.964693178057E+06,  7.929028871772E+06,  7.892665871102E+06,  7.855020827856E+06,  1.000314902250E+02,  4.802331597423E+06,  3.323940234168E-09, -1.149146555690E-09
   46,3, 40,   15.000, 0.50,     375.000,  7.964673143244E+06,  7.928969215615E+06,  7.892530875141E+06,  7.854773417786E+06,  1.000460156515E+02,  4.802281709334E+06, -1.529308235604E-09, -2.678461896721E-09
   46,3, 40,   15.000, 0.50,     390.000,  7.964650421850E+06,  7.928904429112E+06,  7.892389575480E+06,  7.854522799839E+06,  1.000637428554E+02,  4.802229344887E+06,  2.833779433331E-09,  1.552962203277E-10
   46,3, 40,   15.000, 0.50,     405.000,  7.964625039410E+06,  7.928834547536E+06,  7.892242555327E+06,  7.854269907133E+06,  1.000847080905E+02,  4.802174649099E+06, -3.533919823440E-09, -3.378659130249E-09
   46,3, 40,   15.000, 0.50,     420.000,  7.964596956092E+06,  7.928759777624E+06,  7.892090311322E+06,  7.854016034819E+06,  1.001091326408E+02,  4.802117785083E+06,  8.180620625353E-10, -2.560568646004E-09
   46,3, 40,   15.000, 0.50,     435.000,  7.964566161817E+06,  7.928680252134E+06,  7.891933243588E+06,  7.853762256074E+06,  1.001373113244E+02,  4.802058935288E+06, -4.993978564016E-10, -3.059994924115E-09
   46,3, 40,   15.000, 0.50,     450.000,  7.964532730129E+06,  7.928596071843E+06,  7.891772023565E+06,  7.853509639238E+06,  1.001693921171E+02,  4.801998300161E+06, -6.268976449064E-10, -3.686864147312E-09
   46,3, 40,   15.000, 0.50,     465.000,  7.964496731433E+06,  7.928507517876E+06,  7.891607264614E+06,  7.853259486091E+06,  1.002053080515E+02,  4.801936094548E+06,  2.197396042902E-09, -1.489524947829E-09
   46,3, 40,   15.000, 0.50,     480.000,  7.964458178759E+06,  7.928414924933E+06,  7.891439480998E+06,  7.853012816665E+06,  1.002449461709E+02,  4.801872544774E+06, -7.592149131597E-10, -2.248725650134E-09
   46,3, 40,   15.000, 0.50,     495.000,  7.964417125258E+06,  7.928318530610E+06,  7.891269418482E+06,  7.852770766154E+06,  1.002883237903E+02,  4.801807888227E+06,  3.462403697085E-10, -1.902435542434E-09
   46,3, 40,   15.000, 0.50,     510.000,  7.964373733521E+06,  7.928218645599E+06,  7.891097770685E+06,  7.852534539837E+06,  1.003355258448E+02,  4.801742373724E+06, -1.330938914634E-09, -3.233481038478E-09
   46,3, 40,   15.000, 0.50,     525.000,  7.964328177632E+06,  7.928115688396E+06,  7.890925142514E+06,  7.852305084809E+06,  1.003865045140E+02,  4.801676259838E+06,  1.014697659230E-09, -2.218712324975E-09
   46,3, 40,   15.000, 0.50,     540.000,  7.964280562067E+06,  7.928009998461E+06,  7.890752335690E+06,  7.852083516186E+06,  1.004410526312E+02,  4.801609811466E+06, -1.223554590979E-09, -3.442210072535E-09
   46,3, 40,   15.000, 0.50,     555.000,  7.964231004761E+06,  7.927901908943E+06,  7.890580086765E+06,  7.851870869038E+06,  1.004989859099E+02,  4.801543297509E+06,  1.169276231394E-09, -2.272827259731E-09
   46,3, 40,   15.000, 0.50,     570.000,  7.964179705498E+06,  7.927791884661E+06,  7.890409050900E+06,  7.851667998155E+06,  1.005602284088E+02,  4.801476990524E+06, -1.355545009574E-09, -3.628429112723E-09
   46,3, 40,   15.000, 0.50,     585.000,  7.964126872756E+06,  7.927680376963E+06,  7.890240038306E+06,  7.851475912352E+06,  1.006246652381E+02,  4.801411165870E+06, -8.738751944293E-10, -4.502226147451E-09
   46,3, 40,   15.000, 0.50,     600.000,  7.964072680672E+06,  7.927567782299E+06,  7.890073766591E+06,  7.851295435794E+06,  1.006920321335E+02,  4.801346098901E+06,  2.633740336933E-09, -1.868556864792E-09
   46,3, 40,   15.000, 0.50,     615.000,  7.964017332450E+06,  7.927454583968E+06,  7.889910882205E+06,  7.851123882117E+06,  1.007620375999E+02,  4.801282004424E+06, -1.878341038264E-09, -3.746890797629E-09
   46,3, 40,   15.000, 0.50,     630.000,  7.963961065113E+06,  7.927341273685E+06,  7.889752151684E+06,  7.850956886325E+06,  1.008344849581E+02,  4.801218978343E+06,  1.395335402776E-09, -2.351498551434E-09
   46,3, 40,   15.000, 0.50,     645.000,  7.963904090050E+06,  7.927228267381E+06,  7.889598206695E+06,  7.850794395968E+06,  1.009091714491E+02,  4.801157055766E+06, -8.168328236025E-10, -3.168224793626E-09
   46,3, 40,   15.000, 0.50,     660.000,  7.963846621307E+06,  7.927116042661E+06,  7.889449501401E+06,  7.850636499746E+06,  1.009857727985E+02,  4.801096267848E+06,  6.917062478351E-10, -2.476554072928E-09
   46,3, 40,   15.000, 0.50,     675.000,  7.963788920197E+06,  7.927005118123E+06,  7.889306211044E+06,  7.850482106832E+06,  1.010639401469E+02,  4.801036640695E+06, -1.796173876301E-09, -4.272806108929E-09
   46,3, 40,   15.000, 0.50,     690.000,  7.963731234935E+06,  7.926895928032E+06,  7.889167730542E+06,  7.850331720739E+06,  1.011434088440E+02,  4.800978195812E+06,  2.574154223112E-09, -1.698708729236E-09
   46,3, 40,   15.000, 0.50,     705.000,  7.963673774142E+06,  7.926788906498E+06,  7.889032841160E+06,  7.850184853969E+06,  1.012239051983E+02,  4.800920950668E+06, -2.045887015356E-09, -3.744617060875E-09
   46,3, 40,   15.000, 0.50,     720.000,  7.963616781253E+06,  7.926684489100E+06,  7.888900537949E+06,  7.850041105408E+06,  1.013050579909E+02,  4.800864917891E+06,  6.175042699397E-10, -3.127070158371E-09
   46,3, 40,   15.000, 0.50,     735.000,  7.963560529528E+06,  7.926582947391E+06,  7.888770651666E+06,  7.849900832726E+06,  1.013865006645E+02,  4.800810104581E+06, -1.109526692744E-09, -4.236653694534E-09
   46,3, 40,   15.000, 0.50,     750.000,  7.963505243635E+06,  7.926484365752E+06,  7.888643720433E+06,  7.849763496693E+06,  1.014679420904E+02,  4.800756512902E+06,  8.068496981650E-10, -3.429704520386E-09
   46,3, 40,   15.000, 0.50,     765.000,  7.963451127922E+06,  7.926388609589E+06,  7.888519917736E+06,  7.849629076730E+06,  1.015490628336E+02,  4.800704140439E+06, -7.091927045622E-10, -4.139110387769E-09
   46,3, 40,   15.000, 0.50,     780.000,  7.963398415725E+06,  7.926295260975E+06,  7.888398671362E+06,  7.849497720955E+06,  1.016294757650E+02,  4.800652979478E+06,  1.497113544247E-09, -2.642082108650E-09
   46,3, 40,   15.000, 0.50,     795.000,  7.963347297825E+06,  7.926203881375E+06,  7.888279770957E+06,  7.849368975713E+06,  1.017088367747E+02,  4.800603016823E+06, -1.253162906778E-09, -3.895365807693E-09
   46,3, 40,   15.000, 0.50,     810.000,  7.963297865555E+06,  7.926114345391E+06,  7.888163575425E+06,  7.849243004460E+06,  1.017868583499E+02,  4.800554234536E+06,  2.516131303310E-09, -1.379248715239E-09
   46,3, 40,   15.000, 0.50,     825.000,  7.963250133954E+06,  7.926026807971E+06,  7.888050017161E+06,  7.849119772684E+06,  1.018632118135E+02,  4.800506610062E+06,  5.835403271703E-10, -7.958078640513E-10
   46,3, 40,   15.000, 0.50,     840.000,  7.963204015162E+06,  7.925941460461E+06,  7.887938749713E+06,  7.848998986590E+06,  1.019375611044E+02,  4.800460115859E+06, -1.302829844008E-09, -2.098659024341E-09
   46,3, 40,   15.000, 0.50,     855.000,  7.963159297610E+06,  7.925858284545E+06,  7.887829858809E+06,  7.848880863448E+06,  1.020096725398E+02,  4.800414720111E+06, -1.106883473767E-09, -3.205514076399E-09
   46,3, 40,   15.000, 0.50,     870.000,  7.963115753358E+06,  7.925777030507E+06,  7.887723473914E+06,  7.848765239028E+06,  1.020793969053E+02,  4.800370388132E+06,  6.117772954894E-12, -3.199602360837E-09
   46,3, 40,   15.000, 0.50,     885.000,  7.963073251884E+06,  7.925697568275E+06,  7.887619375508E+06,  7.848651976602E+06,  1.021466517303E+02,  4.800327083497E+06,  1.837094032453E-09, -1.362423063256E-09
   46,3, 40,   15.000, 0.50,     900.000,  7.963031770503E+06,  7.925620030347E+06,  7.887517471595E+06,  7.848541252683E+06,  1.022115346640E+02,  4.800284769895E+06, -1.206167610235E-09, -2.568413037807E-09
   46,3, 40,   15.000, 0.50,     915.000,  7.962991344441E+06,  7.925544448939E+06,  7.887417907157E+06,  7.848432849883E+06,  1.022743550892E+02,  4.800243414068E+06, -5.335749619917E-10, -3.101831680397E-09
   46,3, 40,   15.000, 0.50,     930.000,  7.962951962328E+06,  7.925470630605E+06,  7.887320584823E+06,  7.848326765410E+06,  1.023354881364E+02,  4.800202987892E+06, -6.692957299492E-10, -3.771219780901E-09
   46,3, 40,   15.000, 0.50,     945.000,  7.962913492591E+06,  7.925398468576E+06,  7.887225336237E+06,  7.848223086052E+06,  1.023952496767E+02,  4.800163468426E+06,  5.806981562273E-10, -3.190507413819E-09
   46,3, 40,   15.000, 0.50,     960.000,  7.962875789776E+06,  7.925328013460E+06,  7.887132268839E+06,  7.848121596492E+06,  1.024538237928E+02,  4.800124836477E+06,  3.676916549011E-10, -2.822616806952E-09
   46,3, 40,   15.000, 0.50,     975.000,  7.962838836820E+06,  7.925259240741E+06,  7.887041352730E+06,  7.848022373114E+06,  1.025111734412E+02,  4.800087073956E+06,  6.175611133585E-10, -2.205069904448E-09
   46,3, 40,   15.000, 0.50,     990.000,  7.962802695472E+06,  7.925192005592E+06,  7.886952399625E+06,  7.847925407284E+06,  1.025671078524E+02,  4.800050161066E+06, -5.191651553105E-10, -2.724391379161E-09
   46,3, 40,   15.000, 0.50,    1005.000,  7.962767382418E+06,  7.925126226693E+06,  7.886865482641E+06,  7.847830533803E+06,  1.026215429105E+02,  4.800014075947E+06, -3.349569510647E-10, -3.059540176764E-09
   46,3, 40,   15.000, 0.50,    1020.000,  7.962732858632E+06,  7.925061934038E+06,  7.886780593025E+06,  7.847737851623E+06,  1.026746153354E+02,  4.799978797133E+06,  3.031388473573E-10, -2.756223693723E-09
   46,3, 40,   15.000, 0.50,    1035.000,  7.962699089344E+06,  7.924999085336E+06,  7.886697542552E+06,  7.847647268915E+06,  1.027265213805E+02,  4.799944305659E+06, -6.417337772291E-10, -3.397872205824E-09
   46,3, 40,   15.000, 0.50,    1050.000,  7.962666079430E+06,  7.924937556687E+06,  7.886616385252E+06,  7.847558687383E+06,  1.027773447282E+02,  4.799910584655E+06,  2.074784788419E-10, -3.190507413819E-09
   46,3, 40,   15.000, 0.50,    1065.000,  7.962633833550E+06,  7.924877353801E+06,  7.886537110055E+06,  7.847472186690E+06,  1.028270355775E+02,  4.799877617507E+06,  1.015081352307E-09, -2.175511326641E-09
   46,3, 40,   15.000, 0.50,    1080.000,  7.962602291745E+06,  7.924818529397E+06,  7.886459538743E+06,  7.847387627341E+06,  1.028755125319E+02,  4.799845386618E+06, -6.321982937152E-10, -2.807610144373E-09
   46,3, 40,   15.000, 0.50,    1095.000,  7.962571390322E+06,  7.924760996018E+06,  7.886383721633E+06,  7.847304970969E+06,  1.029228135245E+02,  4.799813874063E+06,  2.987476932503E-10, -2.508841134841E-09
   46,3, 40,   15.000, 0.50,    1110.000,  7.962541160682E+06,  7.924704705538E+06,  7.886309641950E+06,  7.847224246506E+06,  1.029690924583E+02,  4.799783063358E+06, -1.780279035302E-09, -4.289177013561E-09
   46,3, 40,   15.000, 0.50,    1125.000,  7.962511643181E+06,  7.924649712560E+06,  7.886237145501E+06,  7.847145305121E+06,  1.030144136122E+02,  4.799752939654E+06,  9.361187380819E-10, -3.352852218086E-09
   46,3, 40,   15.000, 0.50,    1140.000,  7.962482781361E+06,  7.924595953249E+06,  7.886166291070E+06,  7.847068154205E+06,  1.030586920355E+02,  4.799723487946E+06, -1.769016932940E-09, -5.121819413034E-09
   46,3, 40,   15.000, 0.50,    1155.000,  7.962454520409E+06,  7.924543335977E+06,  7.886097056994E+06,  7.846992766519E+06,  1.031019004470E+02,  4.799694692390E+06,  3.445201457453E-09, -1.676653482718E-09
   46,3, 40,   15.000, 0.50,    1170.000,  7.962426882163E+06,  7.924491897665E+06,  7.886029317906E+06,  7.846919015902E+06,  1.031441490206E+02,  4.799666537761E+06, -1.015934003590E-09, -2.692559064599E-09
   46,3, 40,   15.000, 0.50,    1185.000,  7.962399871219E+06,  7.924441625805E+06,  7.885963131257E+06,  7.846846937282E+06,  1.031855101958E+02,  4.799639010205E+06,  1.825689821544E-09, -8.667484507896E-10
   46,3, 40,   15.000, 0.50,    1200.000,  7.962373448488E+06,  7.924392443223E+06,  7.885898450552E+06,  7.846776467522E+06,  1.032259435376E+02,  4.799612096108E+06, -1.849414843491E-09, -2.716205926845E-09
   46,3, 40,   15.000, 0.50,    1215.000,  7.962347604967E+06,  7.924344363203E+06,  7.885835165765E+06,  7.846707529270E+06,  1.032654243890E+02,  4.799585781367E+06, -1.492423962191E-10, -2.865363057936E-09
   46,3, 40,   15.000, 0.50,    1230.000,  7.962322346266E+06,  7.924297381783E+06,  7.885773325135E+06,  7.846640163328E+06,  1.033040133826E+02,  4.799560052150E+06,  8.976002163763E-10, -1.967691787286E-09
   46,3, 40,   15.000, 0.50,    1245.000,  7.962297644620E+06,  7.924251421779E+06,  7.885712864957E+06,  7.846574287208E+06,  1.033417734673E+02,  4.799534895552E+06, -4.784297402693E-10, -2.446086000418E-09
   46,3, 40,   15.000, 0.50,    1260.000,  7.962273477672E+06,  7.924206473241E+06,  7.885653706371E+06,  7.846509868262E+06,  1.033786951268E+02,  4.799510299066E+06, -1.762735735156E-09, -4.208686732454E-09
   46,3, 40,   15.000, 0.50,    1275.000,  7.962249855831E+06,  7.924162548913E+06,  7.885595901379E+06,  7.846446921811E+06,  1.034147509031E+02,  4.799486249911E+06,  2.583611546925E-09, -1.625267032068E-09
   46,3, 40,   15.000, 0.50,    1290.000,  7.962226773411E+06,  7.924119596525E+06,  7.885539380383E+06,  7.846385351090E+06,  1.034499849939E+02,  4.799462735431E+06, -5.947029535491E-10, -2.220076567028E-09
   46,3, 40,   15.000, 0.50,    1305.000,  7.962204193439E+06,  7.924077588133E+06,  7.885484086810E+06,  7.846325151007E+06,  1.034844614545E+02,  4.799439743779E+06, -5.752340825893E-10, -2.795331965899E-09
   46,3, 40,   15.000, 0.50,    1320.000,  7.962182103772E+06,  7.924036525622E+06,  7.885430057016E+06,  7.846266308219E+06,  1.035181640236E+02,  4.799417263470E+06, -4.988436330677E-10, -3.294189809822E-09
   46,3, 40,   15.000, 0.50,    1335.000,  7.962160520648E+06,  7.923996369492E+06,  7.885377214026E+06,  7.846208742490E+06,  1.035510688251E+02,  4.799395282717E+06,  5.693578941646E-11, -3.237346390961E-09
   46,3, 40,   15.000, 0.50,    1350.000,  7.962139425438E+06,  7.923957093224E+06,  7.885325527230E+06,  7.846152472649E+06,  1.035832367845E+02,  4.799373790009E+06,  6.998419621596E-10, -2.537490217946E-09
   46,3, 40,   15.000, 0.50,    1365.000,  7.962118781486E+06,  7.923918702510E+06,  7.885275022022E+06,  7.846097462305E+06,  1.036147113618E+02,  4.799352774620E+06,  3.670379555842E-10, -2.170509105781E-09
   46,3, 40,   15.000, 0.50,    1380.000,  7.962098595139E+06,  7.923881165285E+06,  7.885225619951E+06,  7.846043653022E+06,  1.036454584928E+02,  4.799332225894E+06, -2.514589425573E-09, -4.685261956183E-09
   46,3, 40,   15.000, 0.50,    1395.000,  7.962078871973E+06,  7.923844445710E+06,  7.885177305858E+06,  7.845991059974E+06,  1.036754880376E+02,  4.799312132993E+06,  1.231661883594E-09, -3.453806129983E-09
   46,3, 40,   15.000, 0.50,    1410.000,  7.962059578181E+06,  7.923808548351E+06,  7.885130087215E+06,  7.845939625035E+06,  1.037048647101E+02,  4.799292485638E+06,  1.665156901254E-09, -1.788521331036E-09
   46,3, 40,   15.000, 0.50,    1425.000,  7.962040702378E+06,  7.923773454601E+06,  7.885083892983E+06,  7.845889318553E+06,  1.037335915667E+02,  4.799273274060E+06, -3.197548892331E-09, -4.985849955119E-09
   46,3, 40,   15.000, 0.50,    1440.000,  7.962022255133E+06,  7.923739127725E+06,  7.885038727277E+06,  7.845840150771E+06,  1.037616476594E+02,  4.799254488354E+06,  2.740677018664E-09, -2.245087671326E-09
   46,3, 40,   15.000, 0.50,    1455.000,  7.962004215326E+06,  7.923705564902E+06,  7.884994582706E+06,  7.845792059597E+06,  1.037890747193E+02,  4.799236118772E+06, -1.120348258610E-09, -3.365585143911E-09
   46,3, 40,   15.000, 0.50,    1470.000,  7.961986566526E+06,  7.923672750084E+06,  7.884951393093E+06,  7.845745034667E+06,  1.038159078794E+02,  4.799218156142E+06,  2.221227646260E-10, -3.143668436678E-09
   46,3, 40,   15.000, 0.50,    1485.000,  7.961969315396E+06,  7.923640651330E+06,  7.884909168106E+06,  7.845699066161E+06,  1.038421312707E+02,  4.799200591435E+06,  1.654193226841E-09, -1.489297574153E-09
   46,3, 40,   15.000, 0.50,    1500.000,  7.961952445815E+06,  7.923609268997E+06,  7.884867888644E+06,  7.845654097404E+06,  1.038677543790E+02,  4.799183415578E+06, -3.648629842701E-09, -5.137735570315E-09
   46,3, 40,   15.000, 0.50,    1515.000,  7.961935941896E+06,  7.923578586764E+06,  7.884827504675E+06,  7.845610134104E+06,  1.038928170473E+02,  4.799166619863E+06,  2.144183497421E-09, -2.993601810886E-09
   46,3, 40,   15.000, 0.50,    1530.000,  7.961919809876E+06,  7.923548570334E+06,  7.884788029037E+06,  7.845567151976E+06,  1.039173250214E+02,  4.799150195929E+06,  7.832312576284E-10, -2.210526872659E-09
   46,3, 40,   15.000, 0.50,    1545.000,  7.961904035063E+06,  7.923519223297E+06,  7.884749429075E+06,  7.845525107242E+06,  1.039412714493E+02,  4.799134135403E+06,  3.290878680673E-10, -1.881289790617E-09
   46,3, 40,   15.000, 0.50,    1560.000,  7.961888599718E+06,  7.923490533182E+06,  7.884711667565E+06,  7.845484006060E+06,  1.039646820838E+02,  4.799118430054E+06, -2.597943193905E-09, -4.479261406232E-09
   46,3, 40,   15.000, 0.50,    1575.000,  7.961873511864E+06,  7.923462464135E+06,  7.884674757235E+06,  7.845443810901E+06,  1.039875807912E+02,  4.799103072026E+06,  2.477769101006E-09, -2.001343091251E-09
   46,3, 40,   15.000, 0.50,    1590.000,  7.961858761275E+06,  7.923435018689E+06,  7.884638659963E+06,  7.845404497249E+06,  1.040099634151E+02,  4.799088053607E+06, -6.093827664699E-10, -2.610704541439E-09
   46,3, 40,   15.000, 0.50,    1605.000,  7.961844326620E+06,  7.923408187678E+06,  7.884603351226E+06,  7.845366068528E+06,  1.040318380682E+02,  4.799073367118E+06, -2.705618840082E-09, -5.316451279214E-09
   46,3, 40,   15.000, 0.50,    1620.000,  7.961830214004E+06,  7.923381939125E+06,  7.884568837238E+06,  7.845328480519E+06,  1.040532333299E+02,  4.799059005154E+06,  2.578047997304E-09, -2.738488547038E-09
   46,3, 40,   15.000, 0.50,    1635.000,  7.961816419526E+06,  7.923356273926E+06,  7.884535078149E+06,  7.845291721195E+06,  1.040741558416E+02,  4.799044960573E+06,  3.669953230201E-11, -2.701654011616E-09
   46,3, 40,   15.000, 0.50,    1650.000,  7.961802921080E+06,  7.923331180453E+06,  7.884502062062E+06,  7.845255785109E+06,  1.040946016247E+02,  4.799031226254E+06, -3.334292841828E-10, -3.034983819816E-09
   46,3, 40,   15.000, 0.50,    1665.000,  7.961789719951E+06,  7.923306631434E+06,  7.884469786849E+06,  7.845220632829E+06,  1.041145934054E+02,  4.799017795216E+06, -6.089990733926E-10, -3.643890522653E-09
   46,3, 40,   15.000, 0.50,    1680.000,  7.961776817548E+06,  7.923282630114E+06,  7.884438213447E+06,  7.845186262189E+06,  1.041341489387E+02,  4.799004660784E+06, -4.229008254697E-10, -4.066805558978E-09
   46,3, 40,   15.000, 0.50,    1695.000,  7.961764194858E+06,  7.923259161827E+06,  7.884407339607E+06,  7.845152655187E+06,  1.041532614597E+02,  4.798991816362E+06,  5.231513000581E-10, -3.543846105458E-09
   46,3, 40,   15.000, 0.50,    1710.000,  7.961751847582E+06,  7.923236201559E+06,  7.884377156008E+06,  7.845119780043E+06,  1.041719444346E+02,  4.798979255406E+06,  2.167908519368E-09, -1.376065483782E-09
   46,3, 40,   15.000, 0.50,    1725.000,  7.961739778593E+06,  7.923213754764E+06,  7.884347627316E+06,  7.845087639694E+06,  1.041902223098E+02,  4.798966971657E+06, -2.707992052819E-09, -4.084085958311E-09
   46,3, 40,   15.000, 0.50,    1740.000,  7.961727973714E+06,  7.923191805516E+06,  7.884318755316E+06,  7.845056208587E+06,  1.042080908482E+02,  4.798954959005E+06,  1.317445708082E-09, -2.766682882793E-09
   46,3, 40,   15.000, 0.50,    1755.000,  7.961716425340E+06,  7.923170330940E+06,  7.884290524796E+06,  7.845025464618E+06,  1.042255539116E+02,  4.798943211341E+06, -1.435296326235E-10, -2.910383045673E-09
   46,3, 40,   15.000, 0.50,    1770.000,  7.961705135470E+06,  7.923149336902E+06,  7.884262908442E+06,  7.844995407835E+06,  1.042426373494E+02,  4.798931722775E+06,  1.343650524177E-09, -1.566604623804E-09
   46,3, 40,   15.000, 0.50,    1785.000,  7.961694094420E+06,  7.923128807336E+06,  7.884235908139E+06,  7.844966009336E+06,  1.042593426801E+02,  4.798920487626E+06, -2.452637204442E-09, -4.019057087135E-09
   46,3, 40,   15.000, 0.50,    1800.000,  7.961683293547E+06,  7.923108722600E+06,  7.884209502606E+06,  7.844937258220E+06,  1.042756676217E+02,  4.798909500203E+06, -1.969411300706E-10, -4.215962690068E-09
   47,3, 40,   15.000, 0.65,       0.000,  7.964770372286E+06,  7.929384223663E+06,  7.893839449198E+06,  7.858133896350E+06,  1.000000000000E+02,  4.802776827728E+06,  0.000000000000E+00,  0.000000000000E+00
   47,3, 40,   15.000, 0.65,      15.000,  7.964770372286E+06,  7.929384223662E+06,  7.893839447496E+06,  7.858130268369E+06,  1.000000000000E+02,  4.802776752588E+06, -2.616989291937E-09, -2.616989291937E-09
   47,3, 40,   15.000, 0.65,      30.000,  7.964770372286E+06,  7.929384223643E+06,  7.893839424414E+06,  7.858118230027E+06,  1.000000000000E+02,  4.802776412031E+06,  1.344336229142E-09, -1.272653038509E-09
   47,3, 40,   15.000, 0.65,      45.000,  7.964770372285E+06,  7.929384223423E+06,  7.893839274815E+06,  7.858096768446E+06,  1.000000000000E+02,  4.802775576958E+06, -6.743156727440E-10, -1.946968808397E-09
   47,3, 40,   15.000, 0.65,      60.000,  7.964770372283E+06,  7.929384221782E+06,  7.893838656289E+06,  7.858065378696E+06,  1.000000000000E+02,  4.802774021315E+06, -1.831786236584E-09, -3.778755086614E-09
   47,3, 40,   15.000, 0.65,      75.000,  7.964770372265E+06,  7.929384212890E+06,  7.893836814131E+06,  7.858023109542E+06,  1.000000000001E+02,  4.802771523496E+06,  1.002934624239E-09, -2.775820462375E-09
   47,3, 40,   15.000, 0.65,      90.000,  7.964770372151E+06,  7.929384175574E+06,  7.893832567565E+06,  7.857969442190E+06,  1.000000000010E+02,  4.802767867699E+06, -2.527721087997E-10, -3.028592487908E-09
   47,3, 40,   15.000, 0.65,     105.000,  7.964770371576E+06,  7.929384049197E+06,  7.893824577067E+06,  7.857903906036E+06,  1.000000000067E+02,  4.802762845263E+06, -5.461974206256E-10, -3.574790241601E-09
   47,3, 40,   15.000, 0.65,     120.000,  7.964770369156E+06,  7.929383693605E+06,  7.893811724752E+06,  7.857826098053E+06,  1.000000000390E+02,  4.802756255955E+06,  2.190119918755E-09, -1.384670156312E-09
   47,3, 40,   15.000, 0.65,     135.000,  7.964770360473E+06,  7.929382843408E+06,  7.893793283550E+06,  7.857735772474E+06,  1.000000001934E+02,  4.802747909201E+06, -2.710539681594E-09, -4.095209504840E-09
   47,3, 40,   15.000, 0.65,     150.000,  7.964770333474E+06,  7.929381082889E+06,  7.893768787501E+06,  7.857632771470E+06,  1.000000008375E+02,  4.802737625266E+06,  1.552894368650E-09, -2.542314803122E-09
   47,3, 40,   15.000, 0.65,     165.000,  7.964770259815E+06,  7.929377869683E+06,  7.893737834026E+06,  7.857517040117E+06,  1.000000032025E+02,  4.802725236374E+06,  7.629203935267E-10, -1.779397962309E-09
   47,3, 40,   15.000, 0.65,     180.000,  7.964770081603E+06,  7.929372610124E+06,  7.893700025697E+06,  7.857388633090E+06,  1.000000109246E+02,  4.802710587769E+06, -6.481997161245E-10, -2.427597678434E-09
   47,3, 40,   15.000, 0.65,     195.000,  7.964769695566E+06,  7.929364750799E+06,  7.893655014555E+06,  7.857247700729E+06,  1.000000335280E+02,  4.802693538737E+06,  8.193552503144E-10, -1.608242428119E-09
   47,3, 40,   15.000, 0.65,     210.000,  7.964768940161E+06,  7.929353835514E+06,  7.893602528411E+06,  7.857094491076E+06,  1.000000932486E+02,  4.802673963634E+06, -1.226336365789E-09, -2.834582346622E-09
   47,3, 40,   15.000, 0.65,     225.000,  7.964767592991E+06,  7.929339504419E+06,  7.893542359878E+06,  7.856929347123E+06,  1.000002365404E+02,  4.802651752964E+06,  7.219114195323E-10, -2.112670927090E-09
   47,3, 40,   15.000, 0.65,     240.000,  7.964765383432E+06,  7.929321457275E+06,  7.893474358509E+06,  7.856752701606E+06,  1.000005504832E+02,  4.802626814582E+06, -1.239501390415E-09, -3.352170097060E-09
   47,3, 40,   15.000, 0.65,     255.000,  7.964762018402E+06,  7.929299421320E+06,  7.893398434363E+06,  7.856565074328E+06,  1.000011818200E+02,  4.802599075074E+06,  1.373321456555E-09, -1.978861519092E-09
   47,3, 40,   15.000, 0.65,     270.000,  7.964757211781E+06,  7.929273143780E+06,  7.893314559380E+06,  7.856367067850E+06,  1.000023531159E+02,  4.802568481282E+06, -2.034123536276E-09, -4.012974841316E-09
   47,3, 40,   15.000, 0.65,     285.000,  7.964750705970E+06,  7.929242399955E+06,  7.893222765126E+06,  7.856159362741E+06,  1.000043683864E+02,  4.802535001870E+06, -3.226703348957E-10, -4.335646508480E-09
   47,3, 40,   15.000, 0.65,     300.000,  7.964742279610E+06,  7.929207000290E+06,  7.893123141510E+06,  7.855942712920E+06,  1.000076018125E+02,  4.802498628698E+06,  1.631447865691E-09, -2.704211965465E-09
   47,3, 40,   15.000, 0.65,     315.000,  7.964731744460E+06,  7.929166791247E+06,  7.893015836013E+06,  7.855717940349E+06,  1.000124687589E+02,  4.802459377737E+06, -9.280300972137E-10, -3.632237621787E-09
   47,3, 40,   15.000, 0.65,     330.000,  7.964718939584E+06,  7.929121654328E+06,  7.892901052079E+06,  7.855485929416E+06,  1.000193861956E+02,  4.802417289348E+06,  2.083127448316E-09, -1.549096850795E-09
   47,3, 40,   15.000, 0.65,     345.000,  7.964703729121E+06,  7.929071506681E+06,  7.892779047171E+06,  7.855247621053E+06,  1.000287352249E+02,  4.802372427861E+06, -1.724587583851E-09, -3.273669335613E-09
   47,3, 40,   15.000, 0.65,     360.000,  7.964686004055E+06,  7.929016302669E+06,  7.892650130804E+06,  7.855004006471E+06,  1.000408376380E+02,  4.802324880628E+06,  7.730194262479E-10, -2.500655682525E-09
   47,3, 40,   15.000, 0.65,     375.000,  7.964665684516E+06,  7.928956035127E+06,  7.892514662311E+06,  7.854756120644E+06,  1.000559511684E+02,  4.802274756793E+06, -7.307221494557E-10, -3.231377831980E-09
   47,3, 40,   15.000, 0.65,     390.000,  7.964642719644E+06,  7.928890736239E+06,  7.892373048377E+06,  7.854505035533E+06,  1.000742789208E+02,  4.802222186017E+06, -4.747371384894E-10, -3.706077222887E-09
   47,3, 40,   15.000, 0.65,     405.000,  7.964617084858E+06,  7.928820478323E+06,  7.892225740449E+06,  7.854251853086E+06,  1.000959832394E+02,  4.802167317291E+06, -1.055197262900E-09, -4.761318450619E-09
   47,3, 40,   15.000, 0.65,     420.000,  7.964588778291E+06,  7.928745374273E+06,  7.892073232040E+06,  7.853997698071E+06,  1.001211956784E+02,  4.802110317801E+06,  1.580823916214E-09, -3.180502972100E-09
   47,3, 40,   15.000, 0.65,     435.000,  7.964557818009E+06,  7.928665577262E+06,  7.891916055916E+06,  7.853743710791E+06,  1.001500203280E+02,  4.802051371799E+06,  9.886917951007E-10, -2.191768544435E-09
   47,3, 40,   15.000, 0.65,     450.000,  7.964524240580E+06,  7.928581279530E+06,  7.891754781200E+06,  7.853491039732E+06,  1.001825327319E+02,  4.801990679367E+06, -2.490994965854E-09, -4.682760845753E-09
   47,3, 40,   15.000, 0.65,     465.000,  7.964488100707E+06,  7.928492710345E+06,  7.891590010341E+06,  7.853240834221E+06,  1.002187780142E+02,  4.801928455077E+06,  1.759746126595E-09, -2.923002284660E-09
   47,3, 40,   15.000, 0.65,     480.000,  7.964449471350E+06,  7.928400133317E+06,  7.891422375891E+06,  7.852994237149E+06,  1.002587702347E+02,  4.801864926554E+06, -1.116644554600E-09, -4.039634404762E-09
   47,3, 40,   15.000, 0.65,     495.000,  7.964408443783E+06,  7.928303843417E+06,  7.891252537006E+06,  7.852752377825E+06,  1.003024929455E+02,  4.801800332952E+06,  2.398164333783E-09, -1.641524249862E-09
   47,3, 40,   15.000, 0.65,     510.000,  7.964365127250E+06,  7.928204164020E+06,  7.891081175595E+06,  7.852516365012E+06,  1.003499001311E+02,  4.801734923380E+06, -1.796457205216E-09, -3.437889972702E-09
   47,3, 40,   15.000, 0.65,     525.000,  7.964319648186E+06,  7.928101444215E+06,  7.890908992110E+06,  7.852287280161E+06,  1.004009170682E+02,  4.801668955273E+06,  1.942845884173E-09, -1.494981916039E-09
   47,3, 40,   15.000, 0.65,     540.000,  7.964272149151E+06,  7.927996056383E+06,  7.890736700991E+06,  7.852066170844E+06,  1.004554411598E+02,  4.801602692717E+06, -1.807484828475E-09, -3.302375262138E-09
   47,3, 40,   15.000, 0.65,     555.000,  7.964222787687E+06,  7.927888393927E+06,  7.890565025890E+06,  7.851854044370E+06,  1.005133429279E+02,  4.801536404743E+06,  6.844818045693E-10, -2.617980499053E-09
   47,3, 40,   15.000, 0.65,     570.000,  7.964171735172E+06,  7.927778868971E+06,  7.890394694801E+06,  7.851651861539E+06,  1.005744672147E+02,  4.801470363590E+06, -5.658842283651E-10, -3.183913577232E-09
   47,3, 40,   15.000, 0.65,     585.000,  7.964119175661E+06,  7.927667909914E+06,  7.890226435248E+06,  7.851460530525E+06,  1.006386345364E+02,  4.801404842961E+06,  2.343156779716E-10, -2.949491317850E-09
   47,3, 40,   15.000, 0.65,     600.000,  7.964065304681E+06,  7.927555958807E+06,  7.890060969602E+06,  7.851280900897E+06,  1.007056425448E+02,  4.801340116267E+06, -1.875566368881E-10, -3.137074600090E-09
   47,3, 40,   15.000, 0.65,     615.000,  7.964010327963E+06,  7.927443468594E+06,  7.889899008903E+06,  7.851110116192E+06,  1.007752675885E+02,  4.801276379749E+06, -3.034763551568E-10, -3.440618456807E-09
   47,3, 40,   15.000, 0.65,     630.000,  7.963954460129E+06,  7.927330900278E+06,  7.889741232596E+06,  7.850944069446E+06,  1.008472663768E+02,  4.801213710751E+06,  1.663420512443E-09, -1.777152647264E-09
   47,3, 40,   15.000, 0.65,     645.000,  7.963897923342E+06,  7.927218719946E+06,  7.889588218305E+06,  7.850782342498E+06,  1.009213777344E+02,  4.801152142332E+06, -2.947610155957E-09, -4.724824975710E-09
   47,3, 40,   15.000, 0.65,     660.000,  7.963840945940E+06,  7.927107395111E+06,  7.889440289003E+06,  7.850624959275E+06,  1.009973244314E+02,  4.801091703479E+06,  1.955681838695E-09, -2.769183993223E-09
   47,3, 40,   15.000, 0.65,     675.000,  7.963783761036E+06,  7.926997388467E+06,  7.889297336669E+06,  7.850471422024E+06,  1.010748150733E+02,  4.801032418879E+06,  1.401057048156E-11, -2.755086825346E-09
   47,3, 40,   15.000, 0.65,     690.000,  7.963726605075E+06,  7.926889144786E+06,  7.889158802029E+06,  7.850321584255E+06,  1.011535460425E+02,  4.800974308732E+06, -1.570330088185E-09, -4.325329427957E-09
   47,3, 40,   15.000, 0.65,     705.000,  7.963669716224E+06,  7.926783064960E+06,  7.889023928456E+06,  7.850175266504E+06,  1.012332034786E+02,  4.800917388583E+06,  3.841029716511E-10, -3.941295290133E-09
   47,3, 40,   15.000, 0.65,     720.000,  7.963613332276E+06,  7.926679464684E+06,  7.888892128583E+06,  7.850032271955E+06,  1.013134652954E+02,  4.800861669188E+06,  2.597268178306E-09, -1.344005795545E-09
   47,3, 40,   15.000, 0.65,     735.000,  7.963557687352E+06,  7.926578527490E+06,  7.888763148727E+06,  7.849892474048E+06,  1.013940032497E+02,  4.800807156412E+06, -5.246207912535E-10, -1.868556864792E-09
   47,3, 40,   15.000, 0.65,     750.000,  7.963503006160E+06,  7.926480277181E+06,  7.888636943683E+06,  7.849755746629E+06,  1.014744851439E+02,  4.800753851159E+06, -1.156205797770E-09, -3.024752004421E-09
   47,3, 40,   15.000, 0.65,     765.000,  7.963449494425E+06,  7.926384596691E+06,  7.888513483693E+06,  7.849621977849E+06,  1.015545773893E+02,  4.800701749336E+06,  6.371143612682E-10, -2.387423592154E-09
   47,3, 40,   15.000, 0.65,     780.000,  7.963397324940E+06,  7.926291296552E+06,  7.888392695147E+06,  7.849491076744E+06,  1.016339484365E+02,  4.800650841864E+06, -1.725408260711E-09, -4.112735041417E-09
   47,3, 40,   15.000, 0.65,     795.000,  7.963346621142E+06,  7.926200199627E+06,  7.888274500892E+06,  7.849362959868E+06,  1.017122739921E+02,  4.800601114765E+06,  1.922187298220E-09, -2.190517989220E-09
   47,3, 40,   15.000, 0.65,     810.000,  7.963297443348E+06,  7.926111193866E+06,  7.888158844033E+06,  7.849237554203E+06,  1.017892453213E+02,  4.800552549345E+06, -1.975268837384E-09, -4.165940481471E-09
   47,3, 40,   15.000, 0.65,     825.000,  7.963249784617E+06,  7.926024230573E+06,  7.888045676164E+06,  7.849114795941E+06,  1.018645818844E+02,  4.800505122557E+06,  9.419807156519E-10, -3.224158717785E-09
   47,3, 40,   15.000, 0.65,     840.000,  7.963203580909E+06,  7.925939288527E+06,  7.887934948763E+06,  7.848994627354E+06,  1.019380485221E+02,  4.800458807585E+06,  1.061752907816E-09, -2.162323653465E-09
   47,3, 40,   15.000, 0.65,     855.000,  7.963158733731E+06,  7.925856342100E+06,  7.887826615943E+06,  7.848876996656E+06,  1.020094751020E+02,  4.800413574722E+06, -1.294563567455E-09, -3.456989361439E-09
   47,3, 40,   15.000, 0.65,     870.000,  7.963115136488E+06,  7.925775352603E+06,  7.887720635491E+06,  7.848761856780E+06,  1.020787735362E+02,  4.800369392508E+06,  1.291407869530E-09, -2.165506884921E-09
   47,3, 40,   15.000, 0.65,     885.000,  7.963072693796E+06,  7.925696274569E+06,  7.887616966757E+06,  7.848649164202E+06,  1.021459450936E+02,  4.800326229034E+06,  6.303411126396E-10, -1.535227056593E-09
   47,3, 40,   15.000, 0.65,     900.000,  7.963031328069E+06,  7.925619061408E+06,  7.887515569789E+06,  7.848538878323E+06,  1.022110720677E+02,  4.800284053198E+06, -1.077893330148E-09, -2.612978278194E-09
   47,3, 40,   15.000, 0.65,     915.000,  7.962990976057E+06,  7.925543665480E+06,  7.887416405303E+06,  7.848430960664E+06,  1.022742929987E+02,  4.800242835683E+06, -2.262312559509E-09, -4.875346348854E-09
   47,3, 40,   15.000, 0.65,     930.000,  7.962951582866E+06,  7.925470036601E+06,  7.887319434172E+06,  7.848325374194E+06,  1.023357678985E+02,  4.800202549458E+06,  3.660973302289E-09, -1.214175426867E-09
   47,3, 40,   15.000, 0.65,     945.000,  7.962913099320E+06,  7.925398122250E+06,  7.887224616906E+06,  7.848222082788E+06,  1.023956451030E+02,  4.800163169780E+06, -2.574110258280E-09, -3.788500180235E-09
   47,3, 40,   15.000, 0.65,     960.000,  7.962875483146E+06,  7.925327868888E+06,  7.887131913416E+06,  7.848121050701E+06,  1.024540407186E+02,  4.800124673813E+06, -1.053996889766E-10, -3.894001565641E-09
   47,3, 40,   15.000, 0.65,     975.000,  7.962838700831E+06,  7.925259223210E+06,  7.887041282804E+06,  7.848022242120E+06,  1.025110350230E+02,  4.800087040119E+06,  8.647065286027E-10, -3.029072104255E-09
   47,3, 40,   15.000, 0.65,     990.000,  7.962802727385E+06,  7.925192133254E+06,  7.886952683218E+06,  7.847925620786E+06,  1.025666817725E+02,  4.800050248200E+06,  9.391123434455E-10, -2.090018824674E-09
   47,3, 40,   15.000, 0.65,    1005.000,  7.962767543843E+06,  7.925126549642E+06,  7.886866071853E+06,  7.847831149666E+06,  1.026210215600E+02,  4.800014278239E+06,  3.561440031774E-10, -1.733951648930E-09
   47,3, 40,   15.000, 0.65,    1020.000,  7.962733134080E+06,  7.925062426725E+06,  7.886781405088E+06,  7.847738790687E+06,  1.026740915822E+02,  4.799979110996E+06, -1.884372657912E-09, -3.618424671004E-09
   47,3, 40,   15.000, 0.65,    1035.000,  7.962699482413E+06,  7.924999723262E+06,  7.886698638762E+06,  7.847648504550E+06,  1.027259292413E+02,  4.799944727786E+06, -6.031530830342E-11, -3.678906068671E-09
   47,3, 40,   15.000, 0.65,    1050.000,  7.962666572525E+06,  7.924938402470E+06,  7.886617728572E+06,  7.847560250623E+06,  1.027765715537E+02,  4.799911110488E+06,  1.027911533669E-09, -2.651177055668E-09
   47,3, 40,   15.000, 0.65,    1065.000,  7.962634387452E+06,  7.924878431497E+06,  7.886538630570E+06,  7.847473986931E+06,  1.028260536326E+02,  4.799878241511E+06,  6.604050639680E-11, -2.585238689790E-09
   47,3, 40,   15.000, 0.65,    1080.000,  7.962602910113E+06,  7.924819780482E+06,  7.886461301652E+06,  7.847389670273E+06,  1.028744080881E+02,  4.799846103772E+06, -2.091969264484E-09, -4.677076503867E-09
   47,3, 40,   15.000, 0.65,    1095.000,  7.962572123897E+06,  7.924762421476E+06,  7.886385699984E+06,  7.847307256454E+06,  1.029216653392E+02,  4.799814680651E+06,  2.035626778252E-09, -2.641627361299E-09
   47,3, 40,   15.000, 0.65,    1110.000,  7.962542012993E+06,  7.924706327532E+06,  7.886311785255E+06,  7.847226700649E+06,  1.029678541091E+02,  4.799783955972E+06,  4.044111712176E-10, -2.237356966361E-09
   47,3, 40,   15.000, 0.65,    1125.000,  7.962512562410E+06,  7.924651472137E+06,  7.886239518725E+06,  7.847147957874E+06,  1.030130016870E+02,  4.799753913972E+06, -6.307936395444E-10, -2.868091542041E-09
   47,3, 40,   15.000, 0.65,    1140.000,  7.962483757823E+06,  7.924597829017E+06,  7.886168863081E+06,  7.847070983500E+06,  1.030571340108E+02,  4.799724539288E+06, -1.132767879497E-09, -4.000867193099E-09
   47,3, 40,   15.000, 0.65,    1155.000,  7.962455585419E+06,  7.924545372172E+06,  7.886099782154E+06,  7.846995733773E+06,  1.031002757435E+02,  4.799695816930E+06, -2.767421847238E-10, -4.277808329789E-09
   47,3, 40,   15.000, 0.65,    1170.000,  7.962428031800E+06,  7.924494076007E+06,  7.886032240618E+06,  7.846922166248E+06,  1.031424503994E+02,  4.799667732269E+06,  5.857052620684E-10, -3.692093741847E-09
   47,3, 40,   15.000, 0.65,    1185.000,  7.962401083937E+06,  7.924443915410E+06,  7.885966203746E+06,  7.846850240072E+06,  1.031836804789E+02,  4.799640271018E+06,  2.238247365227E-09, -1.453827280784E-09
   47,3, 40,   15.000, 0.65,    1200.000,  7.962374729135E+06,  7.924394865759E+06,  7.885901637307E+06,  7.846779916098E+06,  1.032239875827E+02,  4.799613419220E+06,  1.121724935160E-11, -1.442458597012E-09
   47,3, 40,   15.000, 0.65,    1215.000,  7.962348954987E+06,  7.924346902873E+06,  7.885838507583E+06,  7.846711156827E+06,  1.032633925080E+02,  4.799587163231E+06, -2.062346071696E-09, -3.504737833282E-09
   47,3, 40,   15.000, 0.65,    1230.000,  7.962323749328E+06,  7.924300002954E+06,  7.885776781476E+06,  7.846643926217E+06,  1.033019153406E+02,  4.799561489717E+06,  8.606855228521E-10, -2.643901098054E-09
   47,3, 40,   15.000, 0.65,    1245.000,  7.962299100199E+06,  7.924254142561E+06,  7.885716426638E+06,  7.846578189447E+06,  1.033395755427E+02,  4.799536385634E+06, -2.335909243811E-10, -2.877641236410E-09
   47,3, 40,   15.000, 0.65,    1260.000,  7.962274995810E+06,  7.924209298614E+06,  7.885657411572E+06,  7.846513912691E+06,  1.033763920332E+02,  4.799511838228E+06, -6.460476598136E-11, -2.942215360235E-09
   47,3, 40,   15.000, 0.65,    1275.000,  7.962251424526E+06,  7.924165448417E+06,  7.885599705666E+06,  7.846451062949E+06,  1.034123832597E+02,  4.799487835022E+06, -1.430209284337E-10, -3.085460775765E-09
   47,3, 40,   15.000, 0.65,    1290.000,  7.962228374848E+06,  7.924122569686E+06,  7.885543279183E+06,  7.846389607959E+06,  1.034475672618E+02,  4.799464363815E+06,  9.379463872250E-10, -2.147316990886E-09
   47,3, 40,   15.000, 0.65,    1305.000,  7.962205835410E+06,  7.924080640586E+06,  7.885488103205E+06,  7.846329516172E+06,  1.034819617262E+02,  4.799441412670E+06,  5.846529926856E-10, -1.562511897646E-09
   47,3, 40,   15.000, 0.65,    1320.000,  7.962183794981E+06,  7.924039639750E+06,  7.885434149572E+06,  7.846270756756E+06,  1.035155840315E+02,  4.799418969914E+06, -2.202716453681E-09, -3.765308065340E-09
   47,3, 40,   15.000, 0.65,    1335.000,  7.962162242478E+06,  7.923999546298E+06,  7.885381390822E+06,  7.846213299610E+06,  1.035484512828E+02,  4.799397024130E+06,  2.667761123121E-09, -1.097760105040E-09
   47,3, 40,   15.000, 0.65,    1350.000,  7.962141166977E+06,  7.923960339841E+06,  7.885329800141E+06,  7.846157115359E+06,  1.035805803339E+02,  4.799375564157E+06, -2.533916854119E-09, -3.631612344179E-09
   47,3, 40,   15.000, 0.65,    1365.000,  7.962120557741E+06,  7.923922000477E+06,  7.885279351337E+06,  7.846102175350E+06,  1.036119877985E+02,  4.799354579085E+06,  6.956994980101E-10, -2.935848897323E-09
   47,3, 40,   15.000, 0.65,    1380.000,  7.962100404232E+06,  7.923884508775E+06,  7.885230018813E+06,  7.846048451618E+06,  1.036426900488E+02,  4.799334058249E+06, -9.850373849929E-10, -3.920831659343E-09
   47,3, 40,   15.000, 0.65,    1395.000,  7.962080696135E+06,  7.923847845757E+06,  7.885181777556E+06,  7.845995916866E+06,  1.036727032041E+02,  4.799313991228E+06,  5.343345765851E-10, -3.386503522051E-09
   47,3, 40,   15.000, 0.65,    1410.000,  7.962061423372E+06,  7.923811992878E+06,  7.885134603127E+06,  7.845944544440E+06,  1.037020431121E+02,  4.799294367840E+06,  3.723592545413E-10, -3.014065441675E-09
   47,3, 40,   15.000, 0.65,    1425.000,  7.962042576104E+06,  7.923776932008E+06,  7.885088471644E+06,  7.845894308305E+06,  1.037307253237E+02,  4.799275178138E+06,  1.397541637971E-09, -1.616626832401E-09
   47,3, 40,   15.000, 0.65,    1440.000,  7.962024144740E+06,  7.923742645425E+06,  7.885043359775E+06,  7.845845183034E+06,  1.037587650689E+02,  4.799256412406E+06,  2.325619696819E-10, -1.384250936098E-09
   47,3, 40,   15.000, 0.65,    1455.000,  7.962006119929E+06,  7.923709115799E+06,  7.884999244721E+06,  7.845797143782E+06,  1.037861772339E+02,  4.799238061150E+06, -6.678968489382E-11, -1.451098796679E-09
   47,3, 40,   15.000, 0.65,    1470.000,  7.961988492556E+06,  7.923676326193E+06,  7.884956104201E+06,  7.845750166277E+06,  1.038129763453E+02,  4.799220115100E+06, -2.112948704891E-09, -3.563854988897E-09
   47,3, 40,   15.000, 0.65,    1485.000,  7.961971253729E+06,  7.923644260052E+06,  7.884913916443E+06,  7.845704226797E+06,  1.038391765624E+02,  4.799202565198E+06,  4.491496063963E-10, -3.114564606221E-09
   47,3, 40,   15.000, 0.65,    1500.000,  7.961954394776E+06,  7.923612901203E+06,  7.884872660168E+06,  7.845659302163E+06,  1.038647916773E+02,  4.799185402593E+06,  7.506286703318E-10, -2.363776729908E-09
   47,3, 40,   15.000, 0.65,    1515.000,  7.961937907228E+06,  7.923582233848E+06,  7.884832314578E+06,  7.845615369719E+06,  1.038898351232E+02,  4.799168618642E+06,  9.236003073454E-10, -1.440184860257E-09
   47,3, 40,   15.000, 0.65,    1530.000,  7.961921782816E+06,  7.923552242552E+06,  7.884792859347E+06,  7.845572407318E+06,  1.039143199872E+02,  4.799152204896E+06, -1.770310786853E-09, -3.210516297258E-09
   47,3, 40,   15.000, 0.65,    1545.000,  7.961906013462E+06,  7.923522912241E+06,  7.884754274610E+06,  7.845530393317E+06,  1.039382590261E+02,  4.799136153102E+06,  1.805127158860E-10, -3.029981598957E-09
   47,3, 40,   15.000, 0.65,    1560.000,  7.961890591273E+06,  7.923494228188E+06,  7.884716540954E+06,  7.845489306558E+06,  1.039616646820E+02,  4.799120455192E+06, -3.324893693701E-10, -3.362401912455E-09
   47,3, 40,   15.000, 0.65,    1575.000,  7.961875508536E+06,  7.923466176007E+06,  7.884679639406E+06,  7.845449126357E+06,  1.039845490957E+02,  4.799105103286E+06,  3.299107653731E-10, -3.032710083062E-09
   47,3, 40,   15.000, 0.65,    1590.000,  7.961860757714E+06,  7.923438741643E+06,  7.884643551422E+06,  7.845409832501E+06,  1.040069241187E+02,  4.799090089679E+06,  6.643099403902E-10, -2.368324203417E-09
   47,3, 40,   15.000, 0.65,    1605.000,  7.961846331439E+06,  7.923411911364E+06,  7.884608258883E+06,  7.845371405229E+06,  1.040288013218E+02,  4.799075406843E+06,  3.423636929512E-10, -2.025899448199E-09
   47,3, 40,   15.000, 0.65,    1620.000,  7.961832222511E+06,  7.923385671750E+06,  7.884573744077E+06,  7.845333825228E+06,  1.040501920025E+02,  4.799061047422E+06,  2.065508875049E-10, -1.819444150897E-09
   47,3, 40,   15.000, 0.65,    1635.000,  7.961818423891E+06,  7.923360009686E+06,  7.884539989700E+06,  7.845297073620E+06,  1.040711071911E+02,  4.799047004225E+06, -1.747938460639E-10, -1.994067133637E-09
   47,3, 40,   15.000, 0.65,    1650.000,  7.961804928702E+06,  7.923334912354E+06,  7.884506978835E+06,  7.845261131957E+06,  1.040915576575E+02,  4.799033270225E+06, -1.362224777424E-09, -3.356490196893E-09
   47,3, 40,   15.000, 0.65,    1665.000,  7.961791730220E+06,  7.923310367224E+06,  7.884474694953E+06,  7.845225982207E+06,  1.041115539164E+02,  4.799019838554E+06,  1.600135579594E-10, -3.196419129381E-09
   47,3, 40,   15.000, 0.65,    1680.000,  7.961778821874E+06,  7.923286362051E+06,  7.884443121895E+06,  7.845191606748E+06,  1.041311062348E+02,  4.799006702497E+06,  7.956344472149E-10, -2.400611265330E-09
   47,3, 40,   15.000, 0.65,    1695.000,  7.961766197241E+06,  7.923262884863E+06,  7.884412243872E+06,  7.845157988359E+06,  1.041502246376E+02,  4.798993855495E+06,  1.132374527479E-09, -1.268290361622E-09
   47,3, 40,   15.000, 0.65,    1710.000,  7.961753850043E+06,  7.923239923958E+06,  7.884382045449E+06,  7.845125110208E+06,  1.041689189143E+02,  4.798981291134E+06, -4.042568502172E-10, -1.672560756560E-09
   47,3, 40,   15.000, 0.65,    1725.000,  7.961741774142E+06,  7.923217467897E+06,  7.884352511539E+06,  7.845092955847E+06,  1.041871986256E+02,  4.798969003145E+06, -7.660680978461E-10, -2.438810042804E-09
   47,3, 40,   15.000, 0.65,    1740.000,  7.961729963538E+06,  7.923195505496E+06,  7.884323627398E+06,  7.845061509199E+06,  1.042050731089E+02,  4.798956985401E+06, -9.517613364096E-10, -3.390596248209E-09
   47,3, 40,   15.000, 0.65,    1755.000,  7.961718412366E+06,  7.923174025826E+06,  7.884295378612E+06,  7.845030754553E+06,  1.042225514844E+02,  4.798945231911E+06, -9.837066716756E-10, -4.374214768177E-09
   47,3, 40,   15.000, 0.65,    1770.000,  7.961707114892E+06,  7.923153018199E+06,  7.884267751092E+06,  7.845000676552E+06,  1.042396426607E+02,  4.798933736823E+06,  8.890737035472E-10, -3.485183697194E-09
   47,3, 40,   15.000, 0.65,    1785.000,  7.961696065508E+06,  7.923132472170E+06,  7.884240731068E+06,  7.844971260185E+06,  1.042563553399E+02,  4.798922494411E+06,  1.832490381659E-09, -1.652551873121E-09
   47,3, 40,   15.000, 0.65,    1800.000,  7.961685258734E+06,  7.923112377525E+06,  7.884214305080E+06,  7.844942490782E+06,  1.042726980233E+02,  4.798911499082E+06,  1.139337846290E-09, -5.134097591508E-10
   48,3, 40,   15.000, 1.00,       0.000,  7.964770372286E+06,  7.929384223663E+06,  7.893839449198E+06,  7.858133896350E+06,  1.000000000000E+02,  4.802776827728E+06,  0.000000000000E+00,  0.000000000000E+00
   48,3, 40,   15.000, 1.00,      15.000,  7.964770372285E+06,  7.929384223561E+06,  7.893839429172E+06,  7.858129954244E+06,  1.000000000000E+02,  4.802776712128E+06, -5.043347073297E-09, -5.043347073297E-09
   48,3, 40,   15.000, 1.00,      30.000,  7.964770372276E+06,  7.929384222315E+06,  7.893839275082E+06,  7.858117429117E+06,  1.000000000002E+02,  4.802776250441E+06,  2.086082417918E-09, -2.957264655379E-09
   48,3, 40,   15.000, 1.00,      45.000,  7.964770372203E+06,  7.929384214614E+06,  7.893838667295E+06,  7.858095261917E+06,  1.000000000026E+02,  4.802775214313E+06,  1.194706555907E-09, -1.762558099472E-09
   48,3, 40,   15.000, 1.00,      60.000,  7.964770371786E+06,  7.929384182391E+06,  7.893837010029E+06,  7.858062737893E+06,  1.000000000191E+02,  4.802773378933E+06, -2.212900085397E-09, -3.975458184868E-09
   48,3, 40,   15.000, 1.00,      75.000,  7.964770369996E+06,  7.929384079428E+06,  7.893833463334E+06,  7.858019190290E+06,  1.000000001080E+02,  4.802770524417E+06,  1.734946408760E-09, -2.240511776108E-09
   48,3, 40,   15.000, 1.00,      90.000,  7.964770363773E+06,  7.929383810663E+06,  7.893827060637E+06,  7.857964050973E+06,  1.000000004915E+02,  4.802766437169E+06,  1.387689962939E-10, -2.101742779814E-09
   48,3, 40,   15.000, 1.00,     105.000,  7.964770345522E+06,  7.929383211992E+06,  7.893816842527E+06,  7.857896863786E+06,  1.000000018818E+02,  4.802760911203E+06, -1.436987417947E-09, -3.538730197761E-09
   48,3, 40,   15.000, 1.00,     120.000,  7.964770299006E+06,  7.929382038211E+06,  7.893801948644E+06,  7.857817282416E+06,  1.000000062367E+02,  4.802753749434E+06,  6.475175950982E-10, -2.891212602663E-09
   48,3, 40,   15.000, 1.00,     135.000,  7.964770193682E+06,  7.929379964567E+06,  7.893781652652E+06,  7.857725068013E+06,  1.000000182783E+02,  4.802744764932E+06,  3.923048552679E-10, -2.498907747395E-09
   48,3, 40,   15.000, 1.00,     150.000,  7.964769978165E+06,  7.929376602228E+06,  7.893755357261E+06,  7.857620087343E+06,  1.000000481570E+02,  4.802733782158E+06, -9.897860309138E-11, -2.597886350486E-09
   48,3, 40,   15.000, 1.00,     165.000,  7.964769574059E+06,  7.929371522999E+06,  7.893722573553E+06,  7.857502310870E+06,  1.000001155691E+02,  4.802720638194E+06, -2.120259523508E-10, -2.809912302837E-09
   48,3, 40,   15.000, 1.00,     180.000,  7.964768871670E+06,  7.929364286270E+06,  7.893682900776E+06,  7.857371810608E+06,  1.000002553737E+02,  4.802705183971E+06,  3.203268761354E-10, -2.489585426702E-09
   48,3, 40,   15.000, 1.00,     195.000,  7.964767728835E+06,  7.929354462144E+06,  7.893636012547E+06,  7.857228757704E+06,  1.000005243345E+02,  4.802687285533E+06, -1.204881527883E-09, -3.694466954585E-09
   48,3, 40,   15.000, 1.00,     210.000,  7.964765973412E+06,  7.929341647547E+06,  7.893581649270E+06,  7.857073419713E+06,  1.000010081280E+02,  4.802666825298E+06,  3.586251295928E-10, -3.335841824992E-09
   48,3, 40,   15.000, 1.00,     225.000,  7.964763409118E+06,  7.929325475152E+06,  7.893519614537E+06,  7.856906157548E+06,  1.000018273977E+02,  4.802643703338E+06, -9.402612022313E-10, -4.276103027223E-09
   48,3, 40,   15.000, 1.00,     240.000,  7.964759823693E+06,  7.929305616830E+06,  7.893449773534E+06,  7.856727422061E+06,  1.000031415454E+02,  4.802617838598E+06, -2.279563204866E-10, -4.504045136855E-09
   48,3, 40,   15.000, 1.00,     255.000,  7.964754998042E+06,  7.929281783938E+06,  7.893372052190E+06,  7.856537750260E+06,  1.000051492182E+02,  4.802589170038E+06,  6.938449814697E-10, -3.810214366240E-09
   48,3, 40,   15.000, 1.00,     270.000,  7.964748715092E+06,  7.929253726338E+06,  7.893286436473E+06,  7.856337761149E+06,  1.000080850234E+02,  4.802557657606E+06,  1.931567794600E-09, -1.878646571640E-09
   48,3, 40,   15.000, 1.00,     285.000,  7.964740767426E+06,  7.929221231356E+06,  7.893192971563E+06,  7.856128151184E+06,  1.000122127078E+02,  4.802523283012E+06, -1.340481503576E-09, -3.219128075216E-09
   48,3, 40,   15.000, 1.00,     300.000,  7.964730963259E+06,  7.929184123177E+06,  7.893091760823E+06,  7.855909689356E+06,  1.000178156809E+02,  4.802486050247E+06,  4.486508942136E-10, -2.770491391857E-09
   48,3, 40,   15.000, 1.00,     315.000,  7.964719130672E+06,  7.929142262753E+06,  7.892982964529E+06,  7.855683211915E+06,  1.000251861485E+02,  4.802445985824E+06,  2.587540848253E-09, -1.829221218941E-10
   48,3, 40,   15.000, 1.00,     330.000,  7.964705120304E+06,  7.929095548083E+06,  7.892866798368E+06,  7.855449616738E+06,  1.000346142009E+02,  4.802403138744E+06, -3.141494175907E-09, -3.324430508655E-09
   48,3, 40,   15.000, 1.00,     345.000,  7.964688806830E+06,  7.929043914673E+06,  7.892743531703E+06,  7.855209857381E+06,  1.000463779818E+02,  4.802357580213E+06, -4.430091848917E-10, -3.767468115257E-09
   48,3, 40,   15.000, 1.00,     360.000,  7.964670089524E+06,  7.928987335979E+06,  7.892613485618E+06,  7.854964936832E+06,  1.000607356687E+02,  4.802309403111E+06,  2.717371216931E-09, -1.050125320035E-09
   48,3, 40,   15.000, 1.00,     375.000,  7.964648892209E+06,  7.928925823705E+06,  7.892477030736E+06,  7.854715900991E+06,  1.000779195599E+02,  4.802258721275E+06, -2.301192125742E-09, -3.351260602358E-09
   48,3, 40,   15.000, 1.00,     390.000,  7.964625162809E+06,  7.928859427866E+06,  7.892334584835E+06,  7.854463831926E+06,  1.000981321864E+02,  4.802205668614E+06,  1.723790887809E-09, -1.627427081985E-09
   48,3, 40,   15.000, 1.00,     405.000,  7.964598872650E+06,  7.928788236533E+06,  7.892186610242E+06,  7.854209840936E+06,  1.001215441251E+02,  4.802150398080E+06, -1.119161652241E-09, -2.746560312517E-09
   48,3, 40,   15.000, 1.00,     420.000,  7.964570015637E+06,  7.928712375259E+06,  7.892033611020E+06,  7.853955061450E+06,  1.001482930887E+02,  4.802093080529E+06,  4.969535893906E-10, -2.249635144835E-09
   48,3, 40,   15.000, 1.00,     435.000,  7.964538607367E+06,  7.928632006160E+06,  7.891876129931E+06,  7.853700641824E+06,  1.001784838701E+02,  4.802033903486E+06,  3.106208623649E-10, -1.939042704180E-09
   48,3, 40,   15.000, 1.00,     450.000,  7.964504684234E+06,  7.928547326674E+06,  7.891714745196E+06,  7.853447738056E+06,  1.002121888001E+02,  4.801973069813E+06,  7.206750751720E-10, -1.218381839863E-09
   48,3, 40,   15.000, 1.00,     465.000,  7.964468302527E+06,  7.928458568037E+06,  7.891550067032E+06,  7.853197506467E+06,  1.002494484784E+02,  4.801910796317E+06, -2.122916953340E-09, -3.341256160638E-09
   48,3, 40,   15.000, 1.00,     480.000,  7.964429537545E+06,  7.928365993493E+06,  7.891382733982E+06,  7.852951096380E+06,  1.002902726312E+02,  4.801847312269E+06, -8.881499979907E-10, -4.229377736920E-09
   48,3, 40,   15.000, 1.00,     495.000,  7.964388482703E+06,  7.928269896299E+06,  7.891213409057E+06,  7.852709642841E+06,  1.003346410296E+02,  4.801782857878E+06,  8.648726179672E-10, -3.364448275534E-09
   48,3, 40,   15.000, 1.00,     510.000,  7.964345248629E+06,  7.928170597552E+06,  7.891042775689E+06,  7.852474259404E+06,  1.003825044475E+02,  4.801717682700E+06,  3.033349571524E-09, -3.310560714453E-10
   48,3, 40,   15.000, 1.00,     525.000,  7.964299962222E+06,  7.928068443878E+06,  7.890871533534E+06,  7.852246031036E+06,  1.004337856669E+02,  4.801652044003E+06, -2.668571141839E-09, -2.999513526447E-09
   48,3, 40,   15.000, 1.00,     540.000,  7.964252765676E+06,  7.927963805008E+06,  7.890700394147E+06,  7.852026007165E+06,  1.004883805465E+02,  4.801586205092E+06, -3.224158717785E-10, -3.321929398226E-09
   48,3, 40,   15.000, 1.00,     555.000,  7.964203815453E+06,  7.927857071267E+06,  7.890530076548E+06,  7.851815194906E+06,  1.005461591713E+02,  4.801520433607E+06,  1.223554590979E-10, -3.199602360837E-09
   48,3, 40,   15.000, 1.00,     570.000,  7.964153281199E+06,  7.927748650988E+06,  7.890361302732E+06,  7.851614552533E+06,  1.006069670952E+02,  4.801454999801E+06,  2.758326900221E-10, -2.923798092525E-09
   48,3, 40,   15.000, 1.00,     585.000,  7.964101344606E+06,  7.927638967873E+06,  7.890194793131E+06,  7.851424983208E+06,  1.006706266820E+02,  4.801390174801E+06, -6.394884621841E-12, -2.930164555437E-09
   48,3, 40,   15.000, 1.00,     600.000,  7.964048198228E+06,  7.927528458291E+06,  7.890031262076E+06,  7.851247329039E+06,  1.007369385461E+02,  4.801326228879E+06,  1.116262637879E-10, -2.818524080794E-09
   48,3, 40,   15.000, 1.00,     615.000,  7.963994044244E+06,  7.927417568453E+06,  7.889871393690E+06,  7.851078401169E+06,  1.008056830883E+02,  4.801263314126E+06, -1.198898758048E-09, -4.017465471406E-09
   48,3, 40,   15.000, 1.00,     630.000,  7.963939093179E+06,  7.927306750840E+06,  7.889715764967E+06,  7.850914217682E+06,  1.008766221197E+02,  4.801201463457E+06,  1.893937451314E-09, -2.123442754964E-09
   48,3, 40,   15.000, 1.00,     645.000,  7.963883562556E+06,  7.927196458205E+06,  7.889564731762E+06,  7.850754307130E+06,  1.009495005666E+02,  4.801140705966E+06, -1.297905782849E-09, -3.421291694394E-09
   48,3, 40,   15.000, 1.00,     660.000,  7.963827675398E+06,  7.927087132614E+06,  7.889418354366E+06,  7.850598471099E+06,  1.010240482496E+02,  4.801081066690E+06, -1.510827019047E-09, -4.932189767715E-09
   48,3, 40,   15.000, 1.00,     675.000,  7.963771658368E+06,  7.926979187791E+06,  7.889276423071E+06,  7.850446482431E+06,  1.010999817474E+02,  4.801022566416E+06,  2.138222043868E-09, -2.793967723846E-09
   48,3, 40,   15.000, 1.00,     690.000,  7.963715739186E+06,  7.926872986322E+06,  7.889138567854E+06,  7.850298131877E+06,  1.011770063843E+02,  4.800965221512E+06, -1.217401290887E-09, -4.011326382169E-09
   48,3, 40,   15.000, 1.00,     705.000,  7.963660142867E+06,  7.926768817230E+06,  7.889004385038E+06,  7.850153238637E+06,  1.012548184496E+02,  4.800909043788E+06,  2.346510541429E-09, -1.664830051595E-09
   48,3, 40,   15.000, 1.00,     720.000,  7.963605086426E+06,  7.926666881256E+06,  7.888873524221E+06,  7.850011645997E+06,  1.013331078462E+02,  4.800854040406E+06, -1.127361315412E-09, -2.792148734443E-09
   48,3, 40,   15.000, 1.00,     735.000,  7.963550772100E+06,  7.926567289168E+06,  7.888745720391E+06,  7.849873217281E+06,  1.014115614707E+02,  4.800800213828E+06,  7.912603905424E-11, -2.713022695389E-09
   48,3, 40,   15.000, 1.00,     750.000,  7.963497379713E+06,  7.926470073478E+06,  7.888620787365E+06,  7.849737832892E+06,  1.014898676752E+02,  4.800747561843E+06, -1.040660890794E-09, -3.753712007892E-09
   48,3, 40,   15.000, 1.00,     765.000,  7.963445059374E+06,  7.926375209221E+06,  7.888498595938E+06,  7.849605387846E+06,  1.015677220896E+02,  4.800696077675E+06,  4.200728653814E-11, -3.711647877935E-09
   48,3, 40,   15.000, 1.00,     780.000,  7.963393925922E+06,  7.926282637160E+06,  7.888379052472E+06,  7.849475789640E+06,  1.016448348432E+02,  4.800645750197E+06,  2.457952064105E-09, -1.253738446394E-09
   48,3, 40,   15.000, 1.00,     795.000,  7.963344056324E+06,  7.926192283659E+06,  7.888262083819E+06,  7.849348956389E+06,  1.017209388291E+02,  4.800596564280E+06, -2.563893986007E-09, -3.817604010692E-09
   48,3, 40,   15.000, 1.00,     810.000,  7.963295490533E+06,  7.926104074122E+06,  7.888147628471E+06,  7.849224815217E+06,  1.017957982113E+02,  4.800548501253E+06,  1.980509978239E-09, -1.837179297581E-09
   48,3, 40,   15.000, 1.00,     825.000,  7.963248235565E+06,  7.926017939819E+06,  7.888035631871E+06,  7.849103300838E+06,  1.018692160313E+02,  4.800501539493E+06, -7.795790679666E-10, -2.616616257001E-09
   48,3, 40,   15.000, 1.00,     840.000,  7.963202271844E+06,  7.925933819663E+06,  7.887926043988E+06,  7.848984354321E+06,  1.019410396919E+02,  4.800455655089E+06, -3.220321787012E-10, -2.938577381428E-09
   48,3, 40,   15.000, 1.00,     855.000,  7.963157560580E+06,  7.925851659125E+06,  7.887818817947E+06,  7.848867921990E+06,  1.020111633431E+02,  4.800410822539E+06, -1.234354840562E-09, -4.172761691734E-09
   48,3, 40,   15.000, 1.00,     870.000,  7.963114050992E+06,  7.925771408091E+06,  7.887713909148E+06,  7.848753954462E+06,  1.020795267186E+02,  4.800367015440E+06,  4.629754357666E-10, -3.709828888532E-09
   48,3, 40,   15.000, 1.00,     885.000,  7.963071686525E+06,  7.925693018811E+06,  7.887611274608E+06,  7.848642405793E+06,  1.021461106302E+02,  4.800324207099E+06,  5.300506700223E-10, -3.179593477398E-09
   48,3, 40,   15.000, 1.00,     900.000,  7.963030409623E+06,  7.925616444442E+06,  7.887510872435E+06,  7.848533232722E+06,  1.022109299116E+02,  4.800282371048E+06, -6.224496473806E-10, -3.802142600762E-09
   48,3, 40,   15.000, 1.00,     915.000,  7.962990164996E+06,  7.925541638257E+06,  7.887412661406E+06,  7.848426394005E+06,  1.022740249684E+02,  4.800241481422E+06,  1.663210014158E-09, -2.139131538570E-09
   48,3, 40,   15.000, 1.00,     930.000,  7.962950901573E+06,  7.925468553428E+06,  7.887316600632E+06,  7.848321849840E+06,  1.023354531598E+02,  4.800201513220E+06, -2.370057927692E-09, -4.509274731390E-09
   48,3, 40,   15.000, 1.00,     945.000,  7.962912573404E+06,  7.925397143178E+06,  7.887222649318E+06,  7.848219561358E+06,  1.023952810391E+02,  4.800162442435E+06,  1.360206169920E-09, -3.149125404889E-09
   48,3, 40,   15.000, 1.00,     960.000,  7.962875139854E+06,  7.925327361136E+06,  7.887130766603E+06,  7.848119490200E+06,  1.024535781231E+02,  4.800124246107E+06, -1.696349727354E-10, -3.318746166769E-09
   48,3, 40,   15.000, 1.00,     975.000,  7.962838565311E+06,  7.925259161791E+06,  7.887040911478E+06,  7.848021598170E+06,  1.025104124515E+02,  4.800086902294E+06,  2.751363581410E-10, -3.043624019483E-09
   48,3, 40,   15.000, 1.00,     990.000,  7.962802818639E+06,  7.925192500915E+06,  7.886953042782E+06,  7.847925846952E+06,  1.025658478638E+02,  4.800050390012E+06, -9.689813396108E-10, -4.012690624222E-09
   48,3, 40,   15.000, 1.00,    1005.000,  7.962767872511E+06,  7.925127335921E+06,  7.886867119256E+06,  7.847832197921E+06,  1.026199426897E+02,  4.800014689152E+06,  1.412956862623E-09, -2.599790605018E-09
   48,3, 40,   15.000, 1.00,    1020.000,  7.962733702725E+06,  7.925063626123E+06,  7.886783099640E+06,  7.847740612006E+06,  1.026727494621E+02,  4.799979780394E+06, -5.609450681732E-10, -3.160948836012E-09
   48,3, 40,   15.000, 1.00,    1035.000,  7.962700287571E+06,  7.925001332866E+06,  7.886700942803E+06,  7.847651049641E+06,  1.027243152607E+02,  4.799945645123E+06,  1.628208678994E-09, -1.532953319838E-09
   48,3, 40,   15.000, 1.00,    1050.000,  7.962667607289E+06,  7.924940419551E+06,  7.886620607889E+06,  7.847563470775E+06,  1.027746823727E+02,  4.799912265359E+06, -2.720668135225E-09, -4.253706720192E-09
   48,3, 40,   15.000, 1.00,    1065.000,  7.962635643618E+06,  7.924880851569E+06,  7.886542054461E+06,  7.847477834937E+06,  1.028238890439E+02,  4.799879623694E+06,  1.355260792479E-09, -2.898559614550E-09
   48,3, 40,   15.000, 1.00,    1080.000,  7.962604379457E+06,  7.924822596152E+06,  7.886465242628E+06,  7.847394101352E+06,  1.028719701902E+02,  4.799847703247E+06, -1.096196911021E-09, -3.994955477538E-09
   48,3, 40,   15.000, 1.00,    1095.000,  7.962573798614E+06,  7.924765622197E+06,  7.886390133158E+06,  7.847312229095E+06,  1.029189580044E+02,  4.799816487617E+06, -1.058623411154E-09, -5.053607310401E-09
   48,3, 40,   15.000, 1.00,    1110.000,  7.962543885617E+06,  7.924709900054E+06,  7.886316687554E+06,  7.847232177261E+06,  1.029648824431E+02,  4.799785960854E+06,  2.516927111174E-09, -2.536580723245E-09
   48,3, 40,   15.000, 1.00,    1125.000,  7.962514625596E+06,  7.924655401329E+06,  7.886244868116E+06,  7.847153905141E+06,  1.030097716045E+02,  4.799756107428E+06,  7.804885626683E-10, -1.756234269124E-09
   48,3, 40,   15.000, 1.00,    1140.000,  7.962486004190E+06,  7.924602098694E+06,  7.886174637972E+06,  7.847077372405E+06,  1.030536520167E+02,  4.799726912208E+06, -2.775792040666E-09, -4.532012098935E-09
   48,3, 40,   15.000, 1.00,    1155.000,  7.962458007485E+06,  7.924549965728E+06,  7.886105961084E+06,  7.847002539252E+06,  1.030965488590E+02,  4.799698360441E+06, -7.678266911171E-10, -5.299625627231E-09
   48,3, 40,   15.000, 1.00,    1170.000,  7.962430621968E+06,  7.924498976782E+06,  7.886038802251E+06,  7.846929366554E+06,  1.031384861355E+02,  4.799670437733E+06,  1.265078708457E-09, -4.034518497065E-09
   48,3, 40,   15.000, 1.00,    1185.000,  7.962403834487E+06,  7.924449106875E+06,  7.885973127097E+06,  7.846857815958E+06,  1.031794868148E+02,  4.799643130035E+06,  5.224478627497E-10, -3.512013790896E-09
   48,3, 40,   15.000, 1.00,    1200.000,  7.962377632219E+06,  7.924400331616E+06,  7.885908902051E+06,  7.846787849970E+06,  1.032195729468E+02,  4.799616423629E+06,  4.200160219625E-10, -3.091827238677E-09
   48,3, 40,   15.000, 1.00,    1215.000,  7.962352002642E+06,  7.924352627146E+06,  7.885846094332E+06,  7.846719432001E+06,  1.032587657617E+02,  4.799590305116E+06,  7.013056801952E-11, -3.021796146641E-09
   48,3, 40,   15.000, 1.00,    1230.000,  7.962326933512E+06,  7.924305970100E+06,  7.885784671928E+06,  7.846652526392E+06,  1.032970857567E+02,  4.799564761402E+06, -2.167297452615E-10, -3.238710633013E-09
   48,3, 40,   15.000, 1.00,    1245.000,  7.962302412837E+06,  7.924260337579E+06,  7.885724603580E+06,  7.846587098422E+06,  1.033345527708E+02,  4.799539779694E+06,  1.256381665371E-10, -3.113200364169E-09
   48,3, 40,   15.000, 1.00,    1260.000,  7.962278428865E+06,  7.924215707136E+06,  7.885665858769E+06,  7.846523114289E+06,  1.033711860515E+02,  4.799515347485E+06,  1.594472109900E-09, -1.518856151961E-09
   48,3, 40,   15.000, 1.00,    1275.000,  7.962254970064E+06,  7.924172056766E+06,  7.885608407694E+06,  7.846460541093E+06,  1.034070043113E+02,  4.799491452549E+06, -4.797158226211E-10, -1.998614607146E-09
   48,3, 40,   15.000, 1.00,    1290.000,  7.962232025115E+06,  7.924129364898E+06,  7.885552221263E+06,  7.846399346802E+06,  1.034420257775E+02,  4.799468082936E+06, -1.038856112245E-09, -3.037257556571E-09
   48,3, 40,   15.000, 1.00,    1305.000,  7.962209582902E+06,  7.924087610394E+06,  7.885497271075E+06,  7.846339500218E+06,  1.034762682331E+02,  4.799445226959E+06,  1.401645022270E-09, -1.635726221139E-09
   48,3, 40,   15.000, 1.00,    1320.000,  7.962187632510E+06,  7.924046772547E+06,  7.885443529406E+06,  7.846280970944E+06,  1.035097490516E+02,  4.799422873195E+06, -2.854406488950E-09, -4.490175342653E-09
   48,3, 40,   15.000, 1.00,    1335.000,  7.962166163219E+06,  7.924006831079E+06,  7.885390969189E+06,  7.846223729350E+06,  1.035424852239E+02,  4.799401010474E+06,  1.679495653661E-09, -2.810793375829E-09
   48,3, 40,   15.000, 1.00,    1350.000,  7.962145164504E+06,  7.923967766139E+06,  7.885339564000E+06,  7.846167746539E+06,  1.035744933803E+02,  4.799379627874E+06,  2.229512574559E-09, -5.811671144329E-10
   48,3, 40,   15.000, 1.00,    1365.000,  7.962124626040E+06,  7.923929558299E+06,  7.885289288040E+06,  7.846112994321E+06,  1.036057898067E+02,  4.799358714721E+06, -1.734107968332E-09, -2.315118763363E-09
   48,3, 40,   15.000, 1.00,    1380.000,  7.962104537698E+06,  7.923892188552E+06,  7.885240116118E+06,  7.846059445187E+06,  1.036363904564E+02,  4.799338260578E+06, -6.995293233558E-10, -3.014520189026E-09
   48,3, 40,   15.000, 1.00,    1395.000,  7.962084889548E+06,  7.923855638307E+06,  7.885192023630E+06,  7.846007072280E+06,  1.036663109582E+02,  4.799318255243E+06,  2.046363078989E-12, -3.012246452272E-09
   48,3, 40,   15.000, 1.00,    1410.000,  7.962065671862E+06,  7.923819889382E+06,  7.885144986548E+06,  7.845955849379E+06,  1.036955666220E+02,  4.799298688742E+06,  2.458762082824E-10, -2.766228135442E-09
   48,3, 40,   15.000, 1.00,    1425.000,  7.962046875113E+06,  7.923784924001E+06,  7.885098981398E+06,  7.845905750875E+06,  1.037241724420E+02,  4.799279551329E+06,  6.999840707067E-10, -2.066371962428E-09
   48,3, 40,   15.000, 1.00,    1440.000,  7.962028489976E+06,  7.923750724782E+06,  7.885053985251E+06,  7.845856751755E+06,  1.037521430985E+02,  4.799260833475E+06, -9.263061429010E-10, -2.992692316184E-09
   48,3, 40,   15.000, 1.00,    1455.000,  7.962010507330E+06,  7.923717274736E+06,  7.885009975699E+06,  7.845808827582E+06,  1.037794929599E+02,  4.799242525869E+06, -6.517524298033E-10, -3.644345270004E-09
   48,3, 40,   15.000, 1.00,    1470.000,  7.961992918254E+06,  7.923684557255E+06,  7.884966930851E+06,  7.845761954483E+06,  1.038062360831E+02,  4.799224619411E+06,  9.303420256401E-10, -2.713932190090E-09
   48,3, 40,   15.000, 1.00,    1485.000,  7.961975714023E+06,  7.923652556106E+06,  7.884924829312E+06,  7.845716109127E+06,  1.038323862156E+02,  4.799207105204E+06,  1.829931761677E-10, -2.531123755034E-09
   48,3, 40,   15.000, 1.00,    1500.000,  7.961958886112E+06,  7.923621255423E+06,  7.884883650173E+06,  7.845671268721E+06,  1.038579567974E+02,  4.799189974556E+06,  8.647305094200E-10, -1.666194293648E-09
   48,3, 40,   15.000, 1.00,    1515.000,  7.961942426187E+06,  7.923590639697E+06,  7.884843373000E+06,  7.845627410984E+06,  1.038829609633E+02,  4.799173218970E+06, -1.241417635356E-09, -2.907654561568E-09
   48,3, 40,   15.000, 1.00,    1530.000,  7.961926326106E+06,  7.923560693772E+06,  7.884803977820E+06,  7.845584514144E+06,  1.039074115465E+02,  4.799156830143E+06,  5.531859414987E-10, -2.354681782890E-09
   48,3, 40,   15.000, 1.00,    1545.000,  7.961910577909E+06,  7.923531402835E+06,  7.884765445113E+06,  7.845542556920E+06,  1.039313210828E+02,  4.799140799960E+06, -8.283222996397E-10, -3.183231456205E-09
   48,3, 40,   15.000, 1.00,    1560.000,  7.961895173822E+06,  7.923502752407E+06,  7.884727755798E+06,  7.845501518512E+06,  1.039547018153E+02,  4.799125120487E+06,  3.398952230782E-10, -2.843535185093E-09
   48,3, 40,   15.000, 1.00,    1575.000,  7.961880106245E+06,  7.923474728338E+06,  7.884690891224E+06,  7.845461378587E+06,  1.039775656997E+02,  4.799109783972E+06,  1.409560468346E-09, -1.433818397345E-09
   48,3, 40,   15.000, 1.00,    1590.000,  7.961865367753E+06,  7.923447316796E+06,  7.884654833161E+06,  7.845422117272E+06,  1.039999244105E+02,  4.799094782839E+06, -4.978630840924E-10, -1.931766746566E-09
   48,3, 40,   15.000, 1.00,    1605.000,  7.961850951090E+06,  7.923420504264E+06,  7.884619563788E+06,  7.845383715141E+06,  1.040217893469E+02,  4.799080109679E+06, -5.574207762038E-10, -2.489286998753E-09
   48,3, 40,   15.000, 1.00,    1620.000,  7.961836849162E+06,  7.923394277527E+06,  7.884585065686E+06,  7.845346153202E+06,  1.040431716390E+02,  4.799065757253E+06,  6.350973080771E-10, -1.854004949564E-09
   48,3, 40,   15.000, 1.00,    1635.000,  7.961823055040E+06,  7.923368623671E+06,  7.884551321828E+06,  7.845309412892E+06,  1.040640821548E+02,  4.799051718486E+06,  1.712521680020E-09, -1.414264261257E-10
   48,3, 40,   15.000, 1.00,    1650.000,  7.961809561946E+06,  7.923343530070E+06,  7.884518315567E+06,  7.845273476065E+06,  1.040845315064E+02,  4.799037986458E+06, -1.582563413649E-09, -1.723947207211E-09
   48,3, 40,   15.000, 1.00,    1665.000,  7.961796363261E+06,  7.923318984385E+06,  7.884486030632E+06,  7.845238324980E+06,  1.041045300568E+02,  4.799024554409E+06,  7.142944014049E-10, -1.009539118968E-09
   48,3, 40,   15.000, 1.00,    1680.000,  7.961783452508E+06,  7.923294974551E+06,  7.884454451117E+06,  7.845203942296E+06,  1.041240879259E+02,  4.799011415728E+06, -2.655440312083E-09, -3.664808900794E-09
   48,3, 40,   15.000, 1.00,    1695.000,  7.961770823360E+06,  7.923271488775E+06,  7.884423561471E+06,  7.845170311060E+06,  1.041432149969E+02,  4.798998563953E+06,  5.638156608256E-10, -3.100922185695E-09
   48,3, 40,   15.000, 1.00,    1710.000,  7.961758469631E+06,  7.923248515528E+06,  7.884393346494E+06,  7.845137414701E+06,  1.041619209226E+02,  4.798985992767E+06,  1.174498720502E-09, -1.926309778355E-09
   48,3, 40,   15.000, 1.00,    1725.000,  7.961746385271E+06,  7.923226043540E+06,  7.884363791324E+06,  7.845105237016E+06,  1.041802151313E+02,  4.798973695994E+06, -1.328928078692E-09, -3.255081537645E-09
   48,3, 40,   15.000, 1.00,    1740.000,  7.961734564367E+06,  7.923204061791E+06,  7.884334881433E+06,  7.845073762168E+06,  1.041981068322E+02,  4.798961667596E+06,  1.510144898020E-09, -1.744865585351E-09
   48,3, 40,   15.000, 1.00,    1755.000,  7.961723001137E+06,  7.923182559508E+06,  7.884306602619E+06,  7.845042974673E+06,  1.042156050215E+02,  4.798949901672E+06,  2.743547611317E-10, -1.470652932767E-09
   48,3, 40,   15.000, 1.00,    1770.000,  7.961711689928E+06,  7.923161526159E+06,  7.884278940995E+06,  7.845012859395E+06,  1.042327184874E+02,  4.798938392449E+06, -2.547309918555E-09, -4.018147592433E-09
   48,3, 40,   15.000, 1.00,    1785.000,  7.961700625212E+06,  7.923140951445E+06,  7.884251882988E+06,  7.844983401536E+06,  1.042494558154E+02,  4.798927134286E+06,  2.625839101711E-09, -1.392436388414E-09
   48,3, 40,   15.000, 1.00,    1800.000,  7.961689801585E+06,  7.923120825297E+06,  7.884225415323E+06,  7.844954586630E+06,  1.042658253937E+02,  4.798916121667E+06, -1.620676925995E-09, -3.013155946974E-09
   49,3, 40,   60.000, 0.50,       0.000,  7.964770372286E+06,  7.929384223663E+06,  7.893839449198E+06,  7.858133896350E+06,  1.000000000000E+02,  4.802776827728E+06,  0.000000000000E+00,  0.000000000000E+00
   49,3, 40,   60.000, 0.50,      60.000,  7.964770362754E+06,  7.929384037128E+06,  7.893835798563E+06,  7.858062249253E+06,  1.000000016837E+02,  4.802773157017E+06, -3.880984422722E-10, -3.880984422722E-10
   49,3, 40,   60.000, 0.50,     120.000,  7.964770196094E+06,  7.929381652066E+06,  7.893806368374E+06,  7.857823048998E+06,  1.000000383948E+02,  4.802755163733E+06, -3.163933115502E-09, -3.552031557774E-09
   49,3, 40,   60.000, 0.50,     180.000,  7.964768861524E+06,  7.929367960540E+06,  7.893702066367E+06,  7.857388439728E+06,  1.000004094119E+02,  4.802709937336E+06,  1.373848590447E-09, -2.178182967327E-09
   49,3, 40,   60.000, 0.50,     240.000,  7.964762376578E+06,  7.929321036778E+06,  7.893478997831E+06,  7.856756097256E+06,  1.000027124691E+02,  4.802627291161E+06, -5.384777068684E-10, -2.716660674196E-09
   49,3, 40,   60.000, 0.50,     300.000,  7.964740964059E+06,  7.929212125793E+06,  7.893130097532E+06,  7.855950778645E+06,  1.000125279191E+02,  4.802500924647E+06,  1.117086867453E-09, -1.599573806743E-09
   49,3, 40,   60.000, 0.50,     360.000,  7.964689712560E+06,  7.929023890651E+06,  7.892662825415E+06,  7.855016460741E+06,  1.000429901420E+02,  4.802329413914E+06, -1.146958084064E-09, -2.746560312517E-09
   49,3, 40,   60.000, 0.50,     420.000,  7.964596085778E+06,  7.928756490803E+06,  7.892088727665E+06,  7.854014231885E+06,  1.001144903850E+02,  4.802116878161E+06,  9.091536412598E-10, -1.837406671257E-09
   49,3, 40,   60.000, 0.50,     480.000,  7.964457894887E+06,  7.928415899340E+06,  7.891440489069E+06,  7.853013880542E+06,  1.002455850425E+02,  4.801872920256E+06, -5.028368832427E-10, -2.340243554499E-09
   49,3, 40,   60.000, 0.50,     540.000,  7.964281616009E+06,  7.928013390335E+06,  7.890757318983E+06,  7.852087622052E+06,  1.004408172646E+02,  4.801611506812E+06, -3.265938630648E-10, -2.666865839274E-09
   49,3, 40,   60.000, 0.50,     600.000,  7.964075722589E+06,  7.927573131836E+06,  7.890080806137E+06,  7.851302883110E+06,  1.006901193645E+02,  4.801349105672E+06, -3.122408998024E-10, -2.979049895657E-09
   49,3, 40,   60.000, 0.50,     660.000,  7.963850835428E+06,  7.927123738632E+06,  7.889455947571E+06,  7.850642040379E+06,  1.009799259407E+02,  4.801099207031E+06,  1.018776174533E-09, -1.960188455996E-09
   49,3, 40,   60.000, 0.50,     720.000,  7.963621704836E+06,  7.926691124267E+06,  7.888901555259E+06,  7.850046208934E+06,  1.012968948026E+02,  4.800867511653E+06, -1.311917685598E-09, -3.272134563304E-09
   49,3, 40,   60.000, 0.50,     780.000,  7.963402818248E+06,  7.926296542263E+06,  7.888404129513E+06,  7.849502398884E+06,  1.016213884774E+02,  4.800655060152E+06,  2.867182047339E-10, -2.985416358570E-09
   49,3, 40,   60.000, 0.50,     840.000,  7.963204465010E+06,  7.925944000790E+06,  7.887943728580E+06,  7.849003469287E+06,  1.019306393083E+02,  4.800461620985E+06, -1.419380168954E-10, -3.127297532046E-09
   49,3, 40,   60.000, 0.50,     900.000,  7.963030660844E+06,  7.925623370695E+06,  7.887519919563E+06,  7.848545243418E+06,  1.022104213866E+02,  4.800285852806E+06,  3.778950485867E-10, -2.749402483460E-09
   49,3, 40,   60.000, 0.50,     960.000,  7.962876531934E+06,  7.925329497077E+06,  7.887136022283E+06,  7.848125265542E+06,  1.024568395466E+02,  4.800125870634E+06, -1.333120280833E-09, -4.082721716259E-09
   49,3, 40,   60.000, 0.50,    1020.000,  7.962734467126E+06,  7.925062708934E+06,  7.886782737798E+06,  7.847740570949E+06,  1.026739555167E+02,  4.799979794486E+06, -1.375326519337E-10, -4.220055416226E-09
   49,3, 40,   60.000, 0.50,    1080.000,  7.962602995317E+06,  7.924820286889E+06,  7.886460840510E+06,  7.847389757195E+06,  1.028723575234E+02,  4.799846183877E+06,  1.539774530102E-09, -2.680280886125E-09
   49,3, 40,   60.000, 0.50,    1140.000,  7.962483266313E+06,  7.924597502771E+06,  7.886168368357E+06,  7.847069384651E+06,  1.030577922505E+02,  4.799724088370E+06,  1.105178171201E-09, -1.575244823471E-09
   49,3, 40,   60.000, 0.50,    1200.000,  7.962374026083E+06,  7.924393153469E+06,  7.885899163454E+06,  7.846777734564E+06,  1.032262417001E+02,  4.799612609389E+06, -1.100062263504E-09, -2.675278665265E-09
   49,3, 40,   60.000, 0.50,    1260.000,  7.962273941007E+06,  7.924207361965E+06,  7.885654947336E+06,  7.846510803344E+06,  1.033775072891E+02,  4.799510721859E+06, -1.177369313154E-09, -3.852619556710E-09
   49,3, 40,   60.000, 0.50,    1320.000,  7.962182429010E+06,  7.924037038559E+06,  7.885430775516E+06,  7.846267323717E+06,  1.035171774405E+02,  4.799417562400E+06, -4.244498086337E-10, -4.276898835087E-09
   49,3, 40,   60.000, 0.50,    1380.000,  7.962098809711E+06,  7.923881387020E+06,  7.885225939423E+06,  7.846044155656E+06,  1.036455853832E+02,  4.799332445285E+06,  1.149686568169E-09, -3.127297532046E-09
   49,3, 40,   60.000, 0.50,    1440.000,  7.962022378165E+06,  7.923739733038E+06,  7.885039440958E+06,  7.845840650145E+06,  1.037614326141E+02,  4.799254655825E+06, -3.249169822084E-10, -3.452441887930E-09
   49,3, 40,   60.000, 0.50,    1500.000,  7.961952516149E+06,  7.923609256300E+06,  7.884867876187E+06,  7.845654259030E+06,  1.038673632192E+02,  4.799183519700E+06,  6.729976576025E-10, -2.779415808618E-09
   49,3, 40,   60.000, 0.50,    1560.000,  7.961888726430E+06,  7.923490597825E+06,  7.884712004379E+06,  7.845484248758E+06,  1.039647590861E+02,  4.799118483369E+06,  4.540368081507E-10, -2.325577952433E-09
   49,3, 40,   60.000, 0.50,    1620.000,  7.961830217203E+06,  7.923382188172E+06,  7.884568745591E+06,  7.845328497922E+06,  1.040532850924E+02,  4.799059024695E+06, -8.553797670174E-10, -3.180957719451E-09
   49,3, 40,   60.000, 0.50,    1680.000,  7.961776736665E+06,  7.923282352000E+06,  7.884438179321E+06,  7.845186212453E+06,  1.041340151763E+02,  4.799004643703E+06,  1.520561454527E-09, -1.660282578086E-09
   49,3, 40,   60.000, 0.50,    1740.000,  7.961728023767E+06,  7.923191868412E+06,  7.884318762264E+06,  7.845056072085E+06,  1.042081861276E+02,  4.798954909742E+06, -2.735674797805E-09, -4.396042641019E-09
   49,3, 40,   60.000, 0.50,    1800.000,  7.961683169737E+06,  7.923108581987E+06,  7.884209159779E+06,  7.844937077248E+06,  1.042758934716E+02,  4.798909432130E+06,  2.762334361250E-09, -1.633907231735E-09
   50,3, 40,   60.000, 0.65,       0.000,  7.964770372286E+06,  7.929384223663E+06,  7.893839449198E+06,  7.858133896350E+06,  1.000000000000E+02,  4.802776827728E+06,  0.000000000000E+00,  0.000000000000E+00
   50,3, 40,   60.000, 0.65,      60.000,  7.964770319836E+06,  7.929383628263E+06,  7.893832726407E+06,  7.858057787622E+06,  1.000000152064E+02,  4.802772056331E+06, -2.305015012194E-09, -2.305014845660E-09
   50,3, 40,   60.000, 0.65,     120.000,  7.964769702046E+06,  7.929378284771E+06,  7.893791542207E+06,  7.857808296654E+06,  1.000002326926E+02,  4.802750875350E+06, -2.225972073333E-09, -4.530985364681E-09
   50,3, 40,   60.000, 0.65,     180.000,  7.964766256397E+06,  7.929355621159E+06,  7.893671042033E+06,  7.857359480464E+06,  1.000017098854E+02,  4.802700729376E+06,  1.221221346270E-09, -3.309764906589E-09
   50,3, 40,   60.000, 0.65,     240.000,  7.964754074387E+06,  7.929294191826E+06,  7.893436517070E+06,  7.856712879516E+06,  1.000080678230E+02,  4.802612067812E+06, -6.792051365778E-10, -3.988958496848E-09
   50,3, 40,   60.000, 0.65,     300.000,  7.964723117576E+06,  7.929171744312E+06,  7.893077237578E+06,  7.855893974354E+06,  1.000276295100E+02,  4.802479538179E+06,  5.869171815220E-10, -3.402021775400E-09
   50,3, 40,   60.000, 0.65,     360.000,  7.964662028549E+06,  7.928974666943E+06,  7.892599270692E+06,  7.854949432646E+06,  1.000737799916E+02,  4.802302866661E+06, -1.066062793598E-10, -3.508603185765E-09
   50,3, 40,   60.000, 0.65,     420.000,  7.964562788749E+06,  7.928700579006E+06,  7.892020991844E+06,  7.853941064072E+06,  1.001615697357E+02,  4.802087184807E+06,  5.583640216855E-10, -2.950287125714E-09
   50,3, 40,   60.000, 0.65,     480.000,  7.964423567361E+06,  7.928356474584E+06,  7.891372918085E+06,  7.852939966418E+06,  1.003019447751E+02,  4.801842615735E+06,  2.976637603069E-09,  2.637534635141E-11
   50,3, 40,   60.000, 0.65,     540.000,  7.964248467569E+06,  7.927957520716E+06,  7.890694498391E+06,  7.852018909795E+06,  1.004976835795E+02,  4.801583164832E+06, -1.975770658191E-09, -1.949501893250E-09
   50,3, 40,   60.000, 0.65,     600.000,  7.964046000996E+06,  7.927525974630E+06,  7.890029979683E+06,  7.851245141430E+06,  1.007432131333E+02,  4.801325171032E+06, -4.588720514676E-10, -2.408341970295E-09
   50,3, 40,   60.000, 0.65,     660.000,  7.963827789495E+06,  7.927088203100E+06,  7.889417692524E+06,  7.850596459594E+06,  1.010266533920E+02,  4.801080817990E+06, -1.280984207597E-09, -3.689365257742E-09
   50,3, 40,   60.000, 0.65,     720.000,  7.963607078585E+06,  7.926668880045E+06,  7.888871320676E+06,  7.850010675858E+06,  1.013319037444E+02,  4.800854321958E+06,  1.532407978289E-09, -2.156866685254E-09
   50,3, 40,   60.000, 0.65,     780.000,  7.963396196878E+06,  7.926283401804E+06,  7.888379207316E+06,  7.849475923631E+06,  1.016408705764E+02,  4.800646285889E+06, -2.956568323498E-10, -2.452452463331E-09
   50,3, 40,   60.000, 0.65,     840.000,  7.963203316121E+06,  7.925934583672E+06,  7.887927679529E+06,  7.848985667605E+06,  1.019368768322E+02,  4.800456282367E+06, -4.378133411365E-10, -2.890374162234E-09
   50,3, 40,   60.000, 0.65,     900.000,  7.963030581386E+06,  7.925617929016E+06,  7.887512860820E+06,  7.848535386161E+06,  1.022087031378E+02,  4.800283096203E+06,  5.554223747595E-10, -2.335127646802E-09
   50,3, 40,   60.000, 0.65,     960.000,  7.962875526652E+06,  7.925329043780E+06,  7.887133226685E+06,  7.848122295298E+06,  1.024528252722E+02,  4.800125139155E+06, -1.757420875492E-10, -2.510660124244E-09
   50,3, 40,   60.000, 0.65,    1020.000,  7.962734610184E+06,  7.925065402003E+06,  7.886785856324E+06,  7.847743743061E+06,  1.026718614016E+02,  4.799980851080E+06,  8.140581542193E-10, -1.696662366157E-09
   50,3, 40,   60.000, 0.65,    1080.000,  7.962605557804E+06,  7.924824674225E+06,  7.886468154925E+06,  7.847397404194E+06,  1.028703905666E+02,  4.799848905402E+06, -1.570418461938E-09, -3.266904968768E-09
   50,3, 40,   60.000, 0.65,    1140.000,  7.962487276090E+06,  7.924604452319E+06,  7.886177725124E+06,  7.847080758361E+06,  1.030517237819E+02,  4.799728200831E+06,  1.120032067092E-09, -2.146862243535E-09
   50,3, 40,   60.000, 0.65,    1200.000,  7.962378965295E+06,  7.924402824695E+06,  7.885912130315E+06,  7.846791336289E+06,  1.032175640862E+02,  4.799617772030E+06,  3.686295713123E-11, -2.110027708113E-09
   50,3, 40,   60.000, 0.65,    1260.000,  7.962279806519E+06,  7.924218263045E+06,  7.885669184537E+06,  7.846526706045E+06,  1.033691107569E+02,  4.799516736195E+06,  2.504041418661E-10, -1.859461917775E-09
   50,3, 40,   60.000, 0.65,    1320.000,  7.962189030084E+06,  7.924049355670E+06,  7.885446913632E+06,  7.846284646730E+06,  1.035076130210E+02,  4.799424284429E+06,  7.398481827181E-10, -1.119587977882E-09
   50,3, 40,   60.000, 0.65,    1380.000,  7.962105937236E+06,  7.923894780569E+06,  7.885243523429E+06,  7.846063158537E+06,  1.036342447872E+02,  4.799339679849E+06, -2.008215815863E-09, -3.127752279397E-09
   50,3, 40,   60.000, 0.65,    1440.000,  7.962029880992E+06,  7.923753311756E+06,  7.885057389589E+06,  7.845860461613E+06,  1.037500185751E+02,  4.799262249714E+06,  1.091114754104E-09, -2.036813384620E-09
   50,3, 40,   60.000, 0.65,    1500.000,  7.961960263156E+06,  7.923623820637E+06,  7.884887027174E+06,  7.845674946019E+06,  1.038558603547E+02,  4.799191378658E+06,  5.194067398406E-11, -1.984972186619E-09
   50,3, 40,   60.000, 0.65,    1560.000,  7.961896532201E+06,  7.923505281131E+06,  7.884731084370E+06,  7.845505142794E+06,  1.039526395160E+02,  4.799126504666E+06, -5.672315950278E-10, -2.552042133175E-09
   50,3, 40,   60.000, 0.65,    1620.000,  7.961838182713E+06,  7.923396758223E+06,  7.884588329644E+06,  7.845349707525E+06,  1.040411508744E+02,  4.799067114980E+06, -1.290914042329E-10, -2.681190380827E-09
   50,3, 40,   60.000, 0.65,    1680.000,  7.961784755360E+06,  7.923297397401E+06,  7.884457637997E+06,  7.845207412471E+06,  1.041221151579E+02,  4.799012741640E+06,  4.300502176591E-10, -2.250999386888E-09
   50,3, 40,   60.000, 0.65,    1740.000,  7.961735832005E+06,  7.923206418878E+06,  7.884337981399E+06,  7.845077137175E+06,  1.041961884054E+02,  4.798962957406E+06,  5.912967893096E-10, -1.659827830736E-09
   50,3, 40,   60.000, 0.65,    1800.000,  7.961691030589E+06,  7.923123110516E+06,  7.884228420487E+06,  7.844957858175E+06,  1.042639666954E+02,  4.798917372064E+06, -1.468226873413E-09, -3.128207026748E-09
   51,3, 40,   60.000, 1.00,       0.000,  7.964770372286E+06,  7.929384223663E+06,  7.893839449198E+06,  7.858133896350E+06,  1.000000000000E+02,  4.802776827728E+06,  0.000000000000E+00,  0.000000000000E+00
   51,3, 40,   60.000, 1.00,      60.000,  7.964769955012E+06,  7.929381722609E+06,  7.893824846667E+06,  7.858048501294E+06,  1.000002135364E+02,  4.802769499018E+06, -2.635317741806E-09, -2.635317741806E-09
   51,3, 40,   60.000, 1.00,     120.000,  7.964767083121E+06,  7.929367466610E+06,  7.893759880139E+06,  7.857775655618E+06,  1.000019059578E+02,  4.802740965924E+06,  1.569446794747E-10, -2.478373062331E-09
   51,3, 40,   60.000, 1.00,     180.000,  7.964756939735E+06,  7.929325225016E+06,  7.893606833497E+06,  7.857295791585E+06,  1.000087408539E+02,  4.802679658163E+06,  2.909246177296E-10, -2.187448444602E-09
   51,3, 40,   60.000, 1.00,     240.000,  7.964732089993E+06,  7.929236448783E+06,  7.893341019982E+06,  7.856615661219E+06,  1.000276704159E+02,  4.802577670937E+06,  3.554418981366E-10, -1.832006546465E-09
   51,3, 40,   60.000, 1.00,     300.000,  7.964684164614E+06,  7.929085921706E+06,  7.892954569393E+06,  7.855765774983E+06,  1.000684009579E+02,  4.802431774995E+06, -2.066997240036E-09, -3.899003786501E-09
   51,3, 40,   60.000, 1.00,     360.000,  7.964606145241E+06,  7.928865537808E+06,  7.892455475540E+06,  7.854796755994E+06,  1.001413950983E+02,  4.802243906152E+06,  1.764988155628E-10, -3.722561814357E-09
   51,3, 40,   60.000, 1.00,     420.000,  7.964494224368E+06,  7.928575838915E+06,  7.891865500807E+06,  7.853773997026E+06,  1.002552552791E+02,  4.802021053681E+06, -1.095486368285E-09, -4.818048182642E-09
   51,3, 40,   60.000, 1.00,     480.000,  7.964348762614E+06,  7.928225953818E+06,  7.891217460928E+06,  7.852770991048E+06,  1.004144884800E+02,  4.801774570440E+06, -4.030766831420E-10, -5.221181709203E-09
   51,3, 40,   60.000, 1.00,     540.000,  7.964174373700E+06,  7.927832501569E+06,  7.890551804417E+06,  7.851861846569E+06,  1.006182401967E+02,  4.801519006375E+06,  1.985767994483E-09, -3.235527401557E-09
   51,3, 40,   60.000, 1.00,     600.000,  7.963979373539E+06,  7.927417783525E+06,  7.889912582884E+06,  7.851113670038E+06,  1.008600940056E+02,  4.801270612015E+06,  1.163130036730E-09, -2.072283677990E-09
   51,3, 40,   60.000, 1.00,     660.000,  7.963774426140E+06,  7.927005050627E+06,  7.889328640121E+06,  7.850493109912E+06,  1.011289467669E+02,  4.801038348821E+06, -1.240209712705E-09, -3.312379703857E-09
   51,3, 40,   60.000, 1.00,     720.000,  7.963570203324E+06,  7.926611762586E+06,  7.888802636274E+06,  7.849930185053E+06,  1.014110723217E+02,  4.800823013160E+06,  8.085407898761E-10, -2.503838913981E-09
   51,3, 40,   60.000, 1.00,     780.000,  7.963374969783E+06,  7.926246643016E+06,  7.888325960982E+06,  7.849415733232E+06,  1.016930075790E+02,  4.800624593615E+06,  1.469970811740E-10, -2.356955519645E-09
   51,3, 40,   60.000, 1.00,     840.000,  7.963193416166E+06,  7.925911642683E+06,  7.887890645602E+06,  7.848943931171E+06,  1.019641495539E+02,  4.800442442588E+06, -2.294200385222E-09, -4.651155904867E-09
   51,3, 40,   60.000, 1.00,     900.000,  7.963027049796E+06,  7.925605358853E+06,  7.887491571200E+06,  7.848510571308E+06,  1.022179954174E+02,  4.800275522313E+06,  1.947796590684E-09, -2.703473001020E-09
   51,3, 40,   60.000, 1.00,     960.000,  7.962875397858E+06,  7.925325363389E+06,  7.887125320758E+06,  7.848112394297E+06,  1.024518482319E+02,  4.800122633207E+06, -1.351565970253E-09, -4.054982127855E-09
   51,3, 40,   60.000, 1.00,    1020.000,  7.962737157065E+06,  7.925069188885E+06,  7.886789189347E+06,  7.847746648153E+06,  1.026656342951E+02,  4.799982571265E+06,  1.981959485420E-09, -2.073193172691E-09
   51,3, 40,   60.000, 1.00,    1080.000,  7.962610896555E+06,  7.924834597909E+06,  7.886480769191E+06,  7.847410850274E+06,  1.028606312568E+02,  4.799854209140E+06,  1.161879481515E-10, -1.957232598215E-09
   51,3, 40,   60.000, 1.00,    1140.000,  7.962495344966E+06,  7.924619610592E+06,  7.886197825953E+06,  7.847102679499E+06,  1.030385638130E+02,  4.799736522969E+06, -1.470084498578E-09, -3.427430783631E-09
   51,3, 40,   60.000, 1.00,    1200.000,  7.962389441249E+06,  7.924422477740E+06,  7.885938273896E+06,  7.846819941988E+06,  1.032011339014E+02,  4.799628591003E+06,  1.967237039935E-09, -1.460193743696E-09
   51,3, 40,   60.000, 1.00,    1260.000,  7.962292297860E+06,  7.924241646393E+06,  7.885700175396E+06,  7.846560571153E+06,  1.033498539486E+02,  4.799529582240E+06, -1.664261617407E-09, -3.124569047941E-09
   51,3, 40,   60.000, 1.00,    1320.000,  7.962203152002E+06,  7.924075727188E+06,  7.885481741586E+06,  7.846322636977E+06,  1.034860303131E+02,  4.799438744059E+06,  1.569276264490E-09, -1.555235940032E-09
   51,3, 40,   60.000, 1.00,    1380.000,  7.962121329377E+06,  7.923923466789E+06,  7.885281328748E+06,  7.846104352565E+06,  1.036107969840E+02,  4.799355391878E+06, -1.256410087080E-09, -2.811702870531E-09
   51,3, 40,   60.000, 1.00,    1440.000,  7.962046222051E+06,  7.923783726694E+06,  7.885097430827E+06,  7.845904074231E+06,  1.037251537829E+02,  4.799278901105E+06, -1.166029051092E-09, -3.977675078204E-09
   51,3, 40,   60.000, 1.00,    1500.000,  7.961977275898E+06,  7.923655467831E+06,  7.884928669746E+06,  7.845720295915E+06,  1.038299953728E+02,  4.799208700827E+06,  1.269370386581E-09, -2.708475221880E-09
   51,3, 40,   60.000, 1.00,    1560.000,  7.961913983324E+06,  7.923537739392E+06,  7.884773785019E+06,  7.845551640127E+06,  1.039261306174E+02,  4.799144268664E+06,  6.686491360597E-10, -2.039996616077E-09
   51,3, 40,   60.000, 1.00,    1620.000,  7.961855878567E+06,  7.923429670318E+06,  7.884631623579E+06,  7.845396847531E+06,  1.040142952291E+02,  4.799085126378E+06, -6.297682375589E-10, -2.669821697054E-09
   51,3, 40,   60.000, 1.00,    1680.000,  7.961802534152E+06,  7.923330462301E+06,  7.884501130278E+06,  7.845254766507E+06,  1.040951604462E+02,  4.799030836005E+06, -1.350599632133E-10, -2.804881660268E-09
   51,3, 40,   60.000, 1.00,    1740.000,  7.961753557855E+06,  7.923239383657E+06,  7.884381339189E+06,  7.845124343407E+06,  1.041693395327E+02,  4.798980996377E+06,  1.668354343565E-10, -2.637989382492E-09
   51,3, 40,   60.000, 1.00,    1800.000,  7.961708589912E+06,  7.923155763766E+06,  7.884271365744E+06,  7.845004613706E+06,  1.042373930981E+02,  4.798935239963E+06,  8.329834599863E-10, -1.804892235668E-09
   52,3, 40,  120.000, 0.50,       0.000,  7.964770372286E+06,  7.929384223663E+06,  7.893839449198E+06,  7.858133896350E+06,  1.000000000000E+02,  4.802776827728E+06,  0.000000000000E+00,  0.000000000000E+00
   52,3, 40,  120.000, 0.50,     120.000,  7.964768744579E+06,  7.929374467357E+06,  7.893782481127E+06,  7.857800564750E+06,  1.000008329627E+02,  4.802748230255E+06, -6.031484645064E-09, -6.031484645064E-09
   52,3, 40,  120.000, 0.50,     240.000,  7.964751536674E+06,  7.929294386877E+06,  7.893457223463E+06,  7.856731583658E+06,  1.000113762739E+02,  4.802616667907E+06,  4.133426045883E-09, -1.898058599181E-09
   52,3, 40,  120.000, 0.50,     360.000,  7.964671801137E+06,  7.929009051037E+06,  7.892652619644E+06,  7.855002536737E+06,  1.000705290692E+02,  4.802321582228E+06, -3.734612619155E-10, -2.271519861097E-09
   52,3, 40,  120.000, 0.50,     480.000,  7.964458174198E+06,  7.928417178927E+06,  7.891442358461E+06,  7.853017381243E+06,  1.002640582982E+02,  4.801873952372E+06, -2.102069629473E-10, -2.481783667463E-09
   52,3, 40,  120.000, 0.50,     600.000,  7.964087193448E+06,  7.927589816039E+06,  7.890106049468E+06,  7.851326126320E+06,  1.006743918436E+02,  4.801358906831E+06,  3.445279617154E-10, -2.137312549166E-09
   52,3, 40,  120.000, 0.50,     720.000,  7.963635173980E+06,  7.926715111379E+06,  7.888912105857E+06,  7.850060282116E+06,  1.012731093914E+02,  4.800875756905E+06, -1.498506208009E-09, -3.635705070337E-09
   52,3, 40,  120.000, 0.50,     840.000,  7.963212784023E+06,  7.925948073655E+06,  7.887956082763E+06,  7.849017845420E+06,  1.019107839734E+02,  4.800466790507E+06,  8.546976459911E-10, -2.781234798022E-09
   52,3, 40,  120.000, 0.50,     960.000,  7.962873236337E+06,  7.925334448538E+06,  7.887148019820E+06,  7.848136687475E+06,  1.024542331727E+02,  4.800128691536E+06, -2.262765974592E-09, -5.044057616033E-09
   52,3, 40,  120.000, 0.50,    1080.000,  7.962605609480E+06,  7.924826535161E+06,  7.886463405354E+06,  7.847396435503E+06,  1.028778105863E+02,  4.799848614161E+06,  1.185014752991E-09, -3.858986019623E-09
   52,3, 40,  120.000, 0.50,    1200.000,  7.962378363159E+06,  7.924394298962E+06,  7.885905855696E+06,  7.846780929689E+06,  1.032192513069E+02,  4.799614437875E+06,  2.393846898485E-09, -1.465195964556E-09
   52,3, 40,  120.000, 0.50,    1320.000,  7.962181883992E+06,  7.924040249549E+06,  7.885431390089E+06,  7.846269227701E+06,  1.035137776963E+02,  4.799418419615E+06, -2.399701770628E-09, -3.864897735184E-09
   52,3, 40,  120.000, 0.50,    1440.000,  7.962022603525E+06,  7.923740420330E+06,  7.885040996021E+06,  7.845842245872E+06,  1.037637721445E+02,  4.799255072606E+06,  6.893969839439E-10, -3.175500751240E-09
   52,3, 40,  120.000, 0.50,    1560.000,  7.961889798758E+06,  7.923489504635E+06,  7.884712415369E+06,  7.845484547889E+06,  1.039636743623E+02,  4.799118719396E+06,  1.231285295944E-09, -1.944044925040E-09
   52,3, 40,  120.000, 0.50,    1680.000,  7.961775832326E+06,  7.923283998801E+06,  7.884437092701E+06,  7.845185950172E+06,  1.041328998265E+02,  4.799004513847E+06, -3.203126652807E-09, -5.147285264684E-09
   52,3, 40,  120.000, 0.50,    1800.000,  7.961683343218E+06,  7.923107205377E+06,  7.884209858655E+06,  7.844936312290E+06,  1.042781248977E+02,  4.798909175331E+06,  3.854950136883E-09, -1.292391971219E-09
   53,3, 40,  120.000, 0.65,       0.000,  7.964770372286E+06,  7.929384223663E+06,  7.893839449198E+06,  7.858133896350E+06,  1.000000000000E+02,  4.802776827728E+06,  0.000000000000E+00,  0.000000000000E+00
   53,3, 40,  120.000, 0.65,     120.000,  7.964766209106E+06,  7.929365201947E+06,  7.893756560669E+06,  7.857772655699E+06,  1.000027070615E+02,  4.802739797193E+06, -3.075256049812E-09, -3.075257382079E-09
   53,3, 40,  120.000, 0.65,     240.000,  7.964734792149E+06,  7.929247905127E+06,  7.893371315899E+06,  7.856646372798E+06,  1.000264414950E+02,  4.802587178424E+06, -4.652243035252E-10, -3.540492343745E-09
   53,3, 40,  120.000, 0.65,     360.000,  7.964625111132E+06,  7.928911072779E+06,  7.892525892919E+06,  7.854868721646E+06,  1.001228294145E+02,  4.802270058132E+06,  2.640955898414E-09, -8.995471034723E-10
   53,3, 40,  120.000, 0.65,     480.000,  7.964387488391E+06,  7.928299270823E+06,  7.891309944388E+06,  7.852870414898E+06,  1.003648669085E+02,  4.801813471488E+06, -1.280977102169E-09, -2.180513547501E-09
   53,3, 40,  120.000, 0.65,     600.000,  7.964024966591E+06,  7.927494872811E+06,  7.890001681607E+06,  7.851211272468E+06,  1.007891136003E+02,  4.801310399974E+06, -3.259543746026E-10, -2.506567398086E-09
   53,3, 40,  120.000, 0.65,     720.000,  7.963604251285E+06,  7.926663812602E+06,  7.888854533399E+06,  7.849990045967E+06,  1.013469381413E+02,  4.800848603921E+06, -4.112976625947E-11, -2.547722033341E-09
   53,3, 40,  120.000, 0.65,     840.000,  7.963207439077E+06,  7.925933869960E+06,  7.887921428799E+06,  7.848980222716E+06,  1.019295334076E+02,  4.800455678928E+06,  7.903722121227E-10, -1.757143763825E-09
   53,3, 40,  120.000, 0.65,     960.000,  7.962877058669E+06,  7.925332632991E+06,  7.887140265440E+06,  7.848128519568E+06,  1.024449228671E+02,  4.800127423315E+06, -1.482568734446E-09, -3.239620127715E-09
   53,3, 40,  120.000, 0.65,    1080.000,  7.962609105499E+06,  7.924833457275E+06,  7.886479848172E+06,  7.847410805131E+06,  1.028653256683E+02,  4.799853605478E+06,  1.678372996139E-10, -3.071818355238E-09
   53,3, 40,  120.000, 0.65,    1200.000,  7.962385467719E+06,  7.924414348316E+06,  7.885927608918E+06,  7.846808367027E+06,  1.032085788671E+02,  4.799624218307E+06, -7.578133676134E-10, -3.829427441815E-09
   53,3, 40,  120.000, 0.65,    1320.000,  7.962196383735E+06,  7.924062884490E+06,  7.885464670550E+06,  7.846303881618E+06,  1.034962100307E+02,  4.799431683002E+06,  1.417907569135E-09, -2.411525201751E-09
   53,3, 40,  120.000, 0.65,    1440.000,  7.962037569576E+06,  7.923767748315E+06,  7.885076239838E+06,  7.845880972089E+06,  1.037382389782E+02,  4.799270106464E+06, -3.360067779568E-10, -2.747583494056E-09
   53,3, 40,  120.000, 0.65,    1560.000,  7.961904389142E+06,  7.923519845732E+06,  7.884750303150E+06,  7.845526069474E+06,  1.039407567310E+02,  4.799134491526E+06, -6.352820491884E-10, -3.382865543244E-09
   53,3, 40,  120.000, 0.65,    1680.000,  7.961792487588E+06,  7.923311775397E+06,  7.884476551307E+06,  7.845228016139E+06,  1.041103740533E+02,  4.799020612485E+06,  3.229922995729E-10, -3.059994924115E-09
   53,3, 40,  120.000, 0.65,    1800.000,  7.961698481654E+06,  7.923136980637E+06,  7.884246656433E+06,  7.844977709824E+06,  1.042526941603E+02,  4.798924958339E+06,  3.838946938117E-10, -2.676188159967E-09
   54,3, 40,  120.000, 1.00,       0.000,  7.964770372286E+06,  7.929384223663E+06,  7.893839449198E+06,  7.858133896350E+06,  1.000000000000E+02,  4.802776827728E+06,  0.000000000000E+00,  0.000000000000E+00
   54,3, 40,  120.000, 1.00,     120.000,  7.964756922738E+06,  7.929339116117E+06,  7.893701484726E+06,  7.857715035323E+06,  1.000115340214E+02,  4.802720916909E+06, -3.005425242009E-09, -3.005425242009E-09
   54,3, 40,  120.000, 1.00,     240.000,  7.964690908536E+06,  7.929142977218E+06,  7.893193932346E+06,  7.856463181230E+06,  1.000740328940E+02,  4.802522505955E+06, -2.977458279929E-10, -3.303171070002E-09
   54,3, 40,  120.000, 1.00,     360.000,  7.964527644655E+06,  7.928710775833E+06,  7.892246355605E+06,  7.854574739786E+06,  1.002442966780E+02,  4.802159116458E+06, -2.096840034937E-09, -5.400011104939E-09
   54,3, 40,  120.000, 1.00,     480.000,  7.964252118118E+06,  7.928052626841E+06,  7.891005944651E+06,  7.852541362403E+06,  1.005587896589E+02,  4.801683466118E+06,  3.308059604024E-09, -2.091837814078E-09
   54,3, 40,  120.000, 1.00,     600.000,  7.963897511011E+06,  7.927284146730E+06,  7.889768234999E+06,  7.850952053430E+06,  1.010004373721E+02,  4.801203518603E+06, -8.219558367273E-11, -2.174147084588E-09
   54,3, 40,  120.000, 1.00,     720.000,  7.963523477325E+06,  7.926538605739E+06,  7.888718790288E+06,  7.849832454851E+06,  1.015056279080E+02,  4.800784193952E+06,  1.000444171950E-11, -2.164142642869E-09
   54,3, 40,  120.000, 1.00,     840.000,  7.963176309261E+06,  7.925881261975E+06,  7.887848163075E+06,  7.848894850146E+06,  1.020056334575E+02,  4.800424869967E+06, -1.389253156958E-09, -3.553395799827E-09
   54,3, 40,  120.000, 1.00,     960.000,  7.962874786729E+06,  7.925321562762E+06,  7.887116538241E+06,  7.848101417885E+06,  1.024577828559E+02,  4.800119803910E+06,  5.818492354592E-10, -2.971319190692E-09
   54,3, 40,  120.000, 1.00,    1080.000,  7.962619351899E+06,  7.924848641152E+06,  7.886497348148E+06,  7.847428206607E+06,  1.028479111795E+02,  4.799861553251E+06, -6.303935151664E-10, -3.601599019021E-09
   54,3, 40,  120.000, 1.00,    1200.000,  7.962403925405E+06,  7.924448912975E+06,  7.885972477697E+06,  7.846856954257E+06,  1.031783342804E+02,  4.799642953365E+06,  1.373450686515E-09, -2.228262019344E-09
   54,3, 40,  120.000, 1.00,    1320.000,  7.962221901276E+06,  7.924110554252E+06,  7.885527501218E+06,  7.846372438484E+06,  1.034569990472E+02,  4.799457793250E+06,  8.868710210663E-10, -1.341504685115E-09
   54,3, 40,  120.000, 1.00,    1440.000,  7.962067758103E+06,  7.923823825921E+06,  7.885150235997E+06,  7.845961596387E+06,  1.036921968816E+02,  4.799300856876E+06, -8.617462299298E-10, -2.203250915045E-09
   54,3, 40,  120.000, 1.00,    1560.000,  7.961937056534E+06,  7.923580685734E+06,  7.884830321907E+06,  7.845613219731E+06,  1.038910263031E+02,  4.799167780033E+06,  3.986997398897E-10, -1.804437488317E-09
   54,3, 40,  120.000, 1.00,    1680.000,  7.961826165282E+06,  7.923374425147E+06,  7.884558976066E+06,  7.845317757709E+06,  1.040593161111E+02,  4.799054897966E+06,  1.613216227270E-10, -1.643002178753E-09
   54,3, 40,  120.000, 1.00,    1800.000,  7.961732055633E+06,  7.923199405494E+06,  7.884328769954E+06,  7.845067114394E+06,  1.042018686678E+02,  4.798959122206E+06, -3.649347490864E-09, -5.292349669617E-09
