case_id,forcing,n,dt,theta,time,p25_pa,p50_pa,p75_pa,pout_pa,min_kg_s,linepack_kg,step_mass_defect_kg,cum_mass_defect_kg
    1,3, 40,   15.000, 0.50,       0.000,  7.9647703722856510E+06,  7.9293842236631857E+06,  7.8938394491982115E+06,  7.8581338963495167E+06,  1.0000000000000000E+02,  4.8027768277280563E+06,  0.0000000000000000E+00,  0.0000000000000000E+00
    1,3, 40,   15.000, 0.50,      15.000,  7.9647703722856510E+06,  7.9293842236631820E+06,  7.8938394491529958E+06,  7.8581332135717357E+06,  1.0000000000000026E+02,  4.8027768161680568E+06, -1.0490808222129999E-09, -1.0490808222129999E-09
    1,3, 40,   15.000, 0.50,      30.000,  7.9647703722856510E+06,  7.9293842236630721E+06,  7.8938394482433693E+06,  7.8581308183037443E+06,  1.0000000000000058E+02,  4.8027767584393350E+06, -4.9749360186979175E-10, -1.5465744240827917E-09
    1,3, 40,   15.000, 0.50,      45.000,  7.9647703722856510E+06,  7.9293842236611284E+06,  7.8938394396997532E+06,  7.8581265936425058E+06,  1.0000000000000020E+02,  4.8027766086578118E+06, -2.0012933532598254E-09, -3.5478677773426170E-09
    1,3, 40,   15.000, 0.50,      60.000,  7.9647703722856464E+06,  7.9293842236392284E+06,  7.8938393900209237E+06,  7.8581204504022915E+06,  9.9999999999998508E+01,  4.8027763215069482E+06, -1.1464891258583521E-09, -4.6943569032009691E-09
    1,3, 40,   15.000, 0.50,      75.000,  7.9647703722855905E+06,  7.9293842234625537E+06,  7.8938391899389504E+06,  7.8581120656584678E+06,  1.0000000000000092E+02,  4.8027758525171336E+06,  2.3485000610889983E-09, -2.3458568421119708E-09
    1,3, 40,   15.000, 0.50,      90.000,  7.9647703722850569E+06,  7.9293842223763689E+06,  7.8938385972305890E+06,  7.8581014828543412E+06,  1.0000000000000166E+02,  4.8027751583398469E+06,  6.5755756395446952E-10, -1.6882992781575012E-09
    1,3, 40,   15.000, 0.50,     105.000,  7.9647703722810112E+06,  7.9293842170927012E+06,  7.8938372532645706E+06,  7.8580885379714724E+06,  1.0000000000000506E+02,  4.8027741970149279E+06, -1.0997354138453375E-09, -2.7880346920028387E-09
    1,3, 40,   15.000, 0.50,     120.000,  7.9647703722556168E+06,  7.9293841962473867E+06,  7.8938348353418317E+06,  7.8580731043574279E+06,  1.0000000000006416E+02,  4.8027729282292742E+06,  6.1107385818104376E-10, -2.1769608338217949E-09
    1,3, 40,   15.000, 0.50,     135.000,  7.9647703721213853E+06,  7.9293841283990256E+06,  7.8938312229701271E+06,  7.8580552436859105E+06,  1.0000000000047655E+02,  4.8027713135653762E+06, -1.9750459046008473E-09, -4.1520067384226422E-09
    1,3, 40,   15.000, 0.50,     150.000,  7.9647703715156829E+06,  7.9293839439347479E+06,  7.8938264445398329E+06,  7.8580348276988091E+06,  1.0000000000306599E+02,  4.8027693167382050E+06,  1.7971544252759486E-09, -2.3548523131466936E-09
    1,3, 40,   15.000, 0.50,     165.000,  7.9647703691587495E+06,  7.9293835208523972E+06,  7.8938204482571026E+06,  7.8580118664806047E+06,  1.0000000001729367E+02,  4.8027669038189678E+06, -6.6365402062729117E-10, -3.0185063337739848E-09
    1,3, 40,   15.000, 0.50,     180.000,  7.9647703611894967E+06,  7.9293826943452694E+06,  7.8938130582061009E+06,  7.8579864278089749E+06,  1.0000000008600352E+02,  4.8027640434446195E+06, -3.0201618983483058E-10, -3.3205225236088154E-09
    1,3, 40,   15.000, 0.50,     195.000,  7.9647703376406124E+06,  7.9293813022202691E+06,  7.8938041758876452E+06,  7.8579584550446309E+06,  1.0000000038008500E+02,  4.8027607070124280E+06, -9.8878416565639782E-10, -4.3093066892652132E-09
    1,3, 40,   15.000, 0.50,     210.000,  7.9647702765545007E+06,  7.9293792422539946E+06,  7.8937938238679441E+06,  7.8579280548513541E+06,  1.0000000150135615E+02,  4.8027568688605307E+06,  1.7946177877092850E-10, -4.1298449104942847E-09
    1,3, 40,   15.000, 0.50,     225.000,  7.9647701369348289E+06,  7.9293764854964111E+06,  7.8937819630932249E+06,  7.8578953032808313E+06,  1.0000000532504441E+02,  4.8027525064389752E+06,  1.1587459880502138E-09, -2.9710989224440709E-09
    1,3, 40,   15.000, 0.50,     240.000,  7.9647698547270680E+06,  7.9293730200165082E+06,  7.8937684959531548E+06,  7.8578602294140933E+06,  1.0000001702327219E+02,  4.8027476004831875E+06, -3.9784708860679530E-10, -3.3689460110508662E-09
    1,3, 40,   15.000, 0.50,     255.000,  7.9647693479675157E+06,  7.9293687855135072E+06,  7.8937534257640513E+06,  7.8578230026038513E+06,  1.0000004920576184E+02,  4.8027421352137476E+06, -9.7471541948834783E-10, -4.3436614305392141E-09
    1,3, 40,   15.000, 0.50,     270.000,  7.9647685338400565E+06,  7.9293636854133634E+06,  7.8937367901446074E+06,  7.8577837157322010E+06,  1.0000012895243057E+02,  4.8027360985992933E+06,  8.4501294850269915E-10, -3.4986484820365149E-09
    1,3, 40,   15.000, 0.50,     285.000,  7.9647673502053702E+06,  7.9293576588393329E+06,  7.8937185515129846E+06,  7.8577424820916448E+06,  1.0000030717109361E+02,  4.8027294827210745E+06,  1.9033876696994412E-09, -1.5952608123370737E-09
    1,3, 40,   15.000, 0.50,     300.000,  7.9647657649048241E+06,  7.9293506993124746E+06,  7.8936987137592826E+06,  7.8576995059866887E+06,  1.0000066678831283E+02,  4.8027222842473770E+06, -2.0559625113492075E-09, -3.6512233236862812E-09
    1,3, 40,   15.000, 0.50,     315.000,  7.9647637616556771E+06,  7.9293427923366660E+06,  7.8936773507321635E+06,  7.8576549067383474E+06,  1.0000132294570722E+02,  4.8027145049487734E+06,  2.9442048798955511E-10, -3.3568028356967261E-09
    1,3, 40,   15.000, 0.50,     330.000,  7.9647613141035354E+06,  7.9293338856886085E+06,  7.8936544838187145E+06,  7.8576088682739995E+06,  1.0000240819862319E+02,  4.8027061520815035E+06,  5.1378634680077084E-10, -2.8430235943233129E-09
    1,3, 40,   15.000, 0.50,     345.000,  7.9647583768664943E+06,  7.9293239446723219E+06,  7.8936301382800424E+06,  7.8575616092419978E+06,  1.0000404277645541E+02,  4.8026972384144580E+06, -2.6257396257278742E-10, -3.1055975568961003E-09
    1,3, 40,   15.000, 0.50,     360.000,  7.9647549064866835E+06,  7.9293129816489201E+06,  7.8936044117330965E+06,  7.8575132816886147E+06,  1.0000630335086080E+02,  4.8026877817765716E+06,  2.1413200101960683E-09, -9.6427754670003196E-10
    1,3, 40,   15.000, 0.50,     375.000,  7.9647508871326568E+06,  7.9293010040091295E+06,  7.8935773713414455E+06,  7.8574641186947543E+06,  1.0000921300869366E+02,  4.8026778042726666E+06, -1.4561081229658157E-09, -2.4203927750932053E-09
    1,3, 40,   15.000, 0.50,     390.000,  7.9647463267224161E+06,  7.9292879928739350E+06,  7.8935490709293298E+06,  7.8574143396514012E+06,  1.0001276572442787E+02,  4.8026673315859186E+06, -1.0393961247245898E-09, -3.4597888998177950E-09
    1,3, 40,   15.000, 0.50,     405.000,  7.9647412298139865E+06,  7.9292739550827416E+06,  7.8935196284949742E+06,  7.8573641294350727E+06,  1.0001696965787755E+02,  4.8026563927672943E+06,  1.7437429278288619E-10, -3.2854075016075512E-09
    1,3, 40,   15.000, 0.50,     420.000,  7.9647355878940392E+06,  7.9292589320408227E+06,  7.8934891446672482E+06,  7.8573137454080097E+06,  1.0002187009553435E+02,  4.8026450205011321E+06,  1.0054250765278994E-09, -2.2799895305070095E-09
    1,3, 40,   15.000, 0.50,     435.000,  7.9647293984515928E+06,  7.9292429504404198E+06,  7.8934577006368935E+06,  7.8572633996759905E+06,  1.0002752715854378E+02,  4.8026332513556592E+06, -1.1575735925362096E-09, -3.4375489121885039E-09
    1,3, 40,   15.000, 0.50,     450.000,  7.9647226758192293E+06,  7.9292260306688780E+06,  7.8934254322578385E+06,  7.8572133029026920E+06,  1.0003397168439321E+02,  4.8026211255163718E+06,  1.2452403552742908E-09, -2.1923085569142131E-09
    1,3, 40,   15.000, 0.50,     465.000,  7.9647154338048855E+06,  7.9292082295275368E+06,  7.8933924636401907E+06,  7.8571637125602337E+06,  1.0004119153019569E+02,  4.8026086860676790E+06, -1.8029169268629630E-09, -3.9952396946318913E-09
    1,3, 40,   15.000, 0.50,     480.000,  7.9647076748000160E+06,  7.9291896147703482E+06,  7.8933588988093454E+06,  7.8571148287911164E+06,  1.0004916533467635E+02,  4.8025959784080675E+06,  1.8874857232731301E-09, -2.1077539713587612E-09
    1,3, 40,   15.000, 0.50,     495.000,  7.9646994093393357E+06,  7.9291702347443989E+06,  7.8933248884559544E+06,  7.8570668747797515E+06,  1.0005789780730991E+02,  4.8025830501672858E+06, -1.3129834997016587E-09, -3.4207232602057047E-09
    1,3, 40,   15.000, 0.50,     510.000,  7.9646906700578751E+06,  7.9291501526655089E+06,  7.8932905726144398E+06,  7.8570200877716346E+06,  1.0006740719133907E+02,  4.8025699512796933E+06, -3.8733105611754581E-10, -3.8080543163232505E-09
    1,3, 40,   15.000, 0.50,     525.000,  7.9646814920539707E+06,  7.9291294536500070E+06,  7.8932560732130641E+06,  7.8569746525315326E+06,  1.0007768506887172E+02,  4.8025567336489316E+06, -6.3281646589530283E-10, -4.4408636767911958E-09
    1,3, 40,   15.000, 0.50,     540.000,  7.9646718965808349E+06,  7.9291082069946267E+06,  7.8932215518744560E+06,  7.8569307879581973E+06,  1.0008869093909733E+02,  4.8025434504588097E+06,  1.3820411481901829E-09, -3.0588296340283705E-09
    1,3, 40,   15.000, 0.50,     555.000,  7.9646619077375447E+06,  7.9290864808061384E+06,  7.8931871568411179E+06,  7.8568886968367789E+06,  1.0010038871668054E+02,  4.8025301557070911E+06,  6.2374994058700395E-10, -2.4350867988687241E-09
    1,3, 40,   15.000, 0.50,     570.000,  7.9646515662400248E+06,  7.9290643698871881E+06,  7.8931530196399149E+06,  7.8568485454643071E+06,  1.0011276390178539E+02,  4.8025169041332481E+06, -2.7215776299271965E-09, -5.1566644287959207E-09
    1,3, 40,   15.000, 0.50,     585.000,  7.9646409146875385E+06,  7.9290419663740015E+06,  7.8931193030971596E+06,  7.8568105318801869E+06,  1.0012579400687875E+02,  4.8025037510462860E+06,  1.5716352663730504E-09, -3.5850007407134399E-09
    1,3, 40,   15.000, 0.50,     600.000,  7.9646299888741439E+06,  7.9290193513034750E+06,  7.8930861510272911E+06,  7.8567748169472907E+06,  1.0013942629781084E+02,  4.8024907517585708E+06,  1.1456151582933671E-09, -2.4393784769927152E-09
    1,3, 40,   15.000, 0.50,     615.000,  7.9646188305814918E+06,  7.9289966233278159E+06,  7.8930536925681112E+06,  7.8567408611098677E+06,  1.0015360228573198E+02,  4.8024779494729470E+06, -3.0783553484070580E-10, -2.7472424335428514E-09
    1,3, 40,   15.000, 0.50,     630.000,  7.9646074885370880E+06,  7.9289738828057777E+06,  7.8930220811522231E+06,  7.8567077946436293E+06,  1.0016828230312676E+02,  4.8024653636073647E+06,  1.2200089827274496E-09, -1.5272121345333289E-09
    1,3, 40,   15.000, 0.50,     645.000,  7.9645960063594691E+06,  7.9289512146441834E+06,  7.8929914425636064E+06,  7.8566756121250568E+06,  1.0018342522407053E+02,  4.8024530014138175E+06, -1.1689209600262984E-09, -2.6961401999869850E-09
    1,3, 40,   15.000, 0.50,     660.000,  7.9645844282428883E+06,  7.9289287161947368E+06,  7.8929618662454560E+06,  7.8566443339636475E+06,  1.0019896516095727E+02,  4.8024408693417041E+06, -1.1628742413449800E-09, -3.8589860196225345E-09
    1,3, 40,   15.000, 0.50,     675.000,  7.9645728079997646E+06,  7.9289064930544673E+06,  7.8929333847776754E+06,  7.8566137447034605E+06,  1.0021483096263549E+02,  4.8024289728126330E+06,  2.0212951312714722E-09, -1.8376908883510623E-09
    1,3, 40,   15.000, 0.50,     690.000,  7.9645611968250582E+06,  7.9288846335086087E+06,  7.8929058718295135E+06,  7.8565839477701224E+06,  1.0023096821376498E+02,  4.8024173163064551E+06, -9.7280405952915316E-10, -2.8105091587349307E-09
    1,3, 40,   15.000, 0.50,     705.000,  7.9645496378638539E+06,  7.9288632256325772E+06,  7.8928790769759854E+06,  7.8565548466933211E+06,  1.0024732045201561E+02,  4.8024059034714466E+06, -1.8192238826486573E-09, -4.6297259359562304E-09
    1,3, 40,   15.000, 0.50,     720.000,  7.9645381812782027E+06,  7.9288423575467393E+06,  7.8928527955482891E+06,  7.8565263630211744E+06,  1.0026381125182264E+02,  4.8023947369592264E+06,  1.0464304978086147E-09, -3.5832954381476156E-09
    1,3, 40,   15.000, 0.50,     735.000,  7.9645268832422243E+06,  7.9288220834280327E+06,  7.8928269952356964E+06,  7.8564985700192917E+06,  1.0028036488949579E+02,  4.8023838182802880E+06,  1.7005916674861510E-09, -1.8827108760888223E-09
    1,3, 40,   15.000, 0.50,     750.000,  7.9645157899696538E+06,  7.9288024185897047E+06,  7.8928017882157499E+06,  7.8564713602387048E+06,  1.0029692075052718E+02,  4.8023731479225866E+06, -1.5408616604872805E-09, -3.4235654311487451E-09
    1,3, 40,   15.000, 0.50,     765.000,  7.9645049434052613E+06,  7.9287833330115601E+06,  7.8927772106329612E+06,  7.8564447311170055E+06,  1.0031341235033774E+02,  4.8023627254208429E+06, -2.5804069991863798E-10, -3.6816345527768135E-09
    1,3, 40,   15.000, 0.50,     780.000,  7.9644943912151838E+06,  7.9287647385863736E+06,  7.8927531453067372E+06,  7.8564187132991543E+06,  1.0032975932266815E+02,  4.8023525492083915E+06,  1.0350618140364531E-09, -2.6465727387403604E-09
    1,3, 40,   15.000, 0.50,     795.000,  7.9644841720977454E+06,  7.9287465438447855E+06,  7.8927295501703853E+06,  7.8563932161490535E+06,  1.0034588994455157E+02,  4.8023426165778954E+06, -2.4753177285674610E-10, -2.8941258278791793E-09
    1,3, 40,   15.000, 0.50,     810.000,  7.9644743040140476E+06,  7.9287287231525471E+06,  7.8927065001903754E+06,  7.8563682738460721E+06,  1.0036174399902212E+02,  4.8023329238324706E+06, -1.6097985167107254E-09, -4.5039314500172623E-09
    1,3, 40,   15.000, 0.50,     825.000,  7.9644647887801696E+06,  7.9287113095727796E+06,  7.8926839817863917E+06,  7.8563438799653808E+06,  1.0037725293040813E+02,  4.8023234663094413E+06, -2.4520829811081057E-11, -4.5284309635462705E-09
    1,3, 40,   15.000, 0.50,     840.000,  7.9644556066123610E+06,  7.9286943433172600E+06,  7.8926619240899254E+06,  7.8563199759603012E+06,  1.0039234679848505E+02,  4.8023142383074099E+06,  1.9673791484819958E-09, -2.5610233933548443E-09
    1,3, 40,   15.000, 0.50,     855.000,  7.9644467121245209E+06,  7.9286778202036554E+06,  7.8926403457241515E+06,  7.8562966066965219E+06,  1.0040697689502153E+02,  4.8023052332351105E+06, -6.9037753291922854E-10, -3.2513867154193576E-09
    1,3, 40,   15.000, 0.50,     870.000,  7.9644380569091719E+06,  7.9286616878442131E+06,  7.8926192738786079E+06,  7.8562737392729148E+06,  1.0042111240577039E+02,  4.8022964439048655E+06, -9.3502450226878864E-10, -4.1864041122607887E-09
    1,3, 40,   15.000, 0.50,     885.000,  7.9644296134389602E+06,  7.9286459193416517E+06,  7.8925986634950461E+06,  7.8562513467309671E+06,  1.0043473709444957E+02,  4.8022878627761183E+06,  1.1478391570562962E-09, -3.0385649552044924E-09
    1,3, 40,   15.000, 0.50,     900.000,  7.9644213772233101E+06,  7.9286305427516485E+06,  7.8925784962057313E+06,  7.8562294654997615E+06,  1.0044787276955648E+02,  4.8022794823500998E+06,  1.4557386407432205E-09, -1.5828049981791992E-09
    1,3, 40,   15.000, 0.50,     915.000,  7.9644133559117392E+06,  7.9286155648312541E+06,  7.8925588024918027E+06,  7.8562080517383283E+06,  1.0046058572511291E+02,  4.8022712957888087E+06, -1.1264660315646324E-09, -2.7092710297438316E-09
    1,3, 40,   15.000, 0.50,     930.000,  7.9644055470145466E+06,  7.9286009448958356E+06,  7.8925395624036696E+06,  7.8561871055560065E+06,  1.0047295609942881E+02,  4.8022632973524919E+06, -9.1070262442372041E-10, -3.6200162867316976E-09
    1,3, 40,   15.000, 0.50,     945.000,  7.9643979226312879E+06,  7.9285866606392143E+06,  7.8925207414460769E+06,  7.8561666449417183E+06,  1.0048505098760961E+02,  4.8022554824056476E+06,  2.9693012493225979E-09, -6.5074345911853015E-10
    1,3, 40,   15.000, 0.50,     960.000,  7.9643904521731921E+06,  7.9285727229868267E+06,  7.8925023622968774E+06,  7.8561466262590047E+06,  1.0049690849351911E+02,  4.8022478471017536E+06, -2.5233148903680558E-09, -3.1740228223497979E-09
    1,3, 40,   15.000, 0.50,     975.000,  7.9643831324806092E+06,  7.9285591268548891E+06,  7.8924844189079423E+06,  7.8561270655915998E+06,  1.0050851925937401E+02,  4.8022403878099015E+06,  1.2222187706356635E-09, -1.9517756300047040E-09
    1,3, 40,   15.000, 0.50,     990.000,  7.9643759772252841E+06,  7.9285458417179435E+06,  7.8924668723787768E+06,  7.8561079613047130E+06,  1.0051984157232731E+02,  4.8022331005161395E+06,  2.7148416847921908E-10, -1.6802914615254849E-09
    1,3, 40,   15.000, 0.50,    1005.000,  7.9643689903508201E+06,  7.9285328507240415E+06,  7.8924497382128630E+06,  7.8560892798317764E+06,  1.0053085689986473E+02,  4.8022259807546791E+06, -1.9010144569620024E-09, -3.5813627619063482E-09
    1,3, 40,   15.000, 0.50,    1020.000,  7.9643621637015939E+06,  7.9285201605504584E+06,  7.8924330146879489E+06,  7.8560710416896474E+06,  1.0054159422210877E+02,  4.8022190241380967E+06,  2.8498021720224642E-09, -7.3157480073859915E-10
    1,3, 40,   15.000, 0.50,    1035.000,  7.9643554900815114E+06,  7.9285077624296080E+06,  7.8924166626870409E+06,  7.8560532280075569E+06,  1.0055209546304206E+02,  4.8022122268107319E+06, -3.4261731229889847E-09, -4.1577550291549414E-09
    1,3, 40,   15.000, 0.50,    1050.000,  7.9643489708003616E+06,  7.9284956305279071E+06,  7.8924006937017851E+06,  7.8560358187708175E+06,  1.0056237802642646E+02,  4.8022055853619035E+06,  5.9434768218125100E-10, -3.5634002415463328E-09
    1,3, 40,   15.000, 0.50,    1065.000,  7.9643426068670824E+06,  7.9284837666143952E+06,  7.8923851054920694E+06,  7.8560188304070951E+06,  1.0057243018106074E+02,  4.8021990964234592E+06, -4.4801140575145837E-10, -4.0114400690072216E-09
    1,3, 40,   15.000, 0.50,    1080.000,  7.9643363854437685E+06,  7.9284721822536485E+06,  7.8923698609020710E+06,  7.8560022340849526E+06,  1.0058223374473968E+02,  4.8021927564029032E+06,  4.9399062618249445E-10, -3.5174707591068000E-09
    1,3, 40,   15.000, 0.50,    1095.000,  7.9643302932076696E+06,  7.9284608592420239E+06,  7.8923549707078896E+06,  7.8559860219545951E+06,  1.0059179675348386E+02,  4.8021865616316414E+06,  1.4376553281181259E-09, -2.0797870092792436E-09
    1,3, 40,   15.000, 0.50,    1110.000,  7.9643243372661909E+06,  7.9284497877476988E+06,  7.8923404315392999E+06,  7.8559701998723205E+06,  1.0060115207586092E+02,  4.8021805087478608E+06, -6.4728311599537847E-10, -2.7271198632661253E-09
    1,3, 40,   15.000, 0.50,    1125.000,  7.9643185264321314E+06,  7.9284389795780852E+06,  7.8923262112766625E+06,  7.8559547369887671E+06,  1.0061031293111263E+02,  4.8021745947354147E+06,  1.6301129335261066E-09, -1.0969642971758731E-09
    1,3, 40,   15.000, 0.50,    1140.000,  7.9643128486605817E+06,  7.9284284212459140E+06,  7.8923123226273730E+06,  7.8559396348523777E+06,  1.0061926037029059E+02,  4.8021688165351730E+06, -2.2612240968555852E-09, -3.3581954994588159E-09
    1,3, 40,   15.000, 0.50,    1155.000,  7.9643072922908692E+06,  7.9284180934474627E+06,  7.8922987612822196E+06,  7.8559248876914456E+06,  1.0062798806661472E+02,  4.8021631708984515E+06,  1.6960157722678559E-09, -1.6622152543277480E-09
    1,3, 40,   15.000, 0.50,    1170.000,  7.9643018621842219E+06,  7.9284080043292558E+06,  7.8922855011198074E+06,  7.8559104693817105E+06,  1.0063651957039492E+02,  4.8021576547057284E+06, -6.3793947902013315E-10, -2.3001121007837355E-09
    1,3, 40,   15.000, 0.50,    1185.000,  7.9642965595401600E+06,  7.9283981514904164E+06,  7.8922725545084113E+06,  7.8558963873224789E+06,  1.0064487027725228E+02,  4.8021522651295858E+06, -7.8586026575067081E-12, -2.3079564925865270E-09
    1,3, 40,   15.000, 0.50,    1200.000,  7.9642913761119172E+06,  7.9283885187299326E+06,  7.8922599117202973E+06,  7.8558826284912238E+06,  1.0065303088484175E+02,  4.8021469993882999E+06, -1.5732553038105834E-09, -3.8812686398159713E-09
    1,3, 40,   15.000, 0.50,    1215.000,  7.9642863100708062E+06,  7.9283791091172379E+06,  7.8922475496432269E+06,  7.8558691770874849E+06,  1.0066099551554363E+02,  4.8021418545863042E+06,  1.3926069186709356E-09, -2.4886048777261749E-09
    1,3, 40,   15.000, 0.50,    1230.000,  7.9642813627270050E+06,  7.9283699219140876E+06,  7.8922354786382699E+06,  7.8558560419004960E+06,  1.0066877717049798E+02,  4.8021368278814498E+06,  3.5603164860731340E-10, -2.1325377019820735E-09
    1,3, 40,   15.000, 0.50,    1245.000,  7.9642765281822123E+06,  7.9283609407009007E+06,  7.8922236853491189E+06,  7.8558432059539454E+06,  1.0067638933264485E+02,  4.8021319166302225E+06, -9.4254914984048810E-10, -3.0751152735319920E-09
    1,3, 40,   15.000, 0.50,    1260.000,  7.9642718017580677E+06,  7.9283521635833560E+06,  7.8922121533658057E+06,  7.8558306627062429E+06,  1.0068382939556197E+02,  4.8021271182706840E+06,  2.0385471088957274E-11, -3.0547653295798227E-09
    1,3, 40,   15.000, 0.50,    1275.000,  7.9642671858907798E+06,  7.9283435935391206E+06,  7.8922008940390106E+06,  7.8558184154535029E+06,  1.0069109099555469E+02,  4.8021224301736169E+06, -5.5224802508746507E-10, -3.6070559872314334E-09
    1,3, 40,   15.000, 0.50,    1290.000,  7.9642626794037102E+06,  7.9283352194985375E+06,  7.8921898927974794E+06,  7.8558064440023685E+06,  1.0069818368400084E+02,  4.8021178497337140E+06,  4.9150372660733410E-10, -3.1155877877608873E-09
    1,3, 40,   15.000, 0.50,    1305.000,  7.9642582742985142E+06,  7.9283270356061533E+06,  7.8921791378748426E+06,  7.8557947474377612E+06,  1.0070512117759239E+02,  4.8021133745201761E+06,  1.2680345662374748E-10, -2.9888269637012854E-09
    1,3, 40,   15.000, 0.50,    1320.000,  7.9642539681151733E+06,  7.9283190424170950E+06,  7.8921686372186588E+06,  7.8557833230768945E+06,  1.0071189949873686E+02,  4.8021090021752501E+06,  1.5310277490243607E-09, -1.4578063201042823E-09
    1,3, 40,   15.000, 0.50,    1335.000,  7.9642497645443892E+06,  7.9283112315950803E+06,  7.8921583746256577E+06,  7.8557721543061808E+06,  1.0071851320829474E+02,  4.8021047302705506E+06, -2.2413217948269448E-09, -3.6991423257859424E-09
    1,3, 40,   15.000, 0.50,    1350.000,  7.9642456595477024E+06,  7.9283035976911578E+06,  7.8921483438774571E+06,  7.8557612453747438E+06,  1.0072497552213605E+02,  4.8021005564360293E+06,  4.4565950929609244E-10, -3.2534899219172075E-09
    1,3, 40,   15.000, 0.50,    1365.000,  7.9642416452093795E+06,  7.9282961421602163E+06,  7.8921385506190937E+06,  7.8557505888008056E+06,  1.0073129570753676E+02,  4.8020964784702528E+06,  1.0179093123952043E-09, -2.2355379769578576E-09
    1,3, 40,   15.000, 0.50,    1380.000,  7.9642377230761517E+06,  7.9282888582006171E+06,  7.8921289782524388E+06,  7.8557401724475427E+06,  1.0073746601254970E+02,  4.8020924941831548E+06,  1.3014158639634843E-09, -9.3416474555851892E-10
    1,3, 40,   15.000, 0.50,    1395.000,  7.9642338944754759E+06,  7.9282817382613411E+06,  7.8921196237678397E+06,  7.8557299996358790E+06,  1.0074348843000152E+02,  4.8020886013414720E+06, -1.9035297782465932E-09, -2.8377371563692577E-09
    1,3, 40,   15.000, 0.50,    1410.000,  7.9642301520974180E+06,  7.9282747835829314E+06,  7.8921104889624091E+06,  7.8557200582172740E+06,  1.0074937705075212E+02,  4.8020847978325775E+06, -1.7028867205226561E-10, -3.0080400392762385E-09
    1,3, 40,   15.000, 0.50,    1425.000,  7.9642264935640357E+06,  7.9282679903200595E+06,  7.8921015588711677E+06,  7.8557103421912016E+06,  1.0075513233919314E+02,  4.8020810816530008E+06, -1.2918306424580805E-09, -4.2998635763069615E-09
    1,3, 40,   15.000, 0.50,    1440.000,  7.9642229213199802E+06,  7.9282613506736010E+06,  7.8920928346884344E+06,  7.8557008539578412E+06,  1.0076074943610236E+02,  4.8020774507663166E+06,  1.1119141163362656E-09, -3.1880063033895567E-09
    1,3, 40,   15.000, 0.50,    1455.000,  7.9642194308785265E+06,  7.9282548641965436E+06,  7.8920843149967268E+06,  7.8556915805379283E+06,  1.0076623739331302E+02,  4.8020739031675374E+06,  1.8315660099688102E-10, -3.0048568078200333E-09
    1,3, 40,   15.000, 0.50,    1470.000,  7.9642160187531700E+06,  7.9282485275828866E+06,  7.8920759857473047E+06,  7.8556825199157111E+06,  1.0077160383155550E+02,  4.8020704369767234E+06, -5.5446491842303658E-10, -3.5593075153883547E-09
    1,3, 40,   15.000, 0.50,    1485.000,  7.9642126864985097E+06,  7.9282423341304511E+06,  7.8920678492683554E+06,  7.8556736701370552E+06,  1.0077684497982217E+02,  4.8020670503428103E+06,  1.6347811993000505E-09, -1.9244907889515162E-09
    1,3, 40,   15.000, 0.50,    1500.000,  7.9642094307032730E+06,  7.9282362841211911E+06,  7.8920599016652638E+06,  7.8556650193551416E+06,  1.0078196270163134E+02,  4.8020637414004197E+06, -1.5071748293848941E-09, -3.4316371966269799E-09
    1,3, 40,   15.000, 0.50,    1515.000,  7.9642062480163872E+06,  7.9282303741415646E+06,  7.8920521324175568E+06,  7.8556565690447111E+06,  1.0078696570232587E+02,  4.8020605083634518E+06,  2.3951542971190065E-09, -1.0364828995079733E-09
    1,3, 40,   15.000, 0.50,    1530.000,  7.9642031398996506E+06,  7.9282245969237695E+06,  7.8920445445266441E+06,  7.8556483142184680E+06,  1.0079185503570754E+02,  4.8020573495189855E+06, -1.5717773749202024E-09, -2.6082034310093150E-09
    1,3, 40,   15.000, 0.50,    1545.000,  7.9642001032104334E+06,  7.9282189534823317E+06,  7.8920371310982406E+06,  7.8556402457145918E+06,  1.0079662890314823E+02,  4.8020542631485267E+06, -2.4472512905049371E-10, -2.8529711926239543E-09
    1,3, 40,   15.000, 0.50,    1560.000,  7.9641971341839628E+06,  7.9282134412527774E+06,  7.8920298843349535E+06,  7.8556323650165126E+06,  1.0080129290306979E+02,  4.8020512475620713E+06, -1.9877930412803835E-09, -4.8407855501864105E-09
    1,3, 40,   15.000, 0.50,    1575.000,  7.9641942347222995E+06,  7.9282080525670527E+06,  7.8920228072422054E+06,  7.8556246642892994E+06,  1.0080585220938703E+02,  4.8020483011504170E+06,  2.2207089500625443E-09, -2.6200268621323630E-09
    1,3, 40,   15.000, 0.50,    1590.000,  7.9641914026504559E+06,  7.9282027881995933E+06,  7.8920158917545155E+06,  7.8556171385467425E+06,  1.0081030564452874E+02,  4.8020454223343218E+06,  4.5094594725014758E-10, -2.1690311768907122E-09
    1,3, 40,   15.000, 0.50,    1605.000,  7.9641886333604772E+06,  7.9281976463512909E+06,  7.8920091327947052E+06,  7.8556097887215456E+06,  1.0081465486242747E+02,  4.8020426095381230E+06, -9.3455554406318697E-10, -3.1035369829623960E-09
    1,3, 40,   15.000, 0.50,    1620.000,  7.9641859283453235E+06,  7.9281926201966750E+06,  7.8920025319305528E+06,  7.8556026054757899E+06,  1.0081890613366321E+02,  4.8020398612455931E+06, -6.3560179341948242E-10, -3.7391600926639512E-09
    1,3, 40,   15.000, 0.50,    1635.000,  7.9641832868397897E+06,  7.9281877101010503E+06,  7.8919960807183590E+06,  7.8555955864364263E+06,  1.0082306070770657E+02,  4.8020371759969033E+06,  6.6080474425689317E-13, -3.7384779716376215E-09
    1,3, 40,   15.000, 0.50,    1650.000,  7.9641807040239731E+06,  7.9281829136939468E+06,  7.8919897768215118E+06,  7.8555887306533353E+06,  1.0082711749160079E+02,  4.8020345523333987E+06,  5.8680882375483634E-10, -3.1516265153186396E-09
    1,3, 40,   15.000, 0.50,    1665.000,  7.9641781803241437E+06,  7.9281782251948370E+06,  7.8919836199685792E+06,  7.8555820298592271E+06,  1.0083108146064306E+02,  4.8020319888255429E+06,  2.3012916017250973E-09, -8.5037754615768790E-10
    1,3, 40,   15.000, 0.50,    1680.000,  7.9641757161873085E+06,  7.9281736455045324E+06,  7.8919776018672688E+06,  7.8555754837899869E+06,  1.0083495640586237E+02,  4.8020294841095405E+06, -1.1730918458852102E-09, -2.0235120246070437E-09
    1,3, 40,   15.000, 0.50,    1695.000,  7.9641733074613335E+06,  7.9281691715511717E+06,  7.8919717222954165E+06,  7.8555690887311343E+06,  1.0083874061175926E+02,  4.8020270368371718E+06, -8.6902218754403293E-10, -2.8925342121510766E-09
    1,3, 40,   15.000, 0.50,    1710.000,  7.9641709532986330E+06,  7.9281647980197249E+06,  7.8919659794072974E+06,  7.8555628380418206E+06,  1.0084243699198296E+02,  4.8020246456692014E+06,  1.5590657653774542E-09, -1.3334329196368344E-09
    1,3, 40,   15.000, 0.50,    1725.000,  7.9641686544771614E+06,  7.9281605263161538E+06,  7.8919603656806694E+06,  7.8555567325984864E+06,  1.0084605088667249E+02,  4.8020223093282906E+06, -6.7097971623297781E-10, -2.0044126358698122E-09
    1,3, 40,   15.000, 0.50,    1740.000,  7.9641664079220314E+06,  7.9281563530815570E+06,  7.8919548817567434E+06,  7.8555507670604773E+06,  1.0084958113600104E+02,  4.8020200265684593E+06, -1.3383782970777247E-09, -3.3428477763663977E-09
    1,3, 40,   15.000, 0.50,    1755.000,  7.9641642120310692E+06,  7.9281522734408453E+06,  7.8919495245209122E+06,  7.8555449368367866E+06,  1.0085302846870529E+02,  4.8020177961404966E+06,  1.9747190549423976E-09, -1.3681074051419273E-09
    1,3, 40,   15.000, 0.50,    1770.000,  7.9641620673882812E+06,  7.9281482889021300E+06,  7.8919442882052027E+06,  7.8555392421461297E+06,  1.0085639857810557E+02,  4.8020156168433456E+06, -2.1254535909065453E-09, -3.4935965231852606E-09
    1,3, 40,   15.000, 0.50,    1785.000,  7.9641599719304489E+06,  7.9281443960791538E+06,  7.8919391734313108E+06,  7.8555336769318441E+06,  1.0085969162693536E+02,  4.8020134875198836E+06,  1.6871126717887819E-10, -3.3248852560063824E-09
    1,3, 40,   15.000, 0.50,    1800.000,  7.9641579238088233E+06,  7.9281405907768011E+06,  7.8919341757303830E+06,  7.8555282390523357E+06,  1.0086290695504344E+02,  4.8020114070092486E+06,  2.3005242155704764E-10, -3.0947830964578316E-09
    2,3, 40,   60.000, 0.50,       0.000,  7.9647703722856510E+06,  7.9293842236631857E+06,  7.8938394491982115E+06,  7.8581338963495167E+06,  1.0000000000000000E+02,  4.8027768277280563E+06,  0.0000000000000000E+00,  0.0000000000000000E+00
    2,3, 40,   60.000, 0.50,      60.000,  7.9647703703792505E+06,  7.9293841863538045E+06,  7.8938387190287663E+06,  7.8581195678145951E+06,  1.0000000033675947E+02,  4.8027760935858991E+06, -4.4605599214264657E-09, -4.4605599214264657E-09
    2,3, 40,   60.000, 0.50,     120.000,  7.9647703370411173E+06,  7.9293837092356496E+06,  7.8938328315638555E+06,  7.8580717455775598E+06,  1.0000000768014772E+02,  4.8027724949290669E+06,  4.9217874220630620E-10, -3.9683811792201595E-09
    2,3, 40,   60.000, 0.50,     180.000,  7.9647700700186454E+06,  7.9293809694368578E+06,  7.8938119588226266E+06,  7.8579849194865888E+06,  1.0000008190767682E+02,  4.8027634496504040E+06,  2.4370194751099916E-09, -1.5313617041101679E-09
    2,3, 40,   60.000, 0.50,     240.000,  7.9647687719885334E+06,  7.9293715741604166E+06,  7.8937672978866752E+06,  7.8578587348955963E+06,  1.0000054279768233E+02,  4.8027469204252632E+06, -1.5956231891323114E-09, -3.1269848932424793E-09
    2,3, 40,   60.000, 0.50,     300.000,  7.9647644832260767E+06,  7.9293497484513288E+06,  7.8936974153178865E+06,  7.8576982704041023E+06,  1.0000250799535640E+02,  4.8027216472039707E+06,  6.8092731453361921E-10, -2.4460575787088601E-09
    2,3, 40,   60.000, 0.50,     360.000,  7.9647542076211935E+06,  7.9293119843998011E+06,  7.8936038112154668E+06,  7.8575124124061158E+06,  1.0000861169256534E+02,  4.8026873455396928E+06,  6.1135096984799020E-11, -2.3849224817240611E-09
    2,3, 40,   60.000, 0.50,     420.000,  7.9647354101636969E+06,  7.9292582792863967E+06,  7.8934888370460467E+06,  7.8573133832397992E+06,  1.0002295581606499E+02,  4.8026448405312523E+06,  6.3661786953161936E-10, -1.7483046121924417E-09
    2,3, 40,   60.000, 0.50,     480.000,  7.9647076205973644E+06,  7.9291898223759700E+06,  7.8933591080838609E+06,  7.8571150323664602E+06,  1.0004930431850744E+02,  4.8025960563015882E+06, -1.2936425264342688E-09, -3.0419471386267105E-09
    2,3, 40,   60.000, 0.50,     540.000,  7.9646721187217506E+06,  7.9291089037296372E+06,  7.8932225532531189E+06,  7.8569315933324937E+06,  1.0008864294631698E+02,  4.8025437936168741E+06,  1.2699956641881727E-09, -1.7719514744385378E-09
    2,3, 40,   60.000, 0.50,     600.000,  7.9646306166423941E+06,  7.9290204418247920E+06,  7.8930875564933689E+06,  7.8567762877814388E+06,  1.0013902517745032E+02,  4.8024913578128414E+06, -1.3123724329489050E-09, -3.0843239073874429E-09
    2,3, 40,   60.000, 0.50,     660.000,  7.9645852930254564E+06,  7.9289302738381010E+06,  7.8929631397375725E+06,  7.8566454493914908E+06,  1.0019775669881302E+02,  4.8024414612691300E+06,  6.7578298512671608E-10, -2.4085693439701572E-09
    2,3, 40,   60.000, 0.50,     720.000,  7.9645391833963012E+06,  7.9288436825321391E+06,  7.8928529854889037E+06,  7.8565273949872442E+06,  1.0026212485896181E+02,  4.8023952577158622E+06, -9.9967678579560015E-10, -3.4082177080563270E-09
    2,3, 40,   60.000, 0.50,     780.000,  7.9644952716231551E+06,  7.9287649607078871E+06,  7.8927542572353771E+06,  7.8564196604141975E+06,  1.0032808968136031E+02,  4.8023529641520726E+06,  6.4827077039808501E-10, -2.7599753593676724E-09
    2,3, 40,   60.000, 0.50,     840.000,  7.9644556601113165E+06,  7.9286948484046394E+06,  7.8926629270308204E+06,  7.8563208829519423E+06,  1.0039093782413966E+02,  4.8023145349772377E+06,  1.3866952031094115E-10, -2.6212774173473008E-09
    2,3, 40,   60.000, 0.50,     900.000,  7.9644211258163033E+06,  7.9286312142538074E+06,  7.8925789825376794E+06,  7.8562302709700065E+06,  1.0044769736705317E+02,  4.8022796940329717E+06, -1.7313936950813513E-09, -4.3526711124286521E-09
    2,3, 40,   60.000, 0.50,     960.000,  7.9643906045134803E+06,  7.9285730038951375E+06,  7.8925031145987697E+06,  7.8561473610875886E+06,  1.0049756926384870E+02,  4.8022480520318998E+06,  9.9907992989756167E-10, -3.3535343391122296E-09
    2,3, 40,   60.000, 0.50,    1020.000,  7.9643624990802556E+06,  7.9285203042382784E+06,  7.8924334315989614E+06,  7.8560715774377054E+06,  1.0054144974784562E+02,  4.8022192226022501E+06, -5.7755755733523984E-10, -3.9310634747380391E-09
    2,3, 40,   60.000, 0.50,    1080.000,  7.9643365236406988E+06,  7.9284725403573383E+06,  7.8923701074189320E+06,  7.8560026428808374E+06,  1.0058156689284347E+02,  4.8021929131014720E+06,  1.2334453458606731E-09, -2.6975612854585052E-09
    2,3, 40,   60.000, 0.50,    1140.000,  7.9643129408263573E+06,  7.9284287311301641E+06,  7.8923127313171951E+06,  7.8559398607930504E+06,  1.0061908201254791E+02,  4.8021689325686339E+06,  2.2708945834892802E-10, -2.4704149836907163E-09
    2,3, 40,   60.000, 0.50,    1200.000,  7.9642914904270042E+06,  7.9283886513600051E+06,  7.8922600414175764E+06,  7.8558828674196033E+06,  1.0065310411649554E+02,  4.8021470981525034E+06, -1.8610819552122848E-09, -4.3314685171935707E-09
    2,3, 40,   60.000, 0.50,    1260.000,  7.9642718912943713E+06,  7.9283523328396371E+06,  7.8922123926624581E+06,  7.8558308417229680E+06,  1.0068358045205203E+02,  4.8021271986895604E+06,  6.0762772591260727E-10, -3.7238123695715331E-09
    2,3, 40,   60.000, 0.50,    1320.000,  7.9642540282014571E+06,  7.9283191338698380E+06,  7.8921687690024143E+06,  7.8557835171843292E+06,  1.0071169683611342E+02,  4.8021090570082050E+06, -3.8758685150241945E-10, -4.1113707993645221E-09
    2,3, 40,   60.000, 0.50,    1380.000,  7.9642377600161396E+06,  7.9282888935554298E+06,  7.8921290300241848E+06,  7.8557402608744977E+06,  1.0073750689887804E+02,  4.8020925331202568E+06,  2.1232438029983314E-09, -1.9881554180756211E-09
    2,3, 40,   60.000, 0.50,    1440.000,  7.9642229396861391E+06,  7.9282614663501652E+06,  7.8920929692104850E+06,  7.8557009403040884E+06,  1.0076071323531468E+02,  4.8020774797242815E+06, -1.1627605545072583E-09, -3.1509443942923099E-09
    2,3, 40,   60.000, 0.50,    1500.000,  7.9642094410046600E+06,  7.9282362700786339E+06,  7.8920598866785532E+06,  7.8556650395524148E+06,  1.0078188530053384E+02,  4.8020637576803574E+06,  5.1056758820777759E-10, -2.6403768060845323E-09
    2,3, 40,   60.000, 0.50,    1560.000,  7.9641971568387505E+06,  7.9282134465500601E+06,  7.8920299417330176E+06,  7.8556324031717423E+06,  1.0080131838881688E+02,  4.8020512537910370E+06, -9.3999119599175174E-10, -3.5803395803668536E-09
    2,3, 40,   60.000, 0.50,    1620.000,  7.9641859237687541E+06,  7.9281926646438697E+06,  7.8920025021506073E+06,  7.8556025980157573E+06,  1.0081892317087264E+02,  4.8020398610378271E+06, -6.0427396419981960E-10, -4.1845851228572428E-09
    2,3, 40,   60.000, 0.50,    1680.000,  7.9641756957717361E+06,  7.9281735796196908E+06,  7.8919775863646232E+06,  7.8555754624090260E+06,  1.0083493145464145E+02,  4.8020294766765926E+06,  8.3872464529122226E-11, -4.1006842366186902E-09
    2,3, 40,   60.000, 0.50,    1740.000,  7.9641664155270150E+06,  7.9281563604867933E+06,  7.8919548750050897E+06,  7.8555507297232617E+06,  1.0084960865024543E+02,  4.8020200128797395E+06,  3.0581759347114712E-10, -3.7948666431475431E-09
    2,3, 40,   60.000, 0.50,    1800.000,  7.9641578940674318E+06,  7.9281405562243117E+06,  7.8919340969228400E+06,  7.8555281947607463E+06,  1.0086296028379161E+02,  4.8020113899477618E+06,  1.1549161627044668E-09, -2.6399220587336458E-09
    3,3, 40,   15.000, 0.65,       0.000,  7.9647703722856510E+06,  7.9293842236631857E+06,  7.8938394491982115E+06,  7.8581338963495167E+06,  1.0000000000000000E+02,  4.8027768277280563E+06,  0.0000000000000000E+00,  0.0000000000000000E+00
    3,3, 40,   15.000, 0.65,      15.000,  7.9647703722856510E+06,  7.9293842236630255E+06,  7.8938394488578569E+06,  7.8581331707542669E+06,  1.0000000000000017E+02,  4.8027768127000565E+06, -1.8286350205332785E-09, -1.8286350211837998E-09
    3,3, 40,   15.000, 0.65,      30.000,  7.9647703722856482E+06,  7.9293842236592127E+06,  7.8938394442413449E+06,  7.8581307631078335E+06,  1.0000000000000000E+02,  4.8027767445887160E+06, -1.9669421646995033E-09, -3.7955771858833032E-09
    3,3, 40,   15.000, 0.65,      45.000,  7.9647703722856063E+06,  7.9293842236151993E+06,  7.8938394143212410E+06,  7.8581264709308986E+06,  9.9999999999999929E+01,  4.8027765775739728E+06,  7.9834805433165457E-10, -2.9972291315516486E-09
    3,3, 40,   15.000, 0.65,      60.000,  7.9647703722851407E+06,  7.9293842232869286E+06,  7.8938392906125169E+06,  7.8581201934698736E+06,  1.0000000000000163E+02,  4.8027762664455296E+06, -1.1053593700072195E-09, -4.1025884911505273E-09
    3,3, 40,   15.000, 0.65,      75.000,  7.9647703722814573E+06,  7.9293842215084722E+06,  7.8938389221612504E+06,  7.8581117408872396E+06,  1.0000000000002191E+02,  4.8027757668816065E+06,  4.0490639313661703E-10, -3.6976821604639554E-09
    3,3, 40,   15.000, 0.65,      90.000,  7.9647703722586269E+06,  7.9293842140450878E+06,  7.8938380727673927E+06,  7.8581010100463117E+06,  1.0000000000019531E+02,  4.8027750357221868E+06, -3.2354584289517874E-11, -3.7300367239367915E-09
    3,3, 40,   15.000, 0.65,     105.000,  7.9647703721436514E+06,  7.9293841887683105E+06,  7.8938364744173735E+06,  7.8580879076750893E+06,  1.0000000000134969E+02,  4.8027740312351268E+06, -1.4159090844234612E-09, -5.1459458916269796E-09
    3,3, 40,   15.000, 0.65,     120.000,  7.9647703716597827E+06,  7.9293841176437633E+06,  7.8938339033340877E+06,  7.8580723542525666E+06,  1.0000000000779588E+02,  4.8027727133734915E+06,  2.6590143420435197E-09, -2.4869315495834599E-09
    3,3, 40,   15.000, 0.65,     135.000,  7.9647703699230757E+06,  7.9293839475820726E+06,  7.8938302138106180E+06,  7.8580543019427704E+06,  1.0000000003868881E+02,  4.8027710440226011E+06, -1.1213820150235421E-09, -3.6083136478737288E-09
    3,3, 40,   15.000, 0.65,     150.000,  7.9647703645227952E+06,  7.9293835954095982E+06,  7.8938253122917777E+06,  7.8580337207145942E+06,  1.0000000016750840E+02,  4.8027689872356569E+06,  1.5339127190650004E-09, -2.0744010953421821E-09
    3,3, 40,   15.000, 0.65,     165.000,  7.9647703497894984E+06,  7.9293829525849670E+06,  7.8938191178517481E+06,  7.8580106013129586E+06,  1.0000000064053113E+02,  4.8027665094573172E+06, -5.8047797124594069E-10, -2.6548789833213959E-09
    3,3, 40,   15.000, 0.65,     180.000,  7.9647703141418286E+06,  7.9293819002457326E+06,  7.8938115505691105E+06,  7.8579849565649061E+06,  1.0000000218507225E+02,  4.8027635797362160E+06, -2.2249224684856017E-10, -2.8773712301699561E-09
    3,3, 40,   15.000, 0.65,     195.000,  7.9647702369186729E+06,  7.9293803274973147E+06,  7.8938025404159566E+06,  7.8579568185526282E+06,  1.0000000670616538E+02,  4.8027601699298639E+06,  8.9151425131106521E-10, -1.9858568123254372E-09
    3,3, 40,   15.000, 0.65,     210.000,  7.9647700857955413E+06,  7.9293781427954249E+06,  7.8937920325439619E+06,  7.8579262389752977E+06,  1.0000001865177273E+02,  4.8027562549093449E+06,  3.0169627907028485E-10, -1.6841603667216987E-09
    3,3, 40,   15.000, 0.65,     225.000,  7.9647698162595164E+06,  7.9293752737724846E+06,  7.8937799851159966E+06,  7.8578932885462539E+06,  1.0000004731483727E+02,  4.8027518127753800E+06, -1.0371579151069454E-09, -2.7213182818286441E-09
    3,3, 40,   15.000, 0.65,     240.000,  7.9647693741231989E+06,  7.9293716599001111E+06,  7.8937663677554522E+06,  7.8578580558965262E+06,  1.0000011011684406E+02,  4.8027468250992801E+06,  4.6438586309704988E-10, -2.2569324187315942E-09
    3,3, 40,   15.000, 0.65,     255.000,  7.9647687006646339E+06,  7.9293672460738905E+06,  7.8937511622821707E+06,  7.8578206469815085E+06,  1.0000023641968113E+02,  4.8027412771982448E+06,  3.5939573539423009E-10, -1.8975399029841356E-09
    3,3, 40,   15.000, 0.65,     270.000,  7.9647677384992894E+06,  7.9293619811298382E+06,  7.8937343630055990E+06,  7.8577811841601720E+06,  1.0000047076498872E+02,  4.8027351584415026E+06, -1.3754933303466998E-09, -3.2730298471506103E-09
    3,3, 40,   15.000, 0.65,     285.000,  7.9647664358826969E+06,  7.9293558194792485E+06,  7.8937159762905939E+06,  7.8577398051875420E+06,  1.0000087401249885E+02,  4.8027284625632036E+06,  5.8832227978200535E-10, -2.6847075673686049E-09
    3,3, 40,   15.000, 0.65,     300.000,  7.9647647482520686E+06,  7.9293487225434091E+06,  7.8936960203125440E+06,  7.8576966622278374E+06,  1.0000152110119571E+02,  4.8027211879376331E+06,  9.2395763262587138E-10, -1.7607533209229587E-09
    3,3, 40,   15.000, 0.65,     315.000,  7.9647626376025556E+06,  7.9293406589509752E+06,  7.8936745249116644E+06,  7.8576519207405131E+06,  1.0000249527547687E+02,  4.8027133377642557E+06, -2.9356431729965493E-09, -4.6963961608526006E-09
    3,3, 40,   15.000, 0.65,     330.000,  7.9647600713313231E+06,  7.9293316043648580E+06,  7.8936515312747173E+06,  7.8576057583110528E+06,  1.0000388019360581E+02,  4.8027049201231990E+06,  2.7449796879963628E-09, -1.9514203586368239E-09
    3,3, 40,   15.000, 0.65,     345.000,  7.9647570217990074E+06,  7.9293215416264171E+06,  7.8936270915469388E+06,  7.8575583634340260E+06,  1.0000575245412533E+02,  4.8026959478940228E+06, -8.2521689481751537E-10, -2.7766304810938891E-09
    3,3, 40,   15.000, 0.65,     360.000,  7.9647534666958936E+06,  7.9293104610946858E+06,  7.8936012684330884E+06,  7.8575099342294419E+06,  1.0000817692137586E+02,  4.8026864385674633E+06,  6.3557270557623724E-10, -2.1410642148111947E-09
    3,3, 40,   15.000, 0.65,     375.000,  7.9647493895174563E+06,  7.9292983609188562E+06,  7.8935741347415298E+06,  7.8574606771144820E+06,  1.0001120578161151E+02,  4.8026764140013279E+06, -2.9061264505969575E-10, -2.4316761937370757E-09
    3,3, 40,   15.000, 0.65,     390.000,  7.9647447795544416E+06,  7.9292852472363133E+06,  7.8935457728773504E+06,  7.8574108054350242E+06,  1.0001488042573186E+02,  4.8026659001681358E+06, -3.3449931713391834E-10, -2.7661712920235004E-09
    3,3, 40,   15.000, 0.65,     405.000,  7.9647396313672587E+06,  7.9292711343494877E+06,  7.8935162743080715E+06,  7.8573605380617119E+06,  1.0001923421385276E+02,  4.8026549269183930E+06,  1.8887333919082039E-09, -8.7743501353543252E-10
    3,3, 40,   15.000, 0.65,     420.000,  7.9647339440927627E+06,  7.9292560448320946E+06,  7.8934857390028695E+06,  7.8573100979630044E+06,  1.0002429445551290E+02,  4.8026435277571185E+06, -1.2174968810896303E-09, -2.0949357804056490E-09
    3,3, 40,   15.000, 0.65,     435.000,  7.9647277209087852E+06,  7.9292400094837230E+06,  7.8934542748477170E+06,  7.8572597107646205E+06,  1.0003008305670839E+02,  4.8026317396172900E+06,  4.7035375594361994E-11, -2.0478978512983304E-09
    3,3, 40,   15.000, 0.65,     450.000,  7.9647209687674763E+06,  7.9292230671002567E+06,  7.8934219970399616E+06,  7.8572096033067545E+06,  1.0003661628085803E+02,  4.8026196026153909E+06, -4.6747050674866841E-12, -2.0525590116449166E-09
    3,3, 40,   15.000, 0.65,     465.000,  7.9647136983410316E+06,  7.9292052640720783E+06,  7.8933890274557788E+06,  7.8571600022122944E+06,  1.0004390434765391E+02,  4.8026071597838709E+06, -1.2065516363790607E-09, -3.2591174203844275E-09
    3,3, 40,   15.000, 0.65,     480.000,  7.9647059240627522E+06,  7.9291866538509261E+06,  7.8933554939773390E+06,  7.8571111324784858E+06,  1.0005195127450239E+02,  4.8025944567831140E+06, -1.2152167050416551E-09, -4.4743444505002117E-09
    3,3, 40,   15.000, 0.65,     495.000,  7.9646976641532322E+06,  7.9291672963506263E+06,  7.8933215297645340E+06,  7.8570632161034672E+06,  1.0006075495583838E+02,  4.8025815415977156E+06,  2.4765466344334186E-09, -1.9977903775725281E-09
    3,3, 40,   15.000, 0.65,     510.000,  7.9646889405642990E+06,  7.9291472573508220E+06,  7.8932872724577431E+06,  7.8570164707560772E+06,  1.0007030731790066E+02,  4.8025684642203460E+06, -4.6252779384303722E-10, -2.4603252768429229E-09
    3,3, 40,   15.000, 0.65,     525.000,  7.9646797788314279E+06,  7.9291266079470655E+06,  7.8932528633067273E+06,  7.8569711084924424E+06,  1.0008059445680745E+02,  4.8025552763248710E+06, -8.1957229891571615E-10, -3.2798936899780529E-09
    3,3, 40,   15.000, 0.65,     540.000,  7.9646702078674668E+06,  7.9291054240518427E+06,  7.8932184462341657E+06,  7.8569273345173784E+06,  1.0009159677158422E+02,  4.8025420309300050E+06,  2.6134934216770489E-09, -6.6640382101468276E-10
    3,3, 40,   15.000, 0.65,     555.000,  7.9646602597355973E+06,  7.9290837859212933E+06,  7.8931841668553557E+06,  7.8568853459839392E+06,  1.0010328913012606E+02,  4.8025287820553556E+06, -1.7382252304187773E-09, -2.4046187263593310E-09
    3,3, 40,   15.000, 0.65,     570.000,  7.9646499694187362E+06,  7.9290617776730563E+06,  7.8931501714831460E+06,  7.8568453308226038E+06,  1.0011564107886885E+02,  4.8025155843721060E+06, -2.8813673669247919E-10, -2.6927295948553365E-09
    3,3, 40,   15.000, 0.65,     585.000,  7.9646393745828578E+06,  7.9290394867709177E+06,  7.8931166061460525E+06,  7.8568074665940031E+06,  1.0012861708591920E+02,  4.8025024928504629E+06,  1.1354085449610807E-09, -1.5573391465295572E-09
    3,3, 40,   15.000, 0.65,     600.000,  7.9646285153269349E+06,  7.9290170034710309E+06,  7.8930836156381518E+06,  7.8567719193657646E+06,  1.0014217680918549E+02,  4.8024895624060510E+06, -1.5182376467137715E-09, -3.0755700208828785E-09
    3,3, 40,   15.000, 0.65,     615.000,  7.9646174339172170E+06,  7.9289944202394634E+06,  7.8930513422676297E+06,  7.8567381164807901E+06,  1.0015627538892664E+02,  4.8024768325193431E+06,  1.8916136435009889E-09, -1.1839347280329093E-09
    3,3, 40,   15.000, 0.65,     630.000,  7.9646061745085167E+06,  7.9289718311527446E+06,  7.8930199217365719E+06,  7.8567052397505920E+06,  1.0017086376557378E+02,  4.8024643188868491E+06, -2.3421620198860182E-10, -1.4181296137394384E-09
    3,3, 40,   15.000, 0.65,     645.000,  7.9645947828561366E+06,  7.9289493312687529E+06,  7.8929894688491002E+06,  7.8566732101505278E+06,  1.0018588902109967E+02,  4.8024520283395760E+06,  1.8940831125746627E-09,  4.7594994612154551E-10
    3,3, 40,   15.000, 0.65,     660.000,  7.9645833060205821E+06,  7.9289270158553999E+06,  7.8929600464331741E+06,  7.8566420354811186E+06,  1.0020129474100267E+02,  4.8024399668806586E+06, -2.8839679533376739E-09, -2.4080009097815491E-09
    3,3, 40,   15.000, 0.65,     675.000,  7.9645717920651184E+06,  7.9289049790861737E+06,  7.8929316296161180E+06,  7.8566116185856806E+06,  1.0021702139437922E+02,  4.8024281396366442E+06,  5.9404925423223176E-11, -2.3485995370720048E-09
    3,3, 40,   15.000, 0.65,     690.000,  7.9645602897408605E+06,  7.9288833113177037E+06,  7.8929041021434320E+06,  7.8565819324055463E+06,  1.0023300672995452E+02,  4.8024165508145811E+06, -6.0611848873293184E-10, -2.9547209123848006E-09
    3,3, 40,   15.000, 0.65,     705.000,  7.9645488481369335E+06,  7.9288620937149990E+06,  7.8928773086511530E+06,  7.8565529427419538E+06,  1.0024918618598468E+02,  4.8024052036652276E+06,  9.1370111476862803E-10, -2.0410197976161726E-09
    3,3, 40,   15.000, 0.65,     720.000,  7.9645375162287904E+06,  7.9288413897186089E+06,  7.8928511295765983E+06,  7.8565246116797626E+06,  1.0026549331299238E+02,  4.8023941004525060E+06,  2.5891178090375888E-10, -1.7820980247051921E-09
    3,3, 40,   15.000, 0.65,     735.000,  7.9645263421739303E+06,  7.9288212353834026E+06,  7.8928255142599083E+06,  7.8564969152146177E+06,  1.0028186021282104E+02,  4.8023832424294734E+06, -7.6120088010611653E-10, -2.5432882466702722E-09
    3,3, 40,   15.000, 0.65,     750.000,  7.9645153720997469E+06,  7.9288016337977955E+06,  7.8928004547135597E+06,  7.8564698292139927E+06,  1.0029821801058371E+02,  4.8023726298211962E+06,  2.2594374149420560E-09, -2.8387603379087523E-10
    3,3, 40,   15.000, 0.65,     765.000,  7.9645046480913823E+06,  7.9287825591662731E+06,  7.8927759458442116E+06,  7.8564433322944008E+06,  1.0031449740704849E+02,  4.8023622618154697E+06, -7.7371997697639472E-10, -1.0575718079053331E-09
    3,3, 40,   15.000, 0.65,     780.000,  7.9644942052720562E+06,  7.9287639711545482E+06,  7.8927519733882155E+06,  7.8564174071596023E+06,  1.0033062941821984E+02,  4.8023521365636829E+06, -1.4313890073225366E-09, -2.4889459382393397E-09
    3,3, 40,   15.000, 0.65,     795.000,  7.9644840683772573E+06,  7.9287458325001383E+06,  7.8927285222937334E+06,  7.8563920379220527E+06,  1.0034654649578002E+02,  4.8023422511964617E+06, -7.0832650855834345E-10, -3.1972717806638684E-09
    3,3, 40,   15.000, 0.65,     810.000,  7.9644742489084145E+06,  7.9287281198470639E+06,  7.8927055816153074E+06,  7.8563672107145917E+06,  1.0036218430261808E+02,  4.8023326018625181E+06,  3.0157962793708748E-09, -1.8150103642255999E-10
    3,3, 40,   15.000, 0.65,     825.000,  7.9644647443239791E+06,  7.9287108231884521E+06,  7.8926831420771983E+06,  7.8563429134521550E+06,  1.0037748440645365E+02,  4.8023231838030685E+06, -1.3108476526468849E-09, -1.4923671187716536E-09
    3,3, 40,   15.000, 0.65,     840.000,  7.9644555402406827E+06,  7.9286939382435083E+06,  7.8926611943128621E+06,  7.8563191352071073E+06,  1.0039239793466167E+02,  4.8023139914760655E+06,  1.7232504312403307E-10, -1.3200178727856837E-09
    3,3, 40,   15.000, 0.65,     855.000,  7.9644466152440906E+06,  7.9286774597628461E+06,  7.8926397294451436E+06,  7.8562958661900247E+06,  1.0040688974329849E+02,  4.8023050187402181E+06, -1.4805717762911286E-09, -2.8005615604342893E-09
    3,3, 40,   15.000, 0.65,     870.000,  7.9644379464454399E+06,  7.9286613797387928E+06,  7.8926187393013975E+06,  7.8562730975048784E+06,  1.0042094201562401E+02,  4.8022962590960236E+06,  8.4273532596768064E-10, -1.9578010324039496E-09
    3,3, 40,   15.000, 0.65,     885.000,  7.9644295135163078E+06,  7.9286456887416085E+06,  7.8925982159789689E+06,  7.8562508209138708E+06,  1.0043455578368426E+02,  4.8022877059604973E+06,  6.8589434132348970E-10, -1.2719283404294401E-09
    3,3, 40,   15.000, 0.65,     900.000,  7.9644213000231693E+06,  7.9286303771060565E+06,  7.8925781516701691E+06,  7.8562290287147369E+06,  1.0044774911344446E+02,  4.8022793529322157E+06, -2.0176742498989597E-09, -3.2895854928938206E-09
    3,3, 40,   15.000, 0.65,     915.000,  7.9644132926450986E+06,  7.9286154349411558E+06,  7.8925585386576410E+06,  7.8562077135782354E+06,  1.0046055179275309E+02,  4.8022711939950418E+06,  1.1783863884673451E-09, -2.1112214199092705E-09
    3,3, 40,   15.000, 0.65,     930.000,  7.9644054798828373E+06,  7.9286008518180372E+06,  7.8925393692093380E+06,  7.8561868684116304E+06,  1.0047299791001021E+02,  4.8022632236215770E+06,  6.9847450046012227E-10, -1.4127863323665224E-09
    3,3, 40,   15.000, 0.65,     945.000,  7.9643978514931118E+06,  7.9285866168165216E+06,  7.8925206354732979E+06,  7.8561664862495121E+06,  1.0048511881220799E+02,  4.8022554367690235E+06, -6.8276717613002802E-11, -1.4811121218372136E-09
    3,3, 40,   15.000, 0.65,     960.000,  7.9643903987385845E+06,  7.9285727188111516E+06,  7.8925023294289690E+06,  7.8561465601464370E+06,  1.0049693878157747E+02,  4.8022478287959071E+06, -9.2226704051512343E-10, -2.4033397494349629E-09
    3,3, 40,   15.000, 0.65,     975.000,  7.9643831147716343E+06,  7.9285591467385078E+06,  7.8924844428471494E+06,  7.8561270830862382E+06,  1.0050847434785122E+02,  4.8022403953494020E+06,  6.1909422033323835E-11, -2.3413804228766821E-09
    3,3, 40,   15.000, 0.65,     990.000,  7.9643759945665412E+06,  7.9285458898380091E+06,  7.8924669672618471E+06,  7.8561080479049003E+06,  1.0051973635058282E+02,  4.8022331322691469E+06,  4.7018050564062719E-10, -1.8711716620600782E-09
    3,3, 40,   15.000, 0.65,    1005.000,  7.9643690343689276E+06,  7.9285329379187999E+06,  7.8924498939744579E+06,  7.8560894472238515E+06,  1.0053073284228236E+02,  4.8022260355302002E+06,  5.6308008256067410E-10, -1.3080807548249140E-09
    3,3, 40,   15.000, 0.65,    1020.000,  7.9643622310034782E+06,  7.9285202816038560E+06,  7.8924332140878653E+06,  7.8560712733978238E+06,  1.0054147119437950E+02,  4.8022191012217673E+06, -1.5641515860309596E-10, -1.4645138435298577E-09
    3,3, 40,   15.000, 0.65,    1035.000,  7.9643555813593864E+06,  7.9285079124707701E+06,  7.8924169185693190E+06,  7.8560535184781365E+06,  1.0055195886365773E+02,  4.8022123255444588E+06,  4.0455461203237064E-10, -1.0600160749163479E-09
    3,3, 40,   15.000, 0.65,    1050.000,  7.9643490821627676E+06,  7.9284958230560003E+06,  7.8924009983418100E+06,  7.8560361741939979E+06,  1.0056220325474273E+02,  4.8022057048102254E+06, -1.3538402066082256E-09, -2.4139126253430732E-09
    3,3, 40,   15.000, 0.65,    1065.000,  7.9643427299809000E+06,  7.9284840067325504E+06,  7.8923854443934532E+06,  7.8560192319561010E+06,  1.0057221138741809E+02,  4.8021992354383422E+06,  2.0756548702038913E-09, -3.3821834222180769E-10
    3,3, 40,   15.000, 0.65,    1080.000,  7.9643365213435888E+06,  7.9284724574990598E+06,  7.8923702478877548E+06,  7.8560026828858731E+06,  1.0058198976584669E+02,  4.8021929139483413E+06, -1.8835851767207146E-09, -2.2217818695935421E-09
    3,3, 40,   15.000, 0.65,    1095.000,  7.9643304528733417E+06,  7.9284611697418382E+06,  7.8923554002553280E+06,  7.8559865178727722E+06,  1.0059154444572437E+02,  4.8021867369529586E+06,  8.4808943201508669E-10, -1.3736780601902865E-09
    3,3, 40,   15.000, 0.65,    1110.000,  7.9643245213575605E+06,  7.9284501380351959E+06,  7.8923408932490125E+06,  7.8559707276590737E+06,  1.0060088114062347E+02,  4.8021807011524197E+06, -8.8888896243588533E-11, -1.4625811672885902E-09
    3,3, 40,   15.000, 0.65,    1125.000,  7.9643187237525489E+06,  7.9284393570202356E+06,  7.8923267189524723E+06,  7.8559553029468758E+06,  1.0061000527751672E+02,  4.8021748033298645E+06,  7.8419420956876706E-10, -6.7836936068488285E-10
    3,3, 40,   15.000, 0.65,    1140.000,  7.9643130571502140E+06,  7.9284288213642845E+06,  7.8923128697452331E+06,  7.8559402345168376E+06,  1.0061892201343836E+02,  4.8021690403472008E+06, -1.6853292095220240E-09, -2.3636630430701189E-09
    3,3, 40,   15.000, 0.65,    1155.000,  7.9643075187434210E+06,  7.9284185257738084E+06,  7.8922993382397294E+06,  7.8559255133437291E+06,  1.0062763625129419E+02,  4.8021634091412239E+06,  2.3895267986517865E-09,  2.5920599000528455E-11
    3,3, 40,   15.000, 0.65,    1170.000,  7.9643021058056299E+06,  7.9284084650243223E+06,  7.8922861172132082E+06,  7.8559111306922240E+06,  1.0063615266657474E+02,  4.8021579067200404E+06, -1.9098818637708348E-09, -1.8839045878848992E-09
    3,3, 40,   15.000, 0.65,    1185.000,  7.9642968156811344E+06,  7.9283986339805098E+06,  7.8922731995562986E+06,  7.8558970781790102E+06,  1.0064447573619387E+02,  4.8021525301599661E+06, -1.6848492601084786E-09, -3.5687435229192488E-09
    3,3, 40,   15.000, 0.65,    1200.000,  7.9642916457773987E+06,  7.9283890275982441E+06,  7.8922605782509614E+06,  7.8558833477940205E+06,  1.0065260976264972E+02,  4.8021472766027693E+06,  2.3291523154611582E-09, -1.2396412785165012E-09
    3,3, 40,   15.000, 0.65,    1215.000,  7.9642865935557969E+06,  7.9283796409148024E+06,  7.8922482463778602E+06,  7.8558699318830175E+06,  1.0066055889453828E+02,  4.8021421432532435E+06, -1.4015140714640495E-09, -2.6411726139485836E-09
    3,3, 40,   15.000, 0.65,    1230.000,  7.9642816565218549E+06,  7.9283704690380748E+06,  7.8922361971427463E+06,  7.8558568231025292E+06,  1.0066832714603861E+02,  4.8021371273771143E+06,  5.2799686844906546E-10, -2.1132109395693988E-09
    3,3, 40,   15.000, 0.65,    1245.000,  7.9642768322169622E+06,  7.9283615071417773E+06,  7.8922244239070946E+06,  7.8558440143632833E+06,  1.0067591841560504E+02,  4.8021322262991834E+06,  3.3266156496125632E-10, -1.7805632523959503E-09
    3,3, 40,   15.000, 0.65,    1260.000,  7.9642721182123087E+06,  7.9283527504677381E+06,  7.8922129202107312E+06,  7.8558314987780172E+06,  1.0068333650303227E+02,  4.8021274374017715E+06,  1.6111766365511926E-09, -1.6939338820520788E-10
    3,3, 40,   15.000, 0.65,    1275.000,  7.9642675121048223E+06,  7.9283441943327468E+06,  7.8922016797806872E+06,  7.8558192696242938E+06,  1.0069058512455081E+02,  4.8021227581233745E+06, -2.2910920938201684E-09, -2.4605242288089357E-09
    3,3, 40,   15.000, 0.65,    1290.000,  7.9642630115149161E+06,  7.9283358341369284E+06,  7.8921906965271169E+06,  7.8558073203253672E+06,  1.0069766792607319E+02,  4.8021181859575594E+06,  1.7349393033327942E-09, -7.2554939833935350E-10
    3,3, 40,   15.000, 0.65,    1305.000,  7.9642586140861083E+06,  7.9283276653716611E+06,  7.8921799645310519E+06,  7.8557956444455348E+06,  1.0070458849447252E+02,  4.8021137184519907E+06, -1.6297573290913192E-09, -2.3552502170787193E-09
    3,3, 40,   15.000, 0.65,    1320.000,  7.9642543174865786E+06,  7.9283196836259626E+06,  7.8921694780295091E+06,  7.8557842356929732E+06,  1.0071135036659923E+02,  4.8021093532076608E+06, -2.3024798734283536E-10, -2.5854660634649917E-09
    3,3, 40,   15.000, 0.65,    1335.000,  7.9642501194124557E+06,  7.9283118845906183E+06,  7.8921592314019399E+06,  7.8557730879235109E+06,  1.0071795703576896E+02,  4.8021050878781853E+06,  1.0920583326523570E-09, -1.4933903003111482E-09
    3,3, 40,   15.000, 0.65,    1350.000,  7.9642460175923808E+06,  7.9283042640596060E+06,  7.8921492191599365E+06,  7.8557621951415138E+06,  1.0072441195552844E+02,  4.8021009201691896E+06,  5.8640925448827375E-11, -1.4347278920467943E-09
    3,3, 40,   15.000, 0.65,    1365.000,  7.9642420097927395E+06,  7.9282968179288441E+06,  7.8921394359403979E+06,  7.8557515514972256E+06,  1.0073071854064160E+02,  4.8020968478377257E+06, -1.6980299943902821E-09, -3.1327545002568513E-09
    3,3, 40,   15.000, 0.65,    1380.000,  7.9642380938228639E+06,  7.9282895421928698E+06,  7.8921298765013833E+06,  7.8557411512818523E+06,  1.0073688016537066E+02,  4.8020928686916791E+06,  2.7036223815279925E-09, -4.2916781239910051E-10
    3,3, 40,   15.000, 0.65,    1395.000,  7.9642342675395804E+06,  7.9282824329404710E+06,  7.8921205357195558E+06,  7.8557309889220987E+06,  1.0074290015938332E+02,  4.8020889805890983E+06, -2.9766054621127580E-09, -3.4057165976264514E-09
    3,3, 40,   15.000, 0.65,    1410.000,  7.9642305288505629E+06,  7.9282754863503361E+06,  7.8921114085881943E+06,  7.8557210589752151E+06,  1.0074878180186886E+02,  4.8020851814375035E+06,  2.6558988341918166E-10, -3.1401441447087564E-09
    3,3, 40,   15.000, 0.65,    1425.000,  7.9642268757162066E+06,  7.9282686986874463E+06,  7.8921024902151041E+06,  7.8557113561247997E+06,  1.0075452831468090E+02,  4.8020814691930329E+06,  1.4459829722479611E-09, -1.6941612557275221E-09
    3,3, 40,   15.000, 0.65,    1440.000,  7.9642233061499987E+06,  7.9282620663005346E+06,  7.8920937758201631E+06,  7.8557018751771403E+06,  1.0076014285546022E+02,  4.8020778418595251E+06, -6.8493832827698498E-10, -2.3791244530002587E-09
    3,3, 40,   15.000, 0.65,    1455.000,  7.9642198182176109E+06,  7.9282555856204974E+06,  7.8920852607325912E+06,  7.8556926110578058E+06,  1.0076562851165731E+02,  4.8020742974875048E+06, -1.1422685020079371E-10, -2.4933797249104828E-09
    3,3, 40,   15.000, 0.65,    1470.000,  7.9642164100351073E+06,  7.9282492531593982E+06,  7.8920769403881701E+06,  7.8556835588083621E+06,  1.0077098829624055E+02,  4.8020708341730777E+06, -1.6090773158339289E-09, -4.1025032260222360E-09
    3,3, 40,   15.000, 0.65,    1485.000,  7.9642130797666786E+06,  7.9282430655096658E+06,  7.8920688103265911E+06,  7.8556747135832319E+06,  1.0077622514550949E+02,  4.8020674500568016E+06, -1.4768258838060433E-10, -4.2501824282226153E-09
    3,3, 40,   15.000, 0.65,    1500.000,  7.9642098256222988E+06,  7.9282370193431554E+06,  7.8920608661890281E+06,  7.8556660706467386E+06,  1.0078134191908578E+02,  4.8020641433225302E+06,  3.6413645432276098E-09, -6.0879301599925384E-10
    3,3, 40,   15.000, 0.65,    1515.000,  7.9642066458555348E+06,  7.9282311114099231E+06,  7.8920531037158985E+06,  7.8556576253703516E+06,  1.0078634140173808E+02,  4.8020609121962702E+06, -2.1590374765789733E-09, -2.7678197511704639E-09
    3,3, 40,   15.000, 0.65,    1530.000,  7.9642035387616446E+06,  7.9282253385367030E+06,  7.8920455187447462E+06,  7.8556493732301379E+06,  1.0079122630645973E+02,  4.8020577549451180E+06,  6.8271077680037706E-10, -2.0851302906521596E-09
    3,3, 40,   15.000, 0.65,    1545.000,  7.9642005026759766E+06,  7.9282196976251462E+06,  7.8920381072082082E+06,  7.8556413098043660E+06,  1.0079599927809542E+02,  4.8020546698761880E+06, -2.8443372657172006E-10, -2.3695747586316429E-09
    3,3, 40,   15.000, 0.65,    1560.000,  7.9641975359726185E+06,  7.9282141856499380E+06,  7.8920308651320143E+06,  7.8556334307712540E+06,  1.0080066289691237E+02,  4.8020516553356443E+06,  1.3236841067687521E-09, -1.0459189070388675E-09
    3,3, 40,   15.000, 0.65,    1575.000,  7.9641946370632444E+06,  7.9282087996568307E+06,  7.8920237886330197E+06,  7.8556257319068629E+06,  1.0080521968166694E+02,  4.8020487097077472E+06, -2.0891268437406296E-09, -3.1350282370112836E-09
    3,3, 40,   15.000, 0.65,    1590.000,  7.9641918043961115E+06,  7.9282035367606739E+06,  7.8920168739172686E+06,  7.8556182090830700E+06,  1.0080967209202350E+02,  4.8020458314139741E+06,  8.6000895294091606E-10, -2.2749873096472584E-09
    3,3, 40,   15.000, 0.65,    1605.000,  7.9641890364551581E+06,  7.9281983941434724E+06,  7.8920101172780367E+06,  7.8556108582656486E+06,  1.0081402253037156E+02,  4.8020430189121282E+06, -1.2744649779961037E-10, -2.4024302547331899E-09
    3,3, 40,   15.000, 0.65,    1620.000,  7.9641863317591809E+06,  7.9281933690524977E+06,  7.8920035150939086E+06,  7.8556036755123921E+06,  1.0081827334320712E+02,  4.8020402706955085E+06, -4.3524633897007448E-10, -2.8376234695315361E-09
    3,3, 40,   15.000, 0.65,    1635.000,  7.9641836888610590E+06,  7.9281884587984905E+06,  7.8919970638268329E+06,  7.8555966569712879E+06,  1.0082242682231642E+02,  4.8020375852920786E+06,  6.7445080076389274E-10, -2.1631194613291882E-09
    3,3, 40,   15.000, 0.65,    1650.000,  7.9641811063470002E+06,  7.9281836607539784E+06,  7.8919907600201927E+06,  7.8555897988787005E+06,  1.0082648520591522E+02,  4.8020349612636520E+06, -1.4296012429415583E-09, -3.5927314456785098E-09
    3,3, 40,   15.000, 0.65,    1665.000,  7.9641785828357786E+06,  7.9281789723516982E+06,  7.8919846002969025E+06,  7.8555830975575475E+06,  1.0083045067983419E+02,  4.8020323972051125E+06,  1.1041654812693480E-09, -2.4886048777261749E-09
    3,3, 40,   15.000, 0.65,    1680.000,  7.9641761169779757E+06,  7.9281743910831381E+06,  7.8919785813575238E+06,  7.8555765494154710E+06,  1.0083432537877242E+02,  4.8020298917436246E+06, -7.9658946106064832E-11, -2.5682993509690277E-09
    3,3, 40,   15.000, 0.65,    1695.000,  7.9641737074552085E+06,  7.9281699144971594E+06,  7.8919726999784438E+06,  7.8555701509429906E+06,  1.0083811138759641E+02,  4.8020274435378928E+06,  5.7062976566157886E-10, -1.9977051124442369E-09
    3,3, 40,   15.000, 0.65,    1710.000,  7.9641713529793564E+06,  7.9281655401986837E+06,  7.8919669530100916E+06,  7.8555638987116376E+06,  1.0084181074262142E+02,  4.8020250512774168E+06, -1.4555149863149097E-09, -3.4532376957940869E-09
    3,3, 40,   15.000, 0.65,    1725.000,  7.9641690522918217E+06,  7.9281612658474371E+06,  7.8919613373752246E+06,  7.8555577893720781E+06,  1.0084542543286798E+02,  4.8020227136817873E+06,  1.2688941564142908E-09, -2.1843788999831304E-09
    3,3, 40,   15.000, 0.65,    1740.000,  7.9641668041627994E+06,  7.9281570891567152E+06,  7.8919558500672616E+06,  7.8555518196522482E+06,  1.0084895740126476E+02,  4.8020204294999735E+06,  1.4022844274652613E-09, -7.8205175668699667E-10
    3,3, 40,   15.000, 0.65,    1755.000,  7.9641646073905919E+06,  7.9281530078921737E+06,  7.8919504881486697E+06,  7.8555459863555105E+06,  1.0085240854580589E+02,  4.8020181975096511E+06, -7.1802119805397524E-10, -1.5000978237367235E-09
    3,3, 40,   15.000, 0.65,    1770.000,  7.9641624608009420E+06,  7.9281490198706491E+06,  7.8919452487493949E+06,  7.8555402863588333E+06,  1.0085578072066077E+02,  4.8020160165165411E+06, -1.8649402855341890E-09, -3.3650167097221129E-09
    3,3, 40,   15.000, 0.65,    1785.000,  7.9641603632464036E+06,  7.9281451229589926E+06,  7.8919401290653208E+06,  7.8555347166110286E+06,  1.0085907573724791E+02,  4.8020138853537645E+06,  1.7521023798483526E-09, -1.6128751667565666E-09
    3,3, 40,   15.000, 0.65,    1800.000,  7.9641583136057248E+06,  7.9281413150729341E+06,  7.8919351263567600E+06,  7.8555292741310392E+06,  1.0086229536527183E+02,  4.8020118028811952E+06, -1.2610604227525357E-09, -2.8738895707647316E-09
    4,3, 40,   60.000, 0.65,       0.000,  7.9647703722856510E+06,  7.9293842236631857E+06,  7.8938394491982115E+06,  7.8581338963495167E+06,  1.0000000000000000E+02,  4.8027768277280563E+06,  0.0000000000000000E+00,  0.0000000000000000E+00
    4,3, 40,   60.000, 0.65,      60.000,  7.9647703617948648E+06,  7.9293841045743851E+06,  7.8938381045567058E+06,  7.8581186757142944E+06,  1.0000000304150450E+02,  4.8027758734487407E+06, -2.0888677870756212E-09, -2.0888677454422577E-09
    4,3, 40,   60.000, 0.65,     120.000,  7.9647702382080099E+06,  7.9293830355850607E+06,  7.8938298655920206E+06,  7.8580687978676483E+06,  1.0000004654778854E+02,  4.8027716372527862E+06, -1.2526014114833117E-09, -3.3414693234590231E-09
    4,3, 40,   60.000, 0.65,     180.000,  7.9647695487084445E+06,  7.9293784998519439E+06,  7.8938057511084331E+06,  7.8579791386886500E+06,  1.0000034211792541E+02,  4.8027616080637518E+06,  2.3442929819594838E-09, -9.9717567536572460E-10
    4,3, 40,   60.000, 0.65,     240.000,  7.9647671097488860E+06,  7.9293661979653481E+06,  7.8937587986863377E+06,  7.8578501178269703E+06,  1.0000161478305998E+02,  4.8027438758013062E+06, -7.6907658019820246E-10, -1.7662529216977418E-09
    4,3, 40,   60.000, 0.65,     300.000,  7.9647609070052383E+06,  7.9293416550633963E+06,  7.8936868466371614E+06,  7.8576869566576974E+06,  1.0000553298550599E+02,  4.8027173701766245E+06, -1.6415397929847586E-09, -3.4077913824148709E-09
    4,3, 40,   60.000, 0.65,     360.000,  7.9647486534646051E+06,  7.9293021141848434E+06,  7.8935911176630165E+06,  7.8574990744868144E+06,  1.0001478618940929E+02,  4.8026820371993156E+06, -1.1683325418232471E-09, -4.5761225919704884E-09
    4,3, 40,   60.000, 0.65,     420.000,  7.9647287212405326E+06,  7.9292470715425629E+06,  7.8934753299351707E+06,  7.8572988309925906E+06,  1.0003241358759367E+02,  4.8026389053483494E+06,  6.3955818419003663E-10, -3.9365772863675375E-09
    4,3, 40,   60.000, 0.65,     480.000,  7.9647007205433901E+06,  7.9291779256068068E+06,  7.8933456585200932E+06,  7.8571003318097461E+06,  1.0006065397147354E+02,  4.8025900039620381E+06,  1.1696541513117609E-09, -2.7669102564686909E-09
    4,3, 40,   60.000, 0.65,     540.000,  7.9646654641382331E+06,  7.9290977496323381E+06,  7.8932100742278192E+06,  7.8569179192124493E+06,  1.0010012377025186E+02,  4.8025381422419688E+06, -1.3857430758434930E-09, -4.1526391214574687E-09
    4,3, 40,   60.000, 0.65,     600.000,  7.9646246749304766E+06,  7.9290110751089863E+06,  7.8930774908386162E+06,  7.8567647823115652E+06,  1.0014975677994492E+02,  4.8024865992621426E+06,  1.7387820072656268E-09, -2.4138557819242124E-09
    4,3, 40,   60.000, 0.65,     660.000,  7.9645807292825077E+06,  7.9289232773963464E+06,  7.8929555838070810E+06,  7.8566363705039145E+06,  1.0020718590282033E+02,  4.8024378244047305E+06, -9.2854879341075502E-10, -3.3423930290155113E-09
    4,3, 40,   60.000, 0.65,     720.000,  7.9645363484426998E+06,  7.9288393749134038E+06,  7.8928470152214477E+06,  7.8565203481313270E+06,  1.0026914352336981E+02,  4.8023926719061015E+06,  4.0652725630252462E-10, -2.9358488973230124E-09
    4,3, 40,   60.000, 0.65,     780.000,  7.9644940638301680E+06,  7.9287624671039954E+06,  7.8927493542619273E+06,  7.8564144548073169E+06,  1.0033191184042222E+02,  4.8023512684818693E+06,  5.0056181422064583E-10, -2.4352857508347370E-09
    4,3, 40,   60.000, 0.65,     840.000,  7.9644555372723518E+06,  7.9286930709750177E+06,  7.8926598366349339E+06,  7.8563174425565992E+06,  1.0039203777094669E+02,  4.8023135281035844E+06, -6.1430682762875222E-10, -3.0495925784634892E-09
    4,3, 40,   60.000, 0.65,     900.000,  7.9644211746923104E+06,  7.9286302266883515E+06,  7.8925777142199567E+06,  7.8562284457314676E+06,  1.0044719200132016E+02,  4.8022792013848256E+06, -1.5837731126566723E-10, -3.2079583434097003E-09
    4,3, 40,   60.000, 0.65,     960.000,  7.9643904320957670E+06,  7.9285730231851526E+06,  7.8925026995010953E+06,  7.8561469318191735E+06,  1.0049665093226722E+02,  4.8022479618032118E+06,  5.3800963684125236E-11, -3.1541276257485151E-09
    4,3, 40,   60.000, 0.65,    1020.000,  7.9643625602121036E+06,  7.9285209424891528E+06,  7.8924342072296543E+06,  7.8560723831519401E+06,  1.0054097315108055E+02,  4.8022194894256825E+06,  8.7922491509573319E-10, -2.2748736228095368E-09
    4,3, 40,   60.000, 0.65,    1080.000,  7.9643370889743026E+06,  7.9284735048894864E+06,  7.8923717132599866E+06,  7.8560043364705704E+06,  1.0058111623954095E+02,  4.8021935133951968E+06, -4.9301585036687356E-10, -2.7679334380081855E-09
    4,3, 40,   60.000, 0.65,    1140.000,  7.9643137988796821E+06,  7.9284302154029999E+06,  7.8923147286621192E+06,  7.8559422808093764E+06,  1.0061775868817529E+02,  4.8021698094250644E+06, -1.5916576945329552E-09, -4.3595491661108099E-09
    4,3, 40,   60.000, 0.65,    1200.000,  7.9642925294271484E+06,  7.9283906841522129E+06,  7.8922627542142058E+06,  7.8558857103597997E+06,  1.0065123751354459E+02,  4.8021481806205437E+06, -6.2373062270637547E-10, -4.9832351578515954E-09
    4,3, 40,   60.000, 0.65,    1260.000,  7.9642731134224180E+06,  7.9283546000783630E+06,  7.8922153418501448E+06,  7.8558341256963750E+06,  1.0068178853752569E+02,  4.8021284463612949E+06,  3.3505778151976529E-09, -1.6326566765201278E-09
    4,3, 40,   60.000, 0.65,    1320.000,  7.9642553925813371E+06,  7.9283216741695777E+06,  7.8921720870528184E+06,  7.8557870713300863E+06,  1.0070966353514174E+02,  4.8021104407984531E+06, -4.5973602702531480E-10, -2.0924062482663430E-09
    4,3, 40,   60.000, 0.65,    1380.000,  7.9642392227186607E+06,  7.9282916343724364E+06,  7.8921326222919049E+06,  7.8557441384354997E+06,  1.0073510133148190E+02,  4.8020940126846191E+06,  2.2816815103965382E-10, -1.8642367649590597E-09
    4,3, 40,   60.000, 0.65,    1440.000,  7.9642244700147780E+06,  7.9282642278481936E+06,  7.8920966148129981E+06,  7.8557049638886629E+06,  1.0075830875775382E+02,  4.8020790238541309E+06, -1.6941757996491447E-09, -3.5583980206865817E-09
    4,3, 40,   60.000, 0.65,    1500.000,  7.9642110106209824E+06,  7.9282392219627267E+06,  7.8920637604533965E+06,  7.8556692192798257E+06,  1.0077947642015248E+02,  4.8020653479184303E+06,  6.8732219915546011E-10, -2.8710473998216912E-09
    4,3, 40,   60.000, 0.65,    1560.000,  7.9641987304319460E+06,  7.9282164055524245E+06,  7.8920337824660866E+06,  7.8556366047422979E+06,  1.0079878440324374E+02,  4.8020528695149794E+06, -6.2920013643719130E-10, -3.5003040466108359E-09
    4,3, 40,   60.000, 0.65,    1620.000,  7.9641875251268419E+06,  7.9281955864771958E+06,  7.8920064288883265E+06,  7.8556068457863284E+06,  1.0081639774254432E+02,  4.8020414834994087E+06,  1.9301886755584974E-09, -1.5701289157732390E-09
    4,3, 40,   60.000, 0.65,    1680.000,  7.9641773001677254E+06,  7.9281765893950546E+06,  7.8919814697225261E+06,  7.8555796919066301E+06,  1.0083246621603632E+02,  4.8020310940344278E+06,  2.2993196235887581E-10, -1.3401404430624098E-09
    4,3, 40,   60.000, 0.65,    1740.000,  7.9641679696947718E+06,  7.9281592545603272E+06,  7.8919586950194864E+06,  7.8555549147395268E+06,  1.0084712622362218E+02,  4.8020216137476834E+06, -2.4511457308307172E-09, -3.7913423511781730E-09
    4,3, 40,   60.000, 0.65,    1800.000,  7.9641594554018918E+06,  7.9281434363417989E+06,  7.8919379132236252E+06,  7.8555323059591465E+06,  1.0086050172863170E+02,  4.8020129629657967E+06,  6.4559846357781225E-10, -3.1457147997571155E-09
    5,3, 40,   15.000, 1.00,       0.000,  7.9647703722856510E+06,  7.9293842236631857E+06,  7.8938394491982115E+06,  7.8581338963495167E+06,  1.0000000000000000E+02,  4.8027768277280563E+06,  0.0000000000000000E+00,  0.0000000000000000E+00
    5,3, 40,   15.000, 1.00,      15.000,  7.9647703722855467E+06,  7.9293842236427795E+06,  7.8938394451930486E+06,  7.8581331079301201E+06,  1.0000000000000217E+02,  4.8027768046080554E+06, -3.9895837744552409E-09, -3.9895837744552409E-09
    5,3, 40,   15.000, 1.00,      30.000,  7.9647703722838024E+06,  7.9293842233935874E+06,  7.8938394143746970E+06,  7.8581306029369971E+06,  1.0000000000004596E+02,  4.8027767122706119E+06,  1.3538681287172949E-09, -2.6357156457379460E-09
    5,3, 40,   15.000, 1.00,      45.000,  7.9647703722691005E+06,  7.9293842218532925E+06,  7.8938392928144559E+06,  7.8581261696757367E+06,  1.0000000000051330E+02,  4.8027765050450228E+06,  2.3629809220437892E-10, -2.3994175535335671E-09
    5,3, 40,   15.000, 1.00,      60.000,  7.9647703721857388E+06,  7.9293842154085748E+06,  7.8938389613457313E+06,  7.8581196654547704E+06,  1.0000000000382924E+02,  4.8027761379689518E+06, -6.3153038354357705E-10, -3.0309479370771442E-09
    5,3, 40,   15.000, 1.00,      75.000,  7.9647703718276396E+06,  7.9293841948150555E+06,  7.8938382519466300E+06,  7.8581109573655333E+06,  1.0000000002159871E+02,  4.8027755670657698E+06,  1.5505463579756906E-10, -2.8758933012795751E-09
    5,3, 40,   15.000, 1.00,      90.000,  7.9647703705830211E+06,  7.9293841410580575E+06,  7.8938369712313386E+06,  7.8580999324347721E+06,  1.0000000009831231E+02,  4.8027747496161750E+06, -9.4522079052694608E-10, -3.8211140918065212E-09
    5,3, 40,   15.000, 1.00,     105.000,  7.9647703669327060E+06,  7.9293840213099457E+06,  7.8938349271860458E+06,  7.8580865003133854E+06,  1.0000000037638281E+02,  4.8027736444230555E+06,  2.1060344579382217E-09, -1.7150796338682994E-09
    5,3, 40,   15.000, 1.00,     120.000,  7.9647703576285578E+06,  7.9293837865136769E+06,  7.8938319475377258E+06,  7.8580705928545026E+06,  1.0000000124741487E+02,  4.8027722120692227E+06, -1.7942198837772594E-09, -3.5092995176455588E-09
    5,3, 40,   15.000, 1.00,     135.000,  7.9647703365610419E+06,  7.9293833716832958E+06,  7.8938278867463805E+06,  7.8580521636325615E+06,  1.0000000365591583E+02,  4.8027704151688050E+06,  1.6065797581177321E-09, -1.9027197595278267E-09
    5,3, 40,   15.000, 1.00,     150.000,  7.9647702934499793E+06,  7.9293826989866644E+06,  7.8938226250216821E+06,  7.8580311875585560E+06,  1.0000000963229623E+02,  4.8027682186141461E+06, -2.2770194618715323E-09, -4.1797392213993589E-09
    5,3, 40,   15.000, 1.00,     165.000,  7.9647702126094792E+06,  7.9293816826740820E+06,  7.8938160642050523E+06,  7.8580076604717979E+06,  1.0000002311661007E+02,  4.8027655898212586E+06,  8.1904261151066748E-10, -3.3606966098886915E-09
    5,3, 40,   15.000, 1.00,     180.000,  7.9647700720870700E+06,  7.9293802344551114E+06,  7.8938081237492785E+06,  7.8579815986771910E+06,  1.0000005108270364E+02,  4.8027624989768919E+06,  5.5254645303648431E-10, -2.8081501568522071E-09
    5,3, 40,   15.000, 1.00,     195.000,  7.9647698434248976E+06,  7.9293782681126483E+06,  7.8937987379835472E+06,  7.8579530384211000E+06,  1.0000010488775406E+02,  4.8027589192894446E+06,  1.0322196430934127E-09, -1.7759305137587944E-09
    5,3, 40,   15.000, 1.00,     210.000,  7.9647694921517698E+06,  7.9293757027192656E+06,  7.8937878546191724E+06,  7.8579220353000322E+06,  1.0000020167624233E+02,  4.8027548272433346E+06, -1.6409842373832362E-09, -3.4169147511420306E-09
    5,3, 40,   15.000, 1.00,     225.000,  7.9647689789431207E+06,  7.9293724644205952E+06,  7.8937754340543440E+06,  7.8578886635973630E+06,  1.0000036559447517E+02,  4.8027502028529961E+06,  1.5866845615164493E-09, -1.8302301896255813E-09
    5,3, 40,   15.000, 1.00,     240.000,  7.9647682612459054E+06,  7.9293684871312315E+06,  7.8937614490761384E+06,  7.8578530155450981E+06,  1.0000062855432716E+02,  4.8027450299087670E+06, -1.8158203829443664E-09, -3.6460505725699477E-09
    5,3, 40,   15.000, 1.00,     255.000,  7.9647672950998144E+06,  7.9293637126006149E+06,  7.8937458847113615E+06,  7.8578152005093079E+06,  1.0000103033842990E+02,  4.8027392962040724E+06,  8.5449869402509648E-11, -3.5606007031674380E-09
    5,3, 40,   15.000, 1.00,     270.000,  7.9647660369011490E+06,  7.9293580902315406E+06,  7.8937287381029362E+06,  7.8577753440993009E+06,  1.0000161795293867E+02,  4.8027329937318545E+06,  1.7834622667578515E-10, -3.3822544764916529E-09
    5,3, 40,   15.000, 1.00,     285.000,  7.9647644449269548E+06,  7.9293515768876281E+06,  7.8937100183599554E+06,  7.8577335872019185E+06,  1.0000244427546482E+02,  4.8027261188392043E+06, -1.0336975719837938E-10, -3.4856242336900323E-09
    5,3, 40,   15.000, 1.00,     300.000,  7.9647624805277260E+06,  7.9293441367914872E+06,  7.8936897463626005E+06,  7.8576900849435227E+06,  1.0000356617279454E+02,  4.8027186723317988E+06,  2.5922872737282887E-09, -8.9333695996174356E-10
    5,3, 40,   15.000, 1.00,     315.000,  7.9647601089762347E+06,  7.9293357415272184E+06,  7.8936679545164332E+06,  7.8576450055833729E+06,  1.0000504234125982E+02,  4.8027106595236976E+06, -2.1901911395616480E-09, -3.0835280995233916E-09
    5,3, 40,   15.000, 1.00,     330.000,  7.9647573000118118E+06,  7.9293263701185361E+06,  7.8936446864553988E+06,  7.8575985293431198E+06,  1.0000693113699640E+02,  4.8027020902322643E+06, -4.6368597850232618E-10, -3.5472140780257178E-09
    5,3, 40,   15.000, 1.00,     345.000,  7.9647540281425910E+06,  7.9293160091421446E+06,  7.8936199966944987E+06,  7.8575508471781071E+06,  1.0000928862016539E+02,  4.8026929787213374E+06, -4.1917758153431350E-10, -3.9663916595600313E-09
    5,3, 40,   15.000, 1.00,     360.000,  7.9647502727704151E+06,  7.9293046528394213E+06,  7.8935939502335209E+06,  7.8575021594970142E+06,  1.0001216695841180E+02,  4.8026833435982568E+06,  1.0612524192765704E-09, -2.9051392402834608E-09
    5,3, 40,   15.000, 1.00,     375.000,  7.9647460181941101E+06,  7.9292923031978989E+06,  7.8935666221131245E+06,  7.8574526748370891E+06,  1.0001561324722270E+02,  4.8026732076712232E+06,  7.8705397754674777E-10, -2.1180852627367130E-09
    5,3, 40,   15.000, 1.00,     390.000,  7.9647412535343431E+06,  7.9292789699826697E+06,  7.8935380969242444E+06,  7.8574026085027549E+06,  1.0001966873067502E+02,  4.8026625977734355E+06,  2.3855761810409604E-10, -1.8795276446326170E-09
    5,3, 40,   15.000, 1.00,     405.000,  7.9647359726114003E+06,  7.9292646707052179E+06,  7.8935084682713849E+06,  7.8573521811756585E+06,  1.0002436835773530E+02,  4.8026515445595654E+06, -8.1260509432468098E-10, -2.6921327389572980E-09
    5,3, 40,   15.000, 1.00,     420.000,  7.9647301737975068E+06,  7.9292494305233099E+06,  7.8934778381900406E+06,  7.8573016175043266E+06,  1.0002974058874695E+02,  4.8026400822790060E+06,  1.6357404319933266E-09, -1.0563780961092561E-09
    5,3, 40,   15.000, 1.00,     435.000,  7.9647238598576346E+06,  7.9292332820705688E+06,  7.8934463165184082E+06,  7.8572511446814360E+06,  1.0003580736860155E+02,  4.8026282485291716E+06, -9.9500141459429869E-10, -2.0513652998488396E-09
    5,3, 40,   15.000, 1.00,     450.000,  7.9647170377867529E+06,  7.9292162652183669E+06,  7.8934140202237554E+06,  7.8572009910163414E+06,  1.0004258419849687E+02,  4.8026160839912901E+06, -5.4896531764825340E-11, -2.1062760424683802E-09
    5,3, 40,   15.000, 1.00,     465.000,  7.9647097186468681E+06,  7.9291984267755486E+06,  7.8933810726844165E+06,  7.8571513845100505E+06,  1.0005008025868787E+02,  4.8026036321504274E+06, -9.4964036634337390E-10, -3.0559021979570389E-09
    5,3, 40,   15.000, 1.00,     480.000,  7.9647019174038442E+06,  7.9291798201333126E+06,  7.8933476029292597E+06,  7.8571025514393551E+06,  1.0005829855411393E+02,  4.8025909390012817E+06,  4.1060843614104670E-10, -2.6452937618159922E-09
    5,3, 40,   15.000, 1.00,     495.000,  7.9646936527618701E+06,  7.9291605048632342E+06,  7.8933137448375560E+06,  7.8570547149563720E+06,  1.0006723606986596E+02,  4.8025780527410991E+06,  2.0695551938842982E-09, -5.7573856793169398E-10
    5,3, 40,   15.000, 1.00,     510.000,  7.9646849469924569E+06,  7.9291405462762294E+06,  7.8932796363033215E+06,  7.8570080937094977E+06,  1.0007688393336697E+02,  4.8025650234511653E+06, -2.9447591032294440E-09, -3.5204834603064228E-09
    5,3, 40,   15.000, 1.00,     525.000,  7.9646758257547375E+06,  7.9291200149494242E+06,  7.8932454183692243E+06,  7.8569629004916893E+06,  1.0008722758542108E+02,  4.8025519027684564E+06,  3.5994105473946547E-09,  7.8927087088231929E-11
    5,3, 40,   15.000, 1.00,     540.000,  7.9646663179043978E+06,  7.9290989862267571E+06,  7.8932112343360176E+06,  7.8569193409221051E+06,  1.0009824696431049E+02,  4.8025387435490461E+06, -2.7141595637658611E-09, -2.6352324766776292E-09
    5,3, 40,   15.000, 1.00,     555.000,  7.9646564552894039E+06,  7.9290775396980103E+06,  7.8931772288539801E+06,  7.8568776121674478E+06,  1.0010991670710401E+02,  4.8025255995252514E+06,  1.7416965647498728E-09, -8.9352170107304119E-10
    5,3, 40,   15.000, 1.00,     570.000,  7.9646462725316454E+06,  7.9290557586599374E+06,  7.8931435470031211E+06,  7.8568379017097317E+06,  1.0012220637137317E+02,  4.8025125249582659E+06, -1.6145378367582452E-09, -2.5080453269765712E-09
    5,3, 40,   15.000, 1.00,     585.000,  7.9646358067944460E+06,  7.9290337295624353E+06,  7.8931103333689244E+06,  7.8568003861676333E+06,  1.0013508067925805E+02,  4.8024995742884520E+06,  2.2654944586975034E-10, -2.2814674593973905E-09
    5,3, 40,   15.000, 1.00,     600.000,  7.9646250975365806E+06,  7.9290115414423002E+06,  7.8930777311202167E+06,  7.8567652301788768E+06,  1.0014849978463614E+02,  4.8024868017852204E+06, -1.1942375977014308E-09, -3.4756908462441061E-09
    5,3, 40,   15.000, 1.00,     615.000,  7.9646141862537926E+06,  7.9289892853266364E+06,  7.8930458771080142E+06,  7.8567317960410826E+06,  1.0016241956320381E+02,  4.8024742380786687E+06,  2.6433610855747247E-10, -3.2113689485413488E-09
    5,3, 40,   15.000, 1.00,     630.000,  7.9646031162081361E+06,  7.9289670534825120E+06,  7.8930148862302825E+06,  7.8566992914136574E+06,  1.0017679192456917E+02,  4.8024618899575379E+06,  6.2341598550119670E-10, -2.5879671738948673E-09
    5,3, 40,   15.000, 1.00,     645.000,  7.9645919321409697E+06,  7.9289449381668046E+06,  7.8929848283140464E+06,  7.8566676257283213E+06,  1.0019156514518690E+02,  4.8024497634347165E+06,  8.2226847553101834E-10, -1.7656702766544186E-09
    5,3, 40,   15.000, 1.00,     660.000,  7.9645806799522610E+06,  7.9289230293500647E+06,  7.8929557131605214E+06,  7.8566367621086268E+06,  1.0020668422147779E+02,  4.8024378636980373E+06, -1.3259011666377774E-09, -3.0915998650016263E-09
    5,3, 40,   15.000, 1.00,     675.000,  7.9645694063031869E+06,  7.9289014110671869E+06,  7.8929274960122006E+06,  7.8566066573780673E+06,  1.0022209124515496E+02,  4.8024261950667147E+06, -6.2527760746888816E-12, -3.0978526410763152E-09
    5,3, 40,   15.000, 1.00,     690.000,  7.9645581580665652E+06,  7.9288801567173442E+06,  7.8929001000997042E+06,  7.8565772715804148E+06,  1.0023772580961671E+02,  4.8024147609538585E+06, -4.1515590964991134E-10, -3.5130369724356569E-09
    5,3, 40,   15.000, 1.00,     705.000,  7.9645469815306729E+06,  7.9288593244609004E+06,  7.8928734424965549E+06,  7.8565485701652532E+06,  1.0025352546966511E+02,  4.8024035638359012E+06, -2.2631354568147799E-09, -5.7762008509598672E-09
    5,3, 40,   15.000, 1.00,     720.000,  7.9645359212851776E+06,  7.9288389542330503E+06,  7.8928474517307291E+06,  7.8565205231729420E+06,  1.0026942629657988E+02,  4.8023926052303547E+06,  4.7975419192880508E-09, -9.7867314252653159E-10
    5,3, 40,   15.000, 1.00,     735.000,  7.9645250187993692E+06,  7.9288190674608620E+06,  7.8928220741456421E+06,  7.8564931044707326E+06,  1.0028536359164011E+02,  4.8023818856842285E+06, -8.0333961705036927E-10, -1.7820411812863313E-09
    5,3, 40,   15.000, 1.00,     750.000,  7.9645143108265130E+06,  7.9287996695555076E+06,  7.8927972723797010E+06,  7.8564662911974024E+06,  1.0030127283162774E+02,  4.8023714047767017E+06, -1.2146728067818913E-09, -2.9967281989229377E-09
    5,3, 40,   15.000, 1.00,     765.000,  7.9645038278837800E+06,  7.9287807542588487E+06,  7.8927730207739593E+06,  7.8564400632975195E+06,  1.0031709090470174E+02,  4.8023611611402733E+06,  1.0953300488836248E-09, -1.9014123608940281E-09
    5,3, 40,   15.000, 1.00,     780.000,  7.9644935931059457E+06,  7.9287623084648820E+06,  7.8927493009249959E+06,  7.8564144031142835E+06,  1.0033275764397895E+02,  4.8023511525049331E+06,  5.7255533647548873E-11, -1.8441710381011944E-09
    5,3, 40,   15.000, 1.00,     795.000,  7.9644836217197748E+06,  7.9287443163193557E+06,  7.8927260985707855E+06,  7.8563892950333757E+06,  1.0034821758271981E+02,  4.8023413757686727E+06, -1.1889511597473756E-09, -3.0331079869938549E-09
    5,3, 40,   15.000, 1.00,     810.000,  7.9644739212489119E+06,  7.9287267619696455E+06,  7.8927034017715761E+06,  7.8563647251707986E+06,  1.0036342176047776E+02,  4.8023318270950820E+06,  2.1883579393033870E-09, -8.4475004769046791E-10
    5,3, 40,   15.000, 1.00,     825.000,  7.9644644923895840E+06,  7.9287096309301648E+06,  7.8926811999514224E+06,  7.8563406810981305E+06,  1.0037832933770284E+02,  4.8023225020351456E+06, -1.9244339455326553E-09, -2.7691839932231233E-09
    5,3, 40,   15.000, 1.00,     840.000,  7.9644553303590240E+06,  7.9286929104057401E+06,  7.8926594834039388E+06,  7.8563171515997676E+06,  1.0039290875912975E+02,  4.8023133956665331E+06,  5.5565863021911355E-10, -2.2135395738587249E-09
    5,3, 40,   15.000, 1.00,     855.000,  7.9644464264534088E+06,  7.9286765890268832E+06,  7.8926382430169927E+06,  7.8562941264577806E+06,  1.0040713825889883E+02,  4.8023045027404148E+06, -1.8190036144005717E-09, -4.0325289774045814E-09
    5,3, 40,   15.000, 1.00,     870.000,  7.9644377695665816E+06,  7.9286606563774468E+06,  7.8926174700945811E+06,  7.8562715962608829E+06,  1.0042100561254209E+02,  4.8022958178246049E+06,  1.9765451497733011E-09, -2.0559696167765651E-09
    5,3, 40,   15.000, 1.00,     885.000,  7.9644293474907465E+06,  7.9286451025506090E+06,  7.8925971562245023E+06,  7.8562495522347204E+06,  1.0043450718013796E+02,  4.8022873354323078E+06,  8.0430595517100301E-10, -1.2516920833149925E-09
    5,3, 40,   15.000, 1.00,     900.000,  7.9644211479096608E+06,  7.9286299178359462E+06,  7.8925772931728568E+06,  7.8562279860913167E+06,  1.0044764641000337E+02,  4.8022790501284571E+06, -7.0882322233956074E-10, -1.9605295165092684E-09
    5,3, 40,   15.000, 1.00,     915.000,  7.9644131590728648E+06,  7.9286150925528733E+06,  7.8925578727992000E+06,  7.8562068898960911E+06,  1.0046043204938218E+02,  4.8022709566091970E+06, -9.0818730313912965E-10, -2.8687168196483981E-09
    5,3, 40,   15.000, 1.00,     930.000,  7.9644053701904956E+06,  7.9286006170034735E+06,  7.8925388869905453E+06,  7.8561862559513394E+06,  1.0047287632283503E+02,  4.8022630497540412E+06,  1.7606254232305218E-09, -1.1081056072725914E-09
    5,3, 40,   15.000, 1.00,     945.000,  7.9643977716110386E+06,  7.9285864815057898E+06,  7.8925203276136750E+06,  7.8561660766955651E+06,  1.0048499329677401E+02,  4.8022553246534914E+06, -1.4793499758525286E-09, -2.5875124265439808E-09
    5,3, 40,   15.000, 1.00,     960.000,  7.9643903548464412E+06,  7.9285726764716487E+06,  7.8925021864851965E+06,  7.8561463446183586E+06,  1.0049679757127873E+02,  4.8022477766170595E+06, -1.0747100986918667E-09, -3.6621941035264172E-09
    5,3, 40,   15.000, 1.00,     975.000,  7.9643831125000762E+06,  7.9285591925010765E+06,  7.8924844553583972E+06,  7.8561270521908551E+06,  1.0050830335436484E+02,  4.8022404011673760E+06,  1.0101643965754192E-09, -2.6520865503698587E-09
    5,3, 40,   15.000, 1.00,     990.000,  7.9643760381405316E+06,  7.9285460204735482E+06,  7.8924671259252047E+06,  7.8561081918118792E+06,  1.0051952390110723E+02,  4.8022331940258937E+06,  1.1202274663446588E-09, -1.5318164514610544E-09
    5,3, 40,   15.000, 1.00,    1005.000,  7.9643691261523962E+06,  7.9285331516232993E+06,  7.8924501898308825E+06,  7.8560897557698647E+06,  1.0053047125269310E+02,  4.8022261510946825E+06, -1.5775469819345744E-09, -3.1093350116861984E-09
    5,3, 40,   15.000, 1.00,    1020.000,  7.9643623715854529E+06,  7.9285205775916548E+06,  7.8924336386983823E+06,  7.8560717362204166E+06,  1.0054115619043800E+02,  4.8022192684375392E+06,  1.4260592706705211E-10, -2.9667717171832919E-09
    5,3, 40,   15.000, 1.00,    1035.000,  7.9643557700159736E+06,  7.9285082904539574E+06,  7.8924174641589262E+06,  7.8560541251789434E+06,  1.0055158832179970E+02,  4.8022125422623670E+06,  7.5007733357779216E-10, -2.2166659618960693E-09
    5,3, 40,   15.000, 1.00,    1050.000,  7.9643493174278019E+06,  7.9284962827223493E+06,  7.8924016578852674E+06,  7.8560369145272775E+06,  1.0056177623070857E+02,  4.8022059689058270E+06, -5.7093529903795570E-10, -2.7876012609340250E-09
    5,3, 40,   15.000, 1.00,    1065.000,  7.9643430101161906E+06,  7.9284845473282626E+06,  7.8923862116244026E+06,  7.8560200960325673E+06,  1.0057172764493016E+02,  4.8021995448205033E+06,  2.3487274347644416E-09, -4.3883119360543787E-10
    5,3, 40,   15.000, 1.00,    1080.000,  7.9643368446139405E+06,  7.9284730775899775E+06,  7.8923711172270859E+06,  7.8560036613761568E+06,  1.0058144959247680E+02,  4.8021932665643878E+06, -2.6556250531939440E-09, -3.0944420359446667E-09
    5,3, 40,   15.000, 1.00,    1095.000,  7.9643308176371781E+06,  7.9284618671710733E+06,  7.8923563666723520E+06,  7.8559876021896955E+06,  1.0059094853418281E+02,  4.8021871307924017E+06,  1.1606857697188389E-09, -1.9338131096446887E-09
    5,3, 40,   15.000, 1.00,    1110.000,  7.9643249260469759E+06,  7.9284509100352041E+06,  7.8923419520861357E+06,  7.8559719100954626E+06,  1.0060023046948847E+02,  4.8021811342494432E+06, -8.6969009771564743E-10, -2.8035174182150513E-09
    5,3, 40,   15.000, 1.00,    1125.000,  7.9643191668228135E+06,  7.9284402004016228E+06,  7.8923278657539301E+06,  7.8559565767478794E+06,  1.0060930101795981E+02,  4.8021752737647137E+06,  1.0819007911777589E-09, -1.7216734704561532E-09
    5,3, 40,   15.000, 1.00,    1140.000,  7.9643135370442607E+06,  7.9284297327046208E+06,  7.8923141001280732E+06,  7.8559415938734319E+06,  1.0061816548124848E+02,  4.8021695462469319E+06, -5.0640380777622340E-10, -2.2280346456682310E-09
    5,3, 40,   15.000, 1.00,    1155.000,  7.9643080338780265E+06,  7.9284195015587322E+06,  7.8923006478307126E+06,  7.8559269533066982E+06,  1.0062682889044034E+02,  4.8021639486802891E+06,  5.9647220496117370E-10, -1.6315198081429116E-09
    5,3, 40,   15.000, 1.00,    1170.000,  7.9643026545682866E+06,  7.9284095017304542E+06,  7.8922875016536191E+06,  7.8559126470208177E+06,  1.0063529604297757E+02,  4.8021584781209314E+06, -2.3290596118386020E-09, -3.9606220525456592E-09
    5,3, 40,   15.000, 1.00,    1185.000,  7.9642973964289790E+06,  7.9283997281163670E+06,  7.8922746545560164E+06,  7.8558986671514465E+06,  1.0064357153232146E+02,  4.8021531316939183E+06,  2.0118591237405781E-09, -1.9488197722239420E-09
    5,3, 40,   15.000, 1.00,    1200.000,  7.9642922568373103E+06,  7.9283901757270191E+06,  7.8922620996613791E+06,  7.8558850060139112E+06,  1.0065165977252997E+02,  4.8021479065905074E+06,  1.1582983461266849E-09, -7.9057826951611787E-10
    5,3, 40,   15.000, 1.00,    1215.000,  7.9642872332281219E+06,  7.9283808396756509E+06,  7.8922498302538758E+06,  7.8558716561139030E+06,  1.0065956501914478E+02,  4.8021428000657940E+06, -5.0910387017211178E-10, -1.2996679288335145E-09
    5,3, 40,   15.000, 1.00,    1230.000,  7.9642823230889989E+06,  7.9283717151707374E+06,  7.8922378397748666E+06,  7.8558586101524699E+06,  1.0066729138722926E+02,  4.8021378094366025E+06,  5.0789594752131961E-11, -1.2488499123719521E-09
    5,3, 40,   15.000, 1.00,    1245.000,  7.9642775239561154E+06,  7.9283627975114184E+06,  7.8922261218196070E+06,  7.8558458610263430E+06,  1.0067484286706494E+02,  4.8021329320796086E+06,  6.0111915445304476E-11, -1.1887095752172172E-09
    5,3, 40,   15.000, 1.00,    1260.000,  7.9642728334108498E+06,  7.9283540820849668E+06,  7.8922146701341793E+06,  7.8558334018247472E+06,  1.0068222333775807E+02,  4.8021281654296732E+06, -1.7656418549449882E-09, -2.9543798518716358E-09
    5,3, 40,   15.000, 1.00,    1275.000,  7.9642682490771804E+06,  7.9283455643656310E+06,  7.8922034786125394E+06,  7.8558212258238113E+06,  1.0068943657893199E+02,  4.8021235069783572E+06,  7.3285377766296733E-11, -2.8810518415411934E-09
    5,3, 40,   15.000, 1.00,    1290.000,  7.9642637686198456E+06,  7.9283372399143092E+06,  7.8921925412935680E+06,  7.8558093264795570E+06,  1.0069648628061121E+02,  4.8021189542725664E+06, -1.5702994460298214E-11, -2.8967406251467764E-09
    5,3, 40,   15.000, 1.00,    1305.000,  7.9642593897431996E+06,  7.9283291043786658E+06,  7.8921818523580302E+06,  7.8557976974202478E+06,  1.0070337605139702E+02,  4.8021145049133375E+06,  2.1026380636612885E-10, -2.6864199753617868E-09
    5,3, 40,   15.000, 1.00,    1320.000,  7.9642551101906858E+06,  7.9283211534933979E+06,  7.8921714061253723E+06,  7.8557863324386906E+06,  1.0071010942504040E+02,  4.8021101565547138E+06,  7.1054273576010019E-10, -1.9758772396016866E-09
    5,3, 40,   15.000, 1.00,    1335.000,  7.9642509277447909E+06,  7.9283133830804490E+06,  7.8921611970503582E+06,  7.8557752254848639E+06,  1.0071668986553819E+02,  4.8021059069026951E+06, -1.8433610193824279E-09, -3.8191956264199689E-09
    5,3, 40,   15.000, 1.00,    1350.000,  7.9642468402273608E+06,  7.9283057890490657E+06,  7.8921512197195580E+06,  7.8557643706590794E+06,  1.0072312077090950E+02,  4.8021017537142597E+06,  9.9666408459597733E-10, -2.8225031201145612E-09
    5,3, 40,   15.000, 1.00,    1365.000,  7.9642428455001544E+06,  7.9282983673956031E+06,  7.8921414688477572E+06,  7.8557537622057861E+06,  1.0072940547581319E+02,  4.8020976947963964E+06, -4.9240611588174943E-10, -3.3148808142868802E-09
    5,3, 40,   15.000, 1.00,    1380.000,  7.9642389414654961E+06,  7.9282911142030815E+06,  7.8921319392743371E+06,  7.8557433945079912E+06,  1.0073554725320437E+02,  4.8020937280051950E+06,  5.5152327149698976E-10, -2.7633859644993208E-09
    5,3, 40,   15.000, 1.00,    1395.000,  7.9642351260669399E+06,  7.9282840256404737E+06,  7.8921226259597111E+06,  7.8557332620822657E+06,  1.0074154931522470E+02,  4.8020898512449246E+06,  1.1829257573481300E-09, -1.5804744180059060E-09
    5,3, 40,   15.000, 1.00,    1410.000,  7.9642313972898442E+06,  7.9282770979617666E+06,  7.8921135239818469E+06,  7.8557233595742472E+06,  1.0074741481351074E+02,  4.8020860624671262E+06, -1.0753922197181964E-09, -2.6558382160146721E-09
    5,3, 40,   15.000, 1.00,    1425.000,  7.9642277531618048E+06,  7.9282703275048183E+06,  7.8921046285329284E+06,  7.8557136817545630E+06,  1.0075314683912450E+02,  4.8020823596697124E+06, -6.7109340307069942E-10, -3.3269316190853715E-09
    5,3, 40,   15.000, 1.00,    1440.000,  7.9642241917529022E+06,  7.9282637106900541E+06,  7.8920959349161843E+06,  7.8557042235151017E+06,  1.0075874842224850E+02,  4.8020787408960462E+06,  6.2001959122426342E-11, -3.2649722925270908E-09
    5,3, 40,   15.000, 1.00,    1455.000,  7.9642207111757491E+06,  7.9282572440190502E+06,  7.8920874385428727E+06,  7.8556949798655603E+06,  1.0076422253182366E+02,  4.8020752042340236E+06,  6.1874061429989524E-11, -3.2031266528065316E-09
    5,3, 40,   15.000, 1.00,    1470.000,  7.9642173095853301E+06,  7.9282509240730144E+06,  7.8920791349294456E+06,  7.8556859459302304E+06,  1.0076957207520114E+02,  4.8020717478151526E+06,  1.0346496992497123E-09, -2.1684627427021042E-09
    5,3, 40,   15.000, 1.00,    1485.000,  7.9642139851786476E+06,  7.9282447475112230E+06,  7.8920710196948564E+06,  7.8556771169449743E+06,  1.0077479989794261E+02,  4.8020683698136210E+06, -7.2526518124504946E-10, -2.8937847673660144E-09
    5,3, 40,   15.000, 1.00,    1500.000,  7.9642107361942036E+06,  7.9282387110694144E+06,  7.8920630885580173E+06,  7.8556684882543646E+06,  1.0077990878378758E+02,  4.8020650684453780E+06,  1.2535394944279687E-10, -2.7683881853590719E-09
    5,3, 40,   15.000, 1.00,    1515.000,  7.9642075609113425E+06,  7.9282328115581609E+06,  7.8920553373353789E+06,  7.8556600553089753E+06,  1.0078490145483680E+02,  4.8020618419671999E+06, -6.0607874274865026E-10, -3.3744527172530070E-09
    5,3, 40,   15.000, 1.00,    1530.000,  7.9642044576494740E+06,  7.9282270458612405E+06,  7.8920477619386194E+06,  7.8556518136627879E+06,  1.0078978057196488E+02,  4.8020586886757798E+06,  4.4698822421196382E-10, -2.9274360713316128E-09
    5,3, 40,   15.000, 1.00,    1545.000,  7.9642014247672288E+06,  7.9282214109340077E+06,  7.8920403583724219E+06,  7.8556437589707254E+06,  1.0079454873543821E+02,  4.8020556069068117E+06,  2.8424551601347048E-10, -2.6432189770275727E-09
    5,3, 40,   15.000, 1.00,    1560.000,  7.9641984606615528E+06,  7.9282159038017737E+06,  7.8920331227323394E+06,  7.8556358869862771E+06,  1.0079920848572532E+02,  4.8020525950340973E+06, -2.6513191642152378E-10, -2.9083366825943813E-09
    5,3, 40,   15.000, 1.00,    1575.000,  7.9641955637667766E+06,  7.9282105215582019E+06,  7.8920260512027191E+06,  7.8556281935592238E+06,  1.0080376230446946E+02,  4.8020496514686663E+06,  1.9071677570536849E-09, -1.0011262929765508E-09
    5,3, 40,   15.000, 1.00,    1590.000,  7.9641927325536795E+06,  7.9282052613637187E+06,  7.8920191400546981E+06,  7.8556206746334387E+06,  1.0080821261558803E+02,  4.8020467746578986E+06, -1.5083543303262559E-09, -2.5095232558669522E-09
    5,3, 40,   15.000, 1.00,    1605.000,  7.9641899655285515E+06,  7.9282001204439523E+06,  7.8920123856442403E+06,  7.8556133262447659E+06,  1.0081256178646706E+02,  4.8020439630846949E+06, -6.5895733314391691E-10, -3.1684521673014387E-09
    5,3, 40,   15.000, 1.00,    1620.000,  7.9641872612322830E+06,  7.9281950960881924E+06,  7.8920057844102290E+06,  7.8556061445189631E+06,  1.0081681212921565E+02,  4.8020412152666328E+06, -3.1666047561884625E-10, -3.4850700103561394E-09
    5,3, 40,   15.000, 1.00,    1635.000,  7.9641846182394670E+06,  7.9281901856478797E+06,  7.8919993328725966E+06,  7.8555991256697010E+06,  1.0082096590195995E+02,  4.8020385297551639E+06,  1.6910490785448928E-09, -1.7939782992471009E-09
    5,3, 40,   15.000, 1.00,    1650.000,  7.9641820351575362E+06,  7.9281853865351304E+06,  7.8919930276305033E+06,  7.8555922659966173E+06,  1.0082502531014649E+02,  4.8020359051348157E+06, -4.1239900383516215E-10, -2.2064341465011239E-09
    5,3, 40,   15.000, 1.00,    1665.000,  7.9641795106259342E+06,  7.9281806962212874E+06,  7.8919868653605450E+06,  7.8555855618834114E+06,  1.0082899250784803E+02,  4.8020333400224326E+06, -8.2528117673064116E-10, -3.0316869015223347E-09
    5,3, 40,   15.000, 1.00,    1680.000,  7.9641770433153044E+06,  7.9281761122355144E+06,  7.8919808428150043E+06,  7.8555790097959833E+06,  1.0083286959904245E+02,  4.8020308330664197E+06,  1.4436523088079412E-09, -1.5879777492955327E-09
    5,3, 40,   15.000, 1.00,    1695.000,  7.9641746319267256E+06,  7.9281716321634203E+06,  7.8919749568201378E+06,  7.8555726062806156E+06,  1.0083665863887302E+02,  4.8020283829460023E+06, -4.9647042033029720E-10, -2.0844481696258299E-09
    5,3, 40,   15.000, 1.00,    1710.000,  7.9641722751909588E+06,  7.9281672536457274E+06,  7.8919692042744961E+06,  7.8555663479621802E+06,  1.0084036163487475E+02,  4.8020259883705247E+06, -6.9904615429550176E-10, -2.7835085347760469E-09
    5,3, 40,   15.000, 1.00,    1725.000,  7.9641699718677336E+06,  7.9281629743769681E+06,  7.8919635821472807E+06,  7.8555602315423852E+06,  1.0084398054815989E+02,  4.8020236480787490E+06,  1.8386003830528352E-09, -9.4496499514207244E-10
    5,3, 40,   15.000, 1.00,    1740.000,  7.9641677207450541E+06,  7.9281587921042247E+06,  7.8919580874767397E+06,  7.8555542537980527E+06,  1.0084751729457439E+02,  4.8020213608381683E+06,  7.2854788868426112E-10, -2.1645973902195692E-10
    5,3, 40,   15.000, 1.00,    1755.000,  7.9641655206385273E+06,  7.9281547046258990E+06,  7.8919527173685860E+06,  7.8555484115794301E+06,  1.0085097374581383E+02,  4.8020191254443517E+06, -3.8126870549604064E-09, -4.0291752156917937E-09
    5,3, 40,   15.000, 1.00,    1770.000,  7.9641633703907151E+06,  7.9281507097905204E+06,  7.8919474689944666E+06,  7.8555427018085299E+06,  1.0085435173050817E+02,  4.8020169407203104E+06,  1.1166605418111430E-09, -2.9125430955900811E-09
    5,3, 40,   15.000, 1.00,    1785.000,  7.9641612688705046E+06,  7.9281468054955862E+06,  7.8919423395904489E+06,  7.8555371214775015E+06,  1.0085765303526212E+02,  4.8020148055158397E+06,  3.5181813018425601E-10, -2.5606823328416795E-09
    5,3, 40,   15.000, 1.00,    1800.000,  7.9641592149724951E+06,  7.9281429896864295E+06,  7.8919373264555531E+06,  7.8555316676470367E+06,  1.0086087940567320E+02,  4.8020127187069245E+06, -3.4803804283001227E-10, -2.9086777431075461E-09
    6,3, 40,   60.000, 1.00,       0.000,  7.9647703722856510E+06,  7.9293842236631857E+06,  7.8938394491982115E+06,  7.8581338963495167E+06,  1.0000000000000000E+02,  4.8027768277280563E+06,  0.0000000000000000E+00,  0.0000000000000000E+00
    6,3, 40,   60.000, 1.00,      60.000,  7.9647702888233000E+06,  7.9293837234086534E+06,  7.8938365285131214E+06,  7.8581168188990550E+06,  1.0000004271124918E+02,  4.8027753619862180E+06, -2.1339019440347329E-09, -2.1339019440347329E-09
    6,3, 40,   60.000, 1.00,     120.000,  7.9647697142520882E+06,  7.9293808712046705E+06,  7.8938235318801729E+06,  7.8580622755916156E+06,  1.0000038130164381E+02,  4.8027696553741470E+06, -8.9988816398545168E-10, -3.0337901080201846E-09
    6,3, 40,   60.000, 1.00,     180.000,  7.9647676839898806E+06,  7.9293724158523381E+06,  7.8937929055291405E+06,  7.8579664247494079E+06,  1.0000174925645530E+02,  4.8027573938871035E+06,  4.4553871703101322E-10, -2.5882513909891713E-09
    6,3, 40,   60.000, 1.00,     240.000,  7.9647627067650585E+06,  7.9293546336021796E+06,  7.8937396966818320E+06,  7.8578307326463042E+06,  1.0000554031320512E+02,  4.8027369968157271E+06,  1.3642420526593924E-12, -2.5868871489365119E-09
    6,3, 40,   60.000, 1.00,     300.000,  7.9647530988843953E+06,  7.9293244575694874E+06,  7.8936623237569202E+06,  7.8576614233866651E+06,  1.0001370523465089E+02,  4.8027078191298060E+06, -1.3352519090403803E-10, -2.7204123398405500E-09
    6,3, 40,   60.000, 1.00,     360.000,  7.9647374409726951E+06,  7.9292802405912243E+06,  7.8935623999196980E+06,  7.8574686967521403E+06,  1.0002835665232806E+02,  4.8026702500191135E+06, -9.1341689767432399E-10, -3.6338292375148740E-09
    6,3, 40,   60.000, 1.00,     420.000,  7.9647149540540660E+06,  7.9292220767788431E+06,  7.8934443200470181E+06,  7.8572656141546853E+06,  1.0005124779286946E+02,  4.8026256913291188E+06,  1.8687273950490635E-09, -1.7651018424658105E-09
    6,3, 40,   60.000, 1.00,     480.000,  7.9646856993376827E+06,  7.9291518036904195E+06,  7.8933147115474809E+06,  7.8570667467921525E+06,  1.0008332142216773E+02,  4.8025764201046163E+06, -1.2890382095065434E-09, -3.0541400519723538E-09
    6,3, 40,   60.000, 1.00,     540.000,  7.9646506046274249E+06,  7.9290727904582545E+06,  7.8931817333272044E+06,  7.8568866979723200E+06,  1.0012444520187343E+02,  4.8025253551212410E+06,  1.0784333426272497E-09, -1.9757067093451042E-09
    6,3, 40,   60.000, 1.00,     600.000,  7.9646113601233494E+06,  7.9289895722297188E+06,  7.8930542478625542E+06,  7.8567386317786183E+06,  1.0017335524371640E+02,  4.8024757564358637E+06, -2.6147972675971687E-10, -2.2371864361048210E-09
    6,3, 40,   60.000, 1.00,     660.000,  7.9645701442984147E+06,  7.9289068778496431E+06,  7.8929380155563233E+06,  7.8566158254550043E+06,  1.0022781719814012E+02,  4.8024294254677510E+06, -1.0917347026406787E-09, -3.3289211387454998E-09
    6,3, 40,   60.000, 1.00,     720.000,  7.9645291405260311E+06,  7.9288282450048085E+06,  7.8928335038541853E+06,  7.8565044100560863E+06,  1.0028503746207680E+02,  4.8023865277154762E+06,  6.3283778217737563E-10, -2.6960833565681241E-09
    6,3, 40,   60.000, 1.00,     780.000,  7.9644900353646604E+06,  7.9287554201811347E+06,  7.8927389357938655E+06,  7.8564026283926032E+06,  1.0034225527589233E+02,  4.8023470630320292E+06, -5.7281113186036237E-10, -3.2688944884284865E-09
    6,3, 40,   60.000, 1.00,     840.000,  7.9644537761518983E+06,  7.9286887687584981E+06,  7.8926526958879773E+06,  7.8563093612163225E+06,  1.0039728514250179E+02,  4.8023109001405789E+06, -4.4525449993670918E-10, -3.7141489883651957E-09
    6,3, 40,   60.000, 1.00,     900.000,  7.9644206534970449E+06,  7.9286279799139798E+06,  7.8925737578666275E+06,  7.8562237955652727E+06,  1.0044878204917951E+02,  4.8022778270635288E+06, -8.0848394645727240E-10, -4.5226329348224681E-09
    6,3, 40,   60.000, 1.00,     960.000,  7.9643905527806310E+06,  7.9285725424754266E+06,  7.8925014400014607E+06,  7.8561452965375446E+06,  1.0049618659319755E+02,  4.8022475982591212E+06,  5.0573589760460891E-10, -4.0168970372178592E-09
    6,3, 40,   60.000, 1.00,    1020.000,  7.9643631933187135E+06,  7.9285219435882568E+06,  7.8924352007120429E+06,  7.8560733219395168E+06,  1.0053948207559760E+02,  4.8022199671836579E+06,  8.8601836978341453E-10, -3.1309355108533055E-09
    6,3, 40,   60.000, 1.00,    1080.000,  7.9643382732741376E+06,  7.9284757210184457E+06,  7.8923745545192575E+06,  7.8560073767936546E+06,  1.0057893083816359E+02,  4.8021947030339474E+06, -3.5117864172207192E-10, -3.4821141525753774E-09
    6,3, 40,   60.000, 1.00,    1140.000,  7.9643155274892030E+06,  7.9284334671065016E+06,  7.8923190481030010E+06,  7.8559469936792571E+06,  1.0061488656167242E+02,  4.8021715962276487E+06,  9.3689322966383770E-10, -2.5452209229115397E-09
    6,3, 40,   60.000, 1.00,    1200.000,  7.9642947363493042E+06,  7.9283948223513616E+06,  7.8922682564361384E+06,  7.8558917276819050E+06,  1.0064769721304066E+02,  4.8021504580604294E+06, -1.6759713616920635E-09, -4.2211922846036032E-09
    6,3, 40,   60.000, 1.00,    1260.000,  7.9642757169654118E+06,  7.9283594678522544E+06,  7.8922217835944109E+06,  7.8558411578508401E+06,  1.0067767120951699E+02,  4.8021311183330026E+06,  2.1016717255406547E-09, -2.1195774024818093E-09
    6,3, 40,   60.000, 1.00,    1320.000,  7.9642583124170275E+06,  7.9283271183441514E+06,  7.8921792634956576E+06,  7.8557948901292747E+06,  1.0070507468779735E+02,  4.8021134228142705E+06,  8.8107299234252423E-11, -2.0314701032475568E-09
    6,3, 40,   60.000, 1.00,    1380.000,  7.9642423839784395E+06,  7.9282975164306005E+06,  7.8921403595335884E+06,  7.8557525593262389E+06,  1.0073013891829227E+02,  4.8020972311493689E+06,  9.0182084022671916E-10, -1.1295924196019769E-09
    6,3, 40,   60.000, 1.00,    1440.000,  7.9642278064909298E+06,  7.9282704282309758E+06,  7.8921047632552842E+06,  7.8557138294764142E+06,  1.0075306835961553E+02,  4.8020824152509430E+06, -2.8086333259125240E-09, -3.9382257455145009E-09
    6,3, 40,   60.000, 1.00,    1500.000,  7.9642144658130426E+06,  7.9282456402748730E+06,  7.8920721924925167E+06,  7.8556783928517895E+06,  1.0077404660326327E+02,  4.8020688580471398E+06,  9.9220187621540390E-10, -2.9460807127179578E-09
    6,3, 40,   60.000, 1.00,    1560.000,  7.9642022573862476E+06,  7.9282229572808789E+06,  7.8920423892944399E+06,  7.8556459681688398E+06,  1.0079324021661247E+02,  4.8020564524601353E+06, -1.2461214282666333E-09, -4.1922021409845911E-09
    6,3, 40,   60.000, 1.00,    1620.000,  7.9641910853224164E+06,  7.9282022004685104E+06,  7.8920151178760026E+06,  7.8556162984725637E+06,  1.0081080116885346E+02,  4.8020451005302677E+06,  1.1523297871463001E-09, -3.0398723538382910E-09
    6,3, 40,   60.000, 1.00,    1680.000,  7.9641808617100753E+06,  7.9281832061603945E+06,  7.8919901626867931E+06,  7.8555891490059868E+06,  1.0082686845014160E+02,  4.8020347126372745E+06, -1.6632384358672425E-09, -4.7031107897055335E-09
    6,3, 40,   60.000, 1.00,    1740.000,  7.9641715060064383E+06,  7.9281658245422225E+06,  7.8919673266376089E+06,  7.8555643052160405E+06,  1.0084156927294732E+02,  4.8020252067936528E+06,  1.4818510862824041E-09, -3.2212028600042686E-09
    6,3, 40,   60.000, 1.00,    1800.000,  7.9641629444671459E+06,  7.9281499185227128E+06,  7.8919464294879101E+06,  7.8555415709447339E+06,  1.0085502006536672E+02,  4.8020165079975761E+06,  1.2969394447281957E-09, -1.9242634152760729E-09
    7,3, 40,   15.000, 0.50,       0.000,  7.9647703722856510E+06,  7.9293842236631857E+06,  7.8938394491982115E+06,  7.8581338963495167E+06,  1.0000000000000000E+02,  4.8027768277280563E+06,  0.0000000000000000E+00,  0.0000000000000000E+00
    7,3, 40,   15.000, 0.50,      15.000,  7.9647703722856510E+06,  7.9293842236631839E+06,  7.8938394491756037E+06,  7.8581335549606634E+06,  1.0000000000000026E+02,  4.8027768219480561E+06, -9.9110764040233335E-10, -9.9110764040233335E-10
    7,3, 40,   15.000, 0.50,      30.000,  7.9647703722856510E+06,  7.9293842236631289E+06,  7.8938394487207904E+06,  7.8581323573277323E+06,  1.0000000000000058E+02,  4.8027767930836938E+06, -1.6488215237586701E-09, -2.6399291641610034E-09
    7,3, 40,   15.000, 0.50,      45.000,  7.9647703722856510E+06,  7.9293842236621566E+06,  7.8938394444489768E+06,  7.8581302450047098E+06,  1.0000000000000020E+02,  4.8027767181929341E+06,  8.5906748381603393E-10, -1.7808616803449695E-09
    7,3, 40,   15.000, 0.50,      60.000,  7.9647703722856492E+06,  7.9293842236512071E+06,  7.8938394196095048E+06,  7.8581271734124832E+06,  9.9999999999998508E+01,  4.8027765746175013E+06, -1.4996643926679099E-09, -3.2805260730128794E-09
    7,3, 40,   15.000, 0.50,      75.000,  7.9647703722856203E+06,  7.9293842235628702E+06,  7.8938393195680594E+06,  7.8581229811133211E+06,  1.0000000000000090E+02,  4.8027763401225926E+06, -2.2038904035071027E-10, -3.5009151133635896E-09
    7,3, 40,   15.000, 0.50,      90.000,  7.9647703722853540E+06,  7.9293842230197750E+06,  7.8938390232113404E+06,  7.8581176898673680E+06,  1.0000000000000144E+02,  4.8027759930339493E+06,  3.2094504831547965E-10, -3.1799700650481100E-09
    7,3, 40,   15.000, 0.50,     105.000,  7.9647703722833320E+06,  7.9293842203779314E+06,  7.8938383512181714E+06,  7.8581112177170338E+06,  1.0000000000000209E+02,  4.8027755123714907E+06,  3.8017589076844160E-10, -2.7997941742796684E-09
    7,3, 40,   15.000, 0.50,     120.000,  7.9647703722706344E+06,  7.9293842099552089E+06,  7.8938371422264213E+06,  7.8581035014028819E+06,  1.0000000000003247E+02,  4.8027748779786648E+06,  1.2372325386422744E-09, -1.5625616356373939E-09
    7,3, 40,   15.000, 0.50,     135.000,  7.9647703722035168E+06,  7.9293841760306936E+06,  7.8938353359700665E+06,  7.8580945718449727E+06,  1.0000000000023950E+02,  4.8027740706467144E+06, -2.3966038042999571E-09, -3.9591654399373510E-09
    7,3, 40,   15.000, 0.50,     150.000,  7.9647703719006656E+06,  7.9293840837971559E+06,  7.8938329466207838E+06,  7.8580843650074927E+06,  1.0000000000153283E+02,  4.8027730722331293E+06,  1.3562981848735944E-09, -2.6028672550637566E-09
    7,3, 40,   15.000, 0.50,     165.000,  7.9647703707221914E+06,  7.9293838722510496E+06,  7.8938299482560763E+06,  7.8580728860414643E+06,  1.0000000000864776E+02,  4.8027718657735111E+06,  1.2823875294998288E-10, -2.4746285021137737E-09
    7,3, 40,   15.000, 0.50,     180.000,  7.9647703667375222E+06,  7.9293834589828849E+06,  7.8938262528883424E+06,  7.8580601689558551E+06,  1.0000000004300222E+02,  4.8027704355863361E+06, -1.0926157756330213E-09, -3.5672442777467950E-09
    7,3, 40,   15.000, 0.50,     195.000,  7.9647703549629133E+06,  7.9293827628838345E+06,  7.8938218112378754E+06,  7.8580461855527395E+06,  1.0000000019004011E+02,  4.8027687673702408E+06, -1.4182433005771600E-11, -3.5814267107525666E-09
    7,3, 40,   15.000, 0.50,     210.000,  7.9647703244192516E+06,  7.9293817328224946E+06,  7.8938166345636090E+06,  7.8580309892991744E+06,  1.0000000075068279E+02,  4.8027668482942926E+06,  5.3796611609868705E-10, -3.0434605946538795E-09
    7,3, 40,   15.000, 0.50,     225.000,  7.9647702546074577E+06,  7.9293803542979071E+06,  7.8938107033159435E+06,  7.8580146183541808E+06,  1.0000000266254821E+02,  4.8027646670835139E+06, -5.8232529909219011E-10, -3.6257858937460696E-09
    7,3, 40,   15.000, 0.50,     240.000,  7.9647701134980125E+06,  7.9293786213143272E+06,  7.8938039686662089E+06,  7.8579970873841038E+06,  1.0000000851174237E+02,  4.8027622141056219E+06,  6.7176841866967152E-10, -2.9540174750763981E-09
    7,3, 40,   15.000, 0.50,     255.000,  7.9647698601042125E+06,  7.9293765036865277E+06,  7.8937964322607117E+06,  7.8579784811993623E+06,  1.0000002460328359E+02,  4.8027594814709080E+06,  1.7492922665951482E-09, -1.2047252084812499E-09
    7,3, 40,   15.000, 0.50,     270.000,  7.9647694530091239E+06,  7.9293739530869108E+06,  7.8937881129079210E+06,  7.8579588463538000E+06,  1.0000006447759266E+02,  4.8027564631636906E+06, -3.1488340823671024E-09, -4.3535592908483522E-09
    7,3, 40,   15.000, 0.50,     285.000,  7.9647688611292299E+06,  7.9293709390334794E+06,  7.8937789918145984E+06,  7.8579382395946197E+06,  1.0000015358983721E+02,  4.8027531552246241E+06,  1.2842420460401627E-09, -3.0693172448081896E-09
    7,3, 40,   15.000, 0.50,     300.000,  7.9647680683664968E+06,  7.9293674582446851E+06,  7.8937690709350985E+06,  7.8579167631731238E+06,  1.0000033340635224E+02,  4.8027495559879001E+06,  1.2249756764504127E-10, -2.9468196771631483E-09
    7,3, 40,   15.000, 0.50,     315.000,  7.9647670665568477E+06,  7.9293635034309784E+06,  7.8937583872229168E+06,  7.8578944768083738E+06,  1.0000066150456693E+02,  4.8027456663389262E+06, -1.3458958392220666E-09, -4.2927155163852149E-09
    7,3, 40,   15.000, 0.50,     330.000,  7.9647658424967257E+06,  7.9293590484365774E+06,  7.8937469513996728E+06,  7.8578714725129809E+06,  1.0000120417484236E+02,  4.8027414899060968E+06,  1.5201848668766615E-09, -2.7725306495085533E-09
    7,3, 40,   15.000, 0.50,     345.000,  7.9647643734646346E+06,  7.9293540758719360E+06,  7.8937347761311540E+06,  7.8578478596422737E+06,  1.0000202155327545E+02,  4.8027370330743780E+06, -4.9843151828099508E-10, -3.2709621677895484E-09
    7,3, 40,   15.000, 0.50,     360.000,  7.9647626376972012E+06,  7.9293485918861385E+06,  7.8937219102862235E+06,  7.8578237141987570E+06,  1.0000315200748246E+02,  4.8027323047591625E+06,  4.4062176129955333E-10, -2.8303404064899951E-09
    7,3, 40,   15.000, 0.50,     375.000,  7.9647606272426667E+06,  7.9293426001486797E+06,  7.8937083875058144E+06,  7.8577991526998030E+06,  1.0000460712273799E+02,  4.8027273160143364E+06, -2.5719373297761194E-09, -5.4022777362661145E-09
    7,3, 40,   15.000, 0.50,     390.000,  7.9647583460247181E+06,  7.9293360911948588E+06,  7.8936942347612502E+06,  7.8577742847806849E+06,  1.0000638393638397E+02,  4.8027220796836587E+06,  1.5263097452589136E-09, -3.8759679910072009E-09
    7,3, 40,   15.000, 0.50,     405.000,  7.9647557962875757E+06,  7.9293290684304256E+06,  7.8936795111374119E+06,  7.8577492027706793E+06,  1.0000848658552093E+02,  4.8027166102955760E+06, -1.0561294061517401E-09, -4.9320973971589410E-09
    7,3, 40,   15.000, 0.50,     420.000,  7.9647529737397833E+06,  7.9293215525612552E+06,  7.8936642670310689E+06,  7.8577240352468407E+06,  1.0001093777829684E+02,  4.8027109241961492E+06,  1.4366463574333466E-09, -3.4954439342982369E-09
    7,3, 40,   15.000, 0.50,     435.000,  7.9647498770942772E+06,  7.9293135569420205E+06,  7.8936485431115637E+06,  7.8576988881037189E+06,  1.0001376764837386E+02,  4.8027050396744097E+06, -9.2016705366404494E-10, -4.4156109879622818E-09
    7,3, 40,   15.000, 0.50,     450.000,  7.9647465134931775E+06,  7.9293050917808032E+06,  7.8936324074050467E+06,  7.8576738664849252E+06,  1.0001699169312099E+02,  4.8026989768291665E+06,  9.9145580634285579E-10, -3.4241622870467836E-09
    7,3, 40,   15.000, 0.50,     465.000,  7.9647428898227364E+06,  7.9292961855144938E+06,  7.8936159220576901E+06,  7.8576490989457015E+06,  1.0002060392046349E+02,  4.8026927572098682E+06, -1.2434497875801753E-11, -3.4365967849225854E-09
    7,3, 40,   15.000, 0.50,     480.000,  7.9647390072646597E+06,  7.9292868720714273E+06,  7.8935991391566629E+06,  7.8576246853147540E+06,  1.0002459372809710E+02,  4.8026864035241818E+06, -6.1608318446815247E-10, -4.0526799693907378E-09
    7,3, 40,   15.000, 0.50,     495.000,  7.9647348710797951E+06,  7.9292771756775770E+06,  7.8935821341446564E+06,  7.8576007369421422E+06,  1.0002896355036880E+02,  4.8026799395965990E+06,  1.2850449593315716E-09, -2.7676350100591662E-09
    7,3, 40,   15.000, 0.50,     510.000,  7.9647304975925907E+06,  7.9292671280091945E+06,  7.8935649771219036E+06,  7.8575773722112020E+06,  1.0003372258935538E+02,  4.8026733904051045E+06, -1.3865317782801867E-09, -4.1541738937667105E-09
    7,3, 40,   15.000, 0.50,     525.000,  7.9647259043696141E+06,  7.9292567717143819E+06,  7.8935477291124705E+06,  7.8575546832115138E+06,  1.0003886670986896E+02,  4.8026667819134956E+06,  3.2563605145696783E-09, -8.9781337919703219E-10
    7,3, 40,   15.000, 0.50,     540.000,  7.9647211020598449E+06,  7.9292461415309003E+06,  7.8935304710084628E+06,  7.8575327791329958E+06,  1.0004437572201107E+02,  4.8026601407266427E+06, -5.2754245416508638E-10, -1.4253487279347610E-09
    7,3, 40,   15.000, 0.50,     555.000,  7.9647161027450887E+06,  7.9292352716062143E+06,  7.8935132769898223E+06,  7.8575117611020748E+06,  1.0005023163364392E+02,  4.8026534938572412E+06, -6.0857985317852581E-11, -1.4861996078252560E-09
    7,3, 40,   15.000, 0.50,     570.000,  7.9647109268313553E+06,  7.9292242094587246E+06,  7.8934962128509404E+06,  7.8574917119736914E+06,  1.0005642724017564E+02,  4.8026468686895538E+06, -1.7086705383917433E-09, -3.1948843570717145E-09
    7,3, 40,   15.000, 0.50,     585.000,  7.9647055956756640E+06,  7.9292130012755301E+06,  7.8934793600540115E+06,  7.8574727305331677E+06,  1.0006295133067790E+02,  4.8026402928931965E+06,  6.0786931044276571E-10, -2.5870008357742336E-09
    7,3, 40,   15.000, 0.50,     600.000,  7.9647001272366736E+06,  7.9292016876865085E+06,  7.8934627905240748E+06,  7.8574548969618734E+06,  1.0006977754741823E+02,  4.8026337941397810E+06, -3.9205616531035048E-10, -2.9790498956572264E-09
    7,3, 40,   15.000, 0.50,     615.000,  7.9646945424780687E+06,  7.9291903181447992E+06,  7.8934465688195135E+06,  7.8574379413375556E+06,  1.0007687663567503E+02,  4.8026273940461557E+06,  1.5009078424554900E-09, -1.4781562640564516E-09
    7,3, 40,   15.000, 0.50,     630.000,  7.9646888658481836E+06,  7.9291789429582627E+06,  7.8934307716635969E+06,  7.8574214290023828E+06,  1.0008422874217037E+02,  4.8026211023364887E+06, -9.1221608045088942E-10, -2.3903794499346986E-09
    7,3, 40,   15.000, 0.50,     645.000,  7.9646831192422211E+06,  7.9291676046900256E+06,  7.8934154619124150E+06,  7.8574053575612716E+06,  1.0009181326876849E+02,  4.8026149226515703E+06, -4.1525538563291775E-10, -2.8056206247129012E-09
    7,3, 40,   15.000, 0.50,     660.000,  7.9646773248462304E+06,  7.9291563521325374E+06,  7.8934006841984531E+06,  7.8573897373867380E+06,  1.0009959720712372E+02,  4.8026088582301401E+06,  5.7826810007099994E-10, -2.2273525246419013E-09
    7,3, 40,   15.000, 0.50,     675.000,  7.9646715096658776E+06,  7.9291452382037248E+06,  7.8933864546542475E+06,  7.8573744609221369E+06,  1.0010754489471768E+02,  4.8026029117959039E+06,  5.7902127537090564E-11, -2.1694575025321683E-09
    7,3, 40,   15.000, 0.50,     690.000,  7.9646656993983416E+06,  7.9291343071371615E+06,  7.8933727097769035E+06,  7.8573595800517332E+06,  1.0011562902968774E+02,  4.8025970856003361E+06, -8.8691365363047225E-10, -3.0563569453079253E-09
    7,3, 40,   15.000, 0.50,     705.000,  7.9646599157075649E+06,  7.9291236030499507E+06,  7.8933593239307739E+06,  7.8573450466062212E+06,  1.0012382127100173E+02,  4.8025913814775934E+06,  2.1909869474256993E-09, -8.6538420873694122E-10
    7,3, 40,   15.000, 0.50,     720.000,  7.9646541837693658E+06,  7.9291131700655157E+06,  7.8933461945496704E+06,  7.8573308214723133E+06,  1.0013208326645787E+02,  4.8025858007616242E+06, -1.5189982605079422E-10, -1.0172698239330202E-09
    7,3, 40,   15.000, 0.50,     735.000,  7.9646485317684952E+06,  7.9291030352626955E+06,  7.8933333055780958E+06,  7.8573169413922206E+06,  1.0014037699960596E+02,  4.8025803442136180E+06, -1.7525394468975719E-09, -2.7698092708305921E-09
    7,3, 40,   15.000, 0.50,     750.000,  7.9646429828939447E+06,  7.9290932061969573E+06,  7.8933207133956598E+06,  7.8573033526677852E+06,  1.0014867200952051E+02,  4.8025750120811863E+06, -1.2701661944447551E-10, -2.8968258902750676E-09
    7,3, 40,   15.000, 0.50,     765.000,  7.9646375581869828E+06,  7.9290836676586056E+06,  7.8933084361674637E+06,  7.8572900541165546E+06,  1.0015693488651380E+02,  4.8025698041329067E+06,  1.7564616427989677E-10, -2.7211797259951709E-09
    7,3, 40,   15.000, 0.50,     780.000,  7.9646322815443063E+06,  7.9290743753041355E+06,  7.8932964151299791E+06,  7.8572770611256929E+06,  1.0016512525785807E+02,  4.8025647195839901E+06,  5.4334492460839101E-10, -2.1778419068141375E-09
    7,3, 40,   15.000, 0.50,     795.000,  7.9646271723491363E+06,  7.9290652831586013E+06,  7.8932846292513851E+06,  7.8572643283843314E+06,  1.0017320707463162E+02,  4.8025597570764860E+06,  2.2888499984219379E-09,  1.1101519703515805E-10
    7,3, 40,   15.000, 0.50,     810.000,  7.9646222395613277E+06,  7.9290563783710022E+06,  7.8932731162186498E+06,  7.8572518730765386E+06,  1.0018115005257518E+02,  4.8025549147549374E+06, -2.6618991455507057E-09, -2.5508768430881901E-09
    7,3, 40,   15.000, 0.50,     825.000,  7.9646174840108827E+06,  7.9290476776077859E+06,  7.8932618692383450E+06,  7.8572396920204684E+06,  1.0018891973130303E+02,  4.8025501902783159E+06, -5.7280402643300476E-10, -3.1236879749485524E-09
    7,3, 40,   15.000, 0.50,     840.000,  7.9646128956619808E+06,  7.9290392011006484E+06,  7.8932508527764501E+06,  7.8572277559573818E+06,  1.0019648096421302E+02,  4.8025455807835329E+06,  6.4533622889939579E-10, -2.4783446406217990E-09
    7,3, 40,   15.000, 0.50,     855.000,  7.9646084516224880E+06,  7.9290309467251990E+06,  7.8932400762395663E+06,  7.8572160874095270E+06,  1.0020380926955480E+02,  4.8025410829602862E+06, -1.3351098004932282E-11, -2.4917028440540889E-09
    7,3, 40,   15.000, 0.50,     870.000,  7.9646041275064517E+06,  7.9290228881307058E+06,  7.8932295533054527E+06,  7.8572046699233586E+06,  1.0021088917764015E+02,  4.8025366931986390E+06, -1.1716565495589748E-09, -3.6633593936130637E-09
    7,3, 40,   15.000, 0.50,     885.000,  7.9645999094588272E+06,  7.9290150118125491E+06,  7.8932192613717318E+06,  7.8571934900449459E+06,  1.0021771258816727E+02,  4.8025324077118821E+06, -3.7967140542605193E-10, -4.0430450098938309E-09
    7,3, 40,   15.000, 0.50,     900.000,  7.9645957952383719E+06,  7.9290073318993608E+06,  7.8932091912571555E+06,  7.8571825660601193E+06,  1.0022429055481017E+02,  4.8025282227354562E+06,  1.7159820231427148E-09, -2.3270558813237585E-09
    7,3, 40,   15.000, 0.50,     915.000,  7.9645917887097942E+06,  7.9289998517900100E+06,  7.8931993582972968E+06,  7.8571718760259748E+06,  1.0023065651293622E+02,  4.8025241348384647E+06,  3.8096459320513532E-10, -1.9460912881186232E-09
    7,3, 40,   15.000, 0.50,     930.000,  7.9645878886145409E+06,  7.9289925510136047E+06,  7.8931897524870895E+06,  7.8571614200399462E+06,  1.0023685086510262E+02,  4.8025201411438007E+06,  7.2954264851432526E-10, -1.2165628504590131E-09
    7,3, 40,   15.000, 0.50,     945.000,  7.9645840808998318E+06,  7.9289854183558710E+06,  7.8931803565264763E+06,  7.8571512071362529E+06,  1.0024290741392484E+02,  4.8025162393308925E+06, -9.4564711616840214E-10, -2.1622099666274153E-09
    7,3, 40,   15.000, 0.50,     960.000,  7.9645803501749057E+06,  7.9289784593317006E+06,  7.8931711818304509E+06,  7.8571412154607195E+06,  1.0024884529331159E+02,  4.8025124274761965E+06, -1.7449508504796540E-10, -2.3367192625300959E-09
    7,3, 40,   15.000, 0.50,     975.000,  7.9645766948776897E+06,  7.9289716713875113E+06,  7.8931622253703643E+06,  7.8571314531063251E+06,  1.0025465969447750E+02,  4.8025087037636051E+06,  1.2747136679536197E-10, -2.2092763174441643E-09
    7,3, 40,   15.000, 0.50,     990.000,  7.9645731219314151E+06,  7.9289650391597897E+06,  7.8931534676162992E+06,  7.8571219192610979E+06,  1.0026032952651940E+02,  4.8025050661827633E+06,  7.4357586754558724E-10, -1.4657075553259347E-09
    7,3, 40,   15.000, 0.50,    1005.000,  7.9645696333483849E+06,  7.9289585541849798E+06,  7.8931449163760850E+06,  7.8571125971083716E+06,  1.0026584541044340E+02,  4.8025015124947904E+06, -1.6898127341846703E-10, -1.6347030395991169E-09
    7,3, 40,   15.000, 0.50,    1020.000,  7.9645662250286015E+06,  7.9289522198460307E+06,  7.8931365707899444E+06,  7.8571034969520411E+06,  1.0027122194305315E+02,  4.8024980404999387E+06, -2.9400126777545665E-09, -4.5747015064989682E-09
    7,3, 40,   15.000, 0.50,    1035.000,  7.9645628933586990E+06,  7.9289460317394771E+06,  7.8931284112046361E+06,  7.8570946093238946E+06,  1.0027648026122058E+02,  4.8024946482664738E+06,  3.0801245998191007E-09, -1.4945840121072251E-09
    7,3, 40,   15.000, 0.50,    1050.000,  7.9645596390156839E+06,  7.9289399768812060E+06,  7.8931204434094932E+06,  7.8570859241935993E+06,  1.0028162910962799E+02,  4.8024913340867525E+06, -2.6526549845584668E-09, -4.1472389966656920E-09
    7,3, 40,   15.000, 0.50,    1065.000,  7.9645564625088489E+06,  7.9289340561974831E+06,  7.8931126662822459E+06,  7.8570774498053389E+06,  1.0028666250485595E+02,  4.8024880962738637E+06,  2.5619044663471868E-09, -1.5853629520279355E-09
    7,3, 40,   15.000, 0.50,    1080.000,  7.9645533573638583E+06,  7.9289282755376408E+06,  7.8931050611474747E+06,  7.8570691716830935E+06,  1.0029157122986558E+02,  4.8024849330268735E+06, -5.9302607269273722E-10, -2.1784103410027456E-09
    7,3, 40,   15.000, 0.50,    1095.000,  7.9645503168818420E+06,  7.9289226257543890E+06,  7.8930976334388051E+06,  7.8570610858897995E+06,  1.0029635933209846E+02,  4.8024818425060874E+06, -8.5181284248392330E-10, -3.0302089726319537E-09
    7,3, 40,   15.000, 0.50,    1110.000,  7.9645473446713351E+06,  7.9289171019189246E+06,  7.8930903814699305E+06,  7.8570531953566270E+06,  1.0030104338274710E+02,  4.8024788230264485E+06, -2.3856472353145364E-10, -3.2687808015907649E-09
    7,3, 40,   15.000, 0.50,    1125.000,  7.9645444451875240E+06,  7.9289117099923557E+06,  7.8930832890987359E+06,  7.8570454845889052E+06,  1.0030563001434096E+02,  4.8024758730769269E+06,  2.6815882847586181E-10, -3.0006503948243335E-09
    7,3, 40,   15.000, 0.50,    1140.000,  7.9645416123585962E+06,  7.9289064431838877E+06,  7.8930763627404748E+06,  7.8570379543643212E+06,  1.0031010962257061E+02,  4.8024729911242044E+06,  6.0633453813352389E-10, -2.3943016458360944E-09
    7,3, 40,   15.000, 0.50,    1155.000,  7.9645388403084585E+06,  7.9289012917779833E+06,  7.8930696002422096E+06,  7.8570306017751778E+06,  1.0031447898618765E+02,  4.8024701755387699E+06, -1.2374101743262145E-10, -2.5180497686960734E-09
    7,3, 40,   15.000, 0.50,    1170.000,  7.9645361315001985E+06,  7.9288962598976353E+06,  7.8930629884758750E+06,  7.8570234137020763E+06,  1.0031874997993692E+02,  4.8024674247560157E+06, -2.0654766785810352E-10, -2.7246187528362498E-09
    7,3, 40,   15.000, 0.50,    1185.000,  7.9645334865522869E+06,  7.9288913463492673E+06,  7.8930565336820744E+06,  7.8570163938708780E+06,  1.0032293036113097E+02,  4.8024647373585738E+06,  1.6401457969550393E-10, -2.5606254894228186E-09
    7,3, 40,   15.000, 0.50,    1200.000,  7.9645309013134968E+06,  7.9288865429828102E+06,  7.8930502309686122E+06,  7.8570095357451914E+06,  1.0032701539768166E+02,  4.8024621119517665E+06,  1.6167120975296712E-09, -9.4394181360257789E-10
    7,3, 40,   15.000, 0.50,    1215.000,  7.9645283748675827E+06,  7.9288818513598042E+06,  7.8930440687073050E+06,  7.8570028314044867E+06,  1.0033100208765215E+02,  4.8024595470829057E+06, -8.8166274281320511E-10, -1.8255832401337102E-09
    7,3, 40,   15.000, 0.50,    1230.000,  7.9645259078817964E+06,  7.9288772711141100E+06,  7.8930380521242563E+06,  7.8569962852841746E+06,  1.0033489698936354E+02,  4.8024570413259827E+06, -6.1524474403995555E-10, -2.4408564058830962E-09
    7,3, 40,   15.000, 0.50,    1245.000,  7.9645234973842883E+06,  7.9288727939715255E+06,  7.8930321745012412E+06,  7.8569898888659850E+06,  1.0033870690321720E+02,  4.8024545933551788E+06,  1.8173764715356810E-09, -6.2345861806534231E-10
    7,3, 40,   15.000, 0.50,    1260.000,  7.9645211410224764E+06,  7.9288684189911569E+06,  7.8930264275924303E+06,  7.8569836388786184E+06,  1.0034243047881407E+02,  4.8024522018855428E+06, -1.2351932809906430E-09, -1.8586661099107005E-09
    7,3, 40,   15.000, 0.50,    1275.000,  7.9645188400379214E+06,  7.9288641476899600E+06,  7.8930208171350369E+06,  7.8569775369843692E+06,  1.0034606447625775E+02,  4.8024498655977044E+06, -1.4454926144935598E-09, -3.3041374081221875E-09
    7,3, 40,   15.000, 0.50,    1290.000,  7.9645165938393781E+06,  7.9288599744928172E+06,  7.8930153358013788E+06,  7.8569715730320187E+06,  1.0034961371861820E+02,  4.8024475831841677E+06,  1.7476295965934696E-09, -1.5564864952466451E-09
    7,3, 40,   15.000, 0.50,    1305.000,  7.9645143983876705E+06,  7.9288558964542635E+06,  7.8930099776790673E+06,  7.8569657465702184E+06,  1.0035308512410265E+02,  4.8024453534254860E+06, -2.1358061985665699E-09, -3.6923211155226454E-09
    7,3, 40,   15.000, 0.50,    1320.000,  7.9645122524508815E+06,  7.9288519138632035E+06,  7.8930047467855578E+06,  7.8569600562563129E+06,  1.0035647665542146E+02,  4.8024431751388339E+06,  1.4884733445796883E-09, -2.2038193492335267E-09
    7,3, 40,   15.000, 0.50,    1335.000,  7.9645101579036675E+06,  7.9288480225230623E+06,  7.8929996349667450E+06,  7.8569544937475771E+06,  1.0035978554903983E+02,  4.8024410471053664E+06, -1.0281127060807194E-09, -3.2319462661689613E-09
    7,3, 40,   15.000, 0.50,    1350.000,  7.9645081127058752E+06,  7.9288442197002470E+06,  7.8929946391074630E+06,  7.8569490612000134E+06,  1.0036301848154667E+02,  4.8024389681355972E+06,  1.4214123211786500E-09, -1.8105197341355961E-09
    7,3, 40,   15.000, 0.50,    1365.000,  7.9645061128608575E+06,  7.9288405061430680E+06,  7.8929897620668961E+06,  7.8569437548596235E+06,  1.0036618012473129E+02,  4.8024369371251436E+06, -6.7397110115052783E-10, -2.4845121515681967E-09
    7,3, 40,   15.000, 0.50,    1380.000,  7.9645041591604901E+06,  7.9288368784250729E+06,  7.8929849954866963E+06,  7.8569385686288420E+06,  1.0036926654018913E+02,  4.8024349529751297E+06, -7.8951956083983532E-10, -3.2740103961259592E-09
    7,3, 40,   15.000, 0.50,    1395.000,  7.9645022522825906E+06,  7.9288333327457001E+06,  7.8929803378633419E+06,  7.8569335041859169E+06,  1.0037227872590158E+02,  4.8024330145646269E+06,  1.4612098198085732E-09, -1.8127934708900284E-09
    7,3, 40,   15.000, 0.50,    1410.000,  7.9645003885358963E+06,  7.9288298697469551E+06,  7.8929757901149681E+06,  7.8569285554225463E+06,  1.0037522380387949E+02,  4.8024311208335990E+06, -1.1996164062111347E-09, -3.0124169825285207E-09
    7,3, 40,   15.000, 0.50,    1425.000,  7.9644985667247698E+06,  7.9288264874981120E+06,  7.8929713447101163E+06,  7.8569237193343174E+06,  1.0037810199660538E+02,  4.8024292707771035E+06,  8.4595797034126008E-10, -2.1664732230419759E-09
    7,3, 40,   15.000, 0.50,    1440.000,  7.9644967880936675E+06,  7.9288231820697896E+06,  7.8929670022704424E+06,  7.8569189971441422E+06,  1.0038091082984607E+02,  4.8024274633733006E+06, -1.2576037988765165E-09, -3.4240770219184924E-09
    7,3, 40,   15.000, 0.50,    1455.000,  7.9644950503820973E+06,  7.9288199532460030E+06,  7.8929627620908823E+06,  7.8569143823261261E+06,  1.0038365487662080E+02,  4.8024256976161003E+06,  1.1903438235094654E-09, -2.2337189875543118E-09
    7,3, 40,   15.000, 0.50,    1470.000,  7.9644933518336238E+06,  7.9288167993675033E+06,  7.8929586170937307E+06,  7.8569098738757614E+06,  1.0038633798696712E+02,  4.8024239725625776E+06,  3.5479530424709083E-10, -1.8789023670251481E-09
    7,3, 40,   15.000, 0.50,    1485.000,  7.9644916932402421E+06,  7.9288137170629296E+06,  7.8929545684688138E+06,  7.8569054708161363E+06,  1.0038895823527471E+02,  4.8024222872842411E+06, -3.3312730352008657E-09, -5.2101540859439410E-09
    7,3, 40,   15.000, 0.50,    1500.000,  7.9644900728841154E+06,  7.9288107064872086E+06,  7.8929506142640878E+06,  7.8569011671908451E+06,  1.0039151655080028E+02,  4.8024206408451395E+06,  2.8905731142003788E-09, -2.3195525500341319E-09
    7,3, 40,   15.000, 0.50,    1515.000,  7.9644884890783709E+06,  7.9288077659236006E+06,  7.8929467491860017E+06,  7.8568969637590768E+06,  1.0039401733538880E+02,  4.8024190323492847E+06, -1.1906635677405575E-09, -3.5101948014926165E-09
    7,3, 40,   15.000, 0.50,    1530.000,  7.9644869425680954E+06,  7.9288048917115014E+06,  7.8929429747635471E+06,  7.8568928580186684E+06,  1.0039646110931128E+02,  4.8024174609376211E+06,  1.0831016084011935E-09, -2.4271002985187806E-09
    7,3, 40,   15.000, 0.50,    1545.000,  7.9644854317684034E+06,  7.9288020843779724E+06,  7.8929392875255477E+06,  7.8568888453621836E+06,  1.0039884694427138E+02,  4.8024159257480223E+06, -6.6869176862383028E-10, -3.0958062779973261E-09
    7,3, 40,   15.000, 0.50,    1560.000,  7.9644839547827840E+06,  7.9287993426360702E+06,  7.8929356835503699E+06,  7.8568849265473140E+06,  1.0040117766950817E+02,  4.8024144259326262E+06,  6.2010485635255463E-10, -2.4757014216447715E-09
    7,3, 40,   15.000, 0.50,    1575.000,  7.9644825125821950E+06,  7.9287966626189994E+06,  7.8929321643709764E+06,  7.8568810976352300E+06,  1.0040345589888099E+02,  4.8024129606843898E+06,  6.4859762005653465E-10, -1.8271180124429520E-09
    7,3, 40,   15.000, 0.50,    1590.000,  7.9644811040704548E+06,  7.9287940447318638E+06,  7.8929287259257082E+06,  7.8568773561278349E+06,  1.0040568102021705E+02,  4.8024115292112837E+06,  6.1886140656497446E-10, -1.2082637113053352E-09
    7,3, 40,   15.000, 0.50,    1605.000,  7.9644797269209037E+06,  7.9287914880776554E+06,  7.8929253656647447E+06,  7.8568737025074484E+06,  1.0040785386261372E+02,  4.8024101307229027E+06, -2.1769608338217949E-09, -3.3852529668365605E-09
    7,3, 40,   15.000, 0.50,    1620.000,  7.9644783818983417E+06,  7.9287889892152827E+06,  7.8929220843932815E+06,  7.8568701320726834E+06,  1.0040997759863440E+02,  4.8024087644588621E+06,  5.7227111938118469E-11, -3.3280116440437268E-09
    7,3, 40,   15.000, 0.50,    1635.000,  7.9644770686211614E+06,  7.9287865483396053E+06,  7.8929188778584870E+06,  7.8568666436391044E+06,  1.0041205284742711E+02,  4.8024074296872085E+06,  9.0143004172205110E-10, -2.4265887077490333E-09
    7,3, 40,   15.000, 0.50,    1650.000,  7.9644757846527966E+06,  7.9287841642625323E+06,  7.8929157448950075E+06,  7.8568632367408471E+06,  1.0041407904233128E+02,  4.8024061256763805E+06, -1.2135359384046751E-09, -3.6401388570084237E-09
    7,3, 40,   15.000, 0.50,    1665.000,  7.9644745302179437E+06,  7.9287818340725116E+06,  7.8929126853771554E+06,  7.8568599072196484E+06,  1.0041605869991001E+02,  4.8024048517094506E+06,  3.3150016065519594E-09, -3.2514435588382185E-10
    7,3, 40,   15.000, 0.50,    1680.000,  7.9644733055513082E+06,  7.9287795582366604E+06,  7.8929096951273857E+06,  7.8568566549543934E+06,  1.0041799373165782E+02,  4.8024036071026847E+06, -2.6771331818054023E-09, -3.0022988539712969E-09
    7,3, 40,   15.000, 0.50,    1695.000,  7.9644721085534217E+06,  7.9287773352098465E+06,  7.8929067740498725E+06,  7.8568534780801609E+06,  1.0041988325533774E+02,  4.8024023911800878E+06,  6.6894756400870392E-10, -2.3333655008173082E-09
    7,3, 40,   15.000, 0.50,    1710.000,  7.9644709388013920E+06,  7.9287751623140611E+06,  7.8929039212228702E+06,  7.8568503732581753E+06,  1.0042172874271584E+02,  4.8024012032700730E+06, -1.6532197832930251E-10, -2.4986661628645379E-09
    7,3, 40,   15.000, 0.50,    1725.000,  7.9644697966979537E+06,  7.9287730402733311E+06,  7.8929011328552645E+06,  7.8568473409457207E+06,  1.0042353289410339E+02,  4.8024000427323477E+06, -1.4587300256607705E-09, -3.9573819776705932E-09
    7,3, 40,   15.000, 0.50,    1740.000,  7.9644686806896497E+06,  7.9287709673966980E+06,  7.8928984092865763E+06,  7.8568443784574466E+06,  1.0042529510828788E+02,  4.8023989089423670E+06,  1.2813998750971223E-09, -2.6759607862913981E-09
    7,3, 40,   15.000, 0.50,    1755.000,  7.9644675899700141E+06,  7.9287689412268121E+06,  7.8928957489549052E+06,  7.8568414834866459E+06,  1.0042701574663718E+02,  4.8023978012737809E+06,  1.9867059108946705E-09, -6.8928329710615799E-10
    7,3, 40,   15.000, 0.50,    1770.000,  7.9644665248435708E+06,  7.9287669625402233E+06,  7.8928931489562234E+06,  7.8568386561564011E+06,  1.0042869769104010E+02,  4.8023967191245612E+06, -2.2788100295656477E-09, -2.9680791158170905E-09
    7,3, 40,   15.000, 0.50,    1785.000,  7.9644654842703575E+06,  7.9287650296323579E+06,  7.8928906096174726E+06,  7.8568358934205035E+06,  1.0043034101322429E+02,  4.8023956619148431E+06, -2.4066082460194593E-11, -2.9921238819952123E-09
    7,3, 40,   15.000, 0.50,    1800.000,  7.9644644673179006E+06,  7.9287631403879244E+06,  7.8928881286902865E+06,  7.8568331942108562E+06,  1.0043194536935093E+02,  4.8023946290627122E+06, -2.5620039423301932E-10, -3.2483171708008740E-09
    8,3, 40,   60.000, 0.50,       0.000,  7.9647703722856510E+06,  7.9293842236631857E+06,  7.8938394491982115E+06,  7.8581338963495167E+06,  1.0000000000000000E+02,  4.8027768277280563E+06,  0.0000000000000000E+00,  0.0000000000000000E+00
    8,3, 40,   60.000, 0.50,      60.000,  7.9647703713324433E+06,  7.9293842050083457E+06,  7.8938390841108421E+06,  7.8581267321373308E+06,  1.0000000016838132E+02,  4.8027764606569754E+06, -4.6059085434535518E-09, -4.6059085434535518E-09
    8,3, 40,   60.000, 0.50,     120.000,  7.9647703546629958E+06,  7.9293839664426632E+06,  7.8938361402891511E+06,  7.8581028221324133E+06,  1.0000000384014749E+02,  4.8027746613285635E+06,  2.1811388251080643E-09, -2.4247697183454875E-09
    8,3, 40,   60.000, 0.50,     180.000,  7.9647702211449770E+06,  7.9293825964498203E+06,  7.8938257031464893E+06,  7.8580594150753524E+06,  1.0000004095542157E+02,  4.8027701386892814E+06,  8.7521812019986100E-10, -1.5495515981456265E-09
    8,3, 40,   60.000, 0.50,     240.000,  7.9647695720647657E+06,  7.9293778981526177E+06,  7.8938033697210122E+06,  7.8579963405423611E+06,  1.0000027141785510E+02,  4.8027618740773294E+06, -3.1238300834957045E-10, -1.8619346064951969E-09
    8,3, 40,   60.000, 0.50,     300.000,  7.9647674272913840E+06,  7.9293669825700372E+06,  7.8937684220110001E+06,  7.8579161458125859E+06,  1.0000125414869804E+02,  4.8027492374717835E+06, -2.8461499823606573E-10, -2.1465496047312627E-09
    8,3, 40,   60.000, 0.50,     360.000,  7.9647622879012637E+06,  7.9293480931955706E+06,  7.8937216105707576E+06,  7.8578232798185227E+06,  1.0000430670279162E+02,  4.8027320866698716E+06,  1.1719976100721397E-09, -9.7455199465912301E-10
    8,3, 40,   60.000, 0.50,     420.000,  7.9647528846408613E+06,  7.9293212264744462E+06,  7.8936641137955049E+06,  7.8577238540643509E+06,  1.0001148153187680E+02,  4.8027108343000598E+06, -1.8055743566947058E-09, -2.7801263513538288E-09
    8,3, 40,   60.000, 0.50,     480.000,  7.9647389803225351E+06,  7.9292869766796241E+06,  7.8935992442762041E+06,  7.8576247865246544E+06,  1.0002466393470502E+02,  4.8026864426472066E+06, -6.7714722717937548E-10, -3.4572735785332043E-09
    8,3, 40,   60.000, 0.50,     540.000,  7.9647212138488181E+06,  7.9292464910620255E+06,  7.8935309719905406E+06,  7.8575331808278151E+06,  1.0004435167872941E+02,  4.8026603125642808E+06,  1.2108785085729323E-09, -2.2463950699602719E-09
    8,3, 40,   60.000, 0.50,     600.000,  7.9647004423548011E+06,  7.9292022342517357E+06,  7.8934634930942198E+06,  7.8574556312124068E+06,  1.0006957581373401E+02,  4.8026340974651817E+06, -7.8128437053237576E-10, -3.0276794404926477E-09
    8,3, 40,   60.000, 0.50,     660.000,  7.9646777586375838E+06,  7.9291571321143229E+06,  7.8934013199428711E+06,  7.8573902955729282E+06,  1.0009899047912346E+02,  4.8026091544539649E+06, -2.5431745598325506E-09, -5.5708540003251983E-09
    8,3, 40,   60.000, 0.50,     720.000,  7.9646546859308891E+06,  7.9291138324056426E+06,  7.8933462886816701E+06,  7.8573313381879497E+06,  1.0013123662063920E+02,  4.8025860612669606E+06,  2.7924897949560545E-09, -2.7783642053691437E-09
    8,3, 40,   60.000, 0.50,     780.000,  7.9646327217155891E+06,  7.9290744841763889E+06,  7.8932969724062560E+06,  7.8572775354321860E+06,  1.0016428708591906E+02,  4.8025649269781569E+06, -4.2197711991320830E-10, -3.2003413252823520E-09
    8,3, 40,   60.000, 0.50,     840.000,  7.9646129200414857E+06,  7.9290394534728490E+06,  7.8932513547138600E+06,  7.8572282101306170E+06,  1.0019577492242964E+02,  4.8025457288384074E+06,  7.1878503149491735E-11, -3.1284628221328603E-09
    8,3, 40,   60.000, 0.50,     900.000,  7.9645956676534554E+06,  7.9290076678783260E+06,  7.8932094342213403E+06,  7.8571829692666084E+06,  1.0022420596758121E+02,  4.8025283282651082E+06,  4.0816416913003195E-10, -2.7202986530028284E-09
    8,3, 40,   60.000, 0.50,     960.000,  7.9645804266390754E+06,  7.9289785987716736E+06,  7.8931715580770941E+06,  7.8571415829323577E+06,  1.0024917940569217E+02,  4.8025125298263067E+06,  3.6820324567088392E-10, -2.3520669856225140E-09
    8,3, 40,   60.000, 0.50,    1020.000,  7.9645663936332446E+06,  7.9289522909845058E+06,  7.8931367784620160E+06,  7.8571037642840045E+06,  1.0027114883093364E+02,  4.8024981396734063E+06,  7.4581407716323156E-10, -1.6062813301687129E-09
    8,3, 40,   60.000, 0.50,    1080.000,  7.9645534263045369E+06,  7.9289284550471734E+06,  7.8931051835112702E+06,  7.8570693749498017E+06,  1.0029123543450153E+02,  4.8024850112013686E+06, -6.6850702751253266E-10, -2.2747599359718151E-09
    8,3, 40,   60.000, 0.50,    1140.000,  7.9645416581278145E+06,  7.9289065981345791E+06,  7.8930765666526696E+06,  7.8570380660219761E+06,  1.0031002054660992E+02,  4.8024730488808034E+06,  1.4104557521932293E-09, -8.6430418377858587E-10
    8,3, 40,   60.000, 0.50,    1200.000,  7.9645309583943617E+06,  7.9288866086817235E+06,  7.8930502949957177E+06,  7.8570096542927036E+06,  1.0032705289644998E+02,  4.8024621610840932E+06, -2.0424408830876928E-09, -2.9067450668662786E-09
    8,3, 40,   60.000, 0.50,    1260.000,  7.9645211855864748E+06,  7.9288685030565681E+06,  7.8930265466696797E+06,  7.8569837279028352E+06,  1.0034230525326704E+02,  4.8024522418285860E+06,  1.3105818652547896E-09, -1.5961632016114891E-09
    8,3, 40,   60.000, 0.50,    1320.000,  7.9645122821658608E+06,  7.9288519588665357E+06,  7.8930048119153567E+06,  7.8569601527476348E+06,  1.0035637498414111E+02,  4.8024432022357071E+06, -1.1376641850802116E-09, -2.7338273866917007E-09
    8,3, 40,   60.000, 0.50,    1380.000,  7.9645041772362730E+06,  7.9288368955314765E+06,  7.8929850206004484E+06,  7.8569386120634498E+06,  1.0036928802581018E+02,  4.8024349721260052E+06, -4.0313352656085044E-10, -3.1369609132525511E-09
    8,3, 40,   60.000, 0.50,    1440.000,  7.9644967968749264E+06,  7.9288232395654935E+06,  7.8929670690091550E+06,  7.8569190394446244E+06,  1.0038089319048792E+02,  4.8024274775624946E+06,  4.1546854845364578E-10, -2.7214923647989053E-09
    8,3, 40,   60.000, 0.50,    1500.000,  7.9644900778033212E+06,  7.9288106987265293E+06,  7.8929506059710691E+06,  7.8569011765164612E+06,  1.0039147790521844E+02,  4.8024206486953665E+06,  6.9027805693622213E-10, -2.0312427295721136E-09
    8,3, 40,   60.000, 0.50,    1560.000,  7.9644839659443218E+06,  7.9287993448013552E+06,  7.8929357116089389E+06,  7.8568849449679395E+06,  1.0040119107629640E+02,  4.8024144287648117E+06, -1.8522428035794292E-10, -2.2164385882206261E-09
    8,3, 40,   60.000, 0.50,    1620.000,  7.9644783792739464E+06,  7.9287890111017125E+06,  7.8929220687752431E+06,  7.8568701276454171E+06,  1.0040998655282785E+02,  4.8024087640936840E+06, -1.4117631508270279E-09, -3.6282017390476540E-09
    8,3, 40,   60.000, 0.50,    1680.000,  7.9644732950748606E+06,  7.9287795246384917E+06,  7.8929096868316224E+06,  7.8568566435337216E+06,  1.0041798137111802E+02,  4.8024036031314032E+06,  8.0677864389144816E-10, -2.8214230951562058E-09
    8,3, 40,   60.000, 0.50,    1740.000,  7.9644686843415992E+06,  7.9287709707750538E+06,  7.8928984053969039E+06,  7.8568443591570705E+06,  1.0042530942920446E+02,  4.8023989018554119E+06, -9.5025143309612758E-10, -3.7716745282523334E-09
    8,3, 40,   60.000, 0.50,    1800.000,  7.9644644521285174E+06,  7.9287631227081083E+06,  7.8928880886372086E+06,  7.8568331715624258E+06,  1.0043197257104279E+02,  4.8023946203154204E+06,  1.0844303233170649E-09, -2.6872157832258381E-09
    9,3, 40,   15.000, 0.65,       0.000,  7.9647703722856510E+06,  7.9293842236631857E+06,  7.8938394491982115E+06,  7.8581338963495167E+06,  1.0000000000000000E+02,  4.8027768277280563E+06,  0.0000000000000000E+00,  0.0000000000000000E+00
    9,3, 40,   15.000, 0.65,      15.000,  7.9647703722856510E+06,  7.9293842236631056E+06,  7.8938394490280338E+06,  7.8581335335519509E+06,  1.0000000000000017E+02,  4.8027768202140555E+06, -1.8464021413156992E-09, -1.8464021414241194E-09
    9,3, 40,   15.000, 0.65,      30.000,  7.9647703722856501E+06,  7.9293842236611992E+06,  7.8938394467197768E+06,  7.8581323297301019E+06,  1.0000000000000000E+02,  4.8027767861583857E+06, -5.1822013086982865E-10, -2.3646222757633950E-09
    9,3, 40,   15.000, 0.65,      45.000,  7.9647703722856287E+06,  7.9293842236391930E+06,  7.8938394317596992E+06,  7.8581301836503409E+06,  9.9999999999999844E+01,  4.8027767026510127E+06, -9.9663210496869770E-10, -3.3612543859362631E-09
    9,3, 40,   15.000, 0.65,      60.000,  7.9647703722853968E+06,  7.9293842234750567E+06,  7.8938393699051216E+06,  7.8581270449503809E+06,  1.0000000000000055E+02,  4.8027765470867930E+06,  1.3132322000675156E-09, -2.0480221962770884E-09
    9,3, 40,   15.000, 0.65,      75.000,  7.9647703722835546E+06,  7.9293842225858262E+06,  7.8938391856782585E+06,  7.8581228187370887E+06,  1.0000000000001076E+02,  4.8027762973048277E+06, -3.5195491070172391E-09, -5.5675712928859866E-09
    9,3, 40,   15.000, 0.65,      90.000,  7.9647703722721394E+06,  7.9293842188541172E+06,  7.8938387609762922E+06,  7.8581174534809850E+06,  1.0000000000009781E+02,  4.8027759317251211E+06,  3.2429347887608095E-09, -2.3246364833084954E-09
    9,3, 40,   15.000, 0.65,     105.000,  7.9647703722146517E+06,  7.9293842062156415E+06,  7.8938379617856294E+06,  7.8581109025991503E+06,  1.0000000000067490E+02,  4.8027754294815920E+06,  2.2192377102658867E-10, -2.1027126706485433E-09
    9,3, 40,   15.000, 0.65,     120.000,  7.9647703719727155E+06,  7.9293841706529865E+06,  7.8938366762051973E+06,  7.8581031263988782E+06,  1.0000000000389720E+02,  4.8027747705507735E+06,  4.0512310867102386E-10, -1.6975896244275646E-09
    9,3, 40,   15.000, 0.65,     135.000,  7.9647703711043559E+06,  7.9293840856207525E+06,  7.8938348313632337E+06,  7.8580941010446027E+06,  1.0000000001934282E+02,  4.8027739358753283E+06, -5.4139446398204782E-10, -2.2389841092262941E-09
    9,3, 40,   15.000, 0.65,     150.000,  7.9647703684041910E+06,  7.9293839095302168E+06,  7.8938323804593990E+06,  7.8580838116167858E+06,  1.0000000008375326E+02,  4.8027729074818557E+06,  3.1872113281927739E-10, -1.9202630596737436E-09
    9,3, 40,   15.000, 0.65,     165.000,  7.9647703610374434E+06,  7.9293835881064329E+06,  7.8938292830051072E+06,  7.8580722535961168E+06,  1.0000000032026709E+02,  4.8027716685926849E+06, -1.2314630148946293E-09, -3.1517259913016460E-09
    9,3, 40,   15.000, 0.65,     180.000,  7.9647703432132807E+06,  7.9293830619100835E+06,  7.8938254990123473E+06,  7.8580594335145941E+06,  1.0000000109254472E+02,  4.8027702037321348E+06,  2.6260589536253320E-10, -2.8891200543057494E-09
    9,3, 40,   15.000, 0.65,     195.000,  7.9647703046007203E+06,  7.9293822754806150E+06,  7.8938209934397703E+06,  7.8580453675394803E+06,  1.0000000335311906E+02,  4.8027684988289587E+06,  4.6124923325230327E-11, -2.8429951726138825E-09
    9,3, 40,   15.000, 0.65,     210.000,  7.9647702290365202E+06,  7.9293811830267571E+06,  7.8938157388374414E+06,  7.8580300816513738E+06,  1.0000000932601701E+02,  4.8027665413187006E+06,  8.3136969530883675E-11, -2.7598581198162719E-09
    9,3, 40,   15.000, 0.65,     225.000,  7.9647700942621287E+06,  7.9293797483398113E+06,  7.8938097142641610E+06,  7.8580136113395700E+06,  1.0000002365784171E+02,  4.8027643202517238E+06,  2.5858096219799620E-10, -2.5012774074184563E-09
    9,3, 40,   15.000, 0.65,     240.000,  7.9647698731799237E+06,  7.9293779411254404E+06,  7.8938029045135230E+06,  7.8579960010503391E+06,  1.0000005505968602E+02,  4.8027618264136892E+06,  1.0540793238256185E-09, -1.4471979170593841E-09
    9,3, 40,   15.000, 0.65,     255.000,  7.9647695364223281E+06,  7.9293757337967884E+06,  7.8937953004832705E+06,  7.8579773038866613E+06,  1.0000011821332269E+02,  4.8027590524632102E+06, -1.7570160326663142E-09, -3.2042137831922446E-09
    9,3, 40,   15.000, 0.65,     270.000,  7.9647690552870147E+06,  7.9293731007335708E+06,  7.8937868993231095E+06,  7.8579575811441438E+06,  1.0000023539136305E+02,  4.8027559930849439E+06, -6.6474131754645782E-10, -3.8689549342052487E-09
    9,3, 40,   15.000, 0.65,     285.000,  7.9647684038876807E+06,  7.9293700191005990E+06,  7.8937777042186046E+06,  7.8579369018036285E+06,  1.0000043702721752E+02,  4.8027526451460477E+06,  2.6144668652250402E-09, -1.2544880689802085E-09
    9,3, 40,   15.000, 0.65,     300.000,  7.9647675599246649E+06,  7.9293664695664393E+06,  7.8937677242695186E+06,  7.8579153420342803E+06,  1.0000076059680976E+02,  4.8027490078338217E+06, -9.2731858303274350E-10, -2.1818067352796788E-09
    9,3, 40,   15.000, 0.65,     315.000,  7.9647665043731732E+06,  7.9293624364034887E+06,  7.8937569744175225E+06,  7.8578929846333433E+06,  1.0000124773307364E+02,  4.8027450827483060E+06, -5.9775134841899558E-10, -2.7795579171652207E-09
    9,3, 40,   15.000, 0.65,     330.000,  7.9647652209056430E+06,  7.9293579074028581E+06,  7.8937454752873266E+06,  7.8578699184386088E+06,  1.0000194028169622E+02,  4.8027408739300808E+06,  1.3134952570048597E-09, -1.4660628266938147E-09
    9,3, 40,   15.000, 0.65,     345.000,  7.9647636956729973E+06,  7.9293528739479547E+06,  7.8937332529926328E+06,  7.8578462377174227E+06,  1.0000287656565213E+02,  4.8027363878197623E+06, -2.7015756853820960E-09, -4.1676386786093644E-09
    9,3, 40,   15.000, 0.65,     360.000,  7.9647619174884502E+06,  7.9293473311855877E+06,  7.8937203389363764E+06,  7.8578220415228186E+06,  1.0000408904886561E+02,  4.8027316331639942E+06, -4.2714259906873053E-10, -4.5947814442115487E-09
    9,3, 40,   15.000, 0.65,     375.000,  7.9647598780662250E+06,  7.9293412781636864E+06,  7.8937067695821980E+06,  7.8577974330278831E+06,  1.0000560386462790E+02,  4.8027266208935110E+06,  1.6521436441152559E-09, -2.9426345804495213E-09
    9,3, 40,   15.000, 0.65,     390.000,  7.9647575720177162E+06,  7.9293347179316981E+06,  7.8936925862001656E+06,  7.8577725188406119E+06,  1.0000744175680701E+02,  4.8027213639970813E+06,  2.3433666118677365E-10, -2.7082975861958403E-09
    9,3, 40,   15.000, 0.65,     405.000,  7.9647549965899140E+06,  7.9293276576302946E+06,  7.8936778345985506E+06,  7.8577474083016533E+06,  1.0000961946159303E+02,  4.8027158774032732E+06,  5.8691895787887916E-10, -2.1213821810306399E-09
    9,3, 40,   15.000, 0.65,     420.000,  7.9647521513200924E+06,  7.9293201085456423E+06,  7.8936625648421412E+06,  7.8577222127712118E+06,  1.0001215069675779E+02,  4.8027101778688198E+06, -1.5509302175864548E-09, -3.6723122320836410E-09
    9,3, 40,   15.000, 0.65,     435.000,  7.9647490377693623E+06,  7.9293120860876702E+06,  7.8936468309583282E+06,  7.8576970449097892E+06,  1.0001504648406470E+02,  4.8027042838654360E+06,  1.4150958183023477E-11, -3.6581582207872998E-09
    9,3, 40,   15.000, 0.65,     450.000,  7.9647456593906125E+06,  7.9293036096760258E+06,  7.8936306906327838E+06,  7.8576720179584716E+06,  1.0001831502837025E+02,  4.8026982154576629E+06,  1.5856901347532926E-09, -2.0724684191009146E-09
    9,3, 40,   15.000, 0.65,     465.000,  7.9647420215025675E+06,  7.9292947025396666E+06,  7.8936142048914572E+06,  7.8576472450253582E+06,  1.0002196151539609E+02,  4.8026919941691458E+06,  2.8432367571440409E-10, -1.7881518488138681E-09
    9,3, 40,   15.000, 0.65,     480.000,  7.9647381313114157E+06,  7.9292853914505066E+06,  7.8935974377623843E+06,  7.8576228383843144E+06,  1.0002598803060945E+02,  4.8026856428386439E+06, -2.5913950429945487E-09, -4.3795438386950991E-09
    9,3, 40,   15.000, 0.65,     495.000,  7.9647339979248652E+06,  7.9292757064236924E+06,  7.8935804559097243E+06,  7.8575989087917078E+06,  1.0003039359686713E+02,  4.8026791854681689E+06,  6.4153143908285415E-10, -3.7380090134320199E-09
    9,3, 40,   15.000, 0.65,     510.000,  7.9647296323249293E+06,  7.9292656804190772E+06,  7.8935633282333445E+06,  7.8575755648252927E+06,  1.0003517424970924E+02,  4.8026726470648702E+06,  1.5005314213389909E-09, -2.2374706531991251E-09
    9,3, 40,   15.000, 0.65,     525.000,  7.9647250472947499E+06,  7.9292553490655916E+06,  7.8935461254314855E+06,  7.8575529122468857E+06,  1.0004032310423487E+02,  4.8026660534775229E+06, -1.0763123725610058E-09, -3.3137865784738096E-09
    9,3, 40,   15.000, 0.65,     540.000,  7.9647202573158583E+06,  7.9292447504108129E+06,  7.8935289195308341E+06,  7.8575310533877555E+06,  1.0004583041946009E+02,  4.8026594312282670E+06,  2.0333532080307748E-09, -1.2804264315491309E-09
    9,3, 40,   15.000, 0.65,     555.000,  7.9647152784548365E+06,  7.9292339246831071E+06,  7.8935117833947986E+06,  7.8575100865532663E+06,  1.0005168367919242E+02,  4.8026528073404804E+06, -2.3265938620120608E-09, -3.6070133546672878E-09
    9,3, 40,   15.000, 0.65,     570.000,  7.9647101282479549E+06,  7.9292229140491216E+06,  7.8934947902245782E+06,  7.8574901054423982E+06,  1.0005786769488044E+02,  4.8026462091639731E+06,  2.5987704765917385E-09, -1.0082317203341518E-09
    9,3, 40,   15.000, 0.65,     585.000,  7.9647048255825313E+06,  7.9292117623544289E+06,  7.8934780130670527E+06,  7.8574711985789351E+06,  1.0006436472536598E+02,  4.8026396641984945E+06, -1.0266596461860900E-09, -2.0348807083792053E-09
    9,3, 40,   15.000, 0.65,     600.000,  7.9646993905713568E+06,  7.9292005148447929E+06,  7.8934615243388312E+06,  7.8574534487544978E+06,  1.0007115460934337E+02,  4.8026331999167418E+06, -1.4500725620258947E-09, -3.4849563235184178E-09
    9,3, 40,   15.000, 0.65,     615.000,  7.9646938444190631E+06,  7.9291892178729400E+06,  7.8934453951995019E+06,  7.8574365695538120E+06,  1.0007821491030444E+02,  4.8026268360738177E+06,  1.3535517706664280E-09, -2.1314008336048573E-09
    9,3, 40,   15.000, 0.65,     630.000,  7.9646882092817640E+06,  7.9291779185967203E+06,  7.8934296934873490E+06,  7.8574201520824004E+06,  1.0008552107441636E+02,  4.8026205805325732E+06,  8.2042089788458838E-10, -1.3109797691868152E-09
    9,3, 40,   15.000, 0.65,     645.000,  7.9646825081218230E+06,  7.9291666646623407E+06,  7.8934144765577978E+06,  7.8574041571163088E+06,  1.0009304660052007E+02,  4.8026144367225673E+06, -1.6151137094411183E-09, -2.9261002509883838E-09
    9,3, 40,   15.000, 0.65,     660.000,  7.9646767645588359E+06,  7.9291555038161827E+06,  7.8933997757118745E+06,  7.8573885887452764E+06,  1.0010076322078984E+02,  4.8026084076586254E+06,  2.6577993139653699E-09, -2.6830093702301383E-10
    9,3, 40,   15.000, 0.65,     675.000,  7.9646710027168868E+06,  7.9291444832489556E+06,  7.8933855783053413E+06,  7.8573733985420484E+06,  1.0010864109082168E+02,  4.8026024959161663E+06, -3.7093492721851362E-09, -3.9776466564944712E-09
    9,3, 40,   15.000, 0.65,     690.000,  7.9646652470654296E+06,  7.9291336482279887E+06,  7.8933718259317940E+06,  7.8573585731188366E+06,  1.0011664898808856E+02,  4.8025967036095280E+06,  9.9999619695978481E-10, -2.9776572318951366E-09
    9,3, 40,   15.000, 0.65,     705.000,  7.9646595222425396E+06,  7.9291230393981012E+06,  7.8933584406537404E+06,  7.8573440954836858E+06,  1.0012475451772374E+02,  4.8025910323732635E+06,  2.0918039522754839E-10, -2.7684734504873632E-09
    9,3, 40,   15.000, 0.65,     720.000,  7.9646538528269231E+06,  7.9291126884979280E+06,  7.8933453625586070E+06,  7.8573299467710201E+06,  1.0013292432509493E+02,  4.8025854833466504E+06, -8.4897100460779029E-10, -3.6174583328829613E-09
    9,3, 40,   15.000, 0.65,     735.000,  7.9646482629829207E+06,  7.9291026135122776E+06,  7.8933325663229171E+06,  7.8573161150618521E+06,  1.0014112431692043E+02,  4.8025800571614476E+06,  4.9261555945534496E-10, -3.1248532650351990E-09
    9,3, 40,   15.000, 0.65,     750.000,  7.9646427758502066E+06,  7.9290928158775000E+06,  7.8933200480212364E+06,  7.8573025883599184E+06,  1.0014931989925977E+02,  4.8025747539331298E+06,  6.2512095500011355E-10, -2.4997461878228933E-09
    9,3, 40,   15.000, 0.65,     765.000,  7.9646374125314178E+06,  7.9290832825428518E+06,  7.8933078051626207E+06,  7.8572893560363771E+06,  1.0015747625627844E+02,  4.8025695732560996E+06, -6.4116156828220028E-11, -2.5638655642978847E-09
    9,3, 40,   15.000, 0.65,     780.000,  7.9646321906238813E+06,  7.9290739931849232E+06,  7.8932958306454085E+06,  7.8572764095003698E+06,  1.0016555872350563E+02,  4.8025645142039992E+06, -4.6775361361994783E-11, -2.6106476980203297E-09
    9,3, 40,   15.000, 0.65,     795.000,  7.9646271224976722E+06,  7.9290649290555045E+06,  7.8932841169687118E+06,  7.8572637408593837E+06,  1.0017353335307823E+02,  4.8025595753374891E+06, -9.7320873582162903E-10, -3.5838638723362237E-09
    9,3, 40,   15.000, 0.65,     810.000,  7.9646222138663987E+06,  7.9290560784169538E+06,  7.8932726586882416E+06,  7.8572513432269618E+06,  1.0018136780900790E+02,  4.8025547547237314E+06,  8.0515183409346491E-10, -2.7787052658823086E-09
    9,3, 40,   15.000, 0.65,     825.000,  7.9646174633840527E+06,  7.9290474362496957E+06,  7.8932614511926910E+06,  7.8572392106038909E+06,  1.0018903272484448E+02,  4.8025500499737952E+06, -7.6306588825403310E-10, -3.5417713206697954E-09
    9,3, 40,   15.000, 0.65,     840.000,  7.9646128637566678E+06,  7.9290390004119156E+06,  7.8932504898209833E+06,  7.8572273375659799E+06,  1.0019650354530074E+02,  4.8025454583051689E+06,  1.5906916894792289E-09, -1.9510935089783743E-09
    9,3, 40,   15.000, 0.65,     855.000,  7.9646084041658686E+06,  7.9290307682716688E+06,  7.8932397701542499E+06,  7.8572157192549221E+06,  1.0020376262640130E+02,  4.8025409766343879E+06, -1.2802772175746213E-09, -3.2313778319803532E-09
    9,3, 40,   15.000, 0.65,     870.000,  7.9646040730657829E+06,  7.9290227358083576E+06,  7.8932292881238889E+06,  7.8572043512559030E+06,  1.0021080104745978E+02,  4.8025366016983883E+06, -8.5237011893113390E-10, -4.0837448977981694E-09
    9,3, 40,   15.000, 0.65,     885.000,  7.9645998602115586E+06,  7.9290148982859673E+06,  7.8932190397935053E+06,  7.8571932294800077E+06,  1.0021761937571911E+02,  4.8025323301928015E+06,  7.7186257385619683E-10, -3.3118681130872574E-09
    9,3, 40,   15.000, 0.65,     900.000,  7.9645957573276022E+06,  7.9290072508499259E+06,  7.8932090212712483E+06,  7.8571823501028959E+06,  1.0022422674920431E+02,  4.8025281589053292E+06,  3.7285763365701996E-10, -2.9390037070697872E-09
    9,3, 40,   15.000, 0.65,     915.000,  7.9645917577105882E+06,  7.9289997885317020E+06,  7.8931992287075967E+06,  7.8571717094834372E+06,  1.0023063819741832E+02,  4.8025240848181890E+06,  1.6984529338515131E-09, -1.2405507732182741E-09
    9,3, 40,   15.000, 0.65,     930.000,  7.9645878555778079E+06,  7.9289925060918154E+06,  7.8931896582426727E+06,  7.8571613040953446E+06,  1.0023687090021656E+02,  4.8025201051599998E+06, -2.7872708585618966E-09, -4.0278109736391343E-09
    9,3, 40,   15.000, 0.65,     945.000,  7.9645840457819039E+06,  7.9289853980436185E+06,  7.8931803059534915E+06,  7.8571511304724831E+06,  1.0024294063992969E+02,  4.8025162174034668E+06,  1.5591938296033447E-09, -2.4685959942871705E-09
    9,3, 40,   15.000, 0.65,     960.000,  7.9645803239366533E+06,  7.9289784587976122E+06,  7.8931711678296151E+06,  7.8571411851550573E+06,  1.0024885962587396E+02,  4.8025124192231791E+06,  3.9415193331393539E-10, -2.0744437279063277E-09
    9,3, 40,   15.000, 0.65,     975.000,  7.9645766866096817E+06,  7.9289716827963451E+06,  7.8931622397531550E+06,  7.8571314646441638E+06,  1.0025463615267570E+02,  4.8025087084387047E+06,  1.1858494741723291E-09, -8.8857632363215089E-10
    9,3, 40,   15.000, 0.65,     990.000,  7.9645731312871641E+06,  7.9289650646360256E+06,  7.8931535174848186E+06,  7.8571219653631402E+06,  1.0026027564466857E+02,  4.8025050829660399E+06, -1.8990318761957781E-09, -2.7876012609340250E-09
    9,3, 40,   15.000, 0.65,    1005.000,  7.9645696560951769E+06,  7.9289585992012043E+06,  7.8931449966662489E+06,  7.8571126836241549E+06,  1.0026578212265863E+02,  4.8025015407888703E+06, -1.5407952691504079E-11, -2.8030058274453040E-09
    9,3, 40,   15.000, 0.65,    1020.000,  7.9645662594499700E+06,  7.9289522817878118E+06,  7.8931366728374930E+06,  7.8571036156021450E+06,  1.0027115926689488E+02,  4.8024980799478674E+06,  9.4297217256844590E-10, -1.8600303519633599E-09
    9,3, 40,   15.000, 0.65,    1035.000,  7.9645629397983337E+06,  7.9289461081738994E+06,  7.8931285414690115E+06,  7.8570947573165307E+06,  1.0027641080329454E+02,  4.8024946985393511E+06,  3.6250097368295542E-10, -1.4975398698879872E-09
    9,3, 40,   15.000, 0.65,    1050.000,  7.9645596955030682E+06,  7.9289400746213254E+06,  7.8931205980080655E+06,  7.8570861046220511E+06,  1.0028154043339923E+02,  4.8024913947152933E+06, -7.4136946581759844E-10, -2.2388917386706453E-09
    9,3, 40,   15.000, 0.65,    1065.000,  7.9645565248455759E+06,  7.9289341778134936E+06,  7.8931128379341681E+06,  7.8570776532108737E+06,  1.0028655166609899E+02,  4.8024881666813120E+06, -1.0970636898921526E-09, -3.3359697226842400E-09
    9,3, 40,   15.000, 0.65,    1080.000,  7.9645534260875331E+06,  7.9289284147483762E+06,  7.8931052568149399E+06,  7.8570693986277077E+06,  1.0029144775153377E+02,  4.8024850126931369E+06,  4.3196718424454161E-10, -2.9040165827609599E-09
    9,3, 40,   15.000, 0.65,    1095.000,  7.9645503975368440E+06,  7.9289227826180262E+06,  7.8930978503524791E+06,  7.8570613362990981E+06,  1.0029623171498181E+02,  4.8024819310530536E+06,  3.2240793368387699E-11, -2.8717863642668817E-09
    9,3, 40,   15.000, 0.65,    1110.000,  7.9645474375841739E+06,  7.9289172787076067E+06,  7.8930906144111734E+06,  7.8570534615766415E+06,  1.0030090641050974E+02,  4.8024789201070610E+06,  1.3312197455483954E-09, -1.5405703379656188E-09
    9,3, 40,   15.000, 0.65,    1125.000,  7.9645445447049411E+06,  7.9289119003342539E+06,  7.8930835450219056E+06,  7.8570457697914215E+06,  1.0030547454893251E+02,  4.8024759782425687E+06,  3.6023095617565559E-10, -1.1803535926446784E-09
    9,3, 40,   15.000, 0.65,    1140.000,  7.9645417174424632E+06,  7.9289066448267763E+06,  7.8930766383642107E+06,  7.8570382563143233E+06,  1.0030993870615511E+02,  4.8024731038863352E+06, -4.2282274903548966E-10, -1.6031549421313684E-09
    9,3, 40,   15.000, 0.65,    1155.000,  7.9645389543904364E+06,  7.9289015095324134E+06,  7.8930698907342954E+06,  7.8570309166146498E+06,  1.0031430133111276E+02,  4.8024702955025211E+06,  2.7708299543682813E-10, -1.3261001186037902E-09
    9,3, 40,   15.000, 0.65,    1170.000,  7.9645362541826600E+06,  7.9288964918321380E+06,  7.8930632985105449E+06,  7.8570237463086285E+06,  1.0031856475923085E+02,  4.8024675515909120E+06,  1.0358985891301131E-10, -1.2225314094393980E-09
    9,3, 40,   15.000, 0.65,    1185.000,  7.9645336154881213E+06,  7.9288915891509540E+06,  7.8930568581275400E+06,  7.8570167411907502E+06,  1.0032273122695685E+02,  4.8024648706853613E+06,  4.9045567607208795E-10, -7.3208639150834642E-10
    9,3, 40,   15.000, 0.65,    1200.000,  7.9645310370071437E+06,  7.9288867989589972E+06,  7.8930505660650330E+06,  7.8570098972443044E+06,  1.0032680288394081E+02,  4.8024622513524201E+06, -1.1954028045213505E-09, -1.9275034901511390E-09
    9,3, 40,   15.000, 0.65,    1215.000,  7.9645285174667211E+06,  7.9288821187666440E+06,  7.8930444188518627E+06,  7.8570032106322898E+06,  1.0033078180336794E+02,  4.8024596921901433E+06, -3.2369848468327689E-10, -2.2512267605634406E-09
    9,3, 40,   15.000, 0.65,    1230.000,  7.9645260556156067E+06,  7.9288775461191358E+06,  7.8930384130794778E+06,  7.8569966776743261E+06,  1.0033466999178125E+02,  4.8024571918270318E+06,  9.5510790942832102E-10, -1.2961436368641444E-09
    9,3, 40,   15.000, 0.65,    1245.000,  7.9645236502201520E+06,  7.9288730785942432E+06,  7.8930325454175817E+06,  7.8569902948177867E+06,  1.0033846939850568E+02,  4.8024547489211233E+06, -7.3244860177013038E-10, -2.0285710888856556E-09
    9,3, 40,   15.000, 0.65,    1260.000,  7.9645213000612715E+06,  7.9288687138035325E+06,  7.8930268126256457E+06,  7.8569840586112384E+06,  1.0034218192423600E+02,  4.8024523621592261E+06, -6.9939432023602421E-10, -2.7279725145490374E-09
    9,3, 40,   15.000, 0.65,    1275.000,  7.9645190039324285E+06,  7.9288644493959369E+06,  7.8930212115573911E+06,  7.8569779656855799E+06,  1.0034580942864351E+02,  4.8024500302562602E+06,  2.5835298345100455E-09, -1.4443912732531317E-10
    9,3, 40,   15.000, 0.65,    1290.000,  7.9645167606385462E+06,  7.9288602830620818E+06,  7.8930157391586741E+06,  7.8569720127443932E+06,  1.0034935373703406E+02,  4.8024477519546943E+06, -2.3684309513605228E-09, -2.5128770175797399E-09
    9,3, 40,   15.000, 0.65,    1305.000,  7.9645145689958697E+06,  7.9288562125383746E+06,  7.8930103924612338E+06,  7.8569661965616737E+06,  1.0035281664600063E+02,  4.8024455260241125E+06,  2.6434684996523572E-10, -2.2485551198769826E-09
    9,3, 40,   15.000, 0.65,    1320.000,  7.9645124278328056E+06,  7.9288522356102932E+06,  7.8930051685750997E+06,  7.8569605139833614E+06,  1.0035619992793328E+02,  4.8024433512608008E+06, -4.8473572378249230E-10, -2.7333157959219534E-09
    9,3, 40,   15.000, 0.65,    1335.000,  7.9645103359916555E+06,  7.9288483501145104E+06,  7.8930000646817004E+06,  7.8569549619293232E+06,  1.0035950533423768E+02,  4.8024412264874307E+06, -5.6913745938302895E-10, -3.3024321055563632E-09
    9,3, 40,   15.000, 0.65,    1350.000,  7.9645082923309822E+06,  7.9288445539396238E+06,  7.8929950780286510E+06,  7.8569495373938549E+06,  1.0036273459716055E+02,  4.8024391505527589E+06,  1.1399168553527517E-09, -2.1624941837217193E-09
    9,3, 40,   15.000, 0.65,    1365.000,  7.9645062957283109E+06,  7.9288408450255264E+06,  7.8929902059263159E+06,  7.8569442374443579E+06,  1.0036588943020148E+02,  4.8024371223313389E+06,  4.3027625906688627E-10, -1.7322463463642634E-09
    9,3, 40,   15.000, 0.65,    1380.000,  7.9645043450828092E+06,  7.9288372213617051E+06,  7.8929854457457336E+06,  7.8569390592188705E+06,  1.0036897152714320E+02,  4.8024351407232359E+06, -1.2334060994767526E-09, -2.9656348488060758E-09
    9,3, 40,   15.000, 0.65,    1395.000,  7.9645024393176232E+06,  7.9288336809850251E+06,  7.8929807949173627E+06,  7.8569339999233223E+06,  1.0037198255987494E+02,  4.8024332046537120E+06, -1.9809220930255833E-10, -3.1637341635359917E-09
    9,3, 40,   15.000, 0.65,    1410.000,  7.9645005773815922E+06,  7.9288302219775170E+06,  7.8929762509301156E+06,  7.8569290568290409E+06,  1.0037492417531112E+02,  4.8024313130728612E+06,  5.5587906500065287E-10, -2.6078623704961501E-09
    9,3, 40,   15.000, 0.65,    1425.000,  7.9644987582502030E+06,  7.9288268424645504E+06,  7.8929718113303194E+06,  7.8569242272706544E+06,  1.0037779799182071E+02,  4.8024294649552023E+06,  4.9621821929246579E-10, -2.1116193238412961E-09
    9,3, 40,   15.000, 0.65,    1440.000,  7.9644969809257695E+06,  7.9288235406135656E+06,  7.8929674737205049E+06,  7.8569195086442614E+06,  1.0038060559565929E+02,  4.8024276592992172E+06,  1.2386544567810631E-10, -1.9877575141435955E-09
    9,3, 40,   15.000, 0.65,    1455.000,  7.9644952444369653E+06,  7.9288203146332800E+06,  7.8929632357580457E+06,  7.8569148984057298E+06,  1.0038334853787394E+02,  4.8024258951268392E+06,  5.2164143837796217E-10, -1.4661054592579603E-09
    9,3, 40,   15.000, 0.65,    1470.000,  7.9644935478378916E+06,  7.9288171627732012E+06,  7.8929590951537630E+06,  7.8569103940690579E+06,  1.0038602833208138E+02,  4.8024241714829002E+06, -6.4245848918620396E-10, -2.1085497792228125E-09
    9,3, 40,   15.000, 0.65,    1485.000,  7.9644918902069153E+06,  7.9288140833232449E+06,  7.8929550496706124E+06,  7.8569059932048051E+06,  1.0038864645334132E+02,  4.8024224874345623E+06, -1.3670451021186025E-09, -3.4755771594063845E-09
    9,3, 40,   15.000, 0.65,    1500.000,  7.9644902706454657E+06,  7.9288110746132703E+06,  7.8929510971224643E+06,  7.8569016934386222E+06,  1.0039120433814024E+02,  4.8024208420707416E+06,  2.3739624849250518E-09, -1.1016254575224593E-09
    9,3, 40,   15.000, 0.65,    1515.000,  7.9644886882769205E+06,  7.9288081350124674E+06,  7.8929472353729960E+06,  7.8568974924498750E+06,  1.0039370338533109E+02,  4.8024192345015239E+06,  1.0368586544906577E-10, -9.9794306152034551E-10
    9,3, 40,   15.000, 0.65,    1530.000,  7.9644871422456307E+06,  7.9288052629285874E+06,  7.8929434623346357E+06,  7.8568933879703758E+06,  1.0039614495769690E+02,  4.8024176638576332E+06, -1.1821406908918419E-09, -2.1800588001497090E-09
    9,3, 40,   15.000, 0.65,    1545.000,  7.9644856317161098E+06,  7.9288024568070695E+06,  7.8929397759675486E+06,  7.8568893777831970E+06,  1.0039853038381710E+02,  4.8024161292899027E+06, -6.2680168000373016E-10, -2.8068711799278390E-09
    9,3, 40,   15.000, 0.65,    1560.000,  7.9644841558723515E+06,  7.9287997151300749E+06,  7.8929361742786448E+06,  7.8568854597215503E+06,  1.0040086095987428E+02,  4.8024146299687773E+06,  7.3823266943939814E-10, -2.0686456991825253E-09
    9,3, 40,   15.000, 0.65,    1575.000,  7.9644827139172470E+06,  7.9287970364154978E+06,  7.8929326553205941E+06,  7.8568816316677341E+06,  1.0040313795120801E+02,  4.8024131650838405E+06, -4.2759755458643411E-10, -2.4962218958535232E-09
    9,3, 40,   15.000, 0.65,    1590.000,  7.9644813050720803E+06,  7.9287944192159763E+06,  7.8929292171908570E+06,  7.8568778915521335E+06,  1.0040536259354575E+02,  4.8024117338433722E+06,  8.0094855747780969E-10, -1.6952981241047382E-09
    9,3, 40,   15.000, 0.65,    1605.000,  7.9644799285760745E+06,  7.9287918621179033E+06,  7.8929258580307113E+06,  7.8568742373522641E+06,  1.0040753609390279E+02,  4.8024103354739035E+06, -4.1595527022764145E-10, -2.1112782633281313E-09
    9,3, 40,   15.000, 0.65,    1620.000,  7.9644785836859820E+06,  7.9287893637404731E+06,  7.8929225760242874E+06,  7.8568706670918399E+06,  1.0040965963127240E+02,  4.8024089692198010E+06, -3.3428916579314460E-10, -2.4455744096485432E-09
    9,3, 40,   15.000, 0.65,    1635.000,  7.9644772696756991E+06,  7.9287869227347840E+06,  7.8929193693975890E+06,  7.8568671788398633E+06,  1.0041173435720687E+02,  4.8024076343428483E+06,  3.6004968451130992E-10, -2.0855281945841853E-09
    9,3, 40,   15.000, 0.65,    1650.000,  7.9644759858358754E+06,  7.9287845377829829E+06,  7.8929162364175338E+06,  7.8568637707097176E+06,  1.0041376139637950E+02,  4.8024063301218376E+06, -8.0309443817316861E-10, -2.8886120162496809E-09
    9,3, 40,   15.000, 0.65,    1665.000,  7.9644747314735465E+06,  7.9287822075974774E+06,  7.8929131753909905E+06,  7.8568604408582589E+06,  1.0041574184718137E+02,  4.8024050558521803E+06,  1.7797993773216447E-09, -1.1087877282989211E-09
    9,3, 40,   15.000, 0.65,    1680.000,  7.9644735059117423E+06,  7.9287799309202014E+06,  7.8929101846638378E+06,  7.8568571874848986E+06,  1.0041767678233845E+02,  4.8024038108455045E+06, -1.3339977178450368E-09, -2.4427890821243636E-09
    9,3, 40,   15.000, 0.65,    1695.000,  7.9644723084891038E+06,  7.9287777065219227E+06,  7.8929072626200486E+06,  7.8568540088306805E+06,  1.0041956724956492E+02,  4.8024025944292955E+06,  4.6036055523224206E-10, -1.9824142327706795E-09
    9,3, 40,   15.000, 0.65,    1710.000,  7.9644711385594914E+06,  7.9287755332015920E+06,  7.8929044076807965E+06,  7.8568509031773433E+06,  1.0042141427220479E+02,  4.8024014059465099E+06,  1.9006662910214800E-10, -1.7923298401001375E-09
    9,3, 40,   15.000, 0.65,    1725.000,  7.9644699954916099E+06,  7.9287734097857065E+06,  7.8929016183035886E+06,  7.8568478688463736E+06,  1.0042321884985003E+02,  4.8024002447552243E+06, -7.0076917879635658E-10, -2.4930955078161787E-09
    9,3, 40,   15.000, 0.65,    1740.000,  7.9644688786686501E+06,  7.9287713351276908E+06,  7.8928988929814417E+06,  7.8568449041980794E+06,  1.0042498195895669E+02,  4.8023991102282861E+06,  2.5958976634932185E-10, -2.2334916138788685E-09
    9,3, 40,   15.000, 0.65,    1755.000,  7.9644677874879334E+06,  7.9287693081072951E+06,  7.8928962302420614E+06,  7.8568420076306490E+06,  1.0042670455341563E+02,  4.8023980017529670E+06,  5.6509104340296545E-10, -1.6684111869835760E-09
    9,3, 40,   15.000, 0.65,    1770.000,  7.9644667213605838E+06,  7.9287673276299974E+06,  7.8928936286470601E+06,  7.8568391775792446E+06,  1.0042838756510335E+02,  4.8023969187306333E+06,  1.1286863943471559E-09, -5.3972826208337210E-10
    9,3, 40,   15.000, 0.65,    1785.000,  7.9644656797112087E+06,  7.9287653926264243E+06,  7.8928910867911838E+06,  7.8568364125151178E+06,  1.0043003190442624E+02,  4.8023958605764164E+06, -1.9159855091377409E-09, -2.4556925382057671E-09
    9,3, 40,   15.000, 0.65,    1800.000,  7.9644646619775910E+06,  7.9287635020517735E+06,  7.8928886033015521E+06,  7.8568337109447448E+06,  1.0043163846083135E+02,  4.8023948267189087E+06,  1.0253628640599644E-09, -1.4303509487945121E-09
   10,3, 40,   60.000, 0.65,       0.000,  7.9647703722856510E+06,  7.9293842236631857E+06,  7.8938394491982115E+06,  7.8581338963495167E+06,  1.0000000000000000E+02,  4.8027768277280563E+06,  0.0000000000000000E+00,  0.0000000000000000E+00
   10,3, 40,   60.000, 0.65,      60.000,  7.9647703670402085E+06,  7.9293841641182359E+06,  7.8938387768722503E+06,  7.8581262861012947E+06,  1.0000000152076667E+02,  4.8027763505883971E+06, -3.0036772652453081E-09, -3.0036772513675203E-09
   10,3, 40,   60.000, 0.65,     120.000,  7.9647703052449683E+06,  7.9293836296053799E+06,  7.8938346572570642E+06,  7.8581013484499305E+06,  1.0000002327447429E+02,  4.8027742324904436E+06,  1.9932153150215015E-10, -2.8043558586432482E-09
   10,3, 40,   60.000, 0.65,     180.000,  7.9647699604720520E+06,  7.9293813615504485E+06,  7.8938225991112553E+06,  7.8580565253677275E+06,  1.0000017106777298E+02,  4.8027692178962817E+06,  6.9078981423942309E-10, -2.1135662109372788E-09
   10,3, 40,   60.000, 0.65,     240.000,  7.9647687408321323E+06,  7.9293752096037939E+06,  7.8937991199302077E+06,  7.8579920336649893E+06,  1.0000080746779976E+02,  4.8027603517682180E+06, -8.7493423617246435E-10, -2.9885001140428358E-09
   10,3, 40,   60.000, 0.65,     300.000,  7.9647656387468548E+06,  7.9293629348039273E+06,  7.8937631378795523E+06,  7.8579104918891490E+06,  1.0000276693652744E+02,  4.8027470989747858E+06, -1.0467153810367336E-09, -4.0352148289457546E-09
   10,3, 40,   60.000, 0.65,     360.000,  7.9647595097331237E+06,  7.9293431564875394E+06,  7.8937152648910517E+06,  7.8578166150995800E+06,  1.0000739498828072E+02,  4.8027294325693008E+06,  1.1957079770752443E-10, -3.9156446973720449E-09
   10,3, 40,   60.000, 0.65,     420.000,  7.9647495383215677E+06,  7.9293156210065214E+06,  7.8936573627670081E+06,  7.8577165830345405E+06,  1.0001621305214441E+02,  4.8027078669276591E+06,  1.1759631046714958E-09, -2.7396822588343639E-09
   10,3, 40,   60.000, 0.65,     480.000,  7.9647355281160641E+06,  7.9292810275585763E+06,  7.8935925235725669E+06,  7.8576174413962429E+06,  1.0003034366006189E+02,  4.8026834170162268E+06, -9.5965901891759131E-11, -2.8356481607261230E-09
   10,3, 40,   60.000, 0.65,     540.000,  7.9647178849855335E+06,  7.9292409152855510E+06,  7.8935247378426287E+06,  7.8575263480371581E+06,  1.0005009889475652E+02,  4.8026574879497290E+06, -2.9046853811109941E-10, -3.1261180311048520E-09
   10,3, 40,   60.000, 0.65,     600.000,  7.9646974716757732E+06,  7.9291975550161656E+06,  7.8934584665358448E+06,  7.8574498811446140E+06,  1.0007494877863003E+02,  4.8026317199821752E+06,  2.8208479996294500E-10, -2.8440467758628074E-09
   10,3, 40,   60.000, 0.65,     660.000,  7.9646754796757903E+06,  7.9291536409253711E+06,  7.8933975479418002E+06,  7.8573857584538078E+06,  1.0010371040459260E+02,  4.8026073386123069E+06,  1.3643828289389148E-09, -1.4796626146562630E-09
   10,3, 40,   60.000, 0.65,     720.000,  7.9646532742239246E+06,  7.9291116875449009E+06,  7.8933433083475670E+06,  7.8573278185303137E+06,  1.0013474700201826E+02,  4.8025847716638809E+06, -1.1128398202941980E-09, -2.5925146474037319E-09
   10,3, 40,   60.000, 0.65,     780.000,  7.9646321252389876E+06,  7.9290732458598493E+06,  7.8932945260579037E+06,  7.8572749383137543E+06,  1.0016619336185893E+02,  4.8025640828920351E+06, -6.5456684517073427E-10, -3.2470950372953666E-09
   10,3, 40,   60.000, 0.65,     840.000,  7.9646128653833931E+06,  7.9290385714146979E+06,  7.8932498170999987E+06,  7.8572264975829050E+06,  1.0019631538552061E+02,  4.8025452292526709E+06,  1.4162815364926473E-09, -1.8308128346689045E-09
   10,3, 40,   60.000, 0.65,     900.000,  7.9645956961086625E+06,  7.9290071804332938E+06,  7.8932088091890337E+06,  7.8571820659858882E+06,  1.0022394290204885E+02,  4.8025280856489455E+06, -1.1966108104388695E-09, -3.0274236451077741E-09
   10,3, 40,   60.000, 0.65,     960.000,  7.9645803421346173E+06,  7.9289786153509254E+06,  7.8931713596951673E+06,  7.8571413788189506E+06,  1.0024871289755862E+02,  4.8025124882528940E+06,  6.7690431038158749E-10, -2.3505322133132722E-09
   10,3, 40,   60.000, 0.65,    1020.000,  7.9645664262018455E+06,  7.9289526163805658E+06,  7.8931371759299254E+06,  7.8571041780541604E+06,  1.0027090692444885E+02,  4.8024982765937960E+06, -2.8025259890540610E-10, -2.6307702682970557E-09
   10,3, 40,   60.000, 0.65,    1080.000,  7.9645537123248326E+06,  7.9289289427905548E+06,  7.8931059954815255E+06,  7.8570702321582474E+06,  1.0029100645849155E+02,  4.8024853148910906E+06,  4.2646441933413826E-11, -2.5881377041514497E-09
   10,3, 40,   60.000, 0.65,    1140.000,  7.9645420907275444E+06,  7.9289073462422555E+06,  7.8930775732646137E+06,  7.8570392851795563E+06,  1.0030935175835383E+02,  4.8024734907452958E+06,  1.0320345689152077E-09, -1.5560885913146194E-09
   10,3, 40,   60.000, 0.65,    1200.000,  7.9645314811392585E+06,  7.9288876313220644E+06,  7.8930516588905267E+06,  7.8570110834189011E+06,  1.0032611105396384E+02,  4.8024627054633247E+06, -1.1172144320781285E-09, -2.6732891456049401E-09
   10,3, 40,   60.000, 0.65,    1260.000,  7.9645217997467183E+06,  7.9288696421583416E+06,  7.8930280276165269E+06,  7.8569853763044616E+06,  1.0034140196367768E+02,  4.8024528684720416E+06,  2.1840595998412482E-10, -2.4548967303417157E-09
   10,3, 40,   60.000, 0.65,    1320.000,  7.9645129671254577E+06,  7.9288532338123461E+06,  7.8930064765531896E+06,  7.8569619353527036E+06,  1.0035535048503380E+02,  4.8024438965821965E+06,  1.3550476296586567E-09, -1.0998633115377743E-09
   10,3, 40,   60.000, 0.65,    1380.000,  7.9645049108925164E+06,  7.9288382697562166E+06,  7.8929868213695008E+06,  7.8569405555758635E+06,  1.0036807628716424E+02,  4.8024357139175786E+06, -3.0112652371627746E-09, -4.1111434256890789E-09
   10,3, 40,   60.000, 0.65,    1440.000,  7.9644975638478789E+06,  7.9288246230698833E+06,  7.8929688951748712E+06,  7.8569210549489921E+06,  1.0037968306732299E+02,  4.8024282511592349E+06,  2.8764207682385745E-10, -3.8235157262533903E-09
   10,3, 40,   60.000, 0.65,    1500.000,  7.9644908637912991E+06,  7.9288121769847954E+06,  7.8929525454210052E+06,  7.8569032688498832E+06,  1.0039026648622551E+02,  4.8024214448966132E+06,  1.7661962448123347E-09, -2.0573338588292245E-09
   10,3, 40,   60.000, 0.65,    1560.000,  7.9644847534222528E+06,  7.9288008255324988E+06,  7.8929376333190631E+06,  7.8568870469488278E+06,  1.0039991699784630E+02,  4.8024152372557390E+06, -9.4122737381852062E-10, -2.9985471883264836E-09
   10,3, 40,   60.000, 0.65,    1620.000,  7.9644791803705618E+06,  7.9287904723101817E+06,  7.8929240325199887E+06,  7.8568722516347542E+06,  1.0040871752254020E+02,  4.8024095754960719E+06, -9.3874114037717504E-10, -3.9373162508127280E-09
   10,3, 40,   60.000, 0.65,    1680.000,  7.9644740971953841E+06,  7.9287810293601183E+06,  7.8929116277005384E+06,  7.8568587573320474E+06,  1.0041674332200492E+02,  4.8024044115536036E+06,  1.1132733623853142E-10, -3.8260168366832659E-09
   10,3, 40,   60.000, 0.65,    1740.000,  7.9644694608237557E+06,  7.9287724165656958E+06,  7.8929003136050580E+06,  7.8568464495815067E+06,  1.0042406293920097E+02,  4.8023997016179962E+06,  1.6704435057413036E-09, -2.1555592866207007E-09
   10,3, 40,   60.000, 0.65,    1800.000,  7.9644652319816239E+06,  7.9287645609059641E+06,  7.8928899942185842E+06,  7.8568352239854634E+06,  1.0043073866927335E+02,  4.8023954057478197E+06, -1.3975098300811339E-09, -3.5530547393136658E-09
   11,3, 40,   15.000, 1.00,       0.000,  7.9647703722856510E+06,  7.9293842236631857E+06,  7.8938394491982115E+06,  7.8581338963495167E+06,  1.0000000000000000E+02,  4.8027768277280563E+06,  0.0000000000000000E+00,  0.0000000000000000E+00
   11,3, 40,   15.000, 1.00,      15.000,  7.9647703722855989E+06,  7.9293842236529831E+06,  7.8938394471956296E+06,  7.8581335021399260E+06,  1.0000000000000111E+02,  4.8027768161680549E+06, -2.9263276246638270E-09, -2.9263276246638270E-09
   11,3, 40,   15.000, 1.00,      30.000,  7.9647703722847262E+06,  7.9293842235283861E+06,  7.8938394317864357E+06,  7.8581322496453794E+06,  1.0000000000002328E+02,  4.8027767699993346E+06,  2.0694415070465766E-09, -8.5688611761725042E-10
   11,3, 40,   15.000, 1.00,      45.000,  7.9647703722773753E+06,  7.9293842227582373E+06,  7.8938393710061396E+06,  7.8581300330259167E+06,  1.0000000000025682E+02,  4.8027766663865382E+06, -1.7470540569775039E-09, -2.6039401745947544E-09
   11,3, 40,   15.000, 1.00,      60.000,  7.9647703722356949E+06,  7.9293842195358677E+06,  7.8938392052708007E+06,  7.8581267809519330E+06,  1.0000000000191501E+02,  4.8027764828485036E+06,  6.0980198668403318E-10, -1.9941381879107212E-09
   11,3, 40,   15.000, 1.00,      75.000,  7.9647703720566444E+06,  7.9293842092390489E+06,  7.8938388505675029E+06,  7.8581224269967843E+06,  1.0000000001079951E+02,  4.8027761973969126E+06,  7.5075945460412186E-11, -1.9190622424503090E-09
   11,3, 40,   15.000, 1.00,      90.000,  7.9647703714343319E+06,  7.9293841823602989E+06,  7.8938382101988532E+06,  7.8581169147147154E+06,  1.0000000004915653E+02,  4.8027757886721147E+06, -9.4381391591014108E-10, -2.8628761583604501E-09
   11,3, 40,   15.000, 1.00,     105.000,  7.9647703696091594E+06,  7.9293841224853825E+06,  7.8938371881497530E+06,  7.8581101989863282E+06,  1.0000000018819240E+02,  4.8027752360755559E+06,  1.9693118247232633E-09, -8.9356433363718679E-10
   11,3, 40,   15.000, 1.00,     120.000,  7.9647703649570327E+06,  7.9293840050847428E+06,  7.8938356982710771E+06,  7.8581022458079653E+06,  1.0000000062371153E+02,  4.8027745198986391E+06, -1.4240555401556776E-09, -2.3176198737928644E-09
   11,3, 40,   15.000, 1.00,     135.000,  7.9647703544231057E+06,  7.9293837976632006E+06,  7.8938336677757893E+06,  7.8580930320509402E+06,  1.0000000182797402E+02,  4.8027736214484293E+06, -3.6965275285183452E-10, -2.6872726266446989E-09
   11,3, 40,   15.000, 1.00,     150.000,  7.9647703328670980E+06,  7.9293834613005696E+06,  7.8938310367479092E+06,  7.8580825452682134E+06,  1.0000000481620424E+02,  4.8027725231711017E+06, -1.1775114217016380E-10, -2.8050237688148627E-09
   11,3, 40,   15.000, 1.00,     165.000,  7.9647702924456401E+06,  7.9293829531150870E+06,  7.8938277560846461E+06,  7.8580707834887495E+06,  1.0000001155847993E+02,  4.8027712087746616E+06,  1.5115233509277459E-09, -1.2935004178871168E-09
   11,3, 40,   15.000, 1.00,     180.000,  7.9647702221816424E+06,  7.9293822289509811E+06,  7.8938237854875401E+06,  7.8580577549840966E+06,  1.0000002554184931E+02,  4.8027696633524839E+06, -1.5981953538357629E-09, -2.8916957717228797E-09
   11,3, 40,   15.000, 1.00,     195.000,  7.9647701078446023E+06,  7.9293812456848174E+06,  7.8938190920964265E+06,  7.8580434780037887E+06,  1.0000005244518013E+02,  4.8027678735087775E+06, -1.8008137203651131E-09, -4.6925094920879928E-09
   11,3, 40,   15.000, 1.00,     210.000,  7.9647699321962427E+06,  7.9293799628332816E+06,  7.8938136497437740E+06,  7.8580279804767584E+06,  1.0000010084128868E+02,  4.8027658274857728E+06,  1.9579999843699625E-09, -2.7345095077180304E-09
   11,3, 40,   15.000, 1.00,     225.000,  7.9647696755700288E+06,  7.9293783434448168E+06,  7.8938074386085141E+06,  7.8580112996764621E+06,  1.0000018280442666E+02,  4.8027635152907111E+06,  5.2511950343614444E-10, -2.2093900042818859E-09
   11,3, 40,   15.000, 1.00,     240.000,  7.9647693166831145E+06,  7.9293763544478565E+06,  7.8938004450684292E+06,  7.8579934818482781E+06,  1.0000031429250454E+02,  4.8027609288188275E+06, -5.4185989029065240E-11, -2.2635759933109512E-09
   11,3, 40,   15.000, 1.00,     255.000,  7.9647688335464690E+06,  7.9293739666843517E+06,  7.8937926616268484E+06,  7.8579745817986187E+06,  1.0000051520016817E+02,  4.8027580619669426E+06, -1.8537633650339558E-09, -4.1173393583449069E-09
   11,3, 40,   15.000, 1.00,     270.000,  7.9647682043464109E+06,  7.9293711548198592E+06,  7.8937840868519749E+06,  7.8579546624458609E+06,  1.0000080903579915E+02,  4.8027549107317245E+06,  9.5211305506381905E-10, -3.1652263032810879E-09
   11,3, 40,   15.000, 1.00,     285.000,  7.9647674082064116E+06,  7.9293678972483054E+06,  7.8937747253028564E+06,  7.8579337943338966E+06,  1.0000122224623905E+02,  4.8027514732870273E+06,  3.0057378808123758E-10, -2.8646525151998503E-09
   11,3, 40,   15.000, 1.00,     300.000,  7.9647664257833501E+06,  7.9293641760422550E+06,  7.8937645874325782E+06,  7.8579120551096927E+06,  1.0000178327646972E+02,  4.8027477500361744E+06,  5.6388671509921551E-11, -2.8082638436899288E-09
   11,3, 40,   15.000, 1.00,     315.000,  7.9647652396920351E+06,  7.9293599769554613E+06,  7.8937536894659111E+06,  7.8578895289667808E+06,  1.0000252149065764E+02,  4.8027437436369248E+06, -5.4318149977916619E-10, -3.3514453434690950E-09
   11,3, 40,   15.000, 1.00,     330.000,  7.9647638347776523E+06,  7.9293552894633012E+06,  7.8937420532510597E+06,  7.8578663060571533E+06,  1.0000346608808705E+02,  4.8027394589990024E+06,  1.7389822914992692E-10, -3.1775471143191680E-09
   11,3, 40,   15.000, 1.00,     345.000,  7.9647621982673919E+06,  7.9293501068208739E+06,  7.8937297060859837E+06,  7.8578424818744762E+06,  1.0000464512593958E+02,  4.8027349032557756E+06, -1.4155716598907020E-09, -4.5931187742098700E-09
   11,3, 40,   15.000, 1.00,     360.000,  7.9647603198335832E+06,  7.9293444261202542E+06,  7.8937166805199850E+06,  7.8578181566119688E+06,  1.0000608472149069E+02,  4.8027300857128697E+06,  6.2631499986309791E-10, -3.9668037743467721E-09
   11,3, 40,   15.000, 1.00,     375.000,  7.9647581915961690E+06,  7.9293382483326076E+06,  7.8937030141312126E+06,  7.8577934344986277E+06,  1.0000780846250308E+02,  4.8027250177769363E+06,  4.6387071961362381E-10, -3.5029330547331483E-09
   11,3, 40,   15.000, 1.00,     390.000,  7.9647558080860935E+06,  7.9293315783251775E+06,  7.8936887492805701E+06,  7.8577684231177364E+06,  1.0000983701751811E+02,  4.8027197128678262E+06,  1.1824994317066739E-09, -2.3204336230264744E-09
   11,3, 40,   15.000, 1.00,     405.000,  7.9647531661852412E+06,  7.9293244248468876E+06,  7.8936739328423515E+06,  7.8577432327117380E+06,  1.0001218791362041E+02,  4.8027141863169130E+06,  1.4902923339832341E-10, -2.1714043896281510E-09
   11,3, 40,   15.000, 1.00,     420.000,  7.9647502650537007E+06,  7.9293168004793087E+06,  7.8936586159117259E+06,  7.8577179754775669E+06,  1.0001487543899688E+02,  4.8027084552538022E+06,  3.8961900372669334E-10, -1.7817853859014576E-09
   11,3, 40,   15.000, 1.00,     435.000,  7.9647471060512858E+06,  7.9293087215522872E+06,  7.8936428534891848E+06,  7.8576927648564428E+06,  1.0001791062855465E+02,  4.8027025384830479E+06, -1.4636043488280848E-09, -3.2453897347295424E-09
   11,3, 40,   15.000, 1.00,     450.000,  7.9647436926572612E+06,  7.9293002080255216E+06,  7.8936267041421784E+06,  7.8576677148219449E+06,  1.0002130129856627E+02,  4.8026964563520961E+06, -8.5140072769718245E-10, -4.0967904624267248E-09
   11,3, 40,   15.000, 1.00,     465.000,  7.9647400303899040E+06,  7.9292912833388140E+06,  7.8936102296444625E+06,  7.8576429391699294E+06,  1.0002505210660139E+02,  4.8026902306113252E+06,  1.1699654578478658E-09, -2.9268250045788591E-09
   11,3, 40,   15.000, 1.00,     480.000,  7.9647361267258655E+06,  7.9292819742346462E+06,  7.8935934945940943E+06,  7.8576185508135967E+06,  1.0002916462270551E+02,  4.8026838842669372E+06,  2.3328539100475609E-10, -2.6935396135741030E-09
   11,3, 40,   15.000, 1.00,     495.000,  7.9647319910182357E+06,  7.9292723105570562E+06,  7.8935765660116160E+06,  7.8575946610867726E+06,  1.0003363740536712E+02,  4.8026774414274003E+06, -9.9470298664527945E-10, -3.6882426002193824E-09
   11,3, 40,   15.000, 1.00,     510.000,  7.9647276344117234E+06,  7.9292623250307208E+06,  7.8935595129204765E+06,  7.8575713790583368E+06,  1.0003846608074062E+02,  4.8026709271441447E+06, -1.0768985703180078E-09, -4.7651411705373903E-09
   11,3, 40,   15.000, 1.00,     525.000,  7.9647230697533209E+06,  7.9292520530237071E+06,  7.8935424059122894E+06,  7.8575488108606664E+06,  1.0004364342626822E+02,  4.8026643672472946E+06,  2.8669830953731434E-09, -1.8981580751642468E-09
   11,3, 40,   15.000, 1.00,     540.000,  7.9647183114970857E+06,  7.9292415322968410E+06,  7.8935253166999510E+06,  7.8575270590350106E+06,  1.0004915946082336E+02,  4.8026577881772695E+06, -1.3673542298420216E-09, -3.2655123050062684E-09
   11,3, 40,   15.000, 1.00,     555.000,  7.9647133756021261E+06,  7.9292308027420379E+06,  7.8935083176618833E+06,  7.8575062218968719E+06,  1.0005500154352288E+02,  4.8026512168132188E+06, -2.0829133973165881E-09, -5.3484257023228565E-09
   11,3, 40,   15.000, 1.00,     570.000,  7.9647082794233272E+06,  7.9292199061114555E+06,  7.8934914813808342E+06,  7.8574863929246450E+06,  1.0006115448284291E+02,  4.8026446802991852E+06,  1.0246594683849253E-09, -4.3237662339379312E-09
   11,3, 40,   15.000, 1.00,     585.000,  7.9647030415947940E+06,  7.9292088857389772E+06,  7.8934748801806280E+06,  7.8574676601749854E+06,  1.0006760065706938E+02,  4.8026382058690423E+06,  2.5566606609572773E-09, -1.7670913621259388E-09
   11,3, 40,   15.000, 1.00,     600.000,  7.9646976819063323E+06,  7.9291977862553149E+06,  7.8934585856642174E+06,  7.8574501057285322E+06,  1.0007432014649227E+02,  4.8026318206712361E+06, -3.5561100730774342E-09, -5.3232156460580882E-09
   11,3, 40,   15.000, 1.00,     615.000,  7.9646922211734783E+06,  7.9291866532877730E+06,  7.8934426662580268E+06,  7.8574334107373506E+06,  1.0008129087729728E+02,  4.8026255400343966E+06,  9.7222141448582988E-10, -4.3509942315722583E-09
   11,3, 40,   15.000, 1.00,     630.000,  7.9646866811012337E+06,  7.9291755330827506E+06,  7.8934271793785132E+06,  7.8574171792838201E+06,  1.0008848877673753E+02,  4.8026193673660494E+06,  1.8017942693404621E-09, -2.5491999622317962E-09
   11,3, 40,   15.000, 1.00,     645.000,  7.9646810841394421E+06,  7.9291644718773318E+06,  7.8934121598532256E+06,  7.8574013663170086E+06,  1.0009588793902478E+02,  4.8026133056851365E+06,  1.6568435512454016E-09, -8.9235641098639462E-10
   11,3, 40,   15.000, 1.00,     660.000,  7.9646754533210872E+06,  7.9291535147559214E+06,  7.8933976124391071E+06,  7.8573859535751473E+06,  1.0010346080165161E+02,  4.8026073575971583E+06, -2.9508839816116961E-09, -3.8432403925980907E-09
   11,3, 40,   15.000, 1.00,     675.000,  7.9646698120619385E+06,  7.9291427038179021E+06,  7.8933835145786814E+06,  7.8573709196122214E+06,  1.0011117833315942E+02,  4.8026015252721561E+06,  4.3021941564802546E-10, -3.4130209769500652E-09
   11,3, 40,   15.000, 1.00,     690.000,  7.9646641838836269E+06,  7.9291320758186420E+06,  7.8933698277121400E+06,  7.8573562445698176E+06,  1.0011901023684676E+02,  4.8025958104257109E+06,  2.0510384501903900E-09, -1.3619683159049600E-09
   11,3, 40,   15.000, 1.00,     705.000,  7.9646585920127500E+06,  7.9291216598604489E+06,  7.8933565102379136E+06,  7.8573419112747153E+06,  1.0012692518161165E+02,  4.8025902143034330E+06, -2.0753816443175310E-09, -3.4373499602224911E-09
   11,3, 40,   15.000, 1.00,     720.000,  7.9646530588202234E+06,  7.9291114758966146E+06,  7.8933435263326401E+06,  7.8573279048348656E+06,  1.0013489108107653E+02,  4.8025847376696495E+06,  4.2216186102450592E-10, -3.0152023100527003E-09
   11,3, 40,   15.000, 1.00,     735.000,  7.9646476051061386E+06,  7.9291015345936744E+06,  7.8933308491276233E+06,  7.8573142122603450E+06,  1.0014287545274384E+02,  4.8025793808014402E+06, -4.7488413201790536E-10, -3.4900722312158905E-09
   11,3, 40,   15.000, 1.00,     750.000,  7.9646422492974969E+06,  7.9290918385870131E+06,  7.8933184599352414E+06,  7.8573008221879136E+06,  1.0015084589417052E+02,  4.8025741434898525E+06, -2.2669155441690236E-10, -3.7167637856327929E-09
   11,3, 40,   15.000, 1.00,     765.000,  7.9646370066843480E+06,  7.9290823846664494E+06,  7.8933063459386500E+06,  7.8572877246498400E+06,  1.0015877070552467E+02,  4.8025690250504334E+06, -2.0651640397773008E-09, -5.7819420362648088E-09
   11,3, 40,   15.000, 1.00,     780.000,  7.9646318888443010E+06,  7.9290731661984688E+06,  7.8932944979577074E+06,  7.8572749108715877E+06,  1.0016661966216942E+02,  4.8025640243453672E+06,  1.3216236993685015E-09, -4.4603325477510225E-09
   11,3, 40,   15.000, 1.00,     795.000,  7.9646269033795008E+06,  7.9290641751841176E+06,  7.8932829088856485E+06,  7.8572623730946854E+06,  1.0017436489889948E+02,  4.8025591398188518E+06,  1.1281997558398871E-09, -3.3321327919111354E-09
   11,3, 40,   15.000, 1.00,     810.000,  7.9646220540211461E+06,  7.9290554036377193E+06,  7.8932715727763996E+06,  7.8572501044213334E+06,  1.0018198181983874E+02,  4.8025543695461499E+06,  4.4022385736752767E-10, -2.8919089345436078E-09
   11,3, 40,   15.000, 1.00,     825.000,  7.9646173410713272E+06,  7.9290468442696631E+06,  7.8932604843640001E+06,  7.8572380986775272E+06,  1.0018944991183143E+02,  4.8025497112948261E+06, -1.2086758260920760E-09, -4.1005705497809686E-09
   11,3, 40,   15.000, 1.00,     840.000,  7.9646127620823532E+06,  7.9290384906458901E+06,  7.8932496388149783E+06,  7.8572263502920084E+06,  1.0019675333047446E+02,  4.8025451625947831E+06, -1.1725376225513173E-10, -4.2178385228908155E-09
   11,3, 40,   15.000, 1.00,     855.000,  7.9646083126410693E+06,  7.9290303370524878E+06,  7.8932390315905213E+06,  7.8572148541889181E+06,  1.0020388115453321E+02,  4.8025407208120991E+06, -2.0635013697756222E-09, -6.2813398926664377E-09
   11,3, 40,   15.000, 1.00,     870.000,  7.9646039871330000E+06,  7.9290223782566534E+06,  7.8932286583573371E+06,  7.8572036056924034E+06,  1.0021082726093788E+02,  4.8025363832210153E+06,  2.2115358433438814E-09, -4.0698182601772714E-09
   11,3, 40,   15.000, 1.00,     885.000,  7.9645997793964138E+06,  7.9290146092825243E+06,  7.8932185149214454E+06,  7.8571926004418265E+06,  1.0021758984275382E+02,  4.8025321470686579E+06,  1.2708198937616544E-09, -2.7989983664156171E-09
   11,3, 40,   15.000, 1.00,     900.000,  7.9645956832213942E+06,  7.9290070252533704E+06,  7.8932085971753933E+06,  7.8571818343164977E+06,  1.0022417065549655E+02,  4.8025280096284887E+06, -1.6783587852842174E-09, -4.4773571516998345E-09
   11,3, 40,   15.000, 1.00,     915.000,  7.9645916926882565E+06,  7.9289996213076767E+06,  7.8931989010558212E+06,  7.8571713033691691E+06,  1.0023057411601700E+02,  4.8025239682402313E+06,  2.3384103542412049E-09, -2.1389610083133448E-09
   11,3, 40,   15.000, 1.00,     930.000,  7.9645878023653068E+06,  7.9289923925754363E+06,  7.8931894225104917E+06,  7.8571610037677512E+06,  1.0023680638533104E+02,  4.8025200203360086E+06, -2.6104061134901713E-09, -4.7493813326582313E-09
   11,3, 40,   15.000, 1.00,     945.000,  7.9645840073973835E+06,  7.9289853341949880E+06,  7.8931801574745076E+06,  7.8571509317449499E+06,  1.0024287454544411E+02,  4.8025161634541908E+06,  5.3556448165181791E-10, -4.2138026401516981E-09
   11,3, 40,   15.000, 1.00,     960.000,  7.9645803035176555E+06,  7.9289784413522817E+06,  7.8931711018554671E+06,  7.8571410835557021E+06,  1.0024878594124861E+02,  4.8025123952433122E+06,  2.6750939241537708E-09, -1.5386945051432122E-09
   11,3, 40,   15.000, 1.00,     975.000,  7.9645766870106058E+06,  7.9289717093284708E+06,  7.8931622515270598E+06,  7.8571314554424323E+06,  1.0025454771521233E+02,  4.8025087134590391E+06, -1.3101129070491879E-09, -2.8488216230471153E-09
   11,3, 40,   15.000, 1.00,     990.000,  7.9645731546478625E+06,  7.9289651335458774E+06,  7.8931536023302795E+06,  7.8571220436081951E+06,  1.0026016652591439E+02,  4.8025051159569267E+06, -1.1043965741919237E-09, -3.9532324080937542E-09
   11,3, 40,   15.000, 1.00,    1005.000,  7.9645697036125530E+06,  7.9289587096058894E+06,  7.8931451500810310E+06,  7.8571128441977575E+06,  1.0026564841764170E+02,  4.8025016006831927E+06,  1.3786518593406072E-09, -2.5745521270437166E-09
   11,3, 40,   15.000, 1.00,    1020.000,  7.9645663314229622E+06,  7.9289524333152277E+06,  7.8931368905826034E+06,  7.8571038532865653E+06,  1.0027099879818135E+02,  4.8024981656651655E+06,  7.8415496318484657E-11, -2.4961082090158015E-09
   11,3, 40,   15.000, 1.00,    1035.000,  7.9645630358623946E+06,  7.9289463006993951E+06,  7.8931288196412614E+06,  7.8570950668773064E+06,  1.0027622248295376E+02,  4.8024948090024088E+06, -1.0697362995415460E-09, -3.5658445085573476E-09
   11,3, 40,   15.000, 1.00,    1050.000,  7.9645598149190750E+06,  7.9289403080039257E+06,  7.8931209330831636E+06,  7.8570864809035193E+06,  1.0028132377139201E+02,  4.8024915288589802E+06,  5.2597215471905656E-10, -3.0398723538382910E-09
   11,3, 40,   15.000, 1.00,    1065.000,  7.9645566667375928E+06,  7.9289344516854081E+06,  7.8931132267709859E+06,  7.8570780912393928E+06,  1.0028630653174029E+02,  4.8024883234569551E+06, -1.1260254950684612E-09, -4.1658836380520370E-09
   11,3, 40,   15.000, 1.00,    1080.000,  7.9645535895816321E+06,  7.9289287283949777E+06,  7.8931056966189072E+06,  7.8570698937145853E+06,  1.0029117428019721E+02,  4.8024851910711592E+06,  1.1058460813728743E-09, -3.0600517675338779E-09
   11,3, 40,   15.000, 1.00,    1095.000,  7.9645505818066392E+06,  7.9289231349572465E+06,  7.8930983386050565E+06,  7.8570618841326758E+06,  1.0029593024793759E+02,  4.8024821300248774E+06, -8.9333695996174356E-10, -3.9534029383503366E-09
   11,3, 40,   15.000, 1.00,    1110.000,  7.9645476418404868E+06,  7.9289176683473932E+06,  7.8930911487809625E+06,  7.8570540582917212E+06,  1.0030057743454938E+02,  4.8024791386863953E+06, -3.6732217267854139E-10, -4.3207251110288780E-09
   11,3, 40,   15.000, 1.00,    1125.000,  7.9645447681701304E+06,  7.9289123256686702E+06,  7.8930841232779771E+06,  7.8570464120053798E+06,  1.0030511864918887E+02,  4.8024762154661343E+06,  1.1668532806652365E-09, -3.1539002520730719E-09
   11,3, 40,   15.000, 1.00,    1140.000,  7.9645419593324028E+06,  7.9289071041319091E+06,  7.8930772583109876E+06,  7.8570389411231978E+06,  1.0030955654184498E+02,  4.8024733588142619E+06, -7.1224803832592443E-11, -3.2251250559056643E-09
   11,3, 40,   15.000, 1.00,    1155.000,  7.9645392139075240E+06,  7.9289020010379618E+06,  7.8930705501799323E+06,  7.8570316415488971E+06,  1.0031389362721313E+02,  4.8024705672186706E+06,  5.7082161220023409E-10, -2.6543034437054303E-09
   11,3, 40,   15.000, 1.00,    1170.000,  7.9645365305142533E+06,  7.9288970137634566E+06,  7.8930639952697316E+06,  7.8570245092558246E+06,  1.0031813230330251E+02,  4.8024678392032199E+06, -2.9830005132680526E-10, -2.9526177058869507E-09
   11,3, 40,   15.000, 1.00,    1185.000,  7.9645339078060361E+06,  7.9288921397497952E+06,  7.8930575900492165E+06,  7.8570175402990729E+06,  1.0032227486637736E+02,  4.8024651733262157E+06,  1.8563639514468377E-10, -2.7669670998875517E-09
   11,3, 40,   15.000, 1.00,    1200.000,  7.9645313444677554E+06,  7.9288873764950791E+06,  7.8930513310695300E+06,  7.8570107308241529E+06,  1.0032632352332877E+02,  4.8024625681790644E+06, -1.2079794942110311E-09, -3.9749465940985829E-09
   11,3, 40,   15.000, 1.00,    1215.000,  7.9645288392129224E+06,  7.9288827215484744E+06,  7.8930452149623614E+06,  7.8570040770723820E+06,  1.0033028040218495E+02,  4.8024600223850980E+06,  8.3549878127087140E-10, -3.1394620236824267E-09
   11,3, 40,   15.000, 1.00,    1230.000,  7.9645263907812359E+06,  7.9288781725065233E+06,  7.8930392384382021E+06,  7.8569975753833679E+06,  1.0033414756118543E+02,  4.8024575345985154E+06, -4.5258730096975341E-10, -3.5920493246521801E-09
   11,3, 40,   15.000, 1.00,    1245.000,  7.9645239979365142E+06,  7.9288737270108955E+06,  7.8930333982847054E+06,  7.8569912221951466E+06,  1.0033792699666303E+02,  4.8024551035034657E+06,  3.3803360111051006E-10, -3.2540015126869548E-09
   11,3, 40,   15.000, 1.00,    1260.000,  7.9645216594650224E+06,  7.9288693827471817E+06,  7.8930276913651610E+06,  7.8569850140425293E+06,  1.0034162064987888E+02,  4.8024527278132141E+06,  2.2802737476013135E-10, -3.0260025596362539E-09
   11,3, 40,   15.000, 1.00,    1275.000,  7.9645193741741870E+06,  7.9288651374443676E+06,  7.8930221146170255E+06,  7.8569789475542502E+06,  1.0034523041287976E+02,  4.8024504062694069E+06, -3.6020253446622519E-10, -3.3862193049571943E-09
   11,3, 40,   15.000, 1.00,    1290.000,  7.9645171408917038E+06,  7.9288609888747269E+06,  7.8930166650504526E+06,  7.8569730194493914E+06,  1.0034875813344291E+02,  4.8024481376414066E+06, -1.9254571270721499E-09, -5.3116764320293441E-09
   11,3, 40,   15.000, 1.00,    1305.000,  7.9645149584649932E+06,  7.9288569348539310E+06,  7.8930113397467732E+06,  7.8569672265335005E+06,  1.0035220561915297E+02,  4.8024459207256958E+06,  1.8762733589028358E-09, -3.4353888622717932E-09
   11,3, 40,   15.000, 1.00,    1320.000,  7.9645128257609624E+06,  7.9288529732412230E+06,  7.8930061358568901E+06,  7.8569615656946888E+06,  1.0035557464067298E+02,  4.8024437543453071E+06,  1.2430234619387193E-09, -2.1923369786236435E-09
   11,3, 40,   15.000, 1.00,    1335.000,  7.9645107416660227E+06,  7.9288491019395683E+06,  7.8930010505995918E+06,  7.8569560338998996E+06,  1.0035886693425785E+02,  4.8024416373493196E+06, -1.3500738305083360E-09, -3.5424250199866947E-09
   11,3, 40,   15.000, 1.00,    1350.000,  7.9645087050862741E+06,  7.9288453188957125E+06,  7.8929960812597917E+06,  7.8569506281914581E+06,  1.0036208420360119E+02,  4.8024395686123725E+06, -1.1593641602303251E-09, -4.7018033910717349E-09
   11,3, 40,   15.000, 1.00,    1365.000,  7.9645067149478123E+06,  7.9288416221001092E+06,  7.8929912251867224E+06,  7.8569453456839435E+06,  1.0036522812110238E+02,  4.8024375470341910E+06,  1.9293509012641152E-09, -2.7724809115170501E-09
   11,3, 40,   15.000, 1.00,    1380.000,  7.9645047701970814E+06,  7.9288380095867198E+06,  7.8929864797921209E+06,  7.8569401835613865E+06,  1.0036830032864630E+02,  4.8024355715391189E+06, -1.7761720982889528E-09, -4.5486672206607182E-09
   11,3, 40,   15.000, 1.00,    1395.000,  7.9645028698012354E+06,  7.9288344794326713E+06,  7.8929818425484374E+06,  7.8569351390747558E+06,  1.0037130243799243E+02,  4.8024336410756912E+06,  2.4358541850233451E-09, -2.1128130356373731E-09
   11,3, 40,   15.000, 1.00,    1410.000,  7.9645010127484370E+06,  7.9288310297577959E+06,  7.8929773109870907E+06,  7.8569302095397031E+06,  1.0037423603087784E+02,  4.8024317546161516E+06, -2.8120012984800269E-09, -4.9248001232626848E-09
   11,3, 40,   15.000, 1.00,    1425.000,  7.9644991980480980E+06,  7.9288276587240668E+06,  7.8929728826967943E+06,  7.8569253923345245E+06,  1.0037710265892719E+02,  4.8024299111560369E+06,  1.4194370123732369E-09, -3.5053631108894479E-09
   11,3, 40,   15.000, 1.00,    1440.000,  7.9644974247310096E+06,  7.9288243645349508E+06,  7.8929685553219672E+06,  7.8569206848982899E+06,  1.0037990384345630E+02,  4.8024281097136885E+06, -2.4283508537337184E-10, -3.7481981962628197E-09
   11,3, 40,   15.000, 1.00,    1455.000,  7.9644956918493761E+06,  7.9288211454346990E+06,  7.8929643265612256E+06,  7.8569160847291201E+06,  1.0038264107523919E+02,  4.8024263493298180E+06,  9.5947427780629368E-10, -2.7887381293112412E-09
   11,3, 40,   15.000, 1.00,    1470.000,  7.9644939984767372E+06,  7.9288179997075899E+06,  7.8929601941659609E+06,  7.8569115893825814E+06,  1.0038531581430279E+02,  4.8024246290670307E+06, -1.8466010942574940E-09, -4.6353534344234504E-09
   11,3, 40,   15.000, 1.00,    1485.000,  7.9644923437077953E+06,  7.9288149256771458E+06,  7.8929561559389960E+06,  7.8569071964701740E+06,  1.0038792948978464E+02,  4.8024229480093801E+06,  2.6345077230871539E-09, -2.0008315004815813E-09
   11,3, 40,   15.000, 1.00,    1500.000,  7.9644907266581496E+06,  7.9288119217053233E+06,  7.8929522097333148E+06,  7.8569029036579067E+06,  1.0039048349989274E+02,  4.8024213052618774E+06, -1.1650769238258363E-09, -3.1658942134527024E-09
   11,3, 40,   15.000, 1.00,    1515.000,  7.9644891464639707E+06,  7.9288089861917030E+06,  7.8929483534508497E+06,  7.8568987086649425E+06,  1.0039297921197256E+02,  4.8024196999500562E+06, -8.0324014106736286E-10, -3.9691485653747804E-09
   11,3, 40,   15.000, 1.00,    1530.000,  7.9644876022816030E+06,  7.9288061175726671E+06,  7.8929445850413283E+06,  7.8568946092623081E+06,  1.0039541796269305E+02,  4.8024181312194979E+06,  1.3355929695535451E-09, -2.6335555958212353E-09
   11,3, 40,   15.000, 1.00,    1545.000,  7.9644860932871392E+06,  7.9288033143205829E+06,  7.8929409025011659E+06,  7.8568906032716613E+06,  1.0039780105834684E+02,  4.8024165982353715E+06, -1.5618724091837066E-09, -4.1954422158596572E-09
   11,3, 40,   15.000, 1.00,    1560.000,  7.9644846186759602E+06,  7.9288005749429865E+06,  7.8929373038723934E+06,  7.8568866885641078E+06,  1.0040012977524181E+02,  4.8024151001820005E+06,  3.9791814288037131E-10, -3.7975382838340010E-09
   11,3, 40,   15.000, 1.00,    1575.000,  7.9644831776622673E+06,  7.9287978979817796E+06,  7.8929337872416256E+06,  7.8568828630590653E+06,  1.0040240536018086E+02,  4.8024136362624038E+06,  5.4046722652856261E-10, -3.2570710573054384E-09
   11,3, 40,   15.000, 1.00,    1590.000,  7.9644817694786033E+06,  7.9287952820124291E+06,  7.8929303507390544E+06,  7.8568791247231662E+06,  1.0040462903100752E+02,  4.8024122056978699E+06,  9.6815711003728211E-10, -2.2889139472681563E-09
   11,3, 40,   15.000, 1.00,    1605.000,  7.9644803933753837E+06,  7.9287927256431794E+06,  7.8929269925374687E+06,  7.8568754715691991E+06,  1.0040680197720411E+02,  4.8024108077275259E+06, -2.0016273083456326E-09, -4.2905412556137890E-09
   11,3, 40,   15.000, 1.00,    1620.000,  7.9644790486204326E+06,  7.9287902275142819E+06,  7.8929237108512996E+06,  7.8568719016550826E+06,  1.0040892536051123E+02,  4.8024094416079344E+06,  8.1226403381151613E-10, -3.4782488000928424E-09
   11,3, 40,   15.000, 1.00,    1635.000,  7.9644777344985316E+06,  7.9287877862972338E+06,  7.8929205039356854E+06,  7.8568684130828641E+06,  1.0041100031557885E+02,  4.8024081066126693E+06,  1.1985292758254218E-09, -2.2797053134127054E-09
   11,3, 40,   15.000, 1.00,    1650.000,  7.9644764503109828E+06,  7.9287854006940341E+06,  7.8929173700855598E+06,  7.8568650039977478E+06,  1.0041302795061831E+02,  4.8024068020319277E+06, -8.3666407135751797E-10, -3.1163835956249386E-09
   11,3, 40,   15.000, 1.00,    1665.000,  7.9644751953751920E+06,  7.9287830694364598E+06,  7.8929143076347504E+06,  7.8568616725871442E+06,  1.0041500934805197E+02,  4.8024055271721473E+06, -1.2252030501258560E-09, -4.3415866457507946E-09
   11,3, 40,   15.000, 1.00,    1680.000,  7.9644739690242587E+06,  7.9287807912853509E+06,  7.8929113149551069E+06,  7.8568584170797383E+06,  1.0041694556515489E+02,  4.8024042813556241E+06, -5.3256599130691029E-10, -4.8741526370577049E-09
   11,3, 40,   15.000, 1.00,    1695.000,  7.9644727706065914E+06,  7.9287785650299285E+06,  7.8929083904556409E+06,  7.8568552357445769E+06,  1.0041883763468849E+02,  4.8024030639201477E+06,  3.3025457923940849E-09, -1.5716068446636200E-09
   11,3, 40,   15.000, 1.00,    1710.000,  7.9644715994855287E+06,  7.9287763894871185E+06,  7.8929055325816805E+06,  7.8568521268901732E+06,  1.0042068656550745E+02,  4.8024018742186297E+06, -6.5566041484999005E-10, -2.2272388378041796E-09
   11,3, 40,   15.000, 1.00,    1725.000,  7.9644704550389806E+06,  7.9287742635008972E+06,  7.8929027398140514E+06,  7.8568490888636289E+06,  1.0042249334315724E+02,  4.8024007116187764E+06, -5.9858962231373880E-10, -2.8258000384084880E-09
   11,3, 40,   15.000, 1.00,    1740.000,  7.9644693366590776E+06,  7.9287721859416589E+06,  7.8929000106682666E+06,  7.8568461200497691E+06,  1.0042425893045190E+02,  4.8023995755027328E+06, -4.4299497403699206E-10, -3.2687808015907649E-09
   11,3, 40,   15.000, 1.00,    1755.000,  7.9644682437518323E+06,  7.9287701557055991E+06,  7.8928973436937360E+06,  7.8568432188702980E+06,  1.0042598426803207E+02,  4.8023984652667539E+06,  6.6975758272747044E-10, -2.5989947971538641E-09
   11,3, 40,   15.000, 1.00,    1770.000,  7.9644671757368157E+06,  7.9287681717141131E+06,  7.8928947374729961E+06,  7.8568403837829633E+06,  1.0042767027490412E+02,  4.8023973803208750E+06, -2.5070363562917919E-09, -5.1060169425909407E-09
   11,3, 40,   15.000, 1.00,    1785.000,  7.9644661320468392E+06,  7.9287662329132119E+06,  7.8928921906209532E+06,  7.8568376132807406E+06,  1.0042931784896490E+02,  4.8023963200886110E+06,  1.5367618289019447E-09, -3.5692551136889961E-09
   11,3, 40,   15.000, 1.00,    1800.000,  7.9644651121276468E+06,  7.9287643382729562E+06,  7.8928897017841404E+06,  7.8568349058910338E+06,  1.0043092786750542E+02,  4.8023952840066236E+06, -1.4395595826499630E-11, -3.5836364986607805E-09
   12,3, 40,   60.000, 1.00,       0.000,  7.9647703722856510E+06,  7.9293842236631857E+06,  7.8938394491982115E+06,  7.8581338963495167E+06,  1.0000000000000000E+02,  4.8027768277280563E+06,  0.0000000000000000E+00,  0.0000000000000000E+00
   12,3, 40,   60.000, 1.00,      60.000,  7.9647703305539973E+06,  7.9293839735331889E+06,  7.8938379888444860E+06,  7.8581253577218335E+06,  1.0000002135587236E+02,  4.8027760948571507E+06, -2.4287487576657441E-09, -2.4287487576657441E-09
   12,3, 40,   60.000, 1.00,     120.000,  7.9647700432563201E+06,  7.9293825473684054E+06,  7.8938314903199654E+06,  7.8580980876827063E+06,  1.0000019065770560E+02,  4.8027732415515287E+06,  3.5981884138891473E-11, -2.3927668735268526E-09
   12,3, 40,   60.000, 1.00,     180.000,  7.9647690280260360E+06,  7.9293783192520775E+06,  7.8938161760794809E+06,  7.8580501698888075E+06,  1.0000087469615825E+02,  4.8027671108120820E+06, -6.1129412642912939E-10, -3.0040609999559820E-09
   12,3, 40,   60.000, 1.00,     240.000,  7.9647665389578119E+06,  7.9293694264352610E+06,  7.8937895687669991E+06,  7.8579823447335679E+06,  1.0000277054674299E+02,  4.8027569122998016E+06, -5.6343196774832904E-10, -3.5674929677043110E-09
   12,3, 40,   60.000, 1.00,     300.000,  7.9647617335869968E+06,  7.9293543339888947E+06,  7.8937508771179738E+06,  7.8578977319270801E+06,  1.0000685418730960E+02,  4.8027423235510401E+06, -2.8705926524708048E-11, -3.5961988942290191E-09
   12,3, 40,   60.000, 1.00,     360.000,  7.9647539012361383E+06,  7.9293322166917194E+06,  7.8937009086216539E+06,  7.8578014361021752E+06,  1.0001418319961219E+02,  4.8027235392881017E+06,  4.6753712013014592E-10, -3.1286617740988731E-09
   12,3, 40,   60.000, 1.00,     420.000,  7.9647426513105547E+06,  7.9293031206910387E+06,  7.8936418633923801E+06,  7.8576999869292481E+06,  1.0002563626615043E+02,  4.8027012606852883E+06,  1.9907133719243575E-09, -1.1379484021745156E-09
   12,3, 40,   60.000, 1.00,     480.000,  7.9647280137168998E+06,  7.9292679655022360E+06,  7.8935770591978608E+06,  7.8576006620444637E+06,  1.0004168739906784E+02,  4.8026766266743131E+06, -3.6955611903977115E-09, -4.8335095925722271E-09
   12,3, 40,   60.000, 1.00,     540.000,  7.9647104526692368E+06,  7.9292284385584649E+06,  7.8935105798692321E+06,  7.8575107494002208E+06,  1.0006227290167428E+02,  4.8026510972006703E+06,  1.1516476661199704E-09, -3.6818619264522567E-09
   12,3, 40,   60.000, 1.00,     600.000,  7.9646908149795700E+06,  7.9291868121887790E+06,  7.8934468599354001E+06,  7.8574368148718337E+06,  1.0008676210485871E+02,  4.8026263029269613E+06, -4.6941295295255259E-10, -4.1512748794048093E-09
   12,3, 40,   60.000, 1.00,     660.000,  7.9646701927939076E+06,  7.9291454558185935E+06,  7.8933887790514287E+06,  7.8573754937636908E+06,  1.0011403700702331E+02,  4.8026031451473841E+06,  1.4130137060419656E-09, -2.7382611733628437E-09
   12,3, 40,   60.000, 1.00,     720.000,  7.9646496809288636E+06,  7.9291061411978779E+06,  7.8933365668476643E+06,  7.8573198595975945E+06,  1.0014269775633372E+02,  4.8025817070127651E+06,  9.4212282419903204E-10, -1.7961383491638117E-09
   12,3, 40,   60.000, 1.00,     780.000,  7.9646301248106835E+06,  7.9290697416731752E+06,  7.8932893313867645E+06,  7.8572690385343358E+06,  1.0017135963308557E+02,  4.8025619885907490E+06, -1.2632312973437365E-09, -3.0593696465075482E-09
   12,3, 40,   60.000, 1.00,     840.000,  7.9646119986899095E+06,  7.9290364383513555E+06,  7.8932462635770841E+06,  7.8572224738321602E+06,  1.0019892573099180E+02,  4.8025439241346093E+06,  8.0063955465448089E-10, -2.2587300918530673E-09
   12,3, 40,   60.000, 1.00,     900.000,  7.9645954471666478E+06,  7.9290060738935750E+06,  7.8932068501523361E+06,  7.8571797608254235E+06,  1.0022472068149716E+02,  4.8025274073754987E+06, -4.4428816181607544E-10, -2.7030182536691427E-09
   12,3, 40,   60.000, 1.00,     960.000,  7.9645804116397267E+06,  7.9289783910916010E+06,  7.8931707503695991E+06,  7.8571405831393814E+06,  1.0024846348288843E+02,  4.8025123151844731E+06,  1.0797407412610482E-09, -1.6232775124080945E-09
   12,3, 40,   60.000, 1.00,    1020.000,  7.9645667504827986E+06,  7.9289531322892755E+06,  7.8931376934048105E+06,  7.8571046701907478E+06,  1.0027014564354836E+02,  4.8024985239230851E+06, -8.9056584329227917E-10, -2.5138433557003736E-09
   12,3, 40,   60.000, 1.00,    1080.000,  7.9645543117770897E+06,  7.9289300654335599E+06,  7.8931074362645093E+06,  7.8570717745751310E+06,  1.0028989875517658E+02,  4.8024859178483943E+06, -1.4135821402305737E-09, -3.9274254959309474E-09
   12,3, 40,   60.000, 1.00,    1140.000,  7.9645429622519622E+06,  7.9289089859512923E+06,  7.8930797518683067E+06,  7.8570416623616489E+06,  1.0030790020264425E+02,  4.8024743918605540E+06,  1.0875282896449789E-09, -2.8398972062859684E-09
   12,3, 40,   60.000, 1.00,    1200.000,  7.9645325916310279E+06,  7.9288897134750467E+06,  7.8930544271885334E+06,  7.8570141106826011E+06,  1.0032432444001059E+02,  4.8024638513269536E+06, -1.0101643965754192E-09, -3.8500616028613877E-09
   12,3, 40,   60.000, 1.00,    1260.000,  7.9645231081285439E+06,  7.9288720880215829E+06,  7.8930312637148462E+06,  7.8569889085577792E+06,  1.0033932604322658E+02,  4.8024542108895481E+06,  8.4889961726730689E-10, -3.0011619855940808E-09
   12,3, 40,   60.000, 1.00,    1320.000,  7.9645144330059979E+06,  7.9288559664821634E+06,  7.8930100778640062E+06,  7.8569658584288312E+06,  1.0035303838350133E+02,  4.8024453931925576E+06, -5.2494897317956202E-10, -3.5261109587736428E-09
   12,3, 40,   60.000, 1.00,    1380.000,  7.9645064966520844E+06,  7.9288412197233764E+06,  7.8929907008200707E+06,  7.8569447771879882E+06,  1.0036557737842219E+02,  4.8024373278352628E+06, -1.9622348190750927E-10, -3.7223344406811520E-09
   12,3, 40,   60.000, 1.00,    1440.000,  7.9644992362566469E+06,  7.9288277304042531E+06,  7.8929729778846698E+06,  7.8569254963797601E+06,  1.0037704554558076E+02,  4.8024299505679999E+06,  2.2562289814231917E-09, -1.4661054592579603E-09
   12,3, 40,   60.000, 1.00,    1500.000,  7.9644925945340665E+06,  7.9288153914225306E+06,  7.8929567675471213E+06,  7.8569078617148586E+06,  1.0038753498326501E+02,  4.8024232026669942E+06, -1.5712089407315943E-09, -3.0373143999895547E-09
   12,3, 40,   60.000, 1.00,    1560.000,  7.9644865190079762E+06,  7.9288041048053317E+06,  7.8929419404514628E+06,  7.8568917321745791E+06,  1.0039712928904950E+02,  4.8024170304243350E+06, -2.1142341211088933E-09, -5.1515485210984480E-09
   12,3, 40,   60.000, 1.00,    1620.000,  7.9644809615571247E+06,  7.9287937808664273E+06,  7.8929283783695502E+06,  7.8568769789506271E+06,  1.0040590476506685E+02,  4.8024113847102392E+06,  1.9531398720573634E-10, -4.9562345338927116E-09
   12,3, 40,   60.000, 1.00,    1680.000,  7.9644758780696634E+06,  7.9287843375075916E+06,  7.8929159732335322E+06,  7.8568634843769036E+06,  1.0041393121923960E+02,  4.8024062205833960E+06,  2.4099335860228166E-09, -2.5463009478698950E-09
   12,3, 40,   60.000, 1.00,    1740.000,  7.9644712281391602E+06,  7.9287756995976744E+06,  7.8929046262468379E+06,  7.8568511409295946E+06,  1.0042127255897401E+02,  4.8024014969369341E+06, -4.0427039493806660E-10, -2.9505713428079616E-09
   12,3, 40,   60.000, 1.00,    1800.000,  7.9644669747785907E+06,  7.9287677984007578E+06,  7.8928942470753863E+06,  7.8568398503201315E+06,  1.0042798728282963E+02,  4.8023971761739040E+06,  1.3255885278340429E-10, -2.8180124900245573E-09
   13,3, 40,   15.000, 0.50,       0.000,  7.9647703722856510E+06,  7.9293842236631857E+06,  7.8938394491982115E+06,  7.8581338963495167E+06,  1.0000000000000000E+02,  4.8027768277280563E+06,  0.0000000000000000E+00,  0.0000000000000000E+00
   13,3, 40,   15.000, 0.50,      15.000,  7.9647703722856510E+06,  7.9293842236631848E+06,  7.8938394491869081E+06,  7.8581337256551087E+06,  1.0000000000000026E+02,  4.8027768248380544E+06, -2.3591582021253998E-09, -2.3591582021253998E-09
   13,3, 40,   15.000, 0.50,      30.000,  7.9647703722856510E+06,  7.9293842236631569E+06,  7.8938394489595015E+06,  7.8581331268389029E+06,  1.0000000000000058E+02,  4.8027768104058728E+06, -1.2932162007928127E-09, -3.6523744029182126E-09
   13,3, 40,   15.000, 0.50,      45.000,  7.9647703722856520E+06,  7.9293842236626716E+06,  7.8938394468235932E+06,  7.8581320706792809E+06,  1.0000000000000020E+02,  4.8027767729604924E+06, -3.9058534184732707E-11, -3.6914329371029453E-09
   13,3, 40,   15.000, 0.50,      60.000,  7.9647703722856501E+06,  7.9293842236571964E+06,  7.8938394344038423E+06,  7.8581305348901497E+06,  9.9999999999998508E+01,  4.8027767011727765E+06, -2.7932145485465298E-10, -3.9707543919575983E-09
   13,3, 40,   15.000, 0.50,      75.000,  7.9647703722856352E+06,  7.9293842236130266E+06,  7.8938393843830042E+06,  7.8581284387587504E+06,  1.0000000000000088E+02,  4.8027765839253226E+06,  3.5786484886557446E-10, -3.6128895430920238E-09
   13,3, 40,   15.000, 0.50,      90.000,  7.9647703722855039E+06,  7.9293842233414808E+06,  7.8938392362040104E+06,  7.8581257931747995E+06,  1.0000000000000121E+02,  4.8027764103810014E+06,  6.1925931049700011E-10, -2.9936302325950237E-09
   13,3, 40,   15.000, 0.50,     105.000,  7.9647703722844915E+06,  7.9293842220205553E+06,  7.8938389002048867E+06,  7.8581225571724186E+06,  9.9999999999999602E+01,  4.8027761700497717E+06, -2.6837909672394744E-10, -3.2620093293189711E-09
   13,3, 40,   15.000, 0.50,     120.000,  7.9647703722781418E+06,  7.9293842168091759E+06,  7.8938382957014171E+06,  7.8581186991385575E+06,  1.0000000000001508E+02,  4.8027758528533587E+06,  6.3817395812293398E-10, -2.6238353711960372E-09
   13,3, 40,   15.000, 0.50,     135.000,  7.9647703722445853E+06,  7.9293841998468377E+06,  7.8938373925556121E+06,  7.8581142345540747E+06,  1.0000000000012086E+02,  4.8027754491873840E+06, -7.3232087061114726E-10, -3.3561562418071844E-09
   13,3, 40,   15.000, 0.50,     150.000,  7.9647703720931578E+06,  7.9293841537297172E+06,  7.8938361978474315E+06,  7.8581091314243758E+06,  1.0000000000076662E+02,  4.8027749499805905E+06, -2.6308555334253469E-10, -3.6192417951497191E-09
   13,3, 40,   15.000, 0.50,     165.000,  7.9647703715039184E+06,  7.9293840479554310E+06,  7.8938346986092366E+06,  7.8581033923521591E+06,  1.0000000000432134E+02,  4.8027743467507809E+06, -3.8406255953304935E-10, -4.0033043546827685E-09
   13,3, 40,   15.000, 0.50,     180.000,  7.9647703695115754E+06,  7.9293838413176984E+06,  7.8938328508397965E+06,  7.8580970343719646E+06,  1.0000000002150050E+02,  4.8027736316571962E+06,  2.2712143277203722E-09, -1.7320900269623962E-09
   13,3, 40,   15.000, 0.50,     195.000,  7.9647703636242282E+06,  7.9293834932590351E+06,  7.8938306298917234E+06,  7.8580900434152633E+06,  1.0000000009502149E+02,  4.8027727975491481E+06, -4.7904080702210194E-10, -2.2111308339844982E-09
   13,3, 40,   15.000, 0.50,     210.000,  7.9647703483522441E+06,  7.9293829782088129E+06,  7.8938280413884390E+06,  7.8580824462493882E+06,  1.0000000037534113E+02,  4.8027718380111735E+06, -2.0552448631860898E-10, -2.4166553203031071E-09
   13,3, 40,   15.000, 0.50,     225.000,  7.9647703134458605E+06,  7.9293822889100621E+06,  7.8938250755494600E+06,  7.8580742619871702E+06,  1.0000000133127961E+02,  4.8027707474057833E+06, -1.2617604738807131E-09, -3.6784157941838203E-09
   13,3, 40,   15.000, 0.50,     240.000,  7.9647702428897433E+06,  7.9293814223573506E+06,  7.8938217079545651E+06,  7.8580654979932485E+06,  1.0000000425590122E+02,  4.8027695209168382E+06,  1.0006999673350947E-09, -2.6777158268487256E-09
   13,3, 40,   15.000, 0.50,     255.000,  7.9647701161893373E+06,  7.9293803634493500E+06,  7.8938179394239374E+06,  7.8580561967063863E+06,  1.0000001230174379E+02,  4.8027681545994813E+06, -1.1565504109967151E-10, -2.7933708679483971E-09
   13,3, 40,   15.000, 0.50,     270.000,  7.9647699126339536E+06,  7.9293790880121021E+06,  7.8938137793615852E+06,  7.8580463814317305E+06,  1.0000003223913906E+02,  4.8027666454458768E+06, -7.1898398346093018E-10, -3.5123548514093272E-09
   13,3, 40,   15.000, 0.50,     285.000,  7.9647696166783646E+06,  7.9293775807936974E+06,  7.8938092183703091E+06,  7.8580360805681413E+06,  1.0000007679599069E+02,  4.8027649914763533E+06, -1.9007728724318440E-10, -3.7024321386525116E-09
   13,3, 40,   15.000, 0.50,     300.000,  7.9647692202688782E+06,  7.9293758401428228E+06,  7.8938042574296072E+06,  7.8580253452660795E+06,  1.0000016670622603E+02,  4.8027631918580215E+06, -5.8566484995026258E-10, -4.2880969886027742E-09
   13,3, 40,   15.000, 0.50,     315.000,  7.9647687193177706E+06,  7.9293738624043129E+06,  7.8937989150235215E+06,  7.8580142053997451E+06,  1.0000033076021735E+02,  4.8027612470336165E+06, -1.0950387263619632E-09, -5.3831357149647374E-09
   13,3, 40,   15.000, 0.50,     330.000,  7.9647681072166665E+06,  7.9293716344892243E+06,  7.8937931965198908E+06,  7.8580027069877060E+06,  1.0000060210630767E+02,  4.8027591588174049E+06,  2.6355593263360788E-09, -2.7475763886286586E-09
   13,3, 40,   15.000, 0.50,     345.000,  7.9647673725971812E+06,  7.9293691476923684E+06,  7.8937871082604248E+06,  7.8579909047154523E+06,  1.0000101081790739E+02,  4.8027569304019958E+06, -1.1257981213930179E-09, -3.8733745100216765E-09
   13,3, 40,   15.000, 0.50,     360.000,  7.9647665045690015E+06,  7.9293664050803967E+06,  7.8937806746946750E+06,  7.8579788365791040E+06,  1.0000157608677350E+02,  4.8027545662453203E+06,  2.0980905901524238E-10, -3.6635654510064342E-09
   13,3, 40,   15.000, 0.50,     375.000,  7.9647654991472242E+06,  7.9293634084815625E+06,  7.8937739126579231E+06,  7.8579665608316055E+06,  1.0000230371600725E+02,  4.8027520718746921E+06,  1.0648477655195165E-09, -2.5987176854869176E-09
   13,3, 40,   15.000, 0.50,     390.000,  7.9647643582848534E+06,  7.9293601531571914E+06,  7.8937668356506554E+06,  7.8579541322755618E+06,  1.0000319223681994E+02,  4.8027494537125286E+06,  1.6109140688058687E-09, -9.8780361668104888E-10
   13,3, 40,   15.000, 0.50,     405.000,  7.9647630830952702E+06,  7.9293566408066479E+06,  7.8937594732367983E+06,  7.8579415970483711E+06,  1.0000424373207589E+02,  4.8027467190237939E+06, -3.4273739402124193E-09, -4.4151775568934681E-09
   13,3, 40,   15.000, 0.50,     420.000,  7.9647616714240275E+06,  7.9293528817836652E+06,  7.8937518506353693E+06,  7.8579290194125501E+06,  1.0000546957209836E+02,  4.8027438759824997E+06,  2.8841995458606107E-09, -1.5309780110328575E-09
   13,3, 40,   15.000, 0.50,     435.000,  7.9647601226196783E+06,  7.9293488827677062E+06,  7.8937439881995730E+06,  7.8579164522757865E+06,  1.0000688484201903E+02,  4.8027409337343844E+06, -1.8626948872224602E-09, -3.3936728982553177E-09
   13,3, 40,   15.000, 0.50,     450.000,  7.9647584402472042E+06,  7.9293446488664094E+06,  7.8937359199673366E+06,  7.8579039481628062E+06,  1.0000849731021708E+02,  4.8027379023303743E+06,  8.8091667294065701E-10, -2.5127562253146607E-09
   13,3, 40,   15.000, 0.50,     465.000,  7.9647566277452810E+06,  7.9293401943072854E+06,  7.8937276770345839E+06,  7.8578915713059986E+06,  1.0001030400055272E+02,  4.8027347925470052E+06,  2.2244250885705696E-10, -2.2903137164576037E-09
   13,3, 40,   15.000, 0.50,     480.000,  7.9647546857012277E+06,  7.9293355360673619E+06,  7.8937192854635576E+06,  7.8578793715590406E+06,  1.0001229963152234E+02,  4.8027316157402201E+06, -7.5267081456331653E-10, -3.0429845310209203E-09
   13,3, 40,   15.000, 0.50,     495.000,  7.9647526167438161E+06,  7.9293306862727581E+06,  7.8937107830000045E+06,  7.8578674045363758E+06,  1.0001448544026614E+02,  4.8027283838246716E+06, -5.4897952850296861E-10, -3.5919640595238889E-09
   13,3, 40,   15.000, 0.50,     510.000,  7.9647504290369907E+06,  7.9293256607787292E+06,  7.8937022047148449E+06,  7.8578557293697586E+06,  1.0001686604802161E+02,  4.8027251092920657E+06,  2.4564457135056728E-09, -1.1355183460182161E-09
   13,3, 40,   15.000, 0.50,     525.000,  7.9647481313683735E+06,  7.9293204809318753E+06,  7.8936935811351240E+06,  7.8578443920307066E+06,  1.0001943940572620E+02,  4.8027218051272891E+06, -1.5312764389818767E-09, -2.6667947850000928E-09
   13,3, 40,   15.000, 0.50,     540.000,  7.9647457290680483E+06,  7.9293151641234839E+06,  7.8936849527271325E+06,  7.8578334470492387E+06,  1.0002219543364721E+02,  4.8027184846360395E+06,  7.8229334121715510E-10, -1.8845014437829377E-09
   13,3, 40,   15.000, 0.50,     555.000,  7.9647432281849980E+06,  7.9293097274508812E+06,  7.8936763565955311E+06,  7.8578229449219471E+06,  1.0002512514844956E+02,  4.8027151613281202E+06, -6.4228800056298496E-10, -2.5267894443459227E-09
   13,3, 40,   15.000, 0.50,     570.000,  7.9647406389342584E+06,  7.9293041947026374E+06,  7.8936678256452559E+06,  7.8578129270028230E+06,  1.0002822495926996E+02,  4.8027118488993077E+06, -7.1203487550519640E-10, -3.2388243198511191E-09
   13,3, 40,   15.000, 0.50,     585.000,  7.9647379720087284E+06,  7.9292985890021417E+06,  7.8936594006196698E+06,  7.8578034426258588E+06,  1.0003148926894194E+02,  4.8027085611882005E+06,  9.2138208174219471E-10, -2.3174493435362820E-09
   13,3, 40,   15.000, 0.50,     600.000,  7.9647352364031980E+06,  7.9292929306922825E+06,  7.8936511174857216E+06,  7.8577945318191396E+06,  1.0003490490101890E+02,  4.8027053120344728E+06, -1.9970869402641256E-09, -4.3145291783730499E-09
   13,3, 40,   15.000, 0.50,     615.000,  7.9647324426177870E+06,  7.9292872445315039E+06,  7.8936430085199336E+06,  7.8577860595853729E+06,  1.0003845722564184E+02,  4.8027021122504249E+06,  2.1428192553685221E-09, -2.1717028175771702E-09
   13,3, 40,   15.000, 0.50,     630.000,  7.9647296028978890E+06,  7.9292815557059580E+06,  7.8936351120856451E+06,  7.8577778086467022E+06,  1.0004213631133253E+02,  4.8026989667019509E+06, -1.3513243857232737E-09, -3.5230272033004439E-09
   13,3, 40,   15.000, 0.50,     645.000,  7.9647267282126816E+06,  7.9292758855247274E+06,  7.8936274596018558E+06,  7.8577697778847599E+06,  1.0004593185026771E+02,  4.8026958772131633E+06,  4.2169290281890426E-10, -3.1013343004815397E-09
   13,3, 40,   15.000, 0.50,     660.000,  7.9647238296775194E+06,  7.9292702584132859E+06,  7.8936200733624408E+06,  7.8577619725277834E+06,  1.0004982732214766E+02,  4.8026928454069579E+06,  1.4853895891064894E-09, -1.6159447113750502E-09
   13,3, 40,   15.000, 0.50,     675.000,  7.9647209208202111E+06,  7.9292647008605320E+06,  7.8936129613941768E+06,  7.8577543388403617E+06,  1.0005380487393607E+02,  4.8026898726484273E+06, -1.2671392823904171E-09, -2.8830839937654673E-09
   13,3, 40,   15.000, 0.50,     690.000,  7.9647180145143848E+06,  7.9292592350060530E+06,  7.8936060918610105E+06,  7.8577469028075458E+06,  1.0005785083110052E+02,  4.8026869600662161E+06,  1.0291003604834259E-09, -1.8539765278546838E-09
   13,3, 40,   15.000, 0.50,     705.000,  7.9647151216149759E+06,  7.9292538829283006E+06,  7.8935994018390896E+06,  7.8577396403612122E+06,  1.0006195099557817E+02,  4.8026841085799159E+06, -2.0848744952672860E-10, -2.0624639773814124E-09
   13,3, 40,   15.000, 0.50,     720.000,  7.9647122547337040E+06,  7.9292486667048065E+06,  7.8935928399872864E+06,  7.8577325319729615E+06,  1.0006608615627113E+02,  4.8026813188585546E+06, -2.3118218450690620E-10, -2.2936461618883186E-09
   13,3, 40,   15.000, 0.50,     735.000,  7.9647094279874694E+06,  7.9292435998725323E+06,  7.8935863983029844E+06,  7.8577255960413013E+06,  1.0007023726614653E+02,  4.8026785912842220E+06, -7.4967942964576650E-10, -3.0433255915340851E-09
   13,3, 40,   15.000, 0.50,     750.000,  7.9647066529913992E+06,  7.9292386861837776E+06,  7.8935801050489685E+06,  7.8577188057237994E+06,  1.0007438905614292E+02,  4.8026759259816399E+06,  7.4395956062289770E-10, -2.2993731363385450E-09
   13,3, 40,   15.000, 0.50,     765.000,  7.9647039402834158E+06,  7.9292339179835422E+06,  7.8935739693310894E+06,  7.8577121604539892E+06,  1.0007852477933781E+02,  4.8026733228354044E+06, -1.5640395645277749E-09, -3.8634198062936775E-09
   13,3, 40,   15.000, 0.50,     780.000,  7.9647013018278219E+06,  7.9292292730272999E+06,  7.8935679617241966E+06,  7.8577056679416597E+06,  1.0008262420172512E+02,  4.8026707814527638E+06,  1.4277716786637029E-09, -2.4356552330573322E-09
   13,3, 40,   15.000, 0.50,     795.000,  7.9646987473247582E+06,  7.9292247282672906E+06,  7.8935620717128171E+06,  7.8576993055332275E+06,  1.0008666925172372E+02,  4.8026683011536645E+06, -2.1481838530235109E-10, -2.6504665129323257E-09
   13,3, 40,   15.000, 0.50,     810.000,  7.9646962812489048E+06,  7.9292202772695748E+06,  7.8935563181915563E+06,  7.8576930818443764E+06,  1.0009064474299184E+02,  4.8026658810086241E+06, -7.4468431421337300E-10, -3.3951437217183411E-09
   13,3, 40,   15.000, 0.50,     825.000,  7.9646939039955977E+06,  7.9292159284013305E+06,  7.8935506977629084E+06,  7.8576869952918626E+06,  1.0009453339942665E+02,  4.8026635198446922E+06, -3.7474023883987684E-11, -3.4326177456023288E-09
   13,3, 40,   15.000, 0.50,     840.000,  7.9646916105107004E+06,  7.9292116918100445E+06,  7.8935451926348731E+06,  7.8576810312500233E+06,  1.0009831760335339E+02,  4.8026612162272129E+06, -1.2997958265259513E-10, -3.5626044336822815E-09
   13,3, 40,   15.000, 0.50,     855.000,  7.9646893892980693E+06,  7.9292075664251801E+06,  7.8935398075346164E+06,  7.8576752010023799E+06,  1.0010198508179701E+02,  4.8026589684973536E+06,  2.0571064851537813E-09, -1.5054979485285003E-09
   13,3, 40,   15.000, 0.50,     870.000,  7.9646872281189160E+06,  7.9292035390319899E+06,  7.8935345493218536E+06,  7.8576694963214388E+06,  1.0010552808419091E+02,  4.8026567748460965E+06, -1.9922126170968113E-09, -3.4977176710526692E-09
   13,3, 40,   15.000, 0.50,     885.000,  7.9646851200227737E+06,  7.9291996028641295E+06,  7.8935294066770328E+06,  7.8576639104866143E+06,  1.0010894256492206E+02,  4.8026546333759641E+06, -7.4288664109189995E-10, -4.2406043121445691E-09
   13,3, 40,   15.000, 0.50,     900.000,  7.9646830638900800E+06,  7.9291957650112659E+06,  7.8935243750102101E+06,  7.8576584526586784E+06,  1.0011223408848255E+02,  4.8026525422008652E+06,  5.6193272257587523E-10, -3.6786786949960515E-09
   13,3, 40,   15.000, 0.50,     915.000,  7.9646810616632747E+06,  7.9291920271779541E+06,  7.8935194620130211E+06,  7.8576531118605919E+06,  1.0011541944517109E+02,  4.8026504996023690E+06,  1.4065193454371183E-09, -2.2721593495589332E-09
   13,3, 40,   15.000, 0.50,     930.000,  7.9646791127096433E+06,  7.9291883790964335E+06,  7.8935146626753425E+06,  7.8576478881518086E+06,  1.0011851892022574E+02,  4.8026485041401088E+06, -6.8520478180289501E-10, -2.9573641313618282E-09
   13,3, 40,   15.000, 0.50,     945.000,  7.9646772099770084E+06,  7.9291848151442036E+06,  7.8935099683339987E+06,  7.8576427860593852E+06,  1.0012154947914944E+02,  4.8026465546531044E+06,  2.5708146722536185E-10, -2.7002897695638239E-09
   13,3, 40,   15.000, 0.50,     960.000,  7.9646753457457814E+06,  7.9291813380918372E+06,  7.8935053847155729E+06,  7.8576377946472466E+06,  1.0012452070945265E+02,  4.8026446501795202E+06,  1.3390177855399088E-09, -1.3612861948786303E-09
   13,3, 40,   15.000, 0.50,     975.000,  7.9646735192394434E+06,  7.9291779466596004E+06,  7.8935009103045817E+06,  7.8576329179746863E+06,  1.0012743017392104E+02,  4.8026427898111437E+06, -1.9004744444828248E-09, -3.2617606393614551E-09
   13,3, 40,   15.000, 0.50,     990.000,  7.9646717339416565E+06,  7.9291746331404010E+06,  7.8934965353160677E+06,  7.8576281556370612E+06,  1.0013026726796066E+02,  4.8026409725419581E+06,  3.2926550375123043E-10, -2.9324951356102247E-09
   13,3, 40,   15.000, 0.50,    1005.000,  7.9646699908688162E+06,  7.9291713932930278E+06,  7.8934922636680100E+06,  7.8576234992176769E+06,  1.0013302727362813E+02,  4.8026391972510200E+06, -1.0196288258157438E-11, -2.9426985292957397E-09
   13,3, 40,   15.000, 0.50,    1020.000,  7.9646682879653610E+06,  7.9291682288201163E+06,  7.8934880949308425E+06,  7.8576189538798453E+06,  1.0013571751620773E+02,  4.8026374628369436E+06, -2.0156676328042522E-10, -3.1442652925761649E-09
   13,3, 40,   15.000, 0.50,    1035.000,  7.9646666234207712E+06,  7.9291651375150057E+06,  7.8934840192541406E+06,  7.8576145148811983E+06,  1.0013834860819635E+02,  4.8026357683328763E+06, -3.3239899721593247E-10, -3.4766571843647398E-09
   13,3, 40,   15.000, 0.50,    1050.000,  7.9646649975791313E+06,  7.9291621128687412E+06,  7.8934800395434704E+06,  7.8576101772007924E+06,  1.0014092493267729E+02,  4.8026341128844339E+06,  1.1226575225009583E-09, -2.3539996618637815E-09
   13,3, 40,   15.000, 0.50,    1065.000,  7.9646634106962923E+06,  7.9291591553550065E+06,  7.8934761552371206E+06,  7.8576059449682795E+06,  1.0014344346817754E+02,  4.8026324956474397E+06, -6.1813665297449916E-10, -2.9721434202656383E-09
   13,3, 40,   15.000, 0.50,    1080.000,  7.9646618595211320E+06,  7.9291562679153718E+06,  7.8934723569728797E+06,  7.8576018109304802E+06,  1.0014589957439266E+02,  4.8026309157202598E+06,  7.6114048397357692E-10, -2.2110100417194190E-09
   13,3, 40,   15.000, 0.50,    1095.000,  7.9646603406947972E+06,  7.9291534459647806E+06,  7.8934686474789912E+06,  7.8575977731157783E+06,  1.0014829528245080E+02,  4.8026293721816866E+06,  4.7602100039512152E-10, -1.7349748304695822E-09
   13,3, 40,   15.000, 0.50,    1110.000,  7.9646588560354058E+06,  7.9291506870356118E+06,  7.8934650259119971E+06,  7.8575938329904554E+06,  1.0015063891245346E+02,  4.8026278641881458E+06, -2.5085711286010337E-09, -4.2435317482159007E-09
   13,3, 40,   15.000, 0.50,    1125.000,  7.9646574077828517E+06,  7.9291479941228563E+06,  7.8934614841801748E+06,  7.8575899827895733E+06,  1.0015293378640493E+02,  4.8026263909833897E+06,  2.4064732428996649E-09, -1.8370656107435934E-09
   13,3, 40,   15.000, 0.50,    1140.000,  7.9646559928887850E+06,  7.9291453638192294E+06,  7.8934580255066222E+06,  7.8575862229028028E+06,  1.0015517506936476E+02,  4.8026249517998081E+06,  1.0687983831303427E-10, -1.7301999832852744E-09
   13,3, 40,   15.000, 0.50,    1155.000,  7.9646546084036324E+06,  7.9291427912509348E+06,  7.8934546488153031E+06,  7.8575825518707698E+06,  1.0015736113609793E+02,  4.8026235458213463E+06, -2.6976891831509420E-09, -4.4278749555815011E-09
   13,3, 40,   15.000, 0.50,    1170.000,  7.9646532555671269E+06,  7.9291402784919925E+06,  7.8934513475252679E+06,  7.8575789631193858E+06,  1.0015949794908092E+02,  4.8026221722644856E+06,  4.3603876065390068E-10, -3.9918290895002428E-09
   13,3, 40,   15.000, 0.50,    1185.000,  7.9646519346932285E+06,  7.9291378249473535E+06,  7.8934481247709924E+06,  7.8575754585181549E+06,  1.0016158940196767E+02,  4.8026208304196196E+06,  1.0833076657945639E-09, -2.9085072128509637E-09
   13,3, 40,   15.000, 0.50,    1200.000,  7.9646506436993210E+06,  7.9291354265295211E+06,  7.8934449780992335E+06,  7.8575720347925788E+06,  1.0016363310826716E+02,  4.8026195195884472E+06,  8.4694562474396662E-10, -2.0615686935343547E-09
   13,3, 40,   15.000, 0.50,    1215.000,  7.9646493821268026E+06,  7.9291330840260135E+06,  7.8934419016777622E+06,  7.8575686879773345E+06,  1.0016562755105252E+02,  4.8026182390433913E+06, -7.6389028436096851E-10, -2.8254589778953232E-09
   13,3, 40,   15.000, 0.50,    1230.000,  7.9646481503123511E+06,  7.9291307972544925E+06,  7.8934388981310586E+06,  7.8575654203003924E+06,  1.0016757602405944E+02,  4.8026169880702039E+06, -7.2673600470807287E-10, -3.5522020880307537E-09
   13,3, 40,   15.000, 0.50,    1245.000,  7.9646469467643211E+06,  7.9291285620616199E+06,  7.8934359640899254E+06,  7.8575622274950799E+06,  1.0016948194235830E+02,  4.8026157660049535E+06,  1.4776304624319891E-09, -2.0745574147440493E-09
   13,3, 40,   15.000, 0.50,    1260.000,  7.9646457703030529E+06,  7.9291263779785242E+06,  7.8934330954211950E+06,  7.8575591079256348E+06,  1.0017134461880812E+02,  4.8026145722041605E+06, -1.7775434457689698E-09, -3.8521079659403767E-09
   13,3, 40,   15.000, 0.50,    1275.000,  7.9646446215552399E+06,  7.9291242457707794E+06,  7.8934302950090505E+06,  7.8575560624267496E+06,  1.0017316241879287E+02,  4.8026134060069425E+06, -8.3204554357507732E-12, -3.8604355268034851E-09
   13,3, 40,   15.000, 0.50,    1290.000,  7.9646435002245167E+06,  7.9291221626406722E+06,  7.8934275591790807E+06,  7.8575530859090919E+06,  1.0017493776581998E+02,  4.8026122667583283E+06,  1.2041923014294298E-09, -2.6562361199466977E-09
   13,3, 40,   15.000, 0.50,    1305.000,  7.9646424042811906E+06,  7.9291201271109814E+06,  7.8934248849677481E+06,  7.8575501781485239E+06,  1.0017667413410365E+02,  4.8026111538475789E+06,  1.1820873169199331E-09, -1.4741488030267647E-09
   13,3, 40,   15.000, 0.50,    1320.000,  7.9646413331088228E+06,  7.9291181393290125E+06,  7.8934222743947580E+06,  7.8575473384733833E+06,  1.0017837049272823E+02,  4.8026100666822782E+06, -1.9734684997274599E-09, -3.4476101973268669E-09
   13,3, 40,   15.000, 0.50,    1335.000,  7.9646402876521498E+06,  7.9291161971893180E+06,  7.8934197233698601E+06,  7.8575445627033031E+06,  1.0018002544883346E+02,  4.8026090046518417E+06,  1.8161756543122465E-09, -1.6314345430146204E-09
   13,3, 40,   15.000, 0.50,    1350.000,  7.9646392668857928E+06,  7.9291142993228128E+06,  7.8934172303339746E+06,  7.8575418519242024E+06,  1.0018164235807313E+02,  4.8026079671603926E+06, -9.5437968639089377E-10, -2.5858071239781566E-09
   13,3, 40,   15.000, 0.50,    1365.000,  7.9646382688016379E+06,  7.9291124461089242E+06,  7.8934147967259176E+06,  7.8575392042557849E+06,  1.0018322356595884E+02,  4.8026069536548229E+06,  1.0101786074301344E-10, -2.4847963686625008E-09
   13,3, 40,   15.000, 0.50,    1380.000,  7.9646372938003084E+06,  7.9291106358279586E+06,  7.8934124183515888E+06,  7.8575366166419340E+06,  1.0018476708752272E+02,  4.8026059635847239E+06, -1.2273204674784211E-10, -2.6075213099829853E-09
   13,3, 40,   15.000, 0.50,    1395.000,  7.9646363422242589E+06,  7.9291088665733170E+06,  7.8934100944595402E+06,  7.8575340899262149E+06,  1.0018627342216868E+02,  4.8026049963885471E+06,  5.5462123782490380E-10, -2.0529000721580815E-09
   13,3, 40,   15.000, 0.50,    1410.000,  7.9646354122187030E+06,  7.9291071386714997E+06,  7.8934078255137652E+06,  7.8575316210459098E+06,  1.0018774615025272E+02,  4.8026040515353391E+06, -1.1883045658578339E-09, -3.2412117434432730E-09
   13,3, 40,   15.000, 0.50,    1425.000,  7.9646345031841462E+06,  7.9291054511551112E+06,  7.8934056077362280E+06,  7.8575292084977878E+06,  1.0018918538056387E+02,  4.8026031285218187E+06, -1.5514842743868940E-09, -4.7926960178301670E-09
   13,3, 40,   15.000, 0.50,    1440.000,  7.9646336157484017E+06,  7.9291038020519363E+06,  7.8934034414439276E+06,  7.8575268528990475E+06,  1.0019058986471400E+02,  4.8026022268361598E+06,  1.5736532077426091E-09, -3.2190428100875579E-09
   13,3, 40,   15.000, 0.50,    1455.000,  7.9646327487769155E+06,  7.9291021912558749E+06,  7.8934013262852505E+06,  7.8575245509776222E+06,  1.0019196190111259E+02,  4.8026013459744025E+06, -1.0225775781691482E-09, -4.2416274936840637E-09
   13,3, 40,   15.000, 0.50,    1470.000,  7.9646319013881488E+06,  7.9291006179357283E+06,  7.8933992587079071E+06,  7.8575223022320876E+06,  1.0019330342481368E+02,  4.8026004854643485E+06,  1.5085532822922687E-09, -2.7330884222465102E-09
   13,3, 40,   15.000, 0.50,    1485.000,  7.9646310739818029E+06,  7.9290990804007165E+06,  7.8933972393132746E+06,  7.8575201061740145E+06,  1.0019461346286701E+02,  4.8025996448410042E+06, -1.8998917994395015E-09, -4.6329660108312964E-09
   13,3, 40,   15.000, 0.50,    1500.000,  7.9646302656958932E+06,  7.9290975787318312E+06,  7.8933952671241537E+06,  7.8575179598169019E+06,  1.0019589247924645E+02,  4.8025988236355716E+06,  1.6222543308685999E-09, -3.0107116799626965E-09
   13,3, 40,   15.000, 0.50,    1515.000,  7.9646294756841259E+06,  7.9290961120681809E+06,  7.8933933394853938E+06,  7.8575158635458397E+06,  1.0019714268731110E+02,  4.8025980213993210E+06,  2.1664448013325455E-10, -2.7940814106841572E-09
   13,3, 40,   15.000, 0.50,    1530.000,  7.9646287043226222E+06,  7.9290946785727357E+06,  7.8933914571686005E+06,  7.8575138161076047E+06,  1.0019836434551232E+02,  4.8025972377020661E+06, -1.1313971981508075E-09, -3.9254928196896799E-09
   13,3, 40,   15.000, 0.50,    1545.000,  7.9646279508155165E+06,  7.9290932785140332E+06,  7.8933896184321260E+06,  7.8575118151918026E+06,  1.0019955698234912E+02,  4.8025964721120251E+06,  9.4686924967390951E-11, -3.8307916838675737E-09
   13,3, 40,   15.000, 0.50,    1560.000,  7.9646272142109945E+06,  7.9290919112474071E+06,  7.8933878213093830E+06,  7.8575098611812731E+06,  1.0020072202004675E+02,  4.8025957242045430E+06, -5.6687099458940793E-11, -3.8874645724717993E-09
   13,3, 40,   15.000, 0.50,    1575.000,  7.9646264949995754E+06,  7.9290905748311961E+06,  7.8933860665744739E+06,  7.8575079521012306E+06,  1.0020186077234081E+02,  4.8025949935754854E+06, -5.3016435686004115E-10, -4.4176431401865557E-09
   13,3, 40,   15.000, 0.50,    1590.000,  7.9646257926309761E+06,  7.9290892694724780E+06,  7.8933843521892866E+06,  7.8575060867013894E+06,  1.0020297292721199E+02,  4.8025942798282327E+06,  6.4386540543637238E-10, -3.7737777347501833E-09
   13,3, 40,   15.000, 0.50,    1605.000,  7.9646251059361314E+06,  7.9290879947233945E+06,  7.8933826768760830E+06,  7.8575042652269183E+06,  1.0020405889976007E+02,  4.8025935825669356E+06,  5.6556359595560934E-10, -3.2082141387945740E-09
   13,3, 40,   15.000, 0.50,    1620.000,  7.9646244353020843E+06,  7.9290867488562539E+06,  7.8933810410428299E+06,  7.8575024853189522E+06,  1.0020512028570305E+02,  4.8025929014108265E+06, -6.0545346514118137E-11, -3.2687523798813345E-09
   13,3, 40,   15.000, 0.50,    1635.000,  7.9646237805382814E+06,  7.9290855319715627E+06,  7.8933794425553055E+06,  7.8575007463857969E+06,  1.0020615739317685E+02,  4.8025922359934188E+06,  7.6143891192259616E-10, -2.5073063625313807E-09
   13,3, 40,   15.000, 0.50,    1650.000,  7.9646231404197086E+06,  7.9290843434745548E+06,  7.8933778808315825E+06,  7.8574990481968392E+06,  1.0020716993374091E+02,  4.8025915859483704E+06, -3.2871128041733755E-10, -2.8360318538034335E-09
   13,3, 40,   15.000, 0.50,    1665.000,  7.9646225150616514E+06,  7.9290831819040952E+06,  7.8933763558113417E+06,  7.8574973886667620E+06,  1.0020815917299856E+02,  4.8025909509166712E+06,  2.5096369427046739E-10, -2.5850681595329661E-09
   13,3, 40,   15.000, 0.50,    1680.000,  7.9646219045842979E+06,  7.9290820474979654E+06,  7.8933748653979031E+06,  7.8574957677377583E+06,  1.0020912607072907E+02,  4.8025903305559978E+06, -1.3624799066747073E-09, -3.9475480662076734E-09
   13,3, 40,   15.000, 0.50,    1695.000,  7.9646213079319987E+06,  7.9290809394812696E+06,  7.8933734095472116E+06,  7.8574941844754200E+06,  1.0021007017961310E+02,  4.8025897245278768E+06,  1.4689760519104311E-09, -2.4785720142972423E-09
   13,3, 40,   15.000, 0.50,    1710.000,  7.9646207248935411E+06,  7.9290798565098410E+06,  7.8933719877986657E+06,  7.8574926372057535E+06,  1.0021099223932259E+02,  4.8025891324960189E+06,  5.2196469368936960E-11, -2.4263613340735901E-09
   13,3, 40,   15.000, 0.50,    1725.000,  7.9646201556737712E+06,  7.9290787989510149E+06,  7.8933705982491495E+06,  7.8574911261622068E+06,  1.0021189360766522E+02,  4.8025885541398712E+06, -1.5234036254696548E-10, -2.5787016966205556E-09
   13,3, 40,   15.000, 0.50,    1740.000,  7.9646195994919138E+06,  7.9290777659564028E+06,  7.8933692410732014E+06,  7.8574896499983175E+06,  1.0021277397862862E+02,  4.8025879891467663E+06, -2.1012098727624107E-09, -4.6799186748103239E-09
   13,3, 40,   15.000, 0.50,    1755.000,  7.9646190559433792E+06,  7.9290767562923357E+06,  7.8933679154887162E+06,  7.8574882075579148E+06,  1.0021363353213469E+02,  4.8025874372030981E+06,  1.1108483022326254E-09, -3.5690845834324136E-09
   13,3, 40,   15.000, 0.50,    1770.000,  7.9646185251836050E+06,  7.9290757703527780E+06,  7.8933666200386332E+06,  7.8574867989059938E+06,  1.0021447371805006E+02,  4.8025868980074730E+06, -1.4970993333918159E-09, -5.0661697059695143E-09
   13,3, 40,   15.000, 0.50,    1785.000,  7.9646180066904984E+06,  7.9290748072825586E+06,  7.8933653548904750E+06,  7.8574854225149555E+06,  1.0021529456979110E+02,  4.8025863712696349E+06,  3.1391138577419042E-09, -1.9270487428002525E-09
   13,3, 40,   15.000, 0.50,    1800.000,  7.9646174999957737E+06,  7.9290738660195507E+06,  7.8933641189165479E+06,  7.8574840778514436E+06,  1.0021609591194539E+02,  4.8025858566982476E+06, -3.4440006402292056E-10, -2.2714630176778883E-09
   14,3, 40,   60.000, 0.50,       0.000,  7.9647703722856510E+06,  7.9293842236631857E+06,  7.8938394491982115E+06,  7.8581338963495167E+06,  1.0000000000000000E+02,  4.8027768277280563E+06,  0.0000000000000000E+00,  0.0000000000000000E+00
   14,3, 40,   60.000, 0.50,      60.000,  7.9647703718090449E+06,  7.9293842143357275E+06,  7.8938392666538656E+06,  7.8581303142572427E+06,  1.0000000008419087E+02,  4.8027766441925159E+06, -2.3093491563486168E-09, -2.3093491563486168E-09
   14,3, 40,   60.000, 0.50,     120.000,  7.9647703634742256E+06,  7.9293840950512355E+06,  7.8938377947207084E+06,  7.8581183595331926E+06,  1.0000000192009257E+02,  4.8027757445283085E+06, -8.7769080892030615E-10, -3.1870399652689230E-09
   14,3, 40,   60.000, 0.50,     180.000,  7.9647702967135217E+06,  7.9293834100314481E+06,  7.8938325759563334E+06,  7.8580966575019043E+06,  1.0000002047810700E+02,  4.8027734832086796E+06,  9.3109520094003528E-11, -3.0939304451749194E-09
   14,3, 40,   60.000, 0.50,     240.000,  7.9647699721571216E+06,  7.9293810607180502E+06,  7.8938214085039794E+06,  7.8580651246768087E+06,  1.0000013571368345E+02,  4.8027693509028582E+06, -1.2036593943776097E-10, -3.2142963846126804E-09
   14,3, 40,   60.000, 0.50,     300.000,  7.9647688996723518E+06,  7.9293756022443939E+06,  7.8938039330417830E+06,  7.8580250366935944E+06,  1.0000062711211521E+02,  4.8027630326013602E+06, -8.2437168202886824E-10, -4.0386680666415486E-09
   14,3, 40,   60.000, 0.50,     360.000,  7.9647663295801161E+06,  7.9293661557185287E+06,  7.8937805249729743E+06,  7.8579786194543364E+06,  1.0000215356562832E+02,  4.8027544572079647E+06,  1.1016823009413201E-09, -2.9369857657002285E-09
   14,3, 40,   60.000, 0.50,     420.000,  7.9647616268159384E+06,  7.9293527188129555E+06,  7.8937517741615856E+06,  7.8579289287967300E+06,  1.0000574167253616E+02,  4.8027438310566852E+06,  5.2222048907424323E-10, -2.4147652766259853E-09
   14,3, 40,   60.000, 0.50,     480.000,  7.9647546722698985E+06,  7.9293355885732323E+06,  7.8937193381440490E+06,  7.8578794220194342E+06,  1.0001233491409238E+02,  4.8027316353458604E+06,  1.3442615909298183E-09, -1.0705036856961669E-09
   14,3, 40,   60.000, 0.50,     540.000,  7.9647457851425409E+06,  7.9293153391806306E+06,  7.8936852032912616E+06,  7.8578336476483559E+06,  1.0002218340073995E+02,  4.8027185706196390E+06, -1.3322392078407574E-09, -2.4027428935369244E-09
   14,3, 40,   60.000, 0.50,     600.000,  7.9647353942717137E+06,  7.9292932043017261E+06,  7.8936514687296385E+06,  7.8577948986526765E+06,  1.0003480374025672E+02,  4.8027054637719318E+06, -9.7548991107032634E-10, -3.3782328046072507E-09
   14,3, 40,   60.000, 0.50,     660.000,  7.9647240469243918E+06,  7.9292706486944985E+06,  7.8936203909834893E+06,  7.8577622517396230E+06,  1.0004952333163484E+02,  4.8026929935840899E+06,  1.3384635622060159E-09, -2.0397692424012348E-09
   14,3, 40,   60.000, 0.50,     720.000,  7.9647125060907146E+06,  7.9292489978356743E+06,  7.8935928868440082E+06,  7.8577327905151602E+06,  1.0006566196718173E+02,  4.8026814491430512E+06, -3.2397622362623224E-09, -5.2795314786635572E-09
   14,3, 40,   60.000, 0.50,     780.000,  7.9647015219041379E+06,  7.9292293269139687E+06,  7.8935682406921741E+06,  7.8577059052833691E+06,  1.0008220427408523E+02,  4.8026708851302918E+06,  2.6262512164976215E-09, -2.6532802621659357E-09
   14,3, 40,   60.000, 0.50,     840.000,  7.9646916221040767E+06,  7.9292118179539116E+06,  7.8935454437211398E+06,  7.8576812585070301E+06,  1.0009796419313327E+02,  4.8026612901843088E+06,  4.1529801819706336E-10, -2.2379822439688724E-09
   14,3, 40,   60.000, 0.50,     900.000,  7.9646829996256167E+06,  7.9291959330582945E+06,  7.8935244964419464E+06,  7.8576586543803504E+06,  1.0011219258031927E+02,  4.8026525948875118E+06, -5.4623683354293462E-10, -2.7842190775118070E-09
   14,3, 40,   60.000, 0.50,     960.000,  7.9646753840535507E+06,  7.9291814075571811E+06,  7.8935055728625869E+06,  7.8576379783971189E+06,  1.0012468870284962E+02,  4.8026447013260080E+06,  1.0831229246832663E-09, -1.7010961528285407E-09
   14,3, 40,   60.000, 0.50,    1020.000,  7.9646683724991325E+06,  7.9291682642130349E+06,  7.8934881985696899E+06,  7.8576190874087932E+06,  1.0013568073730339E+02,  4.8026375124092121E+06, -4.7745629672135692E-10, -2.1785524495498976E-09
   14,3, 40,   60.000, 0.50,    1080.000,  7.9646618939519962E+06,  7.9291563577865167E+06,  7.8934724179298291E+06,  7.8576019122785106E+06,  1.0014573107874261E+02,  4.8026309547636937E+06,  2.8720137379423250E-10, -1.8913510757556651E-09
   14,3, 40,   60.000, 0.50,    1140.000,  7.9646560156944338E+06,  7.9291454412971316E+06,  7.8934581273541320E+06,  7.8575862784011588E+06,  1.0015513055722884E+02,  4.8026249806127734E+06,  5.6948579185700510E-10, -1.3218652838986600E-09
   14,3, 40,   60.000, 0.50,    1200.000,  7.9646506722205076E+06,  7.9291354592237268E+06,  7.8934450099067083E+06,  7.8575720938367145E+06,  1.0016365207981301E+02,  4.8026195440918831E+06, -1.5882335446804063E-09, -2.9100988285790663E-09
   14,3, 40,   60.000, 0.50,    1260.000,  7.9646457925336305E+06,  7.9291264198691202E+06,  7.8934331548164040E+06,  7.8575591523174467E+06,  1.0017128181573119E+02,  4.8026145921087498E+06,  3.4316371966269799E-10, -2.5669351089163683E-09
   14,3, 40,   60.000, 0.50,    1320.000,  7.9646413478834685E+06,  7.9291181616487456E+06,  7.8934223067684006E+06,  7.8575473865784388E+06,  1.0017831957188039E+02,  4.8026100801503779E+06, -1.9542767404345796E-10, -2.7623627829598263E-09
   14,3, 40,   60.000, 0.50,    1380.000,  7.9646373027387308E+06,  7.9291106442380408E+06,  7.8934124307148168E+06,  7.8575366381635154E+06,  1.0018477809419534E+02,  4.8026059730803594E+06, -8.0927975432132371E-10, -3.5716425372811500E-09
   14,3, 40,   60.000, 0.50,    1440.000,  7.9646336200380847E+06,  7.9291038307138970E+06,  7.8934034746823208E+06,  7.8575268738299385E+06,  1.0019058116187314E+02,  4.8026022338580424E+06,  9.4294705377251375E-10, -2.6286954835086362E-09
   14,3, 40,   60.000, 0.50,    1500.000,  7.9646302680978244E+06,  7.9290975746657662E+06,  7.8933952627769159E+06,  7.8575179642858086E+06,  1.0019587317032358E+02,  4.8025988274880098E+06,  1.5196803815342719E-09, -1.1090151019743644E-09
   14,3, 40,   60.000, 0.50,    1560.000,  7.9646272197504034E+06,  7.9290919122089464E+06,  7.8933878351777829E+06,  7.8575098702270053E+06,  1.0020072889085789E+02,  4.8025957255498422E+06, -3.0309763587865746E-09, -4.1399914607609389E-09
   14,3, 40,   60.000, 0.50,    1620.000,  7.9646244339054190E+06,  7.9290867597151008E+06,  7.8933810330512747E+06,  7.8575024829304228E+06,  1.0020512487246035E+02,  4.8025929011627436E+06,  1.7904255855683004E-09, -2.3495658751926385E-09
   14,3, 40,   60.000, 0.50,    1680.000,  7.9646218992787497E+06,  7.9290820305343298E+06,  7.8933748611138435E+06,  7.8574957618442085E+06,  1.0020911991933771E+02,  4.8025903285064949E+06, -2.6377904305263655E-09, -4.9873563057190040E-09
   14,3, 40,   60.000, 0.50,    1740.000,  7.9646196012802469E+06,  7.9290777675644858E+06,  7.8933692389996974E+06,  7.8574896401900211E+06,  1.0021278128159240E+02,  4.8025879855425265E+06,  3.6931169233866967E-09, -1.2942393823323073E-09
   14,3, 40,   60.000, 0.50,    1800.000,  7.9646174923210936E+06,  7.9290738570786873E+06,  7.8933640987272970E+06,  7.8574840664017461E+06,  1.0021610964831866E+02,  4.8025858522704234E+06, -3.6584424378816038E-10, -1.6600836261204677E-09
   15,3, 40,   15.000, 0.65,       0.000,  7.9647703722856510E+06,  7.9293842236631857E+06,  7.8938394491982115E+06,  7.8581338963495167E+06,  1.0000000000000000E+02,  4.8027768277280563E+06,  0.0000000000000000E+00,  0.0000000000000000E+00
   15,3, 40,   15.000, 0.65,      15.000,  7.9647703722856510E+06,  7.9293842236631457E+06,  7.8938394491131231E+06,  7.8581337149507636E+06,  1.0000000000000017E+02,  4.8027768239710536E+06, -3.2523388425226459E-09, -3.2523388426852762E-09
   15,3, 40,   15.000, 0.65,      30.000,  7.9647703722856501E+06,  7.9293842236621920E+06,  7.8938394479589937E+06,  7.8581331130401697E+06,  1.0000000000000000E+02,  4.8027768069432210E+06,  2.0687487278792105E-09, -1.1835901148060657E-09
   15,3, 40,   15.000, 0.65,      45.000,  7.9647703722856399E+06,  7.9293842236511884E+06,  7.8938394404789489E+06,  7.8581320400024597E+06,  9.9999999999999815E+01,  4.8027767651895331E+06, -1.8942607456565175E-09, -3.0778508630646684E-09
   15,3, 40,   15.000, 0.65,      60.000,  7.9647703722855235E+06,  7.9293842235691212E+06,  7.8938394095516056E+06,  7.8581304706601230E+06,  1.0000000000000006E+02,  4.8027766874074228E+06,  1.9366197014092368E-10, -2.8841888877195743E-09
   15,3, 40,   15.000, 0.65,      75.000,  7.9647703722846024E+06,  7.9293842231245050E+06,  7.8938393174378667E+06,  7.8581283575729812E+06,  1.0000000000000539E+02,  4.8027765625164416E+06, -3.6163427287461136E-10, -3.2458231657983561E-09
   15,3, 40,   15.000, 0.65,      90.000,  7.9647703722788952E+06,  7.9293842212586468E+06,  7.8938391050856244E+06,  7.8581256749860197E+06,  1.0000000000004907E+02,  4.8027763797265869E+06,  2.2289014557641540E-10, -3.0229330150177702E-09
   15,3, 40,   15.000, 0.65,     105.000,  7.9647703722501509E+06,  7.9293842149393866E+06,  7.8938387054863805E+06,  7.8581223996210480E+06,  1.0000000000033819E+02,  4.8027761286048219E+06, -3.6269295553004177E-10, -3.3856260017728346E-09
   15,3, 40,   15.000, 0.65,     120.000,  7.9647703721291833E+06,  7.9293841971579641E+06,  7.8938380626864666E+06,  7.8581185116486633E+06,  1.0000000000195004E+02,  4.8027757991394131E+06,  6.5031711266039238E-10, -2.7353088682957605E-09
   15,3, 40,   15.000, 0.65,     135.000,  7.9647703716950016E+06,  7.9293841546414997E+06,  7.8938371402454246E+06,  7.8581139991716929E+06,  1.0000000000967265E+02,  4.8027753818016909E+06,  1.7533709900652283E-10, -2.5599717901059194E-09
   15,3, 40,   15.000, 0.65,     150.000,  7.9647703703449126E+06,  7.9293840665951576E+06,  7.8938359147573998E+06,  7.8581088547543716E+06,  1.0000000004187734E+02,  4.8027748676049542E+06, -3.1971936209629348E-10, -2.8796911522022128E-09
   15,3, 40,   15.000, 0.65,     165.000,  7.9647703666615142E+06,  7.9293839058803981E+06,  7.8938343659716761E+06,  7.8581030761641096E+06,  1.0000000016013385E+02,  4.8027742481603688E+06, -6.2251004351310257E-10, -3.5022011957153154E-09
   15,3, 40,   15.000, 0.65,     180.000,  7.9647703577493504E+06,  7.9293836427755393E+06,  7.8938324738874184E+06,  7.8580966666965336E+06,  1.0000000054627560E+02,  4.8027735157300932E+06, -3.6765961802798230E-10, -3.8698608761933428E-09
   15,3, 40,   15.000, 0.65,     195.000,  7.9647703384428257E+06,  7.9293832495469879E+06,  7.8938302209771005E+06,  7.8580896344668288E+06,  1.0000000167656835E+02,  4.8027726632785080E+06,  2.7139393163344572E-09, -1.1559215806755674E-09
   15,3, 40,   15.000, 0.65,     210.000,  7.9647703006600672E+06,  7.9293827032943275E+06,  7.8938275935093062E+06,  7.8580819924980598E+06,  1.0000000466304026E+02,  4.8027716845233785E+06, -7.8002662662335354E-10, -1.9359482905656478E-09
   15,3, 40,   15.000, 0.65,     225.000,  7.9647702332712766E+06,  7.9293819859069753E+06,  7.8938245810077703E+06,  7.8580737585680503E+06,  1.0000001182902589E+02,  4.8027705739898914E+06,  3.3542942035058587E-10, -1.6005188285816985E-09
   15,3, 40,   15.000, 0.65,     240.000,  7.9647701227266612E+06,  7.9293810822302243E+06,  7.8938211758647580E+06,  7.8580649549326478E+06,  1.0000002753015936E+02,  4.8027693270708742E+06, -3.1088092516950994E-09, -4.7093280386434344E-09
   15,3, 40,   15.000, 0.65,     255.000,  7.9647699543407848E+06,  7.9293799784619780E+06,  7.8938173735260889E+06,  7.8580556081746873E+06,  1.0000005910753318E+02,  4.8027679400956472E+06,  1.5331202973811742E-09, -3.1762077412622602E-09
   15,3, 40,   15.000, 0.65,     270.000,  7.9647697137599643E+06,  7.9293786617825106E+06,  7.8938131725653568E+06,  7.8580457489710310E+06,  1.0000011769789865E+02,  4.8027664104065401E+06, -4.4940402788018474E-10, -3.6256118107758084E-09
   15,3, 40,   15.000, 0.65,     285.000,  7.9647693880375316E+06,  7.9293771207640097E+06,  7.8938085745761227E+06,  7.8580354118379643E+06,  1.0000021851885093E+02,  4.8027647364371540E+06,  4.8920169304356165E-10, -3.1364102426323370E-09
   15,3, 40,   15.000, 0.65,     300.000,  7.9647689660190875E+06,  7.9293753457302200E+06,  7.8938035841112873E+06,  7.8580246348818680E+06,  1.0000038030995802E+02,  4.8027629177811807E+06, -9.2975582788312749E-10, -4.0661660705154645E-09
   15,3, 40,   15.000, 0.65,     315.000,  7.9647684381866353E+06,  7.9293733288068408E+06,  7.8937982086470779E+06,  7.8580134595182762E+06,  1.0000062389037414E+02,  4.8027609552387157E+06, -4.6588502500277684E-10, -4.5320511787849682E-09
   15,3, 40,   15.000, 0.65,     330.000,  7.9647677963698544E+06,  7.9293710638793232E+06,  7.8937924585036878E+06,  7.8580019301773813E+06,  1.0000097018708044E+02,  4.8027588508301778E+06, -6.2842506198812487E-10, -5.1604764905732736E-09
   15,3, 40,   15.000, 0.65,     345.000,  7.9647670336368456E+06,  7.9293685466300258E+06,  7.8937863467482552E+06,  7.8579900939979050E+06,  1.0000143836749454E+02,  4.8027566077760905E+06,  2.3641673618790549E-09, -2.7963089621607651E-09
   15,3, 40,   15.000, 0.65,     360.000,  7.9647661443862254E+06,  7.9293657746241549E+06,  7.8937798890949041E+06,  7.8579780005046530E+06,  1.0000204467152082E+02,  4.8027542304500863E+06,  1.0434107744483612E-09, -1.7528982709791308E-09
   15,3, 40,   15.000, 0.65,     375.000,  7.9647651244667117E+06,  7.9293627473789835E+06,  7.8937731037903437E+06,  7.8579657012753142E+06,  1.0000280217585605E+02,  4.8027517243179902E+06, -3.7946162878554901E-10, -2.1323600662981335E-09
   15,3, 40,   15.000, 0.65,     390.000,  7.9647639711754872E+06,  7.9293594664143994E+06,  7.8937660114865219E+06,  7.8579532495976714E+06,  1.0000372126454931E+02,  4.8027490958748171E+06, -1.6856987750113461E-09, -3.8180587580427527E-09
   15,3, 40,   15.000, 0.65,     405.000,  7.9647626831277264E+06,  7.9293559352980852E+06,  7.8937586351062404E+06,  7.8579407001183927E+06,  1.0000481031974718E+02,  4.8027463525856836E+06,  1.2489849154917465E-09, -2.5690738425510062E-09
   15,3, 40,   15.000, 0.65,     420.000,  7.9647612600842519E+06,  7.9293521596729364E+06,  7.8937509997019852E+06,  7.8579281084865751E+06,  1.0000607621611060E+02,  4.8027435028300080E+06, -1.9565858377923462E-09, -4.5256598468768061E-09
   15,3, 40,   15.000, 0.65,     435.000,  7.9647597028186442E+06,  7.9293481472464409E+06,  7.8937431323085995E+06,  7.8579155309943715E+06,  1.0000752448174582E+02,  4.8027405558449598E+06,  8.7512228019726024E-10, -3.6505340972325939E-09
   15,3, 40,   15.000, 0.65,     450.000,  7.9647580130515266E+06,  7.9293439077338474E+06,  7.8937350617907206E+06,  7.8579030242175581E+06,  1.0000915923740700E+02,  4.8027375216643838E+06,  1.4222367172855854E-09, -2.2282975464804622E-09
   15,3, 40,   15.000, 0.65,     465.000,  7.9647561934378911E+06,  7.9293394527580850E+06,  7.8937268186833402E+06,  7.8578906446593180E+06,  1.0001098309497540E+02,  4.8027344110519597E+06, -7.5869605042910848E-10, -2.9869937634430244E-09
   15,3, 40,   15.000, 0.65,     480.000,  7.9647542475781925E+06,  7.9293347957166424E+06,  7.8937184350222638E+06,  7.8578784484003522E+06,  1.0001299711643688E+02,  4.8027312354292143E+06, -2.4779962248810961E-09, -5.4649902381243010E-09
   15,3, 40,   15.000, 0.65,     495.000,  7.9647521800256204E+06,  7.9293299516316801E+06,  7.8937099441606766E+06,  7.8578664907581210E+06,  1.0001520083219964E+02,  4.8027280067995898E+06,  3.1538931466457143E-09, -2.3110970914785867E-09
   15,3, 40,   15.000, 0.65,     510.000,  7.9647499962726915E+06,  7.9293249370006751E+06,  7.8937013805684736E+06,  7.8578548259572731E+06,  1.0001759227821422E+02,  4.8027247376693599E+06, -2.3748291388958620E-09, -4.6859227609274967E-09
   15,3, 40,   15.000, 0.65,     525.000,  7.9647477027148213E+06,  7.9293197696584379E+06,  7.8936927796131512E+06,  7.8578435068120873E+06,  1.0002016802887562E+02,  4.8027214409658918E+06,  1.5078747972463447E-09, -3.1780444942342001E-09
   15,3, 40,   15.000, 0.65,     540.000,  7.9647453065990536E+06,  7.9293144686516551E+06,  7.8936841773244217E+06,  7.8578325844203401E+06,  1.0002292322865692E+02,  4.8027181299534496E+06, -7.8050615970326476E-10, -3.9585472677572398E-09
   15,3, 40,   15.000, 0.65,     555.000,  7.9647428159674415E+06,  7.9293090541196624E+06,  7.8936756101479465E+06,  7.8578221078668423E+06,  1.0002585163201751E+02,  4.8027148181471322E+06, -7.3498532260352079E-10, -4.6935326736274874E-09
   15,3, 40,   15.000, 0.65,     570.000,  7.9647402395993471E+06,  7.9293035471728239E+06,  7.8936671146955248E+06,  7.8578121239344375E+06,  1.0002894565433324E+02,  4.8027115192254065E+06,  1.8075566876607496E-09, -2.8859830081273685E-09
   15,3, 40,   15.000, 0.65,     585.000,  7.9647375869520511E+06,  7.9292979697624408E+06,  7.8936587274987502E+06,  7.8578026768208034E+06,  1.0003219643130510E+02,  4.8027082469418235E+06,  5.8042790018753010E-10, -2.3055548581396579E-09
   15,3, 40,   15.000, 0.65,     600.000,  7.9647348680978268E+06,  7.9292923445409164E+06,  7.8936504847707981E+06,  7.8577938078611279E+06,  1.0003559388479117E+02,  4.8027050150364647E+06,  3.5319996927185571E-10, -1.9523582750480273E-09
   15,3, 40,   15.000, 0.65,     615.000,  7.9647320936569292E+06,  7.9292866947146347E+06,  7.8936424220928065E+06,  7.8577853738260297E+06,  1.0003912679494159E+02,  4.8027018333906094E+06, -1.1417642664657279E-09, -3.0941293971409323E-09
   15,3, 40,   15.000, 0.65,     630.000,  7.9647292747271694E+06,  7.9292810438925177E+06,  7.8936345733806817E+06,  7.8577771703181900E+06,  1.0004278287887448E+02,  4.8026987059393516E+06, -2.4970958634185081E-10, -3.3438425361964619E-09
   15,3, 40,   15.000, 0.65,     645.000,  7.9647264228109941E+06,  7.9292754159270814E+06,  7.8936269673004104E+06,  7.8577691777977385E+06,  1.0004654887549745E+02,  4.8026956344010038E+06,  2.0579590531699665E-09, -1.2858833997597685E-09
   15,3, 40,   15.000, 0.65,     660.000,  7.9647235497406358E+06,  7.9292698347197110E+06,  7.8936196194741577E+06,  7.8577613983569620E+06,  1.0005041063575597E+02,  4.8026926202862980E+06, -8.2799916922837724E-10, -2.1138788497410133E-09
   15,3, 40,   15.000, 0.65,     675.000,  7.9647206676013498E+06,  7.9292643238918325E+06,  7.8936125235276781E+06,  7.8577538078200612E+06,  1.0005435321767833E+02,  4.8026896648860071E+06, -9.8147970306605714E-10, -3.0953515306464396E-09
   15,3, 40,   15.000, 0.65,     690.000,  7.9647177886514468E+06,  7.9292589060994172E+06,  7.8936056501878044E+06,  7.8577463995285993E+06,  1.0005836098572173E+02,  4.8026867692600107E+06, -1.5134560271690134E-12, -3.0968578812462511E-09
   15,3, 40,   15.000, 0.65,     705.000,  7.9647149252334507E+06,  7.9292536016804846E+06,  7.8935989604217820E+06,  7.8577391650135191E+06,  1.0006241771386665E+02,  4.8026839342278978E+06,  1.8646059973814744E-09, -1.2322516340645961E-09
   15,3, 40,   15.000, 0.65,     720.000,  7.9647120896595633E+06,  7.9292484265089212E+06,  7.8935924242404886E+06,  7.8577320948650967E+06,  1.0006650669220021E+02,  4.8026811603611419E+06, -2.6398014330020203E-09, -3.8720600059605204E-09
   15,3, 40,   15.000, 0.65,     735.000,  7.9647092940334491E+06,  7.9292433895663898E+06,  7.8935860289838705E+06,  7.8577251831446970E+06,  1.0007061083787593E+02,  4.8026784479769450E+06, -2.7106122901798813E-10, -4.1431178487982834E-09
   15,3, 40,   15.000, 0.65,     750.000,  7.9647065499440189E+06,  7.9292384915439626E+06,  7.8935797727063969E+06,  7.8577184238717444E+06,  1.0007471281461781E+02,  4.8026757971337875E+06,  1.1947206002282940E-09, -2.9483970820365357E-09
   15,3, 40,   15.000, 0.65,     765.000,  7.9647038679576647E+06,  7.9292337258778438E+06,  7.8935736541766180E+06,  7.8577118117476003E+06,  1.0007879517274428E+02,  4.8026732076289970E+06, -1.4925836677726068E-09, -4.4409773636289174E-09
   15,3, 40,   15.000, 0.65,     780.000,  7.9647012568819970E+06,  7.9292290823671082E+06,  7.8935676698513068E+06,  7.8577053424912039E+06,  1.0008284053667433E+02,  4.8026706789988866E+06,  8.2675283286093304E-11, -4.3582986108958721E-09
   15,3, 40,   15.000, 0.65,     795.000,  7.9646987229026062E+06,  7.9292245516083110E+06,  7.8935618159863371E+06,  7.8576990121691599E+06,  1.0008683188880980E+02,  4.8026682105226219E+06,  1.8267201917776532E-09, -2.5315785023849458E-09
   15,3, 40,   15.000, 0.65,     810.000,  7.9646962688669357E+06,  7.9292201277176933E+06,  7.8935560898667313E+06,  7.8576928173500700E+06,  1.0009075301905722E+02,  4.8026658012319738E+06, -1.2481377043016550E-10, -2.6563924393485649E-09
   15,3, 40,   15.000, 0.65,     825.000,  7.9646938940830370E+06,  7.9292158081814628E+06,  7.8935504891935289E+06,  7.8576867550452026E+06,  1.0009458920640085E+02,  4.8026634499300849E+06, -1.3939926435391214E-09, -4.0503920217815903E-09
   15,3, 40,   15.000, 0.65,     840.000,  7.9646915948781772E+06,  7.9292115919283917E+06,  7.8935450116417874E+06,  7.8576808225524109E+06,  1.0009832814328431E+02,  4.8026611552228173E+06,  1.8283687341913435E-09, -2.2220234541237005E-09
   15,3, 40,   15.000, 0.65,     855.000,  7.9646893658152092E+06,  7.9292074776407192E+06,  7.8935396550070392E+06,  7.8576750174516831E+06,  1.0010196098962359E+02,  4.8026589155652169E+06, -1.4829098782254135E-09, -3.7049403545097448E-09
   15,3, 40,   15.000, 0.65,     870.000,  7.9646872010956844E+06,  7.9292034633039590E+06,  7.8935344172594519E+06,  7.8576693375439486E+06,  1.0010548328200359E+02,  4.8026567293224139E+06,  1.9412274565588916E-09, -1.7637091787037207E-09
   15,3, 40,   15.000, 0.65,     885.000,  7.9646850955769094E+06,  7.9291995465448145E+06,  7.8935292964345925E+06,  7.8576637807922829E+06,  1.0010889531696185E+02,  4.8026545948389834E+06, -1.4314769924972381E-09, -3.1951827850207337E-09
   15,3, 40,   15.000, 0.65,     900.000,  7.9646830451063123E+06,  7.9291957249304997E+06,  7.8935242905895580E+06,  7.8576583452912411E+06,  1.0011220168997100E+02,  4.8026525105058746E+06, -5.0414672436716046E-12, -3.2002276384446304E-09
   15,3, 40,   15.000, 0.65,     915.000,  7.9646810463214759E+06,  7.9291919959709728E+06,  7.8935193978018956E+06,  7.8576530292261578E+06,  1.0011540994991738E+02,  4.8026504748117607E+06,  2.0252531041098365E-09, -1.1749676787076169E-09
   15,3, 40,   15.000, 0.65,     930.000,  7.9646790963227535E+06,  7.9291883570402106E+06,  7.8935146161432173E+06,  7.8576478308389289E+06,  1.0011852872086928E+02,  4.8026484863690250E+06, -1.2882031552585715E-09, -2.4631674477859633E-09
   15,3, 40,   15.000, 0.65,     945.000,  7.9646771925300285E+06,  7.9291848053882252E+06,  7.8935099436527863E+06,  7.8576427484006453E+06,  1.0012156592136785E+02,  4.8026465439125430E+06,  1.2148859696026193E-10, -2.3416646399709862E-09
   15,3, 40,   15.000, 0.65,     960.000,  7.9646753327458054E+06,  7.9291813382135443E+06,  7.8935053783253403E+06,  7.8576377801846517E+06,  1.0012452767320192E+02,  4.8026446462784428E+06, -1.0689049645407067E-09, -3.4105767099390505E-09
   15,3, 40,   15.000, 0.65,     975.000,  7.9646735152517790E+06,  7.9291779527309844E+06,  7.8935009181011077E+06,  7.8576329244437898E+06,  1.0012741813112807E+02,  4.8026427923755059E+06,  2.7816694780913309E-10, -3.1324134397436865E-09
   15,3, 40,   15.000, 0.65,     990.000,  7.9646717387908287E+06,  7.9291746462327521E+06,  7.8934965608588532E+06,  7.8576281793910591E+06,  1.0013024000841321E+02,  4.8026409811607758E+06, -5.9469931756872541E-10, -3.7271092878654599E-09
   15,3, 40,   15.000, 0.65,    1005.000,  7.9646700024268469E+06,  7.9291714161561038E+06,  7.8934923044171138E+06,  7.8576235431828965E+06,  1.0013299531403590E+02,  4.8026392116251318E+06,  7.6036399399015409E-13, -3.7263419017108390E-09
   15,3, 40,   15.000, 0.65,    1020.000,  7.9646683053689701E+06,  7.9291682601451129E+06,  7.8934881465430409E+06,  7.8576190139061399E+06,  1.0013568588670158E+02,  4.8026374827879276E+06,  1.8053860212363659E-09, -1.9209664969821461E-09
   15,3, 40,   15.000, 0.65,    1035.000,  7.9646666468411703E+06,  7.9291651760861222E+06,  7.8934840849685445E+06,  7.8576145895689083E+06,  1.0013831358870475E+02,  4.8026357936963215E+06, -1.1202133387566704E-09, -3.0411797524720896E-09
   15,3, 40,   15.000, 0.65,    1050.000,  7.9646650260247979E+06,  7.9291621621084847E+06,  7.8934801174136661E+06,  7.8576102680960689E+06,  1.0014088027058759E+02,  4.8026341434252989E+06, -1.6212206160881593E-09, -4.6624109018011950E-09
   15,3, 40,   15.000, 0.65,    1065.000,  7.9646634420600059E+06,  7.9291592165531470E+06,  7.8934762416145001E+06,  7.8576060473303683E+06,  1.0014338768650742E+02,  4.8026325310766650E+06,  2.1494557245205215E-09, -2.5129622827080311E-09
   15,3, 40,   15.000, 0.65,    1080.000,  7.9646618940768335E+06,  7.9291563379187789E+06,  7.8934724553512922E+06,  7.8576019250401091E+06,  1.0014583746101246E+02,  4.8026309557772642E+06,  1.2828844930812267E-10, -2.3846666863391874E-09
   15,3, 40,   15.000, 0.65,    1095.000,  7.9646603812284004E+06,  7.9291535248011481E+06,  7.8934687564717662E+06,  7.8575978989339639E+06,  1.0014823110606331E+02,  4.8026294166772189E+06,  2.2906121444066230E-10, -2.1556161300395615E-09
   15,3, 40,   15.000, 0.65,    1110.000,  7.9646589027092857E+06,  7.9291507758423528E+06,  7.8934651429050900E+06,  7.8575939666827936E+06,  1.0015057004797634E+02,  4.8026279129484920E+06, -1.4804832915160659E-09, -3.6361029742693063E-09
   15,3, 40,   15.000, 0.65,    1125.000,  7.9646574577565193E+06,  7.9291480897001093E+06,  7.8934616126639489E+06,  7.8575901259470973E+06,  1.0015285564145790E+02,  4.8026264437837480E+06, -1.0988547571866292E-10, -3.7459813029272482E-09
   15,3, 40,   15.000, 0.65,    1140.000,  7.9646560456411019E+06,  7.9291454650376095E+06,  7.8934581638355330E+06,  7.8575863744074088E+06,  1.0015508917377795E+02,  4.8026250083953114E+06,  1.4700063805106467E-09, -2.2759820694773225E-09
   15,3, 40,   15.000, 0.65,    1155.000,  7.9646546656592023E+06,  7.9291429005269678E+06,  7.8934547945654308E+06,  7.8575827097938200E+06,  1.0015727186874513E+02,  4.8026236060141930E+06, -9.8622270072734608E-10, -3.2622153867123416E-09
   15,3, 40,   15.000, 0.65,    1170.000,  7.9646533171269866E+06,  7.9291403948569661E+06,  7.8934515030402578E+06,  7.8575791299103862E+06,  1.0015940489346228E+02,  4.8026222358892150E+06, -1.8248877409199338E-10, -3.4447111829649657E-09
   15,3, 40,   15.000, 0.65,    1185.000,  7.9646519993781559E+06,  7.9291379467382608E+06,  7.8934482874745997E+06,  7.8575756326508634E+06,  1.0016148936562875E+02,  4.8026208972862214E+06,  8.0535751678656453E-10, -2.6393536245450377E-09
   15,3, 40,   15.000, 0.65,    1200.000,  7.9646507117620166E+06,  7.9291355549039533E+06,  7.8934451461055027E+06,  7.8575722160039656E+06,  1.0016352635964581E+02,  4.8026195894873971E+06, -3.7069729230676529E-10, -3.0100579806457972E-09
   15,3, 40,   15.000, 0.65,    1215.000,  7.9646494536411380E+06,  7.9291332181071499E+06,  7.8934420771944914E+06,  7.8575688780487087E+06,  1.0016551691181013E+02,  4.8026183117906759E+06,  4.5492849765071952E-10, -2.5551400995027507E-09
   15,3, 40,   15.000, 0.65,    1230.000,  7.9646482243888881E+06,  7.9291309351182785E+06,  7.8934390790344123E+06,  7.8575656169427335E+06,  1.0016746202523859E+02,  4.8026170635092082E+06, -7.8541964598777270E-10, -3.3405456179025350E-09
   15,3, 40,   15.000, 0.65,    1245.000,  7.9646470233873464E+06,  7.9291287047239328E+06,  7.8934361499573374E+06,  7.8575624309077235E+06,  1.0016936267460594E+02,  4.8026158439709172E+06, -8.9540459768944203E-10, -4.2359431517979829E-09
   15,3, 40,   15.000, 0.65,    1260.000,  7.9646458500257898E+06,  7.9291265257275384E+06,  7.8934332883403739E+06,  7.8575593182160044E+06,  1.0017121981044953E+02,  4.8026146525181103E+06, -3.7956845999609357E-10, -4.6155150812410284E-09
   15,3, 40,   15.000, 0.65,    1275.000,  7.9646447036996894E+06,  7.9291243969511744E+06,  7.8934304926079167E+06,  7.8575562771810424E+06,  1.0017303436298963E+02,  4.8026134885071563E+06,  1.9016645202984961E-09, -2.7138469249621266E-09
   15,3, 40,   15.000, 0.65,    1290.000,  7.9646435838101720E+06,  7.9291223172377730E+06,  7.8934277612305777E+06,  7.8575533061526082E+06,  1.0017480724546303E+02,  4.8026123513082052E+06, -5.5408164167936036E-11, -2.7692692583514145E-09
   15,3, 40,   15.000, 0.65,    1305.000,  7.9646424897639668E+06,  7.9291202854531985E+06,  7.8934250927220173E+06,  7.8575504035156490E+06,  1.0017653935696001E+02,  4.8026112403049748E+06,  6.3315748477510425E-10, -2.1361188373703044E-09
   15,3, 40,   15.000, 0.65,    1320.000,  7.9646414209738448E+06,  7.9291183004879151E+06,  7.8934224856351167E+06,  7.8575475676910831E+06,  1.0017823158467564E+02,  4.8026101548945485E+06, -9.9835513467372294E-10, -3.1344598028226756E-09
   15,3, 40,   15.000, 0.65,    1335.000,  7.9646403768594991E+06,  7.9291163612580579E+06,  7.8934199385585049E+06,  7.8575447971368190E+06,  1.0017988480550704E+02,  4.8026090944872219E+06,  2.0245502496685219E-10, -2.9320119665499078E-09
   15,3, 40,   15.000, 0.65,    1350.000,  7.9646393568487586E+06,  7.9291144667058140E+06,  7.8934174501139307E+06,  7.8575420903480183E+06,  1.0018149988696025E+02,  4.8026080585063482E+06, -5.1565858527613528E-10, -3.4476670407457277E-09
   15,3, 40,   15.000, 0.65,    1365.000,  7.9646383603789546E+06,  7.9291126157991001E+06,  7.8934150189545397E+06,  7.8575394458564399E+06,  1.0018307768733139E+02,  4.8026070463882061E+06, -1.2057910225848900E-10, -3.5682319321495015E-09
   15,3, 40,   15.000, 0.65,    1380.000,  7.9646373868982838E+06,  7.9291108075306984E+06,  7.8934126437638411E+06,  7.8575368622291964E+06,  1.0018461905518957E+02,  4.8026060575818531E+06,  4.6124183639140170E-10, -3.1069760098034749E-09
   15,3, 40,   15.000, 0.65,    1395.000,  7.9646364358669920E+06,  7.9291090409171451E+06,  7.8934103232550817E+06,  7.8575343380673835E+06,  1.0018612482826556E+02,  4.8026050915489690E+06,  5.8182800244388488E-10, -2.5251551960536744E-09
   15,3, 40,   15.000, 0.65,    1410.000,  7.9646355067582391E+06,  7.9291073149976153E+06,  7.8934080561707700E+06,  7.8575318720048293E+06,  1.0018759583186849E+02,  4.8026041477636788E+06,  6.5420743822208749E-10, -1.8709442883846350E-09
   15,3, 40,   15.000, 0.65,    1425.000,  7.9646345990585815E+06,  7.9291056288330015E+06,  7.8934058412821647E+06,  7.8575294627070399E+06,  1.0018903287706473E+02,  4.8026032257123459E+06, -1.5817178469768045E-09, -3.4526692616054788E-09
   15,3, 40,   15.000, 0.65,    1440.000,  7.9646337122680638E+06,  7.9291039815052785E+06,  7.8934036773886643E+06,  7.8575271088702902E+06,  1.0019043675885848E+02,  4.8026023248933498E+06,  4.0853365135262720E-10, -3.0441356102528516E-09
   15,3, 40,   15.000, 0.65,    1455.000,  7.9646328458999740E+06,  7.9291023721171115E+06,  7.8934015633171313E+06,  7.8575248092207713E+06,  1.0019180825462240E+02,  4.8026014448168175E+06,  1.1724239773469591E-09, -1.8717116745392559E-09
   15,3, 40,   15.000, 0.65,    1470.000,  7.9646319994803732E+06,  7.9291007997916127E+06,  7.8933994979211995E+06,  7.8575225625137724E+06,  1.0019314812296841E+02,  4.8026005850043520E+06, -1.2059616152915176E-09, -3.0776732273807283E-09
   15,3, 40,   15.000, 0.65,    1485.000,  7.9646311725475099E+06,  7.9290992636721544E+06,  7.8933974800806083E+06,  7.8575203675328977E+06,  1.0019445710317123E+02,  4.8025997449887544E+06,  8.5487530249173105E-10, -2.2228050511330366E-09
   15,3, 40,   15.000, 0.65,    1500.000,  7.9646303646512050E+06,  7.9290977629221389E+06,  7.8933955087006036E+06,  7.8575182230893327E+06,  1.0019573591515505E+02,  4.8025989243137185E+06, -3.4937028964288075E-10, -2.5721647034515627E-09
   15,3, 40,   15.000, 0.65,    1515.000,  7.9646295753522888E+06,  7.9290962967246929E+06,  7.8933935827113781E+06,  7.8575161280211527E+06,  1.0019698525997659E+02,  4.8025981225335579E+06,  1.4775027729063694E-10, -2.4244002361228922E-09
   15,3, 40,   15.000, 0.65,    1530.000,  7.9646288042221153E+06,  7.9290948642822802E+06,  7.8933917010675482E+06,  7.8575140811926993E+06,  1.0019820582062006E+02,  4.8025973392129224E+06, -1.4798402711568848E-09, -3.9042333810357377E-09
   15,3, 40,   15.000, 0.65,    1545.000,  7.9646280508421464E+06,  7.9290934648162639E+06,  7.8933898627476497E+06,  7.8575120814939812E+06,  1.0019939826292337E+02,  4.8025965739265447E+06,  6.1072565060715789E-10, -3.2935076887952164E-09
   15,3, 40,   15.000, 0.65,    1560.000,  7.9646273148036133E+06,  7.9290920975664230E+06,  7.8933880667536343E+06,  7.8575101278401157E+06,  1.0020056323650159E+02,  4.8025958262589797E+06, -1.2487078038248001E-09, -4.5422154926200164E-09
   15,3, 40,   15.000, 0.65,    1575.000,  7.9646265957072210E+06,  7.9290907617904544E+06,  7.8933863121103896E+06,  7.8575082191708097E+06,  1.0020170137553258E+02,  4.8025950958043840E+06,  1.1644729625004402E-09, -3.3777496355469339E-09
   15,3, 40,   15.000, 0.65,    1590.000,  7.9646258931628959E+06,  7.9290894567634678E+06,  7.8933845978652481E+06,  7.8575063544498561E+06,  1.0020281329936553E+02,  4.8025943821662739E+06, -4.4628476608687961E-10, -3.8240273170231376E-09
   15,3, 40,   15.000, 0.65,    1605.000,  7.9646252067895606E+06,  7.9290881817775052E+06,  7.8933829230874982E+06,  7.8575045326646613E+06,  1.0020389961297805E+02,  4.8025936849573208E+06, -1.2950209585249617E-09, -5.1190340855100658E-09
   15,3, 40,   15.000, 0.65,    1620.000,  7.9646245362149272E+06,  7.9290869361410476E+06,  7.8933812868679035E+06,  7.8575027528257770E+06,  1.0020496090731427E+02,  4.8025930037991386E+06,  3.3398599025291631E-09, -1.7791705886338605E-09
   15,3, 40,   15.000, 0.65,    1635.000,  7.9646238810753021E+06,  7.9290857191785676E+06,  7.8933796883182200E+06,  7.8575010139664458E+06,  1.0020599775957864E+02,  4.8025923383220565E+06, -1.4249330396176596E-09, -3.2040929909271654E-09
   15,3, 40,   15.000, 0.65,    1650.000,  7.9646232410153961E+06,  7.9290845302301077E+06,  7.8933781265707025E+06,  7.8574993151421528E+06,  1.0020701073351364E+02,  4.8025916881649457E+06, -3.1142020212593380E-10, -3.5155096611561021E-09
   15,3, 40,   15.000, 0.65,    1665.000,  7.9646226156881358E+06,  7.9290833686508741E+06,  7.8933766007776326E+06,  7.8574976554301670E+06,  1.0020800037969617E+02,  4.8025910529750008E+06,  2.1374724212819274E-09, -1.3780265817331383E-09
   15,3, 40,   15.000, 0.65,    1680.000,  7.9646220047544669E+06,  7.9290822338108765E+06,  7.8933751101108436E+06,  7.8574960339290872E+06,  1.0020896723584690E+02,  4.8025904324075421E+06, -1.5939356085015177E-09, -2.9719728900090558E-09
   15,3, 40,   15.000, 0.65,    1695.000,  7.9646214078831673E+06,  7.9290811250945795E+06,  7.8933736537612602E+06,  7.8574944497583723E+06,  1.0020991182715635E+02,  4.8025898261258435E+06, -1.6520153717225483E-09, -4.6239847506512888E-09
   15,3, 40,   15.000, 0.65,    1710.000,  7.9646208247506442E+06,  7.9290800419005770E+06,  7.8933722309384523E+06,  7.8574929020578796E+06,  1.0021083466660379E+02,  4.8025892338009384E+06,  2.9447661878401199E-09, -1.6792114365671296E-09
   15,3, 40,   15.000, 0.65,    1725.000,  7.9646202550407490E+06,  7.9290789836412715E+06,  7.8933708408702044E+06,  7.8574913899873886E+06,  1.0021173625527102E+02,  4.8025886551114256E+06, -1.3590338160396342E-09, -3.0382523164007580E-09
   15,3, 40,   15.000, 0.65,    1740.000,  7.9646196984445993E+06,  7.9290779497425649E+06,  7.8933694828020940E+06,  7.8574899127261285E+06,  1.0021261708264301E+02,  4.8025880897433199E+06, -1.5995738275598193E-09, -4.6378261231438955E-09
   15,3, 40,   15.000, 0.65,    1755.000,  7.9646191546603944E+06,  7.9290769396435600E+06,  7.8933681559970882E+06,  7.8574884694723180E+06,  1.0021347762689967E+02,  4.8025875373898689E+06,  2.8239206736890843E-09, -1.8139019175578142E-09
   15,3, 40,   15.000, 0.65,    1770.000,  7.9646186233932590E+06,  7.9290759527962599E+06,  7.8933668597351518E+06,  7.8574870594427064E+06,  1.0021431835519360E+02,  4.8025869977513719E+06, -1.2962360490531566E-09, -3.1101308195502497E-09
   15,3, 40,   15.000, 0.65,    1785.000,  7.9646181043550801E+06,  7.9290749886652743E+06,  7.8933655933128530E+06,  7.8574856818721248E+06,  1.0021513972391111E+02,  4.8025864705350446E+06, -2.7635132376913063E-10, -3.3864751003420679E-09
   15,3, 40,   15.000, 0.65,    1800.000,  7.9646175972643485E+06,  7.9290740467275335E+06,  7.8933643560429895E+06,  7.8574843360130601E+06,  1.0021594217893696E+02,  4.8025859554548403E+06,  5.9783640538046967E-10, -2.7886528641829500E-09
   16,3, 40,   60.000, 0.65,       0.000,  7.9647703722856510E+06,  7.9293842236631857E+06,  7.8938394491982115E+06,  7.8581338963495167E+06,  1.0000000000000000E+02,  4.8027768277280563E+06,  0.0000000000000000E+00,  0.0000000000000000E+00
   16,3, 40,   60.000, 0.65,      60.000,  7.9647703696629172E+06,  7.9293841938905725E+06,  7.8938391130339289E+06,  7.8581300912427530E+06,  1.0000000076038701E+02,  4.8027765891582239E+06, -4.4390731090970803E-09, -4.4390731090970803E-09
   16,3, 40,   60.000, 0.65,     120.000,  7.9647703387648445E+06,  7.9293839266295964E+06,  7.8938370531931231E+06,  7.8581176227350719E+06,  1.0000001163738193E+02,  4.8027755301092546E+06,  1.8263933004858401E-09, -2.6126798502446036E-09
   16,3, 40,   60.000, 0.65,     180.000,  7.9647701663726019E+06,  7.9293827925550286E+06,  7.8938310238941740E+06,  7.8580952128209453E+06,  1.0000008553609008E+02,  4.8027730228122612E+06, -1.0911803127733322E-09, -3.7038603295513894E-09
   16,3, 40,   60.000, 0.65,     240.000,  7.9647695565125942E+06,  7.9293797163307741E+06,  7.8938192835609140E+06,  7.8580629716524407E+06,  1.0000040375297270E+02,  4.8027685897490215E+06,  1.5367621619688521E-09, -2.1670985006494448E-09
   16,3, 40,   60.000, 0.65,     300.000,  7.9647680052915039E+06,  7.9293735780931395E+06,  7.8938012910283729E+06,  7.8580222104695393E+06,  1.0000138357925191E+02,  4.8027619633570341E+06, -8.0162010362982983E-10, -2.9687186042792746E-09
   16,3, 40,   60.000, 0.65,     360.000,  7.9647649402233670E+06,  7.9293636869640192E+06,  7.8937773524076492E+06,  7.8579752881554384E+06,  1.0000369796781234E+02,  4.8027531301750941E+06, -1.4127869985003372E-09, -4.3815049366457970E-09
   16,3, 40,   60.000, 0.65,     420.000,  7.9647599531913223E+06,  7.9293499156795926E+06,  7.8937483992800647E+06,  7.8579252945557619E+06,  1.0000810809195117E+02,  4.8027423474252904E+06,  1.2685035244430765E-09, -3.1130014122027205E-09
   16,3, 40,   60.000, 0.65,     480.000,  7.9647529456209410E+06,  7.9293326138286833E+06,  7.8937159788134191E+06,  7.8578757507430576E+06,  1.0001517600326865E+02,  4.8027301226652134E+06, -5.6871940490310635E-10, -3.6817198179051047E-09
   16,3, 40,   60.000, 0.65,     540.000,  7.9647441203173595E+06,  7.9293125516118314E+06,  7.8936820875604451E+06,  7.8578302323203115E+06,  1.0002505871320653E+02,  4.8027171585809710E+06,  1.0059150179486664E-09, -2.6758044668895309E-09
   16,3, 40,   60.000, 0.65,     600.000,  7.9647339089770252E+06,  7.9292908657177836E+06,  7.8936489570194557E+06,  7.8577920242850548E+06,  1.0003749201830684E+02,  4.8027042754793055E+06, -1.4439497375562382E-09, -4.1197552036464913E-09
   16,3, 40,   60.000, 0.65,     660.000,  7.9647229081738619E+06,  7.9292689048628872E+06,  7.8936185064749038E+06,  7.8577599837610293E+06,  1.0005188462912456E+02,  4.8026920863122279E+06,  2.0455811489128450E-09, -2.0741737216667389E-09
   16,3, 40,   60.000, 0.65,     720.000,  7.9647118016850594E+06,  7.9292479276476158E+06,  7.8935913978772396E+06,  7.8577310316304294E+06,  1.0006741741993905E+02,  4.8026808051688168E+06, -3.0124169825285207E-10, -2.3754154199195909E-09
   16,3, 40,   60.000, 0.65,     780.000,  7.9647012255267408E+06,  7.9292287098804051E+06,  7.8935670188045911E+06,  7.8577046081494540E+06,  1.0008315620422644E+02,  4.8026704640266011E+06,  6.8278993570203284E-10, -1.6926264834182803E-09
   16,3, 40,   60.000, 0.65,     840.000,  7.9646915964686293E+06,  7.9292113785903305E+06,  7.8935446768153887E+06,  7.8576804041522415E+06,  1.0009823203478211E+02,  4.8026610413562441E+06, -2.1870231181608801E-09, -3.8796486023784382E-09
   16,3, 40,   60.000, 0.65,     900.000,  7.9646830148561196E+06,  7.9291956909218673E+06,  7.8935241862143725E+06,  7.8576582050832035E+06,  1.0011205844012319E+02,  4.8026524745081393E+06, -4.8557824428030472E-11, -3.9282070929402835E-09
   16,3, 40,   60.000, 0.65,     960.000,  7.9646753422237067E+06,  7.9291814175830139E+06,  7.8935054759704368E+06,  7.8576378789801179E+06,  1.0012445360792141E+02,  4.8026446814260930E+06,  2.1554449336491643E-09, -1.7727757040120196E-09
   16,3, 40,   60.000, 0.65,    1020.000,  7.9646683892828347E+06,  7.9291684284805562E+06,  7.8934883997234888E+06,  7.8576192970309732E+06,  1.0013555888223543E+02,  4.8026375817482648E+06, -1.6719073903104231E-09, -3.4446827612555353E-09
   16,3, 40,   60.000, 0.65,    1080.000,  7.9646620378027735E+06,  7.9291566030290704E+06,  7.8934728261822471E+06,  7.8576023434925368E+06,  1.0014561567532489E+02,  4.8026311074961284E+06, -1.0389271665189881E-09, -4.4836099277745234E-09
   16,3, 40,   60.000, 0.65,    1140.000,  7.9646562328904951E+06,  7.9291458168469612E+06,  7.8934586326476699E+06,  7.8575868902701447E+06,  1.0015479436961469E+02,  4.8026252024057256E+06,  3.9256015105237907E-10, -4.0910492771217832E-09
   16,3, 40,   60.000, 0.65,    1200.000,  7.9646509344062191E+06,  7.9291359721086146E+06,  7.8934456937295189E+06,  7.8575728103133962E+06,  1.0016317900808538E+02,  4.8026198170688013E+06, -1.5826063792800937E-09, -5.6736553233349696E-09
   16,3, 40,   60.000, 0.65,    1260.000,  7.9646461003891621E+06,  7.9291269907924253E+06,  7.8934338968776967E+06,  7.8575599781197021E+06,  1.0017082832497546E+02,  4.8026149061326468E+06,  1.7389540363232925E-09, -3.9347014535451308E-09
   16,3, 40,   60.000, 0.65,    1320.000,  7.9646416910560224E+06,  7.9291188003201233E+06,  7.8934231404886683E+06,  7.8575482792611448E+06,  1.0017780534607840E+02,  4.8026104279359691E+06,  7.0586736455879873E-10, -3.2288198781316169E-09
   16,3, 40,   60.000, 0.65,    1380.000,  7.9646376701421496E+06,  7.9291113323014835E+06,  7.8934133322544927E+06,  7.8575376110991826E+06,  1.0018416997026816E+02,  4.8026063444770770E+06, -1.7433909871300557E-10, -3.4031586437777150E-09
   16,3, 40,   60.000, 0.65,    1440.000,  7.9646340039743744E+06,  7.9291045231502810E+06,  7.8934043886006353E+06,  7.8575278825049093E+06,  1.0018997411708196E+02,  4.8026026210370185E+06, -3.5711877899302635E-10, -3.7602774227707414E-09
   16,3, 40,   60.000, 0.65,    1500.000,  7.9646306613830393E+06,  7.9290983143685265E+06,  7.8933962331354097E+06,  7.8575190110621955E+06,  1.0019526570713954E+02,  4.8025992258560555E+06, -1.4303225270850817E-10, -3.9033238863339648E-09
   16,3, 40,   60.000, 0.65,    1560.000,  7.9646276136554657E+06,  7.9290926528746802E+06,  7.8933887963598464E+06,  7.8575109215063630E+06,  1.0020009007140537E+02,  4.8025961299486915E+06,  1.2196037235678858E-09, -2.6837199129658984E-09
   16,3, 40,   60.000, 0.65,    1620.000,  7.9646248345538042E+06,  7.9290874903836381E+06,  7.8933820150068803E+06,  7.8575035449396372E+06,  1.0020448877172782E+02,  4.8025933069022875E+06, -8.3495876879169373E-10, -3.5186644709028769E-09
   16,3, 40,   60.000, 0.65,    1680.000,  7.9646223003144590E+06,  7.9290827828444568E+06,  7.8933758313332498E+06,  7.8574968184928922E+06,  1.0020849953304381E+02,  4.8025907326482823E+06, -2.0881454898535878E-10, -3.7274787700880552E-09
   16,3, 40,   60.000, 0.65,    1740.000,  7.9646199893650357E+06,  7.9290784901375836E+06,  7.8933701926404480E+06,  7.8574906848667413E+06,  1.0021215671340063E+02,  4.8025883852503011E+06,  2.2439082536518384E-09, -1.4835563888482284E-09
   16,3, 40,   60.000, 0.65,    1800.000,  7.9646178820381463E+06,  7.9290745757009918E+06,  7.8933650508614033E+06,  7.8574850918033365E+06,  1.0021549153947954E+02,  4.8025862447113208E+06, -1.3685053923406798E-09, -2.8520616979221813E-09
   17,3, 40,   15.000, 1.00,       0.000,  7.9647703722856510E+06,  7.9293842236631857E+06,  7.8938394491982115E+06,  7.8581338963495167E+06,  1.0000000000000000E+02,  4.8027768277280563E+06,  0.0000000000000000E+00,  0.0000000000000000E+00
   17,3, 40,   15.000, 1.00,      15.000,  7.9647703722856250E+06,  7.9293842236580839E+06,  7.8938394481969206E+06,  7.8581336992447479E+06,  1.0000000000000058E+02,  4.8027768219480533E+06, -3.7918965745120659E-09, -3.7918965745120659E-09
   17,3, 40,   15.000, 1.00,      30.000,  7.9647703722851891E+06,  7.9293842235957859E+06,  7.8938394404923189E+06,  7.8581330729979789E+06,  1.0000000000001182E+02,  4.8027767988636931E+06,  1.0319496368538239E-09, -2.7599469376582419E-09
   17,3, 40,   15.000, 1.00,      45.000,  7.9647703722815132E+06,  7.9293842232107110E+06,  7.8938394101021271E+06,  7.8581319646910401E+06,  1.0000000000012865E+02,  4.8027767470572954E+06, -4.1148950913338922E-10, -3.1714364467916312E-09
   17,3, 40,   15.000, 1.00,      60.000,  7.9647703722606730E+06,  7.9293842215995239E+06,  7.8938393272342132E+06,  7.8581303386631729E+06,  1.0000000000095696E+02,  4.8027766552882800E+06,  2.1757529111710028E-09, -9.9568353562062839E-10
   17,3, 40,   15.000, 1.00,      75.000,  7.9647703721711477E+06,  7.9293842164510991E+06,  7.8938391498816283E+06,  7.8581281617079657E+06,  1.0000000000540012E+02,  4.8027765125624817E+06, -2.7618654030447942E-09, -3.7575489386654226E-09
   17,3, 40,   15.000, 1.00,      90.000,  7.9647703718599901E+06,  7.9293842030116618E+06,  7.8938388296945523E+06,  7.8581254056127602E+06,  1.0000000002457865E+02,  4.8027763082000827E+06, -4.7776893552509136E-10, -4.2353178741905140E-09
   17,3, 40,   15.000, 1.00,     105.000,  7.9647703709474010E+06,  7.9293841730739884E+06,  7.8938383186633876E+06,  7.8581220478316452E+06,  1.0000000009409662E+02,  4.8027760319018029E+06,  5.1281290325277951E-10, -3.7225049709377345E-09
   17,3, 40,   15.000, 1.00,     120.000,  7.9647703686213242E+06,  7.9293841143730413E+06,  7.8938375737104192E+06,  7.8581180713802399E+06,  1.0000000031185688E+02,  4.8027756738133449E+06, -2.6309976419724990E-10, -3.9856047351349844E-09
   17,3, 40,   15.000, 1.00,     135.000,  7.9647703633543178E+06,  7.9293840106606828E+06,  7.8938365584378690E+06,  7.8581134647152247E+06,  1.0000000091399102E+02,  4.8027752245882405E+06,  2.2072299543651752E-10, -3.7648817396984668E-09
   17,3, 40,   15.000, 1.00,     150.000,  7.9647703525761953E+06,  7.9293838424757877E+06,  7.8938352428825423E+06,  7.8581082216374520E+06,  1.0000000240811563E+02,  4.8027746754495781E+06,  1.1353904483257793E-09, -2.6294912913726876E-09
   17,3, 40,   15.000, 1.00,     165.000,  7.9647703323651645E+06,  7.9293835883757481E+06,  7.8938336024871636E+06,  7.8581023411887381E+06,  1.0000000577928343E+02,  4.8027740182513557E+06, -2.2246098296818673E-09, -4.8541011210545548E-09
   17,3, 40,   15.000, 1.00,     180.000,  7.9647702972324667E+06,  7.9293832262800382E+06,  7.8938316170962872E+06,  7.8580958275346383E+06,  1.0000001277104955E+02,  4.8027732455402706E+06,  1.0525980087550124E-09, -3.8015031122995424E-09
   17,3, 40,   15.000, 1.00,     195.000,  7.9647702400624584E+06,  7.9293827346232189E+06,  7.8938292702736370E+06,  7.8580886898315204E+06,  1.0000002622291647E+02,  4.8027723506184248E+06,  1.6539303260287852E-09, -2.1475727862707572E-09
   17,3, 40,   15.000, 1.00,     210.000,  7.9647701522353292E+06,  7.9293820931587312E+06,  7.8938265489296457E+06,  7.8580809420765350E+06,  1.0000005042143577E+02,  4.8027713276069313E+06, -2.0448993609534227E-09, -4.1924721472241799E-09
   17,3, 40,   15.000, 1.00,     225.000,  7.9647700239167484E+06,  7.9293812834046995E+06,  7.8938234431487331E+06,  7.8580726029393720E+06,  1.0000009140400984E+02,  4.8027701715094270E+06, -1.4236434253689367E-10, -4.3348364897610736E-09
   17,3, 40,   15.000, 1.00,     240.000,  7.9647698444637125E+06,  7.9293802888181200E+06,  7.8938199461158449E+06,  7.8580636955750855E+06,  1.0000015715008773E+02,  4.8027688782735448E+06,  2.0456525362533284E-09, -2.2891839535077452E-09
   17,3, 40,   15.000, 1.00,     255.000,  7.9647696028794860E+06,  7.9293790948117683E+06,  7.8938160540801231E+06,  7.8580542474177526E+06,  1.0000025760782347E+02,  4.8027674448477188E+06, -6.0248339650570415E-10, -2.8916673500134493E-09
   17,3, 40,   15.000, 1.00,     270.000,  7.9647692882542685E+06,  7.9293776887094546E+06,  7.8938117663248498E+06,  7.8580442899550200E+06,  1.0000040453273502E+02,  4.8027658692303319E+06,  6.4844130065466743E-11, -2.8268232199479826E-09
   17,3, 40,   15.000, 1.00,     285.000,  7.9647688901460283E+06,  7.9293760596986571E+06,  7.8938070851306710E+06,  7.8580338584839832E+06,  1.0000061115025206E+02,  4.8027641505083889E+06, -1.2465619647628046E-09, -4.0733851847107871E-09
   17,3, 40,   15.000, 1.00,     300.000,  7.9647683988786116E+06,  7.9293741988059608E+06,  7.8938020157273794E+06,  7.8580229918491049E+06,  1.0000089168576402E+02,  4.8027622888836768E+06,  1.4152732319416828E-09, -2.6581119527691044E-09
   17,3, 40,   15.000, 1.00,     315.000,  7.9647678057540217E+06,  7.9293720988986501E+06,  7.8937965662328620E+06,  7.8580117321631601E+06,  1.0000126082535787E+02,  4.8027602856852515E+06, -1.1640253205769113E-09, -3.8221372733460157E-09
   17,3, 40,   15.000, 1.00,     330.000,  7.9647671031887261E+06,  7.9293697547052745E+06,  7.8937907475790372E+06,  7.8580001245124713E+06,  1.0000173317398271E+02,  4.8027581433682404E+06,  1.1885958883794956E-09, -2.6335413849665201E-09
   17,3, 40,   15.000, 1.00,     345.000,  7.9647662847895892E+06,  7.9293671628450491E+06,  7.8937845734250117E+06,  7.8579882166479006E+06,  1.0000232276701104E+02,  4.8027558654996874E+06, -1.0004441719502211E-09, -3.6339855569167412E-09
   17,3, 40,   15.000, 1.00,     360.000,  7.9647653453856166E+06,  7.9293643218568368E+06,  7.8937780600578096E+06,  7.8579760586633068E+06,  1.0000304267145142E+02,  4.8027534567328934E+06, -1.3368293139137677E-09, -4.9708148708305089E-09
   17,3, 40,   15.000, 1.00,     375.000,  7.9647642810293986E+06,  7.9293612322205482E+06,  7.8937712262809826E+06,  7.8579637026633043E+06,  1.0000390469120144E+02,  4.8027509227718273E+06,  1.6180194961634697E-09, -3.3527953746670391E-09
   17,3, 40,   15.000, 1.00,     390.000,  7.9647630889790421E+06,  7.9293578963659620E+06,  7.8937640932913730E+06,  7.8579512024223199E+06,  1.0000491917217289E+02,  4.8027482703272216E+06, -1.2972236618224997E-09, -4.6500190364895388E-09
   17,3, 40,   15.000, 1.00,     405.000,  7.9647617676684065E+06,  7.9293543186658174E+06,  7.8937566845441749E+06,  7.8579386130369911E+06,  1.0000609489108123E+02,  4.8027455070657795E+06,  5.5129589782154653E-10, -4.0987231386679923E-09
   17,3, 40,   15.000, 1.00,     420.000,  7.9647603166710082E+06,  7.9293505054115606E+06,  7.8937490256063677E+06,  7.8579259905739529E+06,  1.0000743900655181E+02,  4.8027426415535314E+06,  1.6427321725132060E-09, -2.4559909661547863E-09
   17,3, 40,   15.000, 1.00,     435.000,  7.9647587366610682E+06,  7.9293464647713685E+06,  7.8937411439985894E+06,  7.8579133917150283E+06,  1.0000895705168662E+02,  4.8027396831942154E+06, -6.7157657213101629E-10, -3.1275675382858026E-09
   17,3, 40,   15.000, 1.00,     450.000,  7.9647570293736393E+06,  7.9293422067310950E+06,  7.8937330690255696E+06,  7.8579008734017126E+06,  1.0001065295108054E+02,  4.8027366421632664E+06, -4.6502179884555517E-10, -3.5925893371313578E-09
   17,3, 40,   15.000, 1.00,     465.000,  7.9647551975646606E+06,  7.9293377430194961E+06,  7.8937248315953789E+06,  7.8578884924807437E+06,  1.0001252905042925E+02,  4.8027335293378402E+06,  2.7882975928150699E-09, -8.0429174431628780E-10
   17,3, 40,   15.000, 1.00,     480.000,  7.9647532449708674E+06,  7.9293330870195543E+06,  7.8937164640280008E+06,  7.8578763053523824E+06,  1.0001458615170657E+02,  4.8027303562232461E+06, -5.2176147846694221E-09, -6.0219065289857099E-09
   17,3, 40,   15.000, 1.00,     495.000,  7.9647511762690423E+06,  7.9293282536678826E+06,  7.8937079998539779E+06,  7.8578643676229334E+06,  1.0001682355070733E+02,  4.8027271348762009E+06,  2.4005402110560681E-09, -3.6213663179296418E-09
   17,3, 40,   15.000, 1.00,     510.000,  7.9647489970337693E+06,  7.9293232593441661E+06,  7.8936994736041864E+06,  7.8578527337629488E+06,  1.0001923907619054E+02,  4.8027238778251102E+06, -7.1486283559352160E-10, -4.3362291535231634E-09
   17,3, 40,   15.000, 1.00,     525.000,  7.9647467136928979E+06,  7.9293181217523674E+06,  7.8936909205920370E+06,  7.8578414567725249E+06,  1.0002182913120953E+02,  4.8027205979879564E+06,  1.4636754031016608E-09, -2.8725537504215026E-09
   17,3, 40,   15.000, 1.00,     540.000,  7.9647443334800191E+06,  7.9293128597951774E+06,  7.8936823766896352E+06,  7.8578305878551323E+06,  1.0002458873771283E+02,  4.8027173085880531E+06, -9.0675200681289425E-10, -3.7793057572343969E-09
   17,3, 40,   15.000, 1.00,     555.000,  7.9647418643834852E+06,  7.9293074934428828E+06,  7.8936738780995319E+06,  7.8578201761014843E+06,  1.0002751158548358E+02,  4.8027140230682371E+06,  2.5105606482611620E-09, -1.2687451089732349E-09
   17,3, 40,   15.000, 1.00,     570.000,  7.9647393150917497E+06,  7.9293020435975883E+06,  7.8936654611237906E+06,  7.8578102681850465E+06,  1.0003059008625941E+02,  4.8027107550038919E+06, -5.0840753829106688E-10, -1.7771526472643018E-09
   17,3, 40,   15.000, 1.00,     585.000,  7.9647366949350135E+06,  7.9292965319535565E+06,  7.8936571619320931E+06,  7.8578009080709005E+06,  1.0003381543355519E+02,  4.8027075180153921E+06, -2.3389077341562370E-09, -4.1160603814205388E-09
   17,3, 40,   15.000, 1.00,     600.000,  7.9647340138233360E+06,  7.9292909808543148E+06,  7.8936490163305327E+06,  7.8577921367397364E+06,  1.0003717766841498E+02,  4.8027043256804207E+06,  2.3845814212108962E-09, -1.7314789602096425E-09
   17,3, 40,   15.000, 1.00,     615.000,  7.9647312821814576E+06,  7.9292854131420450E+06,  7.8936410585325202E+06,  7.8577837947683539E+06,  1.0004066575106560E+02,  4.8027011856666850E+06, -1.7254251361009665E-09, -3.4569040963106090E-09
   17,3, 40,   15.000, 1.00,     630.000,  7.9647285108804470E+06,  7.9292798519682577E+06,  7.8936333172381008E+06,  7.8577756842611125E+06,  1.0004426763827811E+02,  4.8026980996812591E+06, -3.1405988920596428E-11, -3.4883100852312054E-09
   17,3, 40,   15.000, 1.00,     645.000,  7.9647257111650947E+06,  7.9292743204787401E+06,  7.8936258098394740E+06,  7.8577677827508748E+06,  1.0004797036616905E+02,  4.8026950692367535E+06,  1.8397230405753362E-09, -1.6485870446558692E-09
   17,3, 40,   15.000, 1.00,     660.000,  7.9647228945727302E+06,  7.9292688412405523E+06,  7.8936185386790866E+06,  7.8577600811509145E+06,  1.0005176013829531E+02,  4.8026920956388274E+06, -5.1728932248806814E-10, -2.1658763671439374E-09
   17,3, 40,   15.000, 1.00,     675.000,  7.9647200728326235E+06,  7.9292634353239276E+06,  7.8936114924334036E+06,  7.8577525687738378E+06,  1.0005562241956613E+02,  4.8026891799751204E+06, -5.6206772569566965E-10, -2.7279440928396070E-09
   17,3, 40,   15.000, 1.00,     690.000,  7.9647172577269915E+06,  7.9292581211205218E+06,  7.8936046517786430E+06,  7.8577452357204212E+06,  1.0005954203822120E+02,  4.8026863231056929E+06, -8.0518702816334553E-10, -3.5331311210029526E-09
   17,3, 40,   15.000, 1.00,     705.000,  7.9647144608898368E+06,  7.9292529131870149E+06,  7.8935979958793791E+06,  7.8577380734296096E+06,  1.0006350330149601E+02,  4.8026835256552156E+06,  3.0243541004892904E-10, -3.2306957109540235E-09
   17,3, 40,   15.000, 1.00,     720.000,  7.9647116935257185E+06,  7.9292478214964364E+06,  7.8935915068020783E+06,  7.8577310744773783E+06,  1.0006749013558318E+02,  4.8026807880072510E+06,  1.6331256347257295E-09, -1.5975700762282941E-09
   17,3, 40,   15.000, 1.00,     735.000,  7.9647089660511138E+06,  7.9292428513702340E+06,  7.8935851711023133E+06,  7.8577242323879339E+06,  1.0007148626581242E+02,  4.8026781103012376E+06, -6.2000538036954822E-10, -2.2175754565978423E-09
   17,3, 40,   15.000, 1.00,     750.000,  7.9647062876921613E+06,  7.9292380041084662E+06,  7.8935789794346076E+06,  7.8577175414965516E+06,  1.0007547545559402E+02,  4.8026754924330721E+06,  6.0418869907152839E-10, -1.6133867575263139E-09
   17,3, 40,   15.000, 1.00,     765.000,  7.9647036661017733E+06,  7.9292332780856779E+06,  7.8935729253937500E+06,  7.8577109968344113E+06,  1.0007944181886252E+02,  4.8026729340603538E+06, -1.2198455578982248E-09, -2.8332323154245387E-09
   17,3, 40,   15.000, 1.00,     780.000,  7.9647011070713000E+06,  7.9292286699649049E+06,  7.8935670043951189E+06,  7.8577045940277595E+06,  1.0008337020782332E+02,  4.8026704346134719E+06,  7.1517547439725604E-10, -2.1180568410272826E-09
   17,3, 40,   15.000, 1.00,     795.000,  7.9646986143989693E+06,  7.9292241757286536E+06,  7.8935612128914483E+06,  7.8576983292095754E+06,  1.0008724665674107E+02,  4.8026679933133209E+06, -2.0544206336126081E-09, -4.1724774746398907E-09
   17,3, 40,   15.000, 1.00,     810.000,  7.9646961899426635E+06,  7.9292197913692035E+06,  7.8935555479157008E+06,  7.8576921989420531E+06,  1.0009105883861318E+02,  4.8026656091959020E+06,  1.9021797470486490E-09, -2.2702977275912417E-09
   17,3, 40,   15.000, 1.00,     825.000,  7.9646938338418417E+06,  7.9292155132300183E+06,  7.8935500068404460E+06,  7.8576862001482807E+06,  1.0009479647339076E+02,  4.8026632811430013E+06, -1.5929373375911382E-09, -3.8632350651823799E-09
   17,3, 40,   15.000, 1.00,     840.000,  7.9646915448584929E+06,  7.9292113380849371E+06,  7.8935445872539207E+06,  7.8576803300518021E+06,  1.0009845162209459E+02,  4.8026610079173334E+06,  6.9476868702622596E-10, -3.1684663781561540E-09
   17,3, 40,   15.000, 1.00,     855.000,  7.9646893207706381E+06,  7.9292072630697023E+06,  7.8935392868910665E+06,  7.8576745861229990E+06,  1.0010201881448482E+02,  4.8026587881995533E+06,  2.5995490204877569E-09, -5.6891735766839702E-10
   17,3, 40,   15.000, 1.00,     870.000,  7.9646871587556032E+06,  7.9292032855617264E+06,  7.8935341035889462E+06,  7.8576689660314219E+06,  1.0010549498631227E+02,  4.8026566206243457E+06, -2.2228903162613278E-09, -2.7918076739297248E-09
   17,3, 40,   15.000, 1.00,     885.000,  7.9646850557179879E+06,  7.9291994030674584E+06,  7.8935290352536244E+06,  7.8576634676034153E+06,  1.0010887923739350E+02,  4.8026545038129073E+06,  6.3394622884516139E-10, -2.1578614450845635E-09
   17,3, 40,   15.000, 1.00,     900.000,  7.9646830085398210E+06,  7.9291956131431460E+06,  7.8935240798337702E+06,  7.8576580887844805E+06,  1.0011217245338052E+02,  4.8026524363997057E+06, -2.2634623064732295E-09, -4.4213237515577930E-09
   17,3, 40,   15.000, 1.00,     915.000,  7.9646810142500978E+06,  7.9291919133527158E+06,  7.8935192352994336E+06,  7.8576528276060242E+06,  1.0011537685357628E+02,  4.8026504170525102E+06,  8.4226314811530756E-10, -3.5790606034424854E-09
   17,3, 40,   15.000, 1.00,     930.000,  7.9646790701237461E+06,  7.9291883012558920E+06,  7.8935144996255701E+06,  7.8576476821562061E+06,  1.0011849553074296E+02,  4.8026484444854725E+06,  1.1763177099055611E-09, -2.4027428935369244E-09
   17,3, 40,   15.000, 1.00,     945.000,  7.9646771737258118E+06,  7.9291847744166581E+06,  7.8935098707801625E+06,  7.8576426505547492E+06,  1.0012153203815049E+02,  4.8026465174660431E+06, -1.6504770883329911E-09, -4.0532199818699155E-09
   17,3, 40,   15.000, 1.00,     960.000,  7.9646753229171671E+06,  7.9291813304229863E+06,  7.8935053467168314E+06,  7.8576377309316620E+06,  1.0012449005951545E+02,  4.8026446348169362E+06,  3.6335734421300003E-10, -3.6898768485116307E-09
   17,3, 40,   15.000, 1.00,     975.000,  7.9646735158357518E+06,  7.9291779669107283E+06,  7.8935009253716804E+06,  7.8576329214098677E+06,  1.0012737317572571E+02,  4.8026427954145726E+06,  4.7877790620987071E-10, -3.2110847314470448E-09
   17,3, 40,   15.000, 1.00,     990.000,  7.9646717508642180E+06,  7.9291746815866800E+06,  7.8934966046639513E+06,  7.8576282200917946E+06,  1.0013018472385643E+02,  4.8026409981854307E+06,  2.2528467980009736E-10, -2.9858142625016626E-09
   17,3, 40,   15.000, 1.00,    1005.000,  7.9646700265918458E+06,  7.9291714722475959E+06,  7.8934923824999044E+06,  7.8576236250499515E+06,  1.0013292773198522E+02,  4.8026392421014123E+06,  1.8348060848438763E-09, -1.1510223885125015E-09
   17,3, 40,   15.000, 1.00,    1020.000,  7.9646683417761400E+06,  7.9291683367933445E+06,  7.8934882567791194E+06,  7.8576191343214512E+06,  1.0013560490828399E+02,  4.8026375261750352E+06, -1.3626504369312897E-09, -2.5136728254437912E-09
   17,3, 40,   15.000, 1.00,    1035.000,  7.9646666953075556E+06,  7.9291652732336344E+06,  7.8934842254023738E+06,  7.8576147459063595E+06,  1.0013821866337250E+02,  4.8026358494549841E+06, -1.6823662463139044E-09, -4.1960390717576956E-09
   17,3, 40,   15.000, 1.00,    1050.000,  7.9646650861792937E+06,  7.9291622796885977E+06,  7.8934802862801729E+06,  7.8576104577695746E+06,  1.0014077114881437E+02,  4.8026342110222196E+06,  3.3362823614879744E-09, -8.5975671026972122E-10
   17,3, 40,   15.000, 1.00,    1065.000,  7.9646635134629020E+06,  7.9291593543842472E+06,  7.8934764373411275E+06,  7.8576062678458113E+06,  1.0014326429979872E+02,  4.8026326099867150E+06, -1.5826344679226168E-09, -2.4423911781923380E-09
   17,3, 40,   15.000, 1.00,    1080.000,  7.9646619762895545E+06,  7.9291564956441522E+06,  7.8934726765395068E+06,  7.8576021740471134E+06,  1.0014569987494457E+02,  4.8026310454848390E+06, -1.8002310753217898E-10, -2.6224142857245170E-09
   17,3, 40,   15.000, 1.00,    1095.000,  7.9646604738363279E+06,  7.9291537018788243E+06,  7.8934690018615052E+06,  7.8575981742721731E+06,  1.0014807949000010E+02,  4.8026295166771878E+06, -1.2530563253676519E-09, -3.8754706110921688E-09
   17,3, 40,   15.000, 1.00,    1110.000,  7.9646590053164987E+06,  7.9291509715741938E+06,  7.8934654113300070E+06,  7.8575942664167155E+06,  1.0015040464469652E+02,  4.8026280227468610E+06,  2.7774547106673708E-09, -1.0980159004247980E-09
   17,3, 40,   15.000, 1.00,    1125.000,  7.9646575699728541E+06,  7.9291483032802911E+06,  7.8934619030078175E+06,  7.8575904483841453E+06,  1.0015267674343028E+02,  4.8026265628980100E+06, -2.4196538106480148E-09, -3.5176697110728128E-09
   17,3, 40,   15.000, 1.00,    1140.000,  7.9646561670730747E+06,  7.9291456956009511E+06,  7.8934584749995386E+06,  7.8575867180957794E+06,  1.0015489711095876E+02,  4.8026251363546764E+06,  2.0509673959168140E-09, -1.4667023151559988E-09
   17,3, 40,   15.000, 1.00,    1155.000,  7.9646547959064888E+06,  7.9291431471849931E+06,  7.8934551254523378E+06,  7.8575830735000568E+06,  1.0015706700439243E+02,  4.8026237423597397E+06, -2.6060007485284586E-09, -4.0727172745391726E-09
   17,3, 40,   15.000, 1.00,    1170.000,  7.9646534557816423E+06,  7.9291406567190690E+06,  7.8934518525559111E+06,  7.8575795125803147E+06,  1.0015918762253665E+02,  4.8026223801740780E+06,  2.6926727514364757E-10, -3.8034499993955251E-09
   17,3, 40,   15.000, 1.00,    1185.000,  7.9646521460243752E+06,  7.9291382229221510E+06,  7.8934486545419609E+06,  7.8575760333608901E+06,  1.0016126011338577E+02,  4.8026210490757795E+06,  6.7132077674614266E-10, -3.1321292226493824E-09
   17,3, 40,   15.000, 1.00,    1200.000,  7.9646508659761967E+06,  7.9291358445414854E+06,  7.8934455296833916E+06,  7.8575726339114793E+06,  1.0016328558033368E+02,  4.8026197483594846E+06,  8.7794660430517979E-11, -3.0443345622188644E-09
   17,3, 40,   15.000, 1.00,    1215.000,  7.9646496149928793E+06,  7.9291335203497810E+06,  7.8934424762934288E+06,  7.8575693123498335E+06,  1.0016526508744430E+02,  4.8026184773357958E+06, -5.0233950332767563E-10, -3.5466882764012553E-09
   17,3, 40,   15.000, 1.00,    1230.000,  7.9646483924432416E+06,  7.9291312491433714E+06,  7.8934394927247539E+06,  7.8575660668430114E+06,  1.0016719966400022E+02,  4.8026172353307577E+06,  1.9215207203160389E-09, -1.6251533452305011E-09
   17,3, 40,   15.000, 1.00,    1245.000,  7.9646471977081196E+06,  7.9291290297411019E+06,  7.8934365773686823E+06,  7.8575628956074286E+06,  1.0016909030845849E+02,  4.8026160216853833E+06, -1.2798011539416621E-09, -2.9049544991721632E-09
   17,3, 40,   15.000, 1.00,    1260.000,  7.9646460301795332E+06,  7.9291268609837415E+06,  7.8934337286544042E+06,  7.8575597969080247E+06,  1.0017093799187016E+02,  4.8026148357552607E+06, -6.7377925461187260E-10, -3.5787479646387510E-09
   17,3, 40,   15.000, 1.00,    1275.000,  7.9646448892600443E+06,  7.9291247417337336E+06,  7.8934309450482503E+06,  7.8575567690568194E+06,  1.0017274366081196E+02,  4.8026136769101750E+06,  2.1699122498830548E-09, -1.4088357147556962E-09
   17,3, 40,   15.000, 1.00,    1290.000,  7.9646437743623229E+06,  7.9291226708751544E+06,  7.8934282250529611E+06,  7.8575538104111068E+06,  1.0017450823986388E+02,  4.8026125445337715E+06, -1.5060663827171084E-09, -2.9149020974728046E-09
   17,3, 40,   15.000, 1.00,    1305.000,  7.9646426849088809E+06,  7.9291206473137839E+06,  7.8934255672069220E+06,  7.8575509193715025E+06,  1.0017623263364190E+02,  4.8026114380232766E+06,  5.3579185532726115E-10, -2.3791244530002587E-09
   17,3, 40,   15.000, 1.00,    1320.000,  7.9646416203319589E+06,  7.9291186699772011E+06,  7.8934229700833634E+06,  7.8575480943799736E+06,  1.0017791772842632E+02,  4.8026103567892015E+06, -1.5238725836752565E-09, -3.9029828258207999E-09
   17,3, 40,   15.000, 1.00,    1335.000,  7.9646405800735429E+06,  7.9291167378148725E+06,  7.8934204322895175E+06,  7.8575453339179689E+06,  1.0017956439341455E+02,  4.8026093002551030E+06,  3.2045477382780518E-10, -3.5825280519929947E-09
   17,3, 40,   15.000, 1.00,    1350.000,  7.9646395635854667E+06,  7.9291148497981848E+06,  7.8934179524657335E+06,  7.8575426365046799E+06,  1.0018117348163317E+02,  4.8026082678573281E+06,  5.2303050779300975E-10, -3.0594833333452698E-09
   17,3, 40,   15.000, 1.00,    1365.000,  7.9646385703295730E+06,  7.9291130049204193E+06,  7.8934155292845741E+06,  7.8575400006954726E+06,  1.0018274583056161E+02,  4.8026072590447878E+06,  1.3649952279592981E-09, -1.6945023162406869E-09
   17,3, 40,   15.000, 1.00,    1380.000,  7.9646375997778960E+06,  7.9291112021966567E+06,  7.8934131614499055E+06,  7.8575374250804801E+06,  1.0018428226250427E+02,  4.8026062732787244E+06, -1.0083454071718734E-09, -2.7028477234125603E-09
   17,3, 40,   15.000, 1.00,    1395.000,  7.9646366514128447E+06,  7.9291094406636050E+06,  7.8934108476959998E+06,  7.8575349082833454E+06,  1.0018578358477582E+02,  4.8026053100324962E+06,  1.8933121737063630E-10, -2.5135022951872088E-09
   17,3, 40,   15.000, 1.00,    1410.000,  7.9646357247273624E+06,  7.9291077193793776E+06,  7.8934085867866613E+06,  7.8575324489600901E+06,  1.0018725058973941E+02,  4.8026043687913409E+06, -1.4696155403726152E-09, -3.9831320464145392E-09
   17,3, 40,   15.000, 1.00,    1425.000,  7.9646348192250514E+06,  7.9291060374232093E+06,  7.8934063775143893E+06,  7.8575300457980940E+06,  1.0018868405474446E+02,  4.8026034490521643E+06,  2.3139392624216271E-09, -1.6692069948476274E-09
   17,3, 40,   15.000, 1.00,    1440.000,  7.9646339344202373E+06,  7.9291043938951353E+06,  7.8934042186995829E+06,  7.8575276975151617E+06,  1.0019008474201983E+02,  4.8026025503232917E+06, -2.9468907314367243E-09, -4.6160835154296365E-09
   17,3, 40,   15.000, 1.00,    1455.000,  7.9646330698379884E+06,  7.9291027879156359E+06,  7.8934021091897842E+06,  7.8575254028586596E+06,  1.0019145339854528E+02,  4.8026016721242722E+06,  2.3515127622886212E-09, -2.2645849639957305E-09
   17,3, 40,   15.000, 1.00,    1470.000,  7.9646322250140794E+06,  7.9291012186252577E+06,  7.8934000478589684E+06,  7.8575231606047135E+06,  1.0019279075593710E+02,  4.8026008139856104E+06, -8.8806473286240362E-10, -3.1526496968581341E-09
   17,3, 40,   15.000, 1.00,    1485.000,  7.9646313994949050E+06,  7.9290996851842217E+06,  7.8933980336068710E+06,  7.8575209695574539E+06,  1.0019409753036790E+02,  4.8025999754485646E+06, -1.2729657328236499E-09, -4.4256012188270688E-09
   17,3, 40,   15.000, 1.00,    1500.000,  7.9646305928373476E+06,  7.9290981867720205E+06,  7.8933960653583538E+06,  7.8575188285483029E+06,  1.0019537442254287E+02,  4.8025991560649034E+06,  5.9426952248031739E-10, -3.8313316963467514E-09
   17,3, 40,   15.000, 1.00,    1515.000,  7.9646298046086105E+06,  7.9290967225870062E+06,  7.8933941420628000E+06,  7.8575167364353007E+06,  1.0019662211772241E+02,  4.8025983553966703E+06,  1.0895604418692528E-09, -2.7417854653322138E-09
   17,3, 40,   15.000, 1.00,    1530.000,  7.9646290343860220E+06,  7.9290952918459866E+06,  7.8933922626935355E+06,  7.8575146921024593E+06,  1.0019784128581664E+02,  4.8025975730159562E+06, -1.3307754898050916E-09, -4.0725467442825902E-09
   17,3, 40,   15.000, 1.00,    1545.000,  7.9646282817568164E+06,  7.9290938937838087E+06,  7.8933904262472745E+06,  7.8575126944591440E+06,  1.0019903258152588E+02,  4.8025968085046802E+06,  1.0752359003163292E-09, -2.9972966331115458E-09
   17,3, 40,   15.000, 1.00,    1560.000,  7.9646275463179071E+06,  7.9290925276529528E+06,  7.8933886317435885E+06,  7.8575107424394879E+06,  1.0020019664453613E+02,  4.8025960614543483E+06,  5.2494897317956202E-11, -2.9448017357935896E-09
   17,3, 40,   15.000, 1.00,    1575.000,  7.9646268276756499E+06,  7.9290911927231308E+06,  7.8933868782243831E+06,  7.8575088350018226E+06,  1.0020133409975936E+02,  4.8025953314658441E+06, -5.9164051435800502E-10, -3.5364564610063098E-09
   17,3, 40,   15.000, 1.00,    1590.000,  7.9646261254456015E+06,  7.9290898882808816E+06,  7.8933851647534026E+06,  7.8575069711281275E+06,  1.0020244555760324E+02,  4.8025946181492079E+06, -2.0862955807388062E-10, -3.7450718082254753E-09
   17,3, 40,   15.000, 1.00,    1605.000,  7.9646254392522825E+06,  7.9290886136291791E+06,  7.8933834904157352E+06,  7.8575051498235054E+06,  1.0020353161426839E+02,  4.8025939211234227E+06,  7.5156947332288837E-10, -2.9934881240478717E-09
   17,3, 40,   15.000, 1.00,    1620.000,  7.9646247687289463E+06,  7.9290873680870449E+06,  7.8933818543173354E+06,  7.8575033701156648E+06,  1.0020459285206191E+02,  4.8025932400162043E+06,  6.9410077685461147E-10, -2.2993731363385450E-09
   17,3, 40,   15.000, 1.00,    1635.000,  7.9646241135173533E+06,  7.9290861509891655E+06,  7.8933802555845585E+06,  7.8575016310544265E+06,  1.0020562983971762E+02,  4.8025925744638005E+06,  4.5791637148795417E-10, -1.8414425539958756E-09
   17,3, 40,   15.000, 1.00,    1650.000,  7.9646234732675478E+06,  7.9290849616855197E+06,  7.8933786933637019E+06,  7.8574999317112314E+06,  1.0020664313272631E+02,  4.8025919241107916E+06,  2.2409096800402040E-10, -1.6173657968465704E-09
   17,3, 40,   15.000, 1.00,    1665.000,  7.9646228476376506E+06,  7.9290837995410180E+06,  7.8933771668205550E+06,  7.8574982711786665E+06,  1.0020763327365971E+02,  4.8025912886098949E+06, -1.6177210682144505E-09, -3.2350726542063057E-09
   17,3, 40,   15.000, 1.00,    1680.000,  7.9646222362936530E+06,  7.9290826639351407E+06,  7.8933756751399646E+06,  7.8574966485700021E+06,  1.0020860079248951E+02,  4.8025906676217820E+06, -2.1691448637284338E-10, -3.4519871405791491E-09
   17,3, 40,   15.000, 1.00,    1695.000,  7.9646216389092254E+06,  7.9290815542615978E+06,  7.8933742175254002E+06,  7.8574950630187299E+06,  1.0020954620690432E+02,  4.8025900608148864E+06,  7.3956130108854268E-10, -2.7124258394906064E-09
   17,3, 40,   15.000, 1.00,    1710.000,  7.9646210551655227E+06,  7.9290804699279899E+06,  7.8933727931985362E+06,  7.8574935136781232E+06,  1.0021047002261815E+02,  4.8025894678652268E+06,  1.1640963748504873E-09, -1.5483294646401191E-09
   17,3, 40,   15.000, 1.00,    1725.000,  7.9646204847510112E+06,  7.9290794103554795E+06,  7.8933714013988338E+06,  7.8574919997207876E+06,  1.0021137273366318E+02,  4.8025888884562291E+06, -2.6175541734119179E-09, -4.1658836380520370E-09
   17,3, 40,   15.000, 1.00,    1740.000,  7.9646199273612844E+06,  7.9290783749784734E+06,  7.8933700413831444E+06,  7.8574905203382345E+06,  1.0021225482267960E+02,  4.8025883222785704E+06,  1.0693383956095204E-09, -3.0965452424425166E-09
   17,3, 40,   15.000, 1.00,    1755.000,  7.9646193826989019E+06,  7.9290773632443147E+06,  7.8933687124253074E+06,  7.8574890747404573E+06,  1.0021311676119737E+02,  4.8025877690299870E+06, -1.2996963505429449E-09, -4.3962415929854615E-09
   17,3, 40,   15.000, 1.00,    1770.000,  7.9646188504732186E+06,  7.9290763746129805E+06,  7.8933674138157656E+06,  7.8574876621555099E+06,  1.0021395900990426E+02,  4.8025872284151372E+06,  1.5483436754948343E-09, -2.8479121283453424E-09
   17,3, 40,   15.000, 1.00,    1785.000,  7.9646183304002304E+06,  7.9290754085567901E+06,  7.8933661448611869E+06,  7.8574862818291038E+06,  1.0021478201890723E+02,  4.8025867001454206E+06, -1.4692602690047352E-10, -2.9948523661005311E-09
   17,3, 40,   15.000, 1.00,    1800.000,  7.9646178222024199E+06,  7.9290744645601213E+06,  7.8933649048840897E+06,  7.8574849330242015E+06,  1.0021558622798804E+02,  4.8025861839388404E+06, -3.4816594052244909E-11, -3.0296689601527760E-09
   18,3, 40,   60.000, 1.00,       0.000,  7.9647703722856510E+06,  7.9293842236631857E+06,  7.8938394491982115E+06,  7.8581338963495167E+06,  1.0000000000000000E+02,  4.8027768277280563E+06,  0.0000000000000000E+00,  0.0000000000000000E+00
   18,3, 40,   60.000, 1.00,      60.000,  7.9647703514197040E+06,  7.9293840985975051E+06,  7.8938387190185534E+06,  7.8581296270600623E+06,  1.0000001067799833E+02,  4.8027764612926049E+06, -3.5464609027258120E-09, -3.5464609027258120E-09
   18,3, 40,   60.000, 1.00,     120.000,  7.9647702077678479E+06,  7.9293833854994131E+06,  7.8938354697042778E+06,  7.8581159924441613E+06,  1.0000009533057371E+02,  4.8027750346398987E+06,  1.5369892025773879E-09, -2.0094717001484241E-09
   18,3, 40,   60.000, 1.00,     180.000,  7.9647697001279052E+06,  7.9293812713311855E+06,  7.8938278123177504E+06,  7.8580920354541978E+06,  1.0000043736506498E+02,  4.8027719692711933E+06, -1.5219825399981346E-09, -3.5314542401465587E-09
   18,3, 40,   60.000, 1.00,     240.000,  7.9647684554797970E+06,  7.9293768244996751E+06,  7.8938145079391012E+06,  7.8580581281016245E+06,  1.0000138537093862E+02,  4.8027668700209083E+06,  9.1586116468533874E-10, -2.6155930754612200E-09
   18,3, 40,   60.000, 1.00,     300.000,  7.9647660524365520E+06,  7.9293692771682981E+06,  7.8937951608174806E+06,  7.8580158321573157E+06,  1.0000342748635138E+02,  4.8027595756700896E+06,  1.8604850993142463E-10, -2.4295445655297954E-09
   18,3, 40,   60.000, 1.00,     360.000,  7.9647621354116285E+06,  7.9293582163157864E+06,  7.8937701749244314E+06,  7.8579677011250677E+06,  1.0000709281906511E+02,  4.8027501836117757E+06,  8.1286088970955461E-11, -2.3482584765588399E-09
   18,3, 40,   60.000, 1.00,     420.000,  7.9647565088303881E+06,  7.9293436647879407E+06,  7.8937406509871921E+06,  7.8579169995827060E+06,  1.0001282122859608E+02,  4.8027390444960985E+06, -7.8614448284497485E-10, -3.1344029594038147E-09
   18,3, 40,   60.000, 1.00,     480.000,  7.9647491874710051E+06,  7.9293260825264845E+06,  7.8937082489074552E+06,  7.8578673643576242E+06,  1.0002085038015758E+02,  4.8027267278914498E+06, -3.5976199797005393E-10, -3.4941649573738687E-09
   18,3, 40,   60.000, 1.00,     540.000,  7.9647404035183629E+06,  7.9293063139661942E+06,  7.8936750116975438E+06,  7.8578224359984798E+06,  1.0003114904617470E+02,  4.8027139639103487E+06,  6.2806293499306776E-10, -2.8661020223808009E-09
   18,3, 40,   60.000, 1.00,     600.000,  7.9647305808074409E+06,  7.9292854964636387E+06,  7.8936431574459122E+06,  7.8577854933974948E+06,  1.0004340221353714E+02,  4.8027015680431612E+06,  2.4209612092818134E-10, -2.6240059014526196E-09
   18,3, 40,   60.000, 1.00,     660.000,  7.9647202661409657E+06,  7.9292648159859702E+06,  7.8936141258424986E+06,  7.8577548533757860E+06,  1.0005705067609154E+02,  4.8026899910837263E+06, -3.8880898500792682E-10, -3.0128148864605464E-09
   18,3, 40,   60.000, 1.00,     720.000,  7.9647100077125663E+06,  7.9292451591368429E+06,  7.8935880306769973E+06,  7.8577270546945417E+06,  1.0007139374424064E+02,  4.8026792747083809E+06,  1.9753088054130785E-10, -2.8152840059192386E-09
   18,3, 40,   60.000, 1.00,     780.000,  7.9647002287740754E+06,  7.9292269626151528E+06,  7.8935644251156254E+06,  7.8577016616252242E+06,  1.0008573796974349E+02,  4.8026694189865654E+06, -9.8680175142362714E-11, -2.9139641810616013E-09
   18,3, 40,   60.000, 1.00,     840.000,  7.9646911665964676E+06,  7.9292103165771030E+06,  7.8935429042761037E+06,  7.8576783965194440E+06,  1.0009953385570357E+02,  4.8026603910179073E+06, -3.4850700103561394E-10, -3.2624711820972152E-09
   18,3, 40,   60.000, 1.00,     900.000,  7.9646828933025477E+06,  7.9291951418699482E+06,  7.8935232114934837E+06,  7.8576570574995456E+06,  1.0011244299868751E+02,  4.8026521375978300E+06,  1.4849206309008878E-09, -1.7775505511963274E-09
   18,3, 40,   60.000, 1.00,     960.000,  7.9646753792672586E+06,  7.9291813094829544E+06,  7.8935051764273318E+06,  7.8576374866478872E+06,  1.0012432457061772E+02,  4.8026445970720658E+06, -1.2898908607894555E-09, -3.0674414119857829E-09
   18,3, 40,   60.000, 1.00,    1020.000,  7.9646685533549376E+06,  7.9291686902800659E+06,  7.8934886636572955E+06,  7.8576195488012396E+06,  1.0013517428927514E+02,  4.8026377075294219E+06, -4.2064129956997931E-10, -3.4880827115557622E-09
   18,3, 40,   60.000, 1.00,    1080.000,  7.9646623393552527E+06,  7.9291571680001523E+06,  7.8934735516227949E+06,  7.8576031202779813E+06,  1.0014505805546659E+02,  4.8026314110127492E+06, -7.0360783865908161E-10, -4.1916905502148438E-09
   18,3, 40,   60.000, 1.00,    1140.000,  7.9646566704594539E+06,  7.9291466401702175E+06,  7.8934597266778108E+06,  7.8575880840566168E+06,  1.0015406469762925E+02,  4.8026256548946071E+06,  1.9883827917510644E-10, -3.9928522710397374E-09
   18,3, 40,   60.000, 1.00,    1200.000,  7.9646514914118098E+06,  7.9291370164517630E+06,  7.8934470821790444E+06,  7.8575743285995321E+06,  1.0016228156027486E+02,  4.8026203917882238E+06,  1.2494183465605602E-10, -3.8679104363836814E-09
   18,3, 40,   60.000, 1.00,    1260.000,  7.9646467562339287E+06,  7.9291282167193647E+06,  7.8934355187332593E+06,  7.8575617482892107E+06,  1.0016978602303610E+02,  4.8026155789496070E+06,  1.0533085514907725E-09, -2.8146018848929089E-09
   18,3, 40,   60.000, 1.00,    1320.000,  7.9646424254867388E+06,  7.9291201692989795E+06,  7.8934249444123032E+06,  7.8575502442128351E+06,  1.0017664484716005E+02,  4.8026111776404334E+06, -3.1570834835292771E-09, -5.9716853684221860E-09
   18,3, 40,   60.000, 1.00,    1380.000,  7.9646384643021747E+06,  7.9291128095144667E+06,  7.8934152746790750E+06,  7.8575397246874031E+06,  1.0018291606215141E+02,  4.8026071526041655E+06,  2.9793909561703913E-09, -2.9922944122517947E-09
   18,3, 40,   60.000, 1.00,    1440.000,  7.9646348412171267E+06,  7.9291060785945458E+06,  7.8934064320655717E+06,  7.8575301053660493E+06,  1.0018865099919529E+02,  4.8026034716641167E+06, -4.8646597861079499E-10, -3.4787603908625897E-09
   18,3, 40,   60.000, 1.00,    1500.000,  7.9646315275347279E+06,  7.9290999228957277E+06,  7.8933983457090696E+06,  7.8575213089970257E+06,  1.0019389578356889E+02,  4.8026001054111300E+06, -8.4770590547122993E-10, -4.3264662963338196E-09
   18,3, 40,   60.000, 1.00,    1560.000,  7.9646284969672076E+06,  7.9290942933479995E+06,  7.8933909508358147E+06,  7.8575132649760796E+06,  1.0019869229315813E+02,  4.8025970269487202E+06,  7.2520833782618865E-10, -3.6012579585076310E-09
   18,3, 40,   60.000, 1.00,    1620.000,  7.9646257254093746E+06,  7.9290891450337963E+06,  7.8933841882472923E+06,  7.8575059088158067E+06,  1.0020307875911477E+02,  4.8025942116742693E+06,  2.1855726117792074E-09, -1.4156853467284236E-09
   18,3, 40,   60.000, 1.00,    1680.000,  7.9646231907660551E+06,  7.9290844368387498E+06,  7.8933780038359780E+06,  7.8574991816108013E+06,  1.0020709016433753E+02,  4.8025916370841274E+06, -2.1367441149777733E-09, -3.5524294617061969E-09
   18,3, 40,   60.000, 1.00,    1740.000,  7.9646208728001034E+06,  7.9290801311409995E+06,  7.8933723481402509E+06,  7.8574930295369765E+06,  1.0021075853853696E+02,  4.8025892825964391E+06, -4.9851678340928629E-10, -4.0509462451154832E-09
   18,3, 40,   60.000, 1.00,    1800.000,  7.9646187529891785E+06,  7.9290761935248114E+06,  7.8933671759393644E+06,  7.8574874033973869E+06,  1.0021411320280058E+02,  4.8025871293886080E+06,  8.8073193182935938E-10, -3.1702143132861238E-09
   19,3, 40,   15.000, 0.50,       0.000,  7.9647703722856510E+06,  7.9293842236631857E+06,  7.8938394491982115E+06,  7.8581338963495167E+06,  1.0000000000000000E+02,  4.8027768277280563E+06,  0.0000000000000000E+00,  0.0000000000000000E+00
   19,3, 40,   15.000, 0.50,      15.000,  7.9647703722856510E+06,  7.9293842236631848E+06,  7.8938394491925603E+06,  7.8581338110023122E+06,  1.0000000000000026E+02,  4.8027768262830563E+06, -2.4921575914049754E-10, -2.4921575914049754E-10
   19,3, 40,   15.000, 0.50,      30.000,  7.9647703722856510E+06,  7.9293842236631708E+06,  7.8938394490788560E+06,  7.8581335115942778E+06,  1.0000000000000058E+02,  4.8027768190669660E+06, -1.8414425539958756E-10, -4.3336001454008510E-10
   19,3, 40,   15.000, 0.50,      45.000,  7.9647703722856520E+06,  7.9293842236629287E+06,  7.8938394480109019E+06,  7.8581329835149441E+06,  1.0000000000000020E+02,  4.8027768003442744E+06, -1.4194441178005945E-09, -1.8528041323406796E-09
   19,3, 40,   15.000, 0.50,      60.000,  7.9647703722856510E+06,  7.9293842236601906E+06,  7.8938394418010237E+06,  7.8581322156221177E+06,  9.9999999999998508E+01,  4.8027767644504169E+06,  3.3085001405197545E-10, -1.5219541182887042E-09
   19,3, 40,   15.000, 0.50,      75.000,  7.9647703722856427E+06,  7.9293842236381061E+06,  7.8938394167905757E+06,  7.8581311675609658E+06,  1.0000000000000087E+02,  4.8027767058266895E+06, -2.8443736255212571E-10, -1.8063914808408299E-09
   19,3, 40,   15.000, 0.50,      90.000,  7.9647703722855775E+06,  7.9293842235023333E+06,  7.8938393427009191E+06,  7.8581298447787482E+06,  1.0000000000000115E+02,  4.8027766190545289E+06,  3.0222224722820101E-10, -1.5041692336126289E-09
   19,3, 40,   15.000, 0.50,     105.000,  7.9647703722850718E+06,  7.9293842228418691E+06,  7.8938391747007221E+06,  7.8581282267957535E+06,  9.9999999999998963E+01,  4.8027764988889135E+06, -5.9777249816761469E-10, -2.1019417317802436E-09
   19,3, 40,   15.000, 0.50,     120.000,  7.9647703722818960E+06,  7.9293842202361766E+06,  7.8938388724470884E+06,  7.8581262978096288E+06,  1.0000000000000860E+02,  4.8027763402907057E+06, -1.0796554761327570E-09, -3.1815972079130006E-09
   19,3, 40,   15.000, 0.50,     135.000,  7.9647703722651182E+06,  7.9293842117549861E+06,  7.8938384208697807E+06,  7.8581240655660052E+06,  1.0000000000006251E+02,  4.8027761384577183E+06, -3.8976821770120296E-10, -3.5713654256142036E-09
   19,3, 40,   15.000, 0.50,     150.000,  7.9647703721894035E+06,  7.9293841886963379E+06,  7.8938378235073052E+06,  7.8581215140734175E+06,  1.0000000000038244E+02,  4.8027758888543220E+06,  3.2505909075553063E-10, -3.2463063348586729E-09
   19,3, 40,   15.000, 0.50,     165.000,  7.9647703718947833E+06,  7.9293841358088870E+06,  7.8938370738742445E+06,  7.8581186446400136E+06,  1.0000000000216141E+02,  4.8027755872394182E+06,  7.4025052754222997E-10, -2.5060558073164430E-09
   19,3, 40,   15.000, 0.50,     180.000,  7.9647703708986109E+06,  7.9293840324891079E+06,  7.8938361499681314E+06,  7.8581154657905754E+06,  1.0000000001075122E+02,  4.8027752296926249E+06,  1.9144152929584379E-10, -2.3146142780205992E-09
   19,3, 40,   15.000, 0.50,     195.000,  7.9647703679549256E+06,  7.9293838584574917E+06,  7.8938350394633804E+06,  7.8581119704984520E+06,  1.0000000004751018E+02,  4.8027748126386004E+06, -7.0821926101416466E-10, -3.0228335390347638E-09
   19,3, 40,   15.000, 0.50,     210.000,  7.9647703603188954E+06,  7.9293836009274917E+06,  7.8938337451701947E+06,  7.8581081721557593E+06,  1.0000000018767193E+02,  4.8027743328696135E+06,  3.5687719446286792E-10, -2.6659563445718959E-09
   19,3, 40,   15.000, 0.50,     225.000,  7.9647703428655826E+06,  7.9293832562690014E+06,  7.8938322621969106E+06,  7.8581040803272445E+06,  1.0000000066564344E+02,  4.8027737875669189E+06, -2.0278889678593259E-10, -2.8687452413578285E-09
   19,3, 40,   15.000, 0.50,     240.000,  7.9647703075871747E+06,  7.9293828229774144E+06,  7.8938305783319417E+06,  7.8580996987031009E+06,  1.0000000212795733E+02,  4.8027731743224440E+06, -1.9057608824368799E-09, -4.7745061237947084E-09
   19,3, 40,   15.000, 0.50,     255.000,  7.9647702442360949E+06,  7.9293822934998842E+06,  7.8938286939846398E+06,  7.8580950485110972E+06,  1.0000000615089598E+02,  4.8027724911637688E+06,  2.9706797022299725E-09, -1.8038264215647359E-09
   19,3, 40,   15.000, 0.50,     270.000,  7.9647701424564449E+06,  7.9293816557468949E+06,  7.8938266138569536E+06,  7.8580901414108695E+06,  1.0000001611965598E+02,  4.8027717365869656E+06, -2.1199113575676165E-09, -3.9237377791323524E-09
   19,3, 40,   15.000, 0.50,     285.000,  7.9647699944747379E+06,  7.9293809020897597E+06,  7.8938243332501305E+06,  7.8580849916081689E+06,  1.0000003839826343E+02,  4.8027709096022053E+06, -1.3571010981650034E-09, -5.2808388772973558E-09
   19,3, 40,   15.000, 0.50,     300.000,  7.9647697962629627E+06,  7.9293800317001836E+06,  7.8938218526545055E+06,  7.8580796246844269E+06,  1.0000008335387626E+02,  4.8027700097930515E+06,  4.0793750599732448E-09, -1.2014638173241110E-09
   19,3, 40,   15.000, 0.50,     315.000,  7.9647695457758382E+06,  7.9293790427479893E+06,  7.8938191813139217E+06,  7.8580740555804176E+06,  1.0000016538209319E+02,  4.8027690373808695E+06, -6.6663119469012599E-10, -1.8680950120142370E-09
   19,3, 40,   15.000, 0.50,     330.000,  7.9647692397075230E+06,  7.9293779286859380E+06,  7.8938163219140554E+06,  7.8580683073084960E+06,  1.0000030105787586E+02,  4.8027679932728140E+06,  1.3102336993142671E-09, -5.5786131269996986E-10
   19,3, 40,   15.000, 0.50,     345.000,  7.9647688723719129E+06,  7.9293766851588245E+06,  7.8938132776279701E+06,  7.8580624072133657E+06,  1.0000050541927088E+02,  4.8027668790652221E+06, -6.6690830635707243E-10, -1.2247696190570423E-09
   19,3, 40,   15.000, 0.50,     360.000,  7.9647684383216975E+06,  7.9293753136980012E+06,  7.8938100606842218E+06,  7.8580563742918083E+06,  1.0000078806414618E+02,  4.8027656969871158E+06, -1.5360086536020390E-09, -2.7607782726590813E-09
   19,3, 40,   15.000, 0.50,     375.000,  7.9647679355621655E+06,  7.9293738152159685E+06,  7.8938066795041580E+06,  7.8580502376688644E+06,  1.0000115189666916E+02,  4.8027644498022469E+06,  1.7500667581771268E-11, -2.7432776050773100E-09
   19,3, 40,   15.000, 0.50,     390.000,  7.9647673650676049E+06,  7.9293721873418028E+06,  7.8938031408417337E+06,  7.8580440247420818E+06,  1.0000159618557848E+02,  4.8027631407219581E+06,  7.1381123234459665E-11, -2.6718964818428503E-09
   19,3, 40,   15.000, 0.50,     405.000,  7.9647667273925273E+06,  7.9293704309243113E+06,  7.8937994594842866E+06,  7.8580377585733477E+06,  1.0000212197588721E+02,  4.8027617733789198E+06, -3.4962965855811490E-10, -3.0215261404009652E-09
   19,3, 40,   15.000, 0.50,     420.000,  7.9647660214575203E+06,  7.9293685511405524E+06,  7.8937956480464898E+06,  7.8580314712874237E+06,  1.0000273495682376E+02,  4.8027603518603761E+06,  1.5530332575508510E-10, -2.8662228146458801E-09
   19,3, 40,   15.000, 0.50,     435.000,  7.9647652469348777E+06,  7.9293665513307881E+06,  7.8937917167095868E+06,  7.8580251893282523E+06,  1.0000344267553749E+02,  4.8027588807395091E+06,  1.0651035609043902E-11, -2.8555717790368362E-09
   19,3, 40,   15.000, 0.50,     450.000,  7.9647644056055760E+06,  7.9293644340497404E+06,  7.8937876824987568E+06,  7.8580189389464222E+06,  1.0000424902113994E+02,  4.8027573650421575E+06, -4.0162007053368143E-10, -3.2571918495705177E-09
   19,3, 40,   15.000, 0.50,     465.000,  7.9647634991878280E+06,  7.9293622064134283E+06,  7.8937835609676801E+06,  7.8580127522468213E+06,  1.0000515251054480E+02,  4.8027558101570439E+06, -1.1912320019291656E-09, -4.4484238514996832E-09
   19,3, 40,   15.000, 0.50,     480.000,  7.9647625279744081E+06,  7.9293598769135829E+06,  7.8937793651521513E+06,  7.8580066541411132E+06,  1.0000615050791612E+02,  4.8027542217626702E+06,  3.7609737546517863E-10, -4.0723264760345046E-09
   19,3, 40,   15.000, 0.50,     495.000,  7.9647614932792913E+06,  7.9293574516165536E+06,  7.8937751139311483E+06,  7.8580006724213641E+06,  1.0000724363682674E+02,  4.8027526058169631E+06,  5.0756199243551237E-10, -3.5647644835989922E-09
   19,3, 40,   15.000, 0.50,     510.000,  7.9647603991848696E+06,  7.9293549384542555E+06,  7.8937708248453364E+06,  7.8579948366384683E+06,  1.0000843421296138E+02,  4.8027509685664512E+06, -6.3572258568456164E-11, -3.6283367421674484E-09
   19,3, 40,   15.000, 0.50,     525.000,  7.9647592500860440E+06,  7.9293523481056262E+06,  7.8937665131620001E+06,  7.8579891697598519E+06,  1.0000972121642751E+02,  4.8027493165043313E+06, -1.2546621519504697E-09, -4.8829988941179181E-09
   19,3, 40,   15.000, 0.50,     540.000,  7.9647580486492552E+06,  7.9293496892719297E+06,  7.8937621991193434E+06,  7.8579836990342848E+06,  1.0001109961117534E+02,  4.8027476562842671E+06,  1.6339285480171384E-09, -3.2490703461007797E-09
   19,3, 40,   15.000, 0.50,     555.000,  7.9647567979010083E+06,  7.9293469705077354E+06,  7.8937579012733735E+06,  7.8579784496934013E+06,  1.0001256490873500E+02,  4.8027459946620241E+06, -1.2985879038751591E-10, -3.3789291364882956E-09
   19,3, 40,   15.000, 0.50,     570.000,  7.9647555029518418E+06,  7.9293442037146743E+06,  7.8937536360784974E+06,  7.8579734423958091E+06,  1.0001411531654122E+02,  4.8027443384864042E+06,  3.4612668287081760E-10, -3.0328024536174780E-09
   19,3, 40,   15.000, 0.50,     585.000,  7.9647541691518044E+06,  7.9293414004619196E+06,  7.8937494239094583E+06,  7.8579687017938290E+06,  1.0001574803810313E+02,  4.8027426946776537E+06, -4.2690828649938339E-10, -3.4597107401168614E-09
   19,3, 40,   15.000, 0.50,     600.000,  7.9647528010021551E+06,  7.9293385709279152E+06,  7.8937452827508366E+06,  7.8579642478858437E+06,  1.0001745648580804E+02,  4.8027410701565845E+06,  1.6249970258286339E-09, -1.8347137142882275E-09
   19,3, 40,   15.000, 0.50,     615.000,  7.9647514037575424E+06,  7.9293357274998613E+06,  7.8937412287402218E+06,  7.8579600131641589E+06,  1.0001923334410533E+02,  4.8027394703303082E+06, -6.5261929194093682E-10, -2.4873330062291643E-09
   19,3, 40,   15.000, 0.50,     630.000,  7.9647499835459767E+06,  7.9293328827789063E+06,  7.8937372810597038E+06,  7.8579558890026109E+06,  1.0002107364606638E+02,  4.8027378976327339E+06, -5.6061111308736145E-10, -3.0479441193165258E-09
   19,3, 40,   15.000, 0.50,     645.000,  7.9647485458574453E+06,  7.9293300474264836E+06,  7.8937334554165155E+06,  7.8579518748618010E+06,  1.0002297223558730E+02,  4.8027363529768465E+06,  1.8729906514636241E-10, -2.8606450541701633E-09
   19,3, 40,   15.000, 0.50,     660.000,  7.9647470962552298E+06,  7.9293272336626481E+06,  7.8937297629519869E+06,  7.8579479733663555E+06,  1.0002492084848018E+02,  4.8027348371749772E+06,  1.6109424905152991E-10, -2.6995508051186334E-09
   19,3, 40,   15.000, 0.50,     675.000,  7.9647456415094882E+06,  7.9293244547393499E+06,  7.8937262076696176E+06,  7.8579441576593071E+06,  1.0002691055279269E+02,  4.8027333509104848E+06, -1.9315677945996867E-09, -4.6311185997183202E-09
   19,3, 40,   15.000, 0.50,     690.000,  7.9647441880633067E+06,  7.9293217217320912E+06,  7.8937227736302037E+06,  7.8579404407439092E+06,  1.0002893450534347E+02,  4.8027318947484223E+06,  1.5052279422889114E-09, -3.1258906574294087E-09
   19,3, 40,   15.000, 0.50,     705.000,  7.9647427413499141E+06,  7.9293190456850715E+06,  7.8937194293452781E+06,  7.8579368105902495E+06,  1.0003098560020091E+02,  4.8027304691492151E+06,  1.2468532872844662E-09, -1.8790373701449425E-09
   19,3, 40,   15.000, 0.50,     720.000,  7.9647413076811293E+06,  7.9293164376410199E+06,  7.8937161491297623E+06,  7.8579332574411966E+06,  1.0003305422305796E+02,  4.8027290744478889E+06, -7.0743055857747095E-10, -2.5864679287224135E-09
   19,3, 40,   15.000, 0.50,     735.000,  7.9647398941215537E+06,  7.9293139043677971E+06,  7.8937129289886486E+06,  7.8579297905028583E+06,  1.0003513084066766E+02,  4.8027277108358676E+06,  7.3826811330945930E-10, -1.8481998154129542E-09
   19,3, 40,   15.000, 0.50,     750.000,  7.9647385064839181E+06,  7.9293114477351699E+06,  7.8937097830716046E+06,  7.8579263963556970E+06,  1.0003720780883094E+02,  4.8027263783757370E+06, -1.8044019611807016E-09, -3.6526017765936558E-09
   19,3, 40,   15.000, 0.50,     765.000,  7.9647371500415104E+06,  7.9293090639030728E+06,  7.8937067159374002E+06,  7.8579230747226700E+06,  1.0003927674354242E+02,  4.8027250770098809E+06,  1.1185647963429801E-09, -2.5340369802506757E-09
   19,3, 40,   15.000, 0.50,     780.000,  7.9647358307804856E+06,  7.9293067417310104E+06,  7.8937037128625996E+06,  7.8579198294627285E+06,  1.0004132751584865E+02,  4.8027238065418256E+06, -7.0360783865908161E-10, -3.2376448189097573E-09
   19,3, 40,   15.000, 0.50,     795.000,  7.9647345535530411E+06,  7.9293044696800029E+06,  7.8937007685895786E+06,  7.8579166492495546E+06,  1.0004335107815413E+02,  4.8027225666312808E+06,  1.5155876553762937E-10, -3.0860860533721279E-09
   19,3, 40,   15.000, 0.50,     810.000,  7.9647333205951955E+06,  7.9293022445309767E+06,  7.8936978925784510E+06,  7.8579135383969089E+06,  1.0004533982619884E+02,  4.8027213568130620E+06, -1.4819931948295562E-09, -4.5680792482016841E-09
   19,3, 40,   15.000, 0.50,     825.000,  7.9647321320996871E+06,  7.9293000704760356E+06,  7.8936950831302684E+06,  7.8579104961150903E+06,  1.0004728511041840E+02,  4.8027201765000876E+06,  9.9222319249747670E-10, -3.5758560557042074E-09
   19,3, 40,   15.000, 0.50,     840.000,  7.9647309855303559E+06,  7.9292979525968563E+06,  7.8936923313427716E+06,  7.8579075150922043E+06,  1.0004917811085625E+02,  4.8027190249742474E+06,  2.7691982040778385E-10, -3.2989362352964235E-09
   19,3, 40,   15.000, 0.50,     855.000,  7.9647298751265742E+06,  7.9292958903560843E+06,  7.8936896395855276E+06,  7.8579046009756140E+06,  1.0005101268296643E+02,  4.8027179014052004E+06, -7.4856387755062315E-10, -4.0475001128470467E-09
   19,3, 40,   15.000, 0.50,     870.000,  7.9647287947574612E+06,  7.9292938771364735E+06,  7.8936870112936143E+06,  7.8579017496514013E+06,  1.0005278494752682E+02,  4.8027168048874298E+06,  7.4950179396182648E-10, -3.2979983188852202E-09
   19,3, 40,   15.000, 0.50,     885.000,  7.9647277409420349E+06,  7.9292919095513439E+06,  7.8936844408026561E+06,  7.8578989577608686E+06,  1.0005449288288024E+02,  4.8027157344711572E+06, -6.7080208054903778E-10, -3.9688003994342580E-09
   19,3, 40,   15.000, 0.50,     900.000,  7.9647267131207874E+06,  7.9292899911518851E+06,  7.8936819258178594E+06,  7.8578962298888704E+06,  1.0005613928071658E+02,  4.8027146892123837E+06, -4.6692605337739224E-10, -4.4357264528116502E-09
   19,3, 40,   15.000, 0.50,     915.000,  7.9647257122674678E+06,  7.9292881227916544E+06,  7.8936794701910140E+06,  7.8578935605454985E+06,  1.0005773255441615E+02,  4.8027136682511494E+06,  2.1585151444014627E-09, -2.2772113084101875E-09
   19,3, 40,   15.000, 0.50,     930.000,  7.9647247380648609E+06,  7.9292862993286774E+06,  7.8936770714151552E+06,  7.8578909497631621E+06,  1.0005928286765889E+02,  4.8027126708668154E+06,  4.5412207327899523E-10, -1.8230821297038347E-09
   19,3, 40,   15.000, 0.50,     945.000,  7.9647237869804138E+06,  7.9292845179478517E+06,  7.8936747251554048E+06,  7.8578883998078797E+06,  1.0006079871929664E+02,  4.8027116964787170E+06, -5.1072390760964481E-10, -2.3338060373134795E-09
   19,3, 40,   15.000, 0.50,     960.000,  7.9647228551482586E+06,  7.9292827800377514E+06,  7.8936724342798367E+06,  7.8578859052093718E+06,  1.0006228490823281E+02,  4.8027107446059221E+06, -1.3598153714156069E-09, -3.6936285141564440E-09
   19,3, 40,   15.000, 0.50,     975.000,  7.9647219421812864E+06,  7.9292810849577794E+06,  7.8936701980304178E+06,  7.8578834680004837E+06,  1.0006374020761319E+02,  4.8027098147942917E+06,  7.5692696555051953E-10, -2.9367015486059245E-09
   19,3, 40,   15.000, 0.50,     990.000,  7.9647210498268614E+06,  7.9292794288480347E+06,  7.8936680115096588E+06,  7.8578810879792301E+06,  1.0006515930028478E+02,  4.8027089065406015E+06,  5.3736215477329097E-10, -2.3993322884052759E-09
   19,3, 40,   15.000, 0.50,    1005.000,  7.9647201785957497E+06,  7.9292778095855480E+06,  7.8936658766800705E+06,  7.8578787609351724E+06,  1.0006653982013364E+02,  4.8027080192840034E+06, -1.2381988767629082E-09, -3.6375240597408265E-09
   19,3, 40,   15.000, 0.50,    1020.000,  7.9647193274587868E+06,  7.9292762280244399E+06,  7.8936637933269469E+06,  7.8578764894528007E+06,  1.0006788543655213E+02,  4.8027071524734292E+06,  6.6042105117958272E-10, -2.9771030085612438E-09
   19,3, 40,   15.000, 0.50,    1035.000,  7.9647184955097521E+06,  7.9292746830601413E+06,  7.8936617565191118E+06,  7.8578742711588675E+06,  1.0006920146684151E+02,  4.8027063056252049E+06,  2.5800517278184998E-10, -2.7191049412067514E-09
   19,3, 40,   15.000, 0.50,    1050.000,  7.9647176829220848E+06,  7.9292731714339470E+06,  7.8936597677120771E+06,  7.8578721035414524E+06,  1.0007049010523559E+02,  4.8027054783119941E+06, -1.3934240428170597E-09, -4.1125360894511687E-09
   19,3, 40,   15.000, 0.50,    1065.000,  7.9647168898240170E+06,  7.9292716933853533E+06,  7.8936578266248368E+06,  7.8578699886672581E+06,  1.0007174983351580E+02,  4.8027046701115360E+06,  1.2999166187910305E-09, -2.8126123652327806E-09
   19,3, 40,   15.000, 0.50,    1080.000,  7.9647161145864828E+06,  7.9292702503893813E+06,  7.8936559285701476E+06,  7.8578679229059033E+06,  1.0007297832354222E+02,  4.8027038805727130E+06, -1.0032294994744007E-09, -3.8158418647071812E-09
   19,3, 40,   15.000, 0.50,    1095.000,  7.9647153555276943E+06,  7.9292688401506478E+06,  7.8936540749149909E+06,  7.8578659052707972E+06,  1.0007417659275033E+02,  4.8027031092345836E+06, -1.6102319477795390E-09, -5.4260738124867203E-09
   19,3, 40,   15.000, 0.50,    1110.000,  7.9647146135601941E+06,  7.9292674614345413E+06,  7.8936522652375605E+06,  7.8578639364952426E+06,  1.0007534880984673E+02,  4.8027023556751050E+06,  1.9634214254438120E-09, -3.4626452816155506E-09
   19,3, 40,   15.000, 0.50,    1125.000,  7.9647138898070119E+06,  7.9292661157421740E+06,  7.8936504954868201E+06,  7.8578620126923649E+06,  1.0007649663726123E+02,  4.8027016195159610E+06,  2.7208884034735092E-09, -7.4174977271468379E-10
   19,3, 40,   15.000, 0.50,    1140.000,  7.9647131827408550E+06,  7.9292648013669178E+06,  7.8936487672781954E+06,  7.8578601340572014E+06,  1.0007761764929498E+02,  4.8027009003731087E+06, -1.5226291338876763E-09, -2.2643860120297177E-09
   19,3, 40,   15.000, 0.50,    1155.000,  7.9647124908840433E+06,  7.9292635158678591E+06,  7.8936470800737794E+06,  7.8578582998586632E+06,  1.0007871102965645E+02,  4.8027001978382003E+06, -5.6447646556989639E-10, -2.8288695830269717E-09
   19,3, 40,   15.000, 0.50,    1170.000,  7.9647118148584915E+06,  7.9292622602851465E+06,  7.8936454305788558E+06,  7.8578565068061166E+06,  1.0007977976588496E+02,  4.8026995115191676E+06,  7.5544903666013852E-10, -2.0734205463668332E-09
   19,3, 40,   15.000, 0.50,    1185.000,  7.9647111548223775E+06,  7.9292610343216928E+06,  7.8936438203642126E+06,  7.8578547558359485E+06,  1.0008082580857284E+02,  4.8026988410609746E+06, -1.3706085155718029E-09, -3.4440290619386360E-09
   19,3, 40,   15.000, 0.50,    1200.000,  7.9647105097326348E+06,  7.9292598359306287E+06,  7.8936422482014401E+06,  7.8578530453093313E+06,  1.0008184795933933E+02,  4.8026981861142339E+06, -5.7951865528593771E-11, -3.5019809274672298E-09
   19,3, 40,   15.000, 0.50,    1215.000,  7.9647098793598339E+06,  7.9292586655074004E+06,  7.8936407111698706E+06,  7.8578513732423503E+06,  1.0008284545570558E+02,  4.8026975463148486E+06,  1.8316157479603135E-09, -1.6703722849342739E-09
   19,3, 40,   15.000, 0.50,    1230.000,  7.9647092638730882E+06,  7.9292575229610242E+06,  7.8936392105846023E+06,  7.8578497407515571E+06,  1.0008381994819938E+02,  4.8026969213053752E+06, -2.7004105618289032E-09, -4.3707757413358195E-09
   19,3, 40,   15.000, 0.50,    1245.000,  7.9647086625251360E+06,  7.9292564062107522E+06,  7.8936377447585119E+06,  7.8578481457017334E+06,  1.0008477314809008E+02,  4.8026963107535969E+06, -3.9801051343602012E-10, -4.7687933601991972E-09
   19,3, 40,   15.000, 0.50,    1260.000,  7.9647080747252963E+06,  7.9292553150225459E+06,  7.8936363116224473E+06,  7.8578465872749696E+06,  1.0008570470880656E+02,  4.8026957143375250E+06,  1.2865655207860982E-09, -3.4822278394130990E-09
   19,3, 40,   15.000, 0.50,    1275.000,  7.9647075007884130E+06,  7.9292542497809734E+06,  7.8936349126224024E+06,  7.8578450658894973E+06,  1.0008661380935527E+02,  4.8026951317264140E+06,  2.7935413982049795E-09, -6.8868644120811950E-10
   19,3, 40,   15.000, 0.50,    1290.000,  7.9647069405661058E+06,  7.9292532090846281E+06,  7.8936335459185271E+06,  7.8578435789972106E+06,  1.0008750166449164E+02,  4.8026945625924645E+06, -3.3178793046317878E-09, -4.0065657458399073E-09
   19,3, 40,   15.000, 0.50,    1305.000,  7.9647063930409895E+06,  7.9292521921937726E+06,  7.8936322100272113E+06,  7.8578421264864197E+06,  1.0008837001512423E+02,  4.8026940066300631E+06,  1.4387708802132693E-09, -2.5677877601992805E-09
   19,3, 40,   15.000, 0.50,    1320.000,  7.9647058579047341E+06,  7.9292511991827739E+06,  7.8936309059610562E+06,  7.8578407080212105E+06,  1.0008921834271686E+02,  4.8026934635427464E+06, -4.8513726369492360E-10, -3.0529179184668465E-09
   19,3, 40,   15.000, 0.50,    1335.000,  7.9647053356315596E+06,  7.9292502289971095E+06,  7.8936296316716289E+06,  7.8578393215091452E+06,  1.0009004594803980E+02,  4.8026929330249270E+06, -1.2519763004092965E-11, -3.0654376814709394E-09
   19,3, 40,   15.000, 0.50,    1350.000,  7.9647048257074440E+06,  7.9292492809516685E+06,  7.8936283863790175E+06,  7.8578379674951658E+06,  1.0009085451328595E+02,  4.8026924147783872E+06,  1.8847146066036657E-10, -2.8769591153832152E-09
   19,3, 40,   15.000, 0.50,    1365.000,  7.9647043271258762E+06,  7.9292483552374868E+06,  7.8936271708049402E+06,  7.8578366450383039E+06,  1.0009164521363495E+02,  4.8026919085263386E+06, -4.4384762531990418E-10, -3.3208067407031194E-09
   19,3, 40,   15.000, 0.50,    1380.000,  7.9647038400883395E+06,  7.9292474509930899E+06,  7.8936259828485996E+06,  7.8578353526086602E+06,  1.0009241705263580E+02,  4.8026914139933372E+06,  1.5241923279063485E-09, -1.7966215182241285E-09
   19,3, 40,   15.000, 0.50,    1395.000,  7.9647033647669563E+06,  7.9292465672635995E+06,  7.8936248221343551E+06,  7.8578340906291204E+06,  1.0009317028009697E+02,  4.8026909308983302E+06, -2.5129978098448191E-09, -4.3096122226415901E-09
   19,3, 40,   15.000, 0.50,    1410.000,  7.9647029002320329E+06,  7.9292457042136434E+06,  7.8936236888954332E+06,  7.8578328575661862E+06,  1.0009390669105750E+02,  4.8026904589756159E+06,  2.0782877641067898E-09, -2.2313315639621578E-09
   19,3, 40,   15.000, 0.50,    1425.000,  7.9647024461833984E+06,  7.9292448613590105E+06,  7.8936225812397292E+06,  7.8578316526679825E+06,  1.0009462633929481E+02,  4.8026899979733424E+06, -1.1273399991296174E-09, -3.3586786685191328E-09
   19,3, 40,   15.000, 0.50,    1440.000,  7.9647020029363660E+06,  7.9292440377117116E+06,  7.8936214993273020E+06,  7.8578304762445465E+06,  1.0009532859778530E+02,  4.8026895476353709E+06,  3.3857361358968774E-10, -3.0201050549294450E-09
   19,3, 40,   15.000, 0.50,    1455.000,  7.9647015699225795E+06,  7.9292432332191654E+06,  7.8936204429825665E+06,  7.8578293266575644E+06,  1.0009601461873189E+02,  4.8026891077094954E+06,  6.0638427612502710E-10, -2.4137136733770603E-09
   19,3, 40,   15.000, 0.50,    1470.000,  7.9647011467004307E+06,  7.9292424474653723E+06,  7.8936194104259983E+06,  7.8578282036565281E+06,  1.0009668537217659E+02,  4.8026886779594254E+06, -1.7894521420203091E-09, -4.2031729208247270E-09
   19,3, 40,   15.000, 0.50,    1485.000,  7.9647007334707091E+06,  7.9292416796036800E+06,  7.8936184019599222E+06,  7.8578271069972226E+06,  1.0009734036908770E+02,  4.8026882581524868E+06,  1.8993446815329662E-09, -2.3038353447191184E-09
   19,3, 40,   15.000, 0.50,    1500.000,  7.9647003298016423E+06,  7.9292409296754571E+06,  7.8936174170954386E+06,  7.8578260351843210E+06,  1.0009797984129233E+02,  4.8026878480540654E+06,  7.6238393376115710E-10, -1.5414514109579613E-09
   19,3, 40,   15.000, 0.50,    1515.000,  7.9646999352693707E+06,  7.9292401972496221E+06,  7.8936164545028629E+06,  7.8578249884117497E+06,  1.0009860489860259E+02,  4.8026874474396147E+06,  1.0244605164189124E-10, -1.4390053593160701E-09
   19,3, 40,   15.000, 0.50,    1530.000,  7.9646995500628594E+06,  7.9292394814059865E+06,  7.8936155145697938E+06,  7.8578239660523599E+06,  1.0009921566981104E+02,  4.8026870560938772E+06, -6.0422422620831640E-10, -2.0432366909517441E-09
   19,3, 40,   15.000, 0.50,    1545.000,  7.9646991737833088E+06,  7.9292387822800633E+06,  7.8936145964238821E+06,  7.8578229669492692E+06,  1.0009981191731222E+02,  4.8026866738007795E+06, -1.0993588261953846E-09, -3.1425884117197711E-09
   19,3, 40,   15.000, 0.50,    1560.000,  7.9646988059539199E+06,  7.9292380995492237E+06,  7.8936136990803797E+06,  7.8578219912949093E+06,  1.0010039435414143E+02,  4.8026863003478153E+06, -1.4121326330496231E-10, -3.2838016750247334E-09
   19,3, 40,   15.000, 0.50,    1575.000,  7.9646984468212230E+06,  7.9292374322405681E+06,  7.8936128229282601E+06,  7.8578210381005378E+06,  1.0010096363887753E+02,  4.8026859355327636E+06,  6.9041306005601655E-10, -2.5933957203960745E-09
   19,3, 40,   15.000, 0.50,    1590.000,  7.9646980961095206E+06,  7.9292367804587604E+06,  7.8936119669466382E+06,  7.8578201067406954E+06,  1.0010151961401326E+02,  4.8026855791571587E+06, -1.5488339499825088E-09, -4.1422367758059409E-09
   19,3, 40,   15.000, 0.50,    1605.000,  7.9646977532328442E+06,  7.9292361439800467E+06,  7.8936111304959254E+06,  7.8578191973389825E+06,  1.0010206248724042E+02,  4.8026852310229195E+06,  1.3932250908510468E-09, -2.7490045795275364E-09
   19,3, 40,   15.000, 0.50,    1620.000,  7.9646974183858810E+06,  7.9292355219387859E+06,  7.8936103137814654E+06,  7.8578183087139102E+06,  1.0010259305879076E+02,  4.8026848909395142E+06, -6.0930460676900111E-10, -3.3583091862965375E-09
   19,3, 40,   15.000, 0.50,    1635.000,  7.9646970914734118E+06,  7.9292349143859902E+06,  7.8936095157341864E+06,  7.8578174405697575E+06,  1.0010311148236597E+02,  4.8026845587235736E+06,  7.4471984135016100E-10, -2.6135893449463765E-09
   19,3, 40,   15.000, 0.50,    1650.000,  7.9646967718812469E+06,  7.9292343210241124E+06,  7.8936087360633044E+06,  7.8578165927918097E+06,  1.0010361761246432E+02,  4.8026842341917856E+06,  7.6637007850877126E-10, -1.8472121610102477E-09
   19,3, 40,   15.000, 0.50,    1665.000,  7.9646964596677637E+06,  7.9292337411212362E+06,  7.8936079747393029E+06,  7.8578157643358540E+06,  1.0010411208372716E+02,  4.8026839171645064E+06, -6.1190519318188308E-10, -2.4591173541921307E-09
   19,3, 40,   15.000, 0.50,    1680.000,  7.9646961548937699E+06,  7.9292331747973021E+06,  7.8936072307118541E+06,  7.8578149551736712E+06,  1.0010459537705675E+02,  4.8026836074704630E+06,  7.6000361559636076E-10, -1.6991066331684124E-09
   19,3, 40,   15.000, 0.50,    1695.000,  7.9646958570299558E+06,  7.9292326216642950E+06,  7.8936065039598942E+06,  7.8578141648375737E+06,  1.0010506726723237E+02,  4.8026833049402935E+06, -1.6554366766285966E-09, -3.3545433097970090E-09
   19,3, 40,   15.000, 0.50,    1710.000,  7.9646955659707692E+06,  7.9292320810488230E+06,  7.8936057942532040E+06,  7.8578133924894091E+06,  1.0010552812504376E+02,  4.8026830094057359E+06,  2.6609825454215752E-10, -3.0884450552548515E-09
   19,3, 40,   15.000, 0.50,    1725.000,  7.9646952818195131E+06,  7.9292315531358914E+06,  7.8936051006383160E+06,  7.8578126382471053E+06,  1.0010597863132131E+02,  4.8026827207064098E+06,  1.1565717272787879E-09, -1.9318804334034212E-09
   19,3, 40,   15.000, 0.50,    1740.000,  7.9646950041847844E+06,  7.9292310375005826E+06,  7.8936044232037002E+06,  7.8578119014364854E+06,  1.0010641863169593E+02,  4.8026824386858838E+06,  1.3639009921462275E-09, -5.6797944125719368E-10
   19,3, 40,   15.000, 0.50,    1755.000,  7.9646947328639412E+06,  7.9292305335248029E+06,  7.8936037615580261E+06,  7.8578111814787537E+06,  1.0010684821594080E+02,  4.8026821631872403E+06, -7.9297990396298701E-10, -1.3609593452201807E-09
   19,3, 40,   15.000, 0.50,    1770.000,  7.9646944679355044E+06,  7.9292300414069658E+06,  7.8936031149714841E+06,  7.8578104784072749E+06,  1.0010726811122848E+02,  4.8026818940596925E+06, -1.5105285910976818E-09, -2.8714879363178625E-09
   19,3, 40,   15.000, 0.50,    1785.000,  7.9646942091379007E+06,  7.9292295607187618E+06,  7.8936024835288543E+06,  7.8578097914571222E+06,  1.0010767833365030E+02,  4.8026816311580306E+06,  1.4916068380443903E-09, -1.3798739928461146E-09
   19,3, 40,   15.000, 0.50,    1800.000,  7.9646939562364658E+06,  7.9292290909280004E+06,  7.8936018666654173E+06,  7.8578091203617938E+06,  1.0010807879462544E+02,  4.8026813743364913E+06, -1.3210481597525359E-09, -2.7009150471712928E-09
   20,3, 40,   60.000, 0.50,       0.000,  7.9647703722856510E+06,  7.9293842236631857E+06,  7.8938394491982115E+06,  7.8581338963495167E+06,  1.0000000000000000E+02,  4.8027768277280563E+06,  0.0000000000000000E+00,  0.0000000000000000E+00
   20,3, 40,   60.000, 0.50,      60.000,  7.9647703720473479E+06,  7.9293842189994473E+06,  7.8938393579258732E+06,  7.8581321053068340E+06,  1.0000000004209538E+02,  4.8027767359602852E+06, -2.0845050130446907E-09, -2.0845050130446907E-09
   20,3, 40,   60.000, 0.50,     120.000,  7.9647703678799141E+06,  7.9293841593567887E+06,  7.8938386219537165E+06,  7.8581261280144127E+06,  1.0000000096005095E+02,  4.8027762861281829E+06,  8.1936946116911713E-10, -1.2651355518755736E-09
   20,3, 40,   60.000, 0.50,     180.000,  7.9647703344991384E+06,  7.9293838168410519E+06,  7.8938360125232637E+06,  7.8581152773730960E+06,  1.0000001023915283E+02,  4.8027751554683698E+06, -1.6763124222052284E-09, -2.9414479740808019E-09
   20,3, 40,   60.000, 0.50,     240.000,  7.9647701722168634E+06,  7.9293826421431480E+06,  7.8938304286121530E+06,  7.8580995120709948E+06,  1.0000006785802923E+02,  4.8027730893154964E+06, -1.4121326330496231E-09, -4.3535806071304251E-09
   20,3, 40,   60.000, 0.50,     300.000,  7.9647696359499553E+06,  7.9293799127356838E+06,  7.8938216904791603E+06,  7.8580794704251410E+06,  1.0000031356550301E+02,  4.8027699301650692E+06,  2.3724737729935441E-09, -1.9811068341368809E-09
   20,3, 40,   60.000, 0.50,     360.000,  7.9647683508045096E+06,  7.9293751890129112E+06,  7.8938099858574029E+06,  7.8580562657457748E+06,  1.0000107683638335E+02,  4.8027656424702592E+06, -2.0957600099791307E-09, -4.0768668441160116E-09
   20,3, 40,   60.000, 0.50,     420.000,  7.9647659991387958E+06,  7.9293684696733830E+06,  7.8937956098456280E+06,  7.8580314259733725E+06,  1.0000287106299822E+02,  4.8027603294030279E+06, -2.7299051907903049E-10, -4.3498573631950421E-09
   20,3, 40,   60.000, 0.50,     480.000,  7.9647625212686686E+06,  7.9293599032170149E+06,  7.8937793915225966E+06,  7.8580066793351555E+06,  1.0000616819409063E+02,  4.8027542315765293E+06,  1.2751115718856454E-09, -3.0747457913093967E-09
   20,3, 40,   60.000, 0.50,     540.000,  7.9647580767315486E+06,  7.9293497768734870E+06,  7.8937623244196679E+06,  7.8579837992717465E+06,  1.0001109359196347E+02,  4.8027476992922798E+06,  1.3319834124558838E-09, -1.7427623788535129E-09
   20,3, 40,   60.000, 0.50,     600.000,  7.9647528800138980E+06,  7.9293387078144290E+06,  7.8937454583624527E+06,  7.8579644312296705E+06,  1.0001740583187669E+02,  4.8027411460440252E+06, -1.7334969015792012E-09, -3.4762592804327141E-09
   20,3, 40,   60.000, 0.50,     660.000,  7.9647472049666122E+06,  7.9293274288758729E+06,  7.8937299216996273E+06,  7.8579481130020469E+06,  1.0002476869631008E+02,  4.8027349112798702E+06, -6.0333604778861627E-10, -4.0795953282213304E-09
   20,3, 40,   60.000, 0.50,     720.000,  7.9647414334287774E+06,  7.9293166031965250E+06,  7.8937161725058416E+06,  7.8579333867585463E+06,  1.0003284191148607E+02,  4.8027291395981060E+06,  1.9524293293216033E-09, -2.1271659988997271E-09
   20,3, 40,   60.000, 0.50,     780.000,  7.9647359408161668E+06,  7.9293067685366869E+06,  7.8937038524292801E+06,  7.8579199481808534E+06,  1.0004111734112682E+02,  4.8027238583756844E+06, -6.2755134422332048E-11, -2.1899211333220592E-09
   20,3, 40,   60.000, 0.50,     840.000,  7.9647309911774630E+06,  7.9292980156583134E+06,  7.8936924569153991E+06,  7.8579076287634363E+06,  1.0004900130832762E+02,  4.8027190619351678E+06, -2.3169377527665347E-10, -2.4216149085987126E-09
   20,3, 40,   60.000, 0.50,     900.000,  7.9647266808703458E+06,  7.9292900751898568E+06,  7.8936819865211500E+06,  7.8578963307793885E+06,  1.0005611872387574E+02,  4.8027147155361334E+06, -4.7424464355572127E-10, -2.8958595521544339E-09
   20,3, 40,   60.000, 0.50,     960.000,  7.9647228743213424E+06,  7.9292828147066282E+06,  7.8936725283592390E+06,  7.8578859970877860E+06,  1.0006236913990999E+02,  4.8027107701720465E+06, -4.6065906644798815E-10, -3.3565186186024221E-09
   20,3, 40,   60.000, 0.50,    1020.000,  7.9647193697838653E+06,  7.9292762456768220E+06,  7.8936638450969066E+06,  7.8578765561828269E+06,  1.0006786699087365E+02,  4.8027071772559704E+06,  4.1913494897016790E-10, -2.9373836696322542E-09
   20,3, 40,   60.000, 0.50,    1080.000,  7.9647161317920424E+06,  7.9292702953542955E+06,  7.8936559589922223E+06,  7.8578679735082705E+06,  1.0007289392552043E+02,  4.8027039000834627E+06,  4.5920955926703755E-10, -2.4781741103652166E-09
   20,3, 40,   60.000, 0.50,    1140.000,  7.9647131941238707E+06,  7.9292648401065608E+06,  7.8936488181747533E+06,  7.8578601617234703E+06,  1.0007759539970220E+02,  4.8027009147632187E+06, -6.6356165007164236E-10, -3.1417357604368590E-09
   20,3, 40,   60.000, 0.50,    1200.000,  7.9647105239884052E+06,  7.9292598522387631E+06,  7.8936422640535701E+06,  7.8578530747739403E+06,  1.0008185750083268E+02,  4.8026981983502349E+06,  1.1863221516250633E-10, -3.0231035452743527E-09
   20,3, 40,   60.000, 0.50,    1260.000,  7.9647080858276822E+06,  7.9292553359321356E+06,  7.8936363412841167E+06,  7.8578466094408976E+06,  1.0008567325945823E+02,  4.8026957242730437E+06,  6.8695271693286486E-11, -2.9544082735810662E-09
   20,3, 40,   60.000, 0.50,    1320.000,  7.9647058652712433E+06,  7.9292512102970090E+06,  7.8936309220999703E+06,  7.8578407320385855E+06,  1.0008919286096501E+02,  4.8026934702566564E+06,  2.6261659513693303E-11, -2.9281466140673729E-09
   20,3, 40,   60.000, 0.50,    1380.000,  7.9647038445325689E+06,  7.9292474551623072E+06,  7.8936259889817256E+06,  7.8578353633203926E+06,  1.0009242262234717E+02,  4.8026914187211562E+06,  4.2092551666428335E-10, -2.5072210974030895E-09
   20,3, 40,   60.000, 0.50,    1440.000,  7.9647020050559100E+06,  7.9292440520211868E+06,  7.8936215159137081E+06,  7.8578304866550053E+06,  1.0009532427577874E+02,  4.8026895511281006E+06,  6.3175775721902028E-10, -1.8754633401840692E-09
   20,3, 40,   60.000, 0.50,    1500.000,  7.9647003309882153E+06,  7.9292409275958817E+06,  7.8936174148715325E+06,  7.8578260373702189E+06,  1.0009797019031653E+02,  4.8026878499620799E+06, -3.5643097362481058E-09, -5.4397730764321750E-09
   20,3, 40,   60.000, 0.50,    1560.000,  7.9646988087132974E+06,  7.9292380999996848E+06,  7.8936137059742631E+06,  7.8578219957765900E+06,  1.0010039783158400E+02,  4.8026863010027390E+06,  2.0837660485995002E-09, -3.3560070278326748E-09
   20,3, 40,   60.000, 0.50,    1620.000,  7.9646974176663747E+06,  7.9292355273471056E+06,  7.8936103097399883E+06,  7.8578183074758463E+06,  1.0010259537968132E+02,  4.8026848907990791E+06,  2.1333335098461248E-09, -1.2226735179865500E-09
   20,3, 40,   60.000, 0.50,    1680.000,  7.9646961522241440E+06,  7.9292331662742710E+06,  7.8936072285357714E+06,  7.8578149521810086E+06,  1.0010459230859283E+02,  4.8026836064297259E+06, -1.4293561889644479E-09, -2.6520297069509979E-09
   20,3, 40,   60.000, 0.50,    1740.000,  7.9646950050695390E+06,  7.9292310382843465E+06,  7.8936044221347561E+06,  7.8578118964927895E+06,  1.0010642231900441E+02,  4.8026824368685549E+06,  1.1100098618044285E-09, -1.5420198451465694E-09
   20,3, 40,   60.000, 0.50,    1800.000,  7.9646939523790888E+06,  7.9292290864323229E+06,  7.8936018565300666E+06,  7.8578091146055982E+06,  1.0010808569684612E+02,  4.8026813721090304E+06, -5.4910742619540542E-11, -1.5969305877661100E-09
   21,3, 40,   15.000, 0.65,       0.000,  7.9647703722856510E+06,  7.9293842236631857E+06,  7.8938394491982115E+06,  7.8581338963495167E+06,  1.0000000000000000E+02,  4.8027768277280563E+06,  0.0000000000000000E+00,  0.0000000000000000E+00
   21,3, 40,   15.000, 0.65,      15.000,  7.9647703722856510E+06,  7.9293842236631652E+06,  7.8938394491556678E+06,  7.8581338056501402E+06,  1.0000000000000017E+02,  4.8027768258495517E+06, -4.8866297673350219E-09, -4.8866297672808118E-09
   21,3, 40,   15.000, 0.65,      30.000,  7.9647703722856510E+06,  7.9293842236626893E+06,  7.8938394485786026E+06,  7.8581335046949312E+06,  1.0000000000000000E+02,  4.8027768173356364E+06,  1.9651800180642970E-09, -2.9214497487828339E-09
   21,3, 40,   15.000, 0.65,      45.000,  7.9647703722856455E+06,  7.9293842236571880E+06,  7.8938394448385788E+06,  7.8581329681766210E+06,  9.9999999999999801E+01,  4.8027767964587947E+06,  1.3822472055835533E-09, -1.5392025431992806E-09
   21,3, 40,   15.000, 0.65,      60.000,  7.9647703722855877E+06,  7.9293842236161530E+06,  7.8938394293748941E+06,  7.8581321835073605E+06,  9.9999999999999829E+01,  4.8027767575677363E+06, -3.1603306638317008E-09, -4.6995332070309814E-09
   21,3, 40,   15.000, 0.65,      75.000,  7.9647703722851267E+06,  7.9293842233938454E+06,  7.8938393833179474E+06,  7.8581311269686669E+06,  1.0000000000000239E+02,  4.8027766951222485E+06,  2.6170674542400074E-09, -2.0824657553930592E-09
   21,3, 40,   15.000, 0.65,      90.000,  7.9647703722822731E+06,  7.9293842224609153E+06,  7.8938392771415105E+06,  7.8581297856854601E+06,  1.0000000000002431E+02,  4.8027766037273193E+06, -1.7475549844020444E-09, -3.8300207449992740E-09
   21,3, 40,   15.000, 0.65,     105.000,  7.9647703722679010E+06,  7.9293842193012796E+06,  7.8938390773409102E+06,  7.8581281480219616E+06,  1.0000000000016908E+02,  4.8027764781664368E+06, -1.8015810544780297E-10, -4.0101788556512474E-09
   21,3, 40,   15.000, 0.65,     120.000,  7.9647703722074172E+06,  7.9293842104105446E+06,  7.8938387559385290E+06,  7.8581262040677080E+06,  1.0000000000097387E+02,  4.8027763134337356E+06,  3.5959786155725926E-09, -4.1420022967031400E-10
   21,3, 40,   15.000, 0.65,     135.000,  7.9647703719903259E+06,  7.9293841891522249E+06,  7.8938382947129933E+06,  7.8581239478792651E+06,  1.0000000000483465E+02,  4.8027761047648722E+06, -2.2182824622324349E-09, -2.6324826762902376E-09
   21,3, 40,   15.000, 0.65,     150.000,  7.9647703713152800E+06,  7.9293841451287856E+06,  7.8938376819599532E+06,  7.8581213757447535E+06,  1.0000000002093806E+02,  4.8027758476665048E+06,  7.8629368641114361E-10, -1.8461889794707531E-09
   21,3, 40,   15.000, 0.65,     165.000,  7.9647703694735747E+06,  7.9293840647706892E+06,  7.8938369075524462E+06,  7.8581184865546459E+06,  1.0000000008006710E+02,  4.8027755379442116E+06, -7.7533356471204407E-10, -2.6215225545911380E-09
   21,3, 40,   15.000, 0.65,     180.000,  7.9647703650174728E+06,  7.9293839332165886E+06,  7.8938359614883456E+06,  7.8581152819641614E+06,  1.0000000027313800E+02,  4.8027751717290748E+06,  7.4472695718585946E-10, -1.8767956078136194E-09
   21,3, 40,   15.000, 0.65,     195.000,  7.9647703553641485E+06,  7.9293837365988586E+06,  7.8938348350021765E+06,  7.8581117660387838E+06,  1.0000000083828590E+02,  4.8027747455032812E+06,  4.0780531382345053E-10, -1.4689902627651463E-09
   21,3, 40,   15.000, 0.65,     210.000,  7.9647703364726044E+06,  7.9293834634660948E+06,  7.8938335212266156E+06,  7.8581079452982387E+06,  1.0000000233152763E+02,  4.8027742561257165E+06, -4.7216634768698640E-10, -1.9411565688187693E-09
   21,3, 40,   15.000, 0.65,     225.000,  7.9647703027778100E+06,  7.9293831047614468E+06,  7.8938320149221150E+06,  7.8581038286397336E+06,  1.0000000591453917E+02,  4.8027737008589711E+06, -1.9900596726074582E-09, -3.9312162414262275E-09
   21,3, 40,   15.000, 0.65,     240.000,  7.9647702475046245E+06,  7.9293826529056784E+06,  7.8938303122836733E+06,  7.8580994271993740E+06,  1.0000001376515979E+02,  4.8027730773994662E+06,  1.2519834266533358E-09, -2.6792328355895734E-09
   21,3, 40,   15.000, 0.65,     255.000,  7.9647701633099159E+06,  7.9293821009955704E+06,  7.8938284110334348E+06,  7.8580947542764153E+06,  1.0000002955398317E+02,  4.8027723839118555E+06,  1.0282334983457986E-09, -1.6509993372437748E-09
   21,3, 40,   15.000, 0.65,     270.000,  7.9647700430162149E+06,  7.9293814426188655E+06,  7.8938263104578825E+06,  7.8580898252165578E+06,  1.0000005884950326E+02,  4.8027716190673057E+06, -3.0374351714379522E-09, -4.6884345294984087E-09
   21,3, 40,   15.000, 0.65,     285.000,  7.9647698801493067E+06,  7.9293806720590983E+06,  7.8938240113539919E+06,  7.8580846572844163E+06,  1.0000010926073602E+02,  4.8027707820826303E+06,  2.2535466825956973E-09, -2.4348878469027113E-09
   21,3, 40,   15.000, 0.65,     300.000,  7.9647696691308478E+06,  7.9293797844755081E+06,  7.8938215159989661E+06,  7.8580792695386317E+06,  1.0000019015786803E+02,  4.8027698727546772E+06, -1.9856933458628490E-09, -4.4205812343989237E-09
   21,3, 40,   15.000, 0.65,     315.000,  7.9647694052004432E+06,  7.9293787759283157E+06,  7.8938188281322680E+06,  7.8580736826912034E+06,  1.0000031195114671E+02,  4.8027688914835202E+06,  1.9303030285300338E-09, -2.4902782058688899E-09
   21,3, 40,   15.000, 0.65,     330.000,  7.9647690842712941E+06,  7.9293776433577165E+06,  7.8938159529159553E+06,  7.8580679189600600E+06,  1.0000048510510028E+02,  4.8027678392793974E+06,  1.9047838861752098E-09, -5.8549431969368015E-10
   21,3, 40,   15.000, 0.65,     345.000,  7.9647687028756114E+06,  7.9293763846025532E+06,  7.8938128968861690E+06,  7.8580620019158255E+06,  1.0000071920491784E+02,  4.8027667177526178E+06, -1.8913189764324656E-09, -2.4768134210262360E-09
   21,3, 40,   15.000, 0.65,     360.000,  7.9647682582107019E+06,  7.9293749984433753E+06,  7.8938096679031383E+06,  7.8580559563204767E+06,  1.0000102237253869E+02,  4.8027655290900841E+06, -7.5664638443662113E-10, -3.2334597221961303E-09
   21,3, 40,   15.000, 0.65,     375.000,  7.9647677481988259E+06,  7.9293734846371431E+06,  7.8938062750939447E+06,  7.8580498079606527E+06,  1.0000140114882458E+02,  4.8027642760248240E+06,  8.8186524749289674E-10, -2.3515944747032336E-09
   21,3, 40,   15.000, 0.65,     390.000,  7.9647671714864438E+06,  7.9293718439425910E+06,  7.8938027287887922E+06,  7.8580435834761895E+06,  1.0000186072883005E+02,  4.8027629618044998E+06,  4.4287765121886480E-10, -1.9087167402176419E-09
   21,3, 40,   15.000, 0.65,     405.000,  7.9647665273790592E+06,  7.9293700781428907E+06,  7.8937990404537544E+06,  7.8580373101845095E+06,  1.0000240530714528E+02,  4.8027615901618730E+06, -2.2454109266378808E-09, -4.1541277084888861E-09
   21,3, 40,   15.000, 0.65,     420.000,  7.9647658157551289E+06,  7.9293681900594439E+06,  7.8937952226201007E+06,  7.8580310159024112E+06,  1.0000303832504899E+02,  4.8027601652869275E+06,  2.3790286129976579E-09, -1.7750991787579551E-09
   21,3, 40,   15.000, 0.65,     435.000,  7.9647650369996959E+06,  7.9293661835466232E+06,  7.8937912888105493E+06,  7.8580247287664469E+06,  1.0000376255090009E+02,  4.8027586917985650E+06,  7.0542557906172476E-11, -1.7045564959516923E-09
   21,3, 40,   15.000, 0.65,     450.000,  7.9647641919716103E+06,  7.9293640634634085E+06,  7.8937872534628725E+06,  7.8580184770533079E+06,  1.0000458004966373E+02,  4.8027571747141033E+06, -2.4398510711787225E-09, -4.1444074838636880E-09
   21,3, 40,   15.000, 0.65,     465.000,  7.9647632819972755E+06,  7.9293618356233798E+06,  7.8937831318500768E+06,  7.8580122890018653E+06,  1.0000549213204346E+02,  4.8027556194158560E+06,  2.3314505465110713E-09, -1.8129568957192532E-09
   21,3, 40,   15.000, 0.65,     480.000,  7.9647623088762555E+06,  7.9293595067281649E+06,  7.8937789399955198E+06,  7.8580061926384093E+06,  1.0000649933385156E+02,  4.8027540316151148E+06, -1.0667768890471052E-09, -2.8797337847663584E-09
   21,3, 40,   15.000, 0.65,     495.000,  7.9647612748849764E+06,  7.9293570842924956E+06,  7.8937746945810756E+06,  7.8580002156064808E+06,  1.0000760142504458E+02,  4.8027524173142128E+06,  2.5256668284567851E-09, -3.5406699794293672E-10
   21,3, 40,   15.000, 0.65,     510.000,  7.9647601827700725E+06,  7.9293545765695032E+06,  7.8937704128466863E+06,  7.8579943850023421E+06,  1.0000879742815562E+02,  4.8027507827669615E+06, -2.6719427087540382E-09, -3.0260096650636115E-09
   21,3, 40,   15.000, 0.65,     525.000,  7.9647590357302101E+06,  7.9293519924816871E+06,  7.8937661124807028E+06,  7.8579887272164645E+06,  1.0001008563460381E+02,  4.8027491344377920E+06,  1.1798598070766886E-09, -1.8461498996202863E-09
   21,3, 40,   15.000, 0.65,     540.000,  7.9647578373904834E+06,  7.9293493415581211E+06,  7.8937618115020748E+06,  7.8579832677807612E+06,  1.0001146362037554E+02,  4.8027474789596349E+06, -1.2118519937542871E-09, -3.0580018517412100E-09
   21,3, 40,   15.000, 0.65,     555.000,  7.9647565917741098E+06,  7.9293466338747712E+06,  7.8937575281371223E+06,  7.8579780312206615E+06,  1.0001292826585421E+02,  4.8027458230908951E+06,  7.8047431018024582E-10, -2.2775274999276007E-09
   21,3, 40,   15.000, 0.65,     570.000,  7.9647553032735819E+06,  7.9293438799935933E+06,  7.8937532806945508E+06,  7.8579730409109155E+06,  1.0001447578114802E+02,  4.8027441736716945E+06,  1.4619772059631941E-10, -2.1313297793312813E-09
   21,3, 40,   15.000, 0.65,     585.000,  7.9647539766209479E+06,  7.9293410908973766E+06,  7.8937490874421913E+06,  7.8579683189342991E+06,  1.0001610173569085E+02,  4.8027425375797320E+06,  5.3179145809156836E-10, -1.5995382796063495E-09
   21,3, 40,   15.000, 0.65,     600.000,  7.9647526168563208E+06,  7.9293382779197134E+06,  7.8937449664878473E+06,  7.8579638859432386E+06,  1.0001780109104951E+02,  4.8027409216859816E+06, -4.2999204197258223E-10, -2.0295303215789318E-09
   21,3, 40,   15.000, 0.65,     615.000,  7.9647512292943206E+06,  7.9293354526713155E+06,  7.8937409356224202E+06,  7.8579596703176014E+06,  1.0001956823690732E+02,  4.8027393309320183E+06, -1.0733991889777528E-09, -3.1029330216369999E-09
   21,3, 40,   15.000, 0.65,     630.000,  7.9647498194888039E+06,  7.9293326269641565E+06,  7.8937370118030487E+06,  7.8579555698712049E+06,  1.0002139703033764E+02,  4.8027377672863090E+06,  1.1386021431247784E-09, -1.9643309201455850E-09
   21,3, 40,   15.000, 0.65,     645.000,  7.9647483931963183E+06,  7.9293298127318593E+06,  7.8937332093597846E+06,  7.8579515748521434E+06,  1.0002328083817019E+02,  4.8027362316088900E+06, -4.7607441600039380E-10, -2.4404087639595673E-09
   21,3, 40,   15.000, 0.65,     660.000,  7.9647469563386003E+06,  7.9293270219321735E+06,  7.8937295360966129E+06,  7.8579476863184189E+06,  1.0002521258208832E+02,  4.8027347246559653E+06, -4.0848044391417204E-10, -2.8488926773206913E-09
   21,3, 40,   15.000, 0.65,     675.000,  7.9647455149640981E+06,  7.9293242663823413E+06,  7.8937259888133574E+06,  7.8579438921915991E+06,  1.0002718478616465E+02,  4.8027332470736858E+06, -6.6177831270497478E-10, -3.5106708651255758E-09
   21,3, 40,   15.000, 0.65,     690.000,  7.9647440752078723E+06,  7.9293215574159333E+06,  7.8937225528559228E+06,  7.8579401891513327E+06,  1.0002918962655055E+02,  4.8027317993926732E+06,  1.2043273461825876E-09, -2.3063435605763516E-09
   21,3, 40,   15.000, 0.65,     705.000,  7.9647426432470698E+06,  7.9293189052058645E+06,  7.8937192086919118E+06,  7.8579365729698343E+06,  1.0003121898307694E+02,  4.8027303820232991E+06,  1.5354223725783100E-09, -7.7092465744499350E-10
   21,3, 40,   15.000, 0.65,     720.000,  7.9647412252435209E+06,  7.9293163176902169E+06,  7.8937159413185529E+06,  7.8579330389480153E+06,  1.0003326449262190E+02,  4.8027289952517599E+06, -3.4435955892364589E-09, -4.2145202883148158E-09
   21,3, 40,   15.000, 0.65,     735.000,  7.9647398272544388E+06,  7.9293137993571293E+06,  7.8937127444062475E+06,  7.8579295841217795E+06,  1.0003531760469390E+02,  4.8027276392369941E+06,  2.1704628788699054E-09, -2.0440609205252258E-09
   21,3, 40,   15.000, 0.65,     750.000,  7.9647384550790610E+06,  7.9293113505453411E+06,  7.8937096169865411E+06,  7.8579262055052351E+06,  1.0003736964130462E+02,  4.8027263140084203E+06, -1.1174741548769518E-09, -3.1615385864824930E-09
   21,3, 40,   15.000, 0.65,     765.000,  7.9647371140043568E+06,  7.9293089679633277E+06,  7.8937065584472250E+06,  7.8579229004530171E+06,  1.0003941186714553E+02,  4.8027250194647424E+06,  5.4083675038452128E-10, -2.6207018777313351E-09
   21,3, 40,   15.000, 0.65,     780.000,  7.9647358084363714E+06,  7.9293066465007989E+06,  7.8937035670185955E+06,  7.8579196668281918E+06,  1.0004143558356076E+02,  4.8027237553739836E+06, -9.7975680346529259E-10, -3.6004621506435797E-09
   21,3, 40,   15.000, 0.65,     795.000,  7.9647345414680345E+06,  7.9293043814486889E+06,  7.8937006408301750E+06,  7.8579165026672846E+06,  1.0004343227080450E+02,  4.8027225213754391E+06,  1.4479652615806415E-09, -2.1524968474295747E-09
   21,3, 40,   15.000, 0.65,     810.000,  7.9647333145207148E+06,  7.9293021698613809E+06,  7.8936977785262736E+06,  7.8579134062575586E+06,  1.0004539381327777E+02,  4.8027213169845389E+06, -1.3914309704432526E-09, -3.5439313705865061E-09
   21,3, 40,   15.000, 0.65,     825.000,  7.9647321272436874E+06,  7.9293000104809785E+06,  7.8936949789590929E+06,  7.8579103761073723E+06,  1.0004731284099600E+02,  4.8027201416022591E+06,  7.8977543949143580E-10, -2.7541560143617971E-09
   21,3, 40,   15.000, 0.65,     840.000,  7.9647309777941275E+06,  7.9292979027717942E+06,  7.8936922409675652E+06,  7.8579074108681465E+06,  1.0004918319267912E+02,  4.8027189945308045E+06,  1.4755415084222179E-09, -1.2786145475729427E-09
   21,3, 40,   15.000, 0.65,     855.000,  7.9647298634464499E+06,  7.9292958460745029E+06,  7.8936895634507034E+06,  7.8579045093321661E+06,  1.0005100044375190E+02,  4.8027178749968903E+06, -2.2878090116806860E-09, -3.5664200481733133E-09
   21,3, 40,   15.000, 0.65,     870.000,  7.9647287812950332E+06,  7.9292938393808156E+06,  7.8936869453947134E+06,  7.8579016704019820E+06,  1.0005276236173890E+02,  4.8027167821822474E+06,  4.1224632041370057E-10, -3.1541702583126607E-09
   21,3, 40,   15.000, 0.65,     885.000,  7.9647277287634518E+06,  7.9292918815027596E+06,  7.8936843858183231E+06,  7.8578988930610195E+06,  1.0005446909815463E+02,  4.8027157152583553E+06,  1.7376784872125128E-09, -1.4164882600198325E-09
   21,3, 40,   15.000, 0.65,     900.000,  7.9647267037717178E+06,  7.9292899712225664E+06,  7.8936818837508410E+06,  7.8578961763582444E+06,  1.0005612295737293E+02,  4.8027146734199533E+06, -1.6264500024565365E-09, -3.0429347930294171E-09
   21,3, 40,   15.000, 0.65,     915.000,  7.9647257046359284E+06,  7.9292881072937697E+06,  7.8936794382316191E+06,  7.8578935193877993E+06,  1.0005772772239843E+02,  4.8027136559107741E+06,  1.2176429586840953E-09, -1.8252919176120486E-09
   21,3, 40,   15.000, 0.65,     930.000,  7.9647247299041850E+06,  7.9292862884017834E+06,  7.8936770482968530E+06,  7.8578909212718960E+06,  1.0005928771383245E+02,  4.8027126620365269E+06,  3.5602454317995580E-10, -1.4692602690047352E-09
   21,3, 40,   15.000, 0.65,     945.000,  7.9647237782848170E+06,  7.9292845131699452E+06,  7.8936747129663629E+06,  7.8578883811471211E+06,  1.0006080689781038E+02,  4.8027116911642784E+06,  2.0551031709725720E-10, -1.2637428881134838E-09
   21,3, 40,   15.000, 0.65,     960.000,  7.9647228486779835E+06,  7.9292827801958350E+06,  7.8936724312375095E+06,  7.8578858981509591E+06,  1.0006228833951741E+02,  4.8027107427118002E+06, -2.0739322204033073E-09, -3.3376750252500642E-09
   21,3, 40,   15.000, 0.65,     975.000,  7.9647219402240040E+06,  7.9292810880852416E+06,  7.8936702020801967E+06,  7.8578834714104040E+06,  1.0006373411819625E+02,  4.8027098161332365E+06,  1.4821246244189901E-09, -1.8555539327280712E-09
   21,3, 40,   15.000, 0.65,     990.000,  7.9647210522942711E+06,  7.9292794354827935E+06,  7.8936680244334079E+06,  7.8578811000322886E+06,  1.0006514559074506E+02,  4.8027089109068653E+06, -1.5457110938421614E-09, -3.4012686001005932E-09
   21,3, 40,   15.000, 0.65,    1005.000,  7.9647201844209498E+06,  7.9292778211058611E+06,  7.8936658972058408E+06,  7.8578787830949146E+06,  1.0006652376129423E+02,  4.8027080265278900E+06,  7.1236168353028262E-10, -2.6889068749369471E-09
   21,3, 40,   15.000, 0.65,    1020.000,  7.9647193362088650E+06,  7.9292762437755065E+06,  7.8936638192803459E+06,  7.8578765196415428E+06,  1.0006786954883511E+02,  4.8027071625057403E+06,  2.3585933414671523E-09, -3.3031710700015537E-10
   21,3, 40,   15.000, 0.65,    1035.000,  7.9647185072701480E+06,  7.9292747024342334E+06,  7.8936617895220462E+06,  7.8578743086758321E+06,  1.0006918388434160E+02,  4.8027063183637420E+06, -2.0431514258234529E-09, -2.3734685328236083E-09
   21,3, 40,   15.000, 0.65,    1050.000,  7.9647176971954666E+06,  7.9292731961463261E+06,  7.8936598067900632E+06,  7.8578721491595851E+06,  1.0007046769302151E+02,  4.8027054936391413E+06, -4.0351011421080329E-10, -2.7769715416070540E-09
   21,3, 40,   15.000, 0.65,    1065.000,  7.9647169055547630E+06,  7.9292717240820704E+06,  7.8936578699515220E+06,  7.8578700400133329E+06,  1.0007172185187882E+02,  4.8027046878825864E+06,  8.7970870865650141E-10, -1.8972627913171891E-09
   21,3, 40,   15.000, 0.65,    1080.000,  7.9647161319128536E+06,  7.9292702854907252E+06,  7.8936559778956538E+06,  7.8578679801202100E+06,  1.0007294717305118E+02,  4.8027039006572459E+06, -1.0579630227436354E-10, -2.0030626046718680E-09
   21,3, 40,   15.000, 0.65,    1095.000,  7.9647153758460935E+06,  7.9292688796701124E+06,  7.8936541295454837E+06,  7.8578659683333961E+06,  1.0007414441234420E+02,  4.8027031315379264E+06,  1.6194192653529171E-09, -3.8363623389159329E-10
   21,3, 40,   15.000, 0.65,    1110.000,  7.9647146369515834E+06,  7.9292675059411600E+06,  7.8936523238648372E+06,  7.8578640034870813E+06,  1.0007531428273514E+02,  4.8027023801103458E+06, -2.0770691624982796E-09, -2.4607089699202334E-09
   21,3, 40,   15.000, 0.65,    1125.000,  7.9647139148476701E+06,  7.9292661636325158E+06,  7.8936505598593652E+06,  7.8578620844102446E+06,  1.0007645746139760E+02,  4.8027016459705783E+06, -4.6144060100727913E-10, -2.9221496333775576E-09
   21,3, 40,   15.000, 0.65,    1140.000,  7.9647132091696896E+06,  7.9292648520754715E+06,  7.8936488365720185E+06,  7.8578602099419236E+06,  1.0007757459178943E+02,  4.8027009287245199E+06, -6.8129677593953275E-10, -3.6034464301337721E-09
   21,3, 40,   15.000, 0.65,    1155.000,  7.9647125195655553E+06,  7.9292635706057074E+06,  7.8936471530749602E+06,  7.8578583789460165E+06,  1.0007866628564935E+02,  4.8027002279874133E+06,  1.4105445492185176E-09, -2.1929054128122516E-09
   21,3, 40,   15.000, 0.65,    1170.000,  7.9647118456931682E+06,  7.9292623185671885E+06,  7.8936455084608477E+06,  7.8578565903235339E+06,  1.0007973312637155E+02,  4.8026995433833944E+06, -7.0831520510017398E-10, -2.9012170443820651E-09
   21,3, 40,   15.000, 0.65,    1185.000,  7.9647111872191811E+06,  7.9292610953147775E+06,  7.8936439018362984E+06,  7.8578548430204801E+06,  1.0008077567266993E+02,  4.8026988745451160E+06, -3.7292127025301269E-10, -3.2741382938183961E-09
   21,3, 40,   15.000, 0.65,    1200.000,  7.9647105438180314E+06,  7.9292599002145324E+06,  7.8936423323191265E+06,  7.8578531360304719E+06,  1.0008179446163739E+02,  4.8026982211134015E+06,  3.0059439798391097E-09, -2.6818725018529221E-10
   21,3, 40,   15.000, 0.65,    1215.000,  7.9647099151707720E+06,  7.9292587326424867E+06,  7.8936407990393648E+06,  7.8578514683924019E+06,  1.0008279001134549E+02,  4.8026975827369336E+06, -2.0760850608092518E-09, -2.3442652263838681E-09
   21,3, 40,   15.000, 0.65,    1230.000,  7.9647093009638330E+06,  7.9292575919833016E+06,  7.8936393011427149E+06,  7.8578498391845422E+06,  1.0008376282331317E+02,  4.8026969590720218E+06,  1.2964065584930573E-09, -1.0478515832801349E-09
   21,3, 40,   15.000, 0.65,    1245.000,  7.9647087008879799E+06,  7.9292564776296970E+06,  7.8936378377945162E+06,  7.8578482475172365E+06,  1.0008471338487684E+02,  4.8026963497823449E+06, -1.8255868136640707E-09, -2.8734348234138452E-09
   21,3, 40,   15.000, 0.65,    1260.000,  7.9647081146375556E+06,  7.9292553889827961E+06,  7.8936364081826638E+06,  7.8578466925261533E+06,  1.0008564217135390E+02,  4.8026957545387875E+06,  1.3398278042586753E-09, -1.5336070191551698E-09
   21,3, 40,   15.000, 0.65,    1275.000,  7.9647075419099769E+06,  7.9292543254530374E+06,  7.8936350115187354E+06,  7.8578451733675329E+06,  1.0008654964794974E+02,  4.8026951730192527E+06, -1.9292798469905392E-09, -3.4628868661457091E-09
   21,3, 40,   15.000, 0.65,    1290.000,  7.9647069824054735E+06,  7.9292532864612900E+06,  7.8936336470374549E+06,  7.8578436892157532E+06,  1.0008743627142998E+02,  4.8026946049085539E+06,  2.9875159707204446E-09, -4.7536730107822223E-10
   21,3, 40,   15.000, 0.65,    1305.000,  7.9647064358270597E+06,  7.9292522714398997E+06,  7.8936323139951015E+06,  7.8578422392627709E+06,  1.0008830249153512E+02,  4.8026940498982687E+06, -2.7032740490540164E-09, -3.1786413501322386E-09
   21,3, 40,   15.000, 0.65,    1320.000,  7.9647059018807597E+06,  7.9292512798335254E+06,  7.8936310116675785E+06,  7.8578408227185328E+06,  1.0008914875211372E+02,  4.8026935076866848E+06,  2.5163977152020678E-09, -6.6224004058312858E-10
   21,3, 40,   15.000, 0.65,    1335.000,  7.9647053802760551E+06,  7.9292503110996839E+06,  7.8936297393486770E+06,  7.8578394388114847E+06,  1.0008997549191493E+02,  4.8026929779786775E+06, -2.1181100692824195E-09, -2.7803537250292720E-09
   21,3, 40,   15.000, 0.65,    1350.000,  7.9647048707264960E+06,  7.9292493647089386E+06,  7.8936284963487573E+06,  7.8578380867887102E+06,  1.0009078314503985E+02,  4.8026924604856763E+06,  2.1227322538619475E-09, -6.5762151280068792E-10
   21,3, 40,   15.000, 0.65,    1365.000,  7.9647043729503863E+06,  7.9292484401447373E+06,  7.8936272819938799E+06,  7.8578367659155978E+06,  1.0009157214102613E+02,  4.8026919549255613E+06, -1.4437659748289811E-09, -2.1013875084463507E-09
   21,3, 40,   15.000, 0.65,    1380.000,  7.9647038866714789E+06,  7.9292475369029790E+06,  7.8936260956252953E+06,  7.8578354754752303E+06,  1.0009234290458009E+02,  4.8026914610226229E+06,  1.5164474120865634E-09, -5.8494720178714488E-10
   21,3, 40,   15.000, 0.65,    1395.000,  7.9647034116195617E+06,  7.9292466544914581E+06,  7.8936249365991298E+06,  7.8578342147676842E+06,  1.0009309585501468E+02,  4.8026909785074564E+06, -1.9522516936376633E-09, -2.5372060008521657E-09
   21,3, 40,   15.000, 0.65,    1410.000,  7.9647029475308983E+06,  7.9292457924292972E+06,  7.8936238042861503E+06,  7.8578329831094118E+06,  1.0009383140545124E+02,  4.8026905071169008E+06,  2.4105872853397159E-09, -1.2661871551244985E-10
   21,3, 40,   15.000, 0.65,    1425.000,  7.9647024941484686E+06,  7.9292449502464961E+06,  7.8936226980715049E+06,  7.8578317798327142E+06,  1.0009454996189444E+02,  4.8026900465939073E+06, -5.5758777456338393E-10, -6.8421002197283087E-10
   21,3, 40,   15.000, 0.65,    1440.000,  7.9647020512220170E+06,  7.9292441274836035E+06,  7.8936216173544265E+06,  7.8578306042852839E+06,  1.0009525192231787E+02,  4.8026895966874491E+06, -6.9194424842655700E-10, -1.3761507489107316E-09
   21,3, 40,   15.000, 0.65,    1455.000,  7.9647016185079254E+06,  7.9292433236915264E+06,  7.8936205615478884E+06,  7.8578294558297778E+06,  1.0009593767587418E+02,  4.8026891571523799E+06, -1.2214762430684534E-09, -2.5976305551012047E-09
   21,3, 40,   15.000, 0.65,    1470.000,  7.9647011957689738E+06,  7.9292425384314088E+06,  7.8936195300782612E+06,  7.8578283338434128E+06,  1.0009660760232239E+02,  4.8026887277493011E+06,  2.7488055234781150E-10, -2.3227499923450523E-09
   21,3, 40,   15.000, 0.65,    1485.000,  7.9647007827740535E+06,  7.9292417712745415E+06,  7.8936185223849798E+06,  7.8578272377175689E+06,  1.0009726207173607E+02,  4.8026883082444146E+06,  1.8876811329338050E-09, -4.3506531710590934E-10
   21,3, 40,   15.000, 0.65,    1500.000,  7.9647003792978516E+06,  7.9292410218022401E+06,  7.8936175379202422E+06,  7.8578261668574261E+06,  1.0009790144450349E+02,  4.8026878984093741E+06, -1.0927116989023489E-09, -1.5277805687219370E-09
   21,3, 40,   15.000, 0.65,    1515.000,  7.9646999851205675E+06,  7.9292402896056985E+06,  7.8936165761487307E+06,  7.8578251206816230E+06,  1.0009852607156158E+02,  4.8026874980211556E+06,  1.6880007461250734E-10, -1.3589840364147676E-09
   21,3, 40,   15.000, 0.65,    1530.000,  7.9646996000276711E+06,  7.9292395742857978E+06,  7.8936156365473531E+06,  7.8578240986219337E+06,  1.0009913629479658E+02,  4.8026871068619061E+06,  5.6541793469477852E-10, -7.9356254900631029E-10
   21,3, 40,   15.000, 0.65,    1545.000,  7.9646992238096967E+06,  7.9292388754528789E+06,  7.8936147186049912E+06,  7.8578231001229798E+06,  1.0009973244752209E+02,  4.8026867247188156E+06, -1.5014620761977238E-09, -2.2950246147956932E-09
   21,3, 40,   15.000, 0.65,    1560.000,  7.9646988562620664E+06,  7.9292381927265041E+06,  7.8936138218222419E+06,  7.8578221246419484E+06,  1.0010031485492814E+02,  4.8026863513840009E+06,  1.6528643037583279E-10, -2.1297381636031787E-09
   21,3, 40,   15.000, 0.65,    1575.000,  7.9646984971849462E+06,  7.9292375257352069E+06,  7.8936129457111871E+06,  7.8578211716483301E+06,  1.0010088383447875E+02,  4.8026859866543747E+06, -6.4480684333623195E-10, -2.7745414854507544E-09
   21,3, 40,   15.000, 0.65,    1590.000,  7.9646981463831207E+06,  7.9292368741162429E+06,  7.8936120897951405E+06,  7.8578202406236678E+06,  1.0010143969622534E+02,  4.8026856303315433E+06, -6.8476426612340546E-10, -3.4593057307574782E-09
   21,3, 40,   15.000, 0.65,    1605.000,  7.9646978036658792E+06,  7.9292362375153406E+06,  7.8936112536084075E+06,  7.8578193310613278E+06,  1.0010198274302358E+02,  4.8026852822216945E+06,  1.5396963599922930E-09, -1.9196164657842019E-09
   21,3, 40,   15.000, 0.65,    1620.000,  7.9646974688469106E+06,  7.9292356155864606E+06,  7.8936104366960479E+06,  7.8578184424662581E+06,  1.0010251327070957E+02,  4.8026849421354849E+06,  1.2017412412412831E-10, -1.7994352674577385E-09
   21,3, 40,   15.000, 0.65,    1635.000,  7.9646971417442076E+06,  7.9292350079915719E+06,  7.8936096386136217E+06,  7.8578175743547641E+06,  1.0010303156824445E+02,  4.8026846098879483E+06,  1.7619896652831812E-09, -3.7445602174557280E-11
   21,3, 40,   15.000, 0.65,    1650.000,  7.9646968221799713E+06,  7.9292344144004341E+06,  7.8936088589269584E+06,  7.8578167262542862E+06,  1.0010353791785388E+02,  4.8026842852983801E+06, -5.4899727125468090E-10, -5.8643934153224109E-10
   21,3, 40,   15.000, 0.65,    1665.000,  7.9646965099805165E+06,  7.9292338344904017E+06,  7.8936080972119067E+06,  7.8578158977031680E+06,  1.0010403259517098E+02,  4.8026839681902518E+06,  1.3023181491544911E-10, -4.5621106892212993E-10
   21,3, 40,   15.000, 0.65,    1680.000,  7.9646962049761750E+06,  7.9292332679462405E+06,  7.8936073530541081E+06,  7.8578150882504294E+06,  1.0010451586939853E+02,  4.8026836583911013E+06, -1.8470345045096259E-09, -2.3032384888210800E-09
   21,3, 40,   15.000, 0.65,    1695.000,  7.9646959070011992E+06,  7.9292327144599529E+06,  7.8936066260487577E+06,  7.8578142974555371E+06,  1.0010498800346785E+02,  4.8026833557324484E+06, -1.0405685306469348E-09, -3.3438141144870315E-09
   21,3, 40,   15.000, 0.65,    1710.000,  7.9646956158936610E+06,  7.9292321737306118E+06,  7.8936059158003852E+06,  7.8578135248881625E+06,  1.0010544925419345E+02,  4.8026830600496959E+06,  9.0274096184450592E-10, -2.4410695687038242E-09
   21,3, 40,   15.000, 0.65,    1725.000,  7.9646953314953605E+06,  7.9292316454642080E+06,  7.8936052219226416E+06,  7.8578127701279558E+06,  1.0010589987244116E+02,  4.8026827711820379E+06,  1.1789715870236250E-09, -1.2620944289665204E-09
   21,3, 40,   15.000, 0.65,    1740.000,  7.9646950536517361E+06,  7.9292311293734908E+06,  7.8936045440380806E+06,  7.8578120327642988E+06,  1.0010634010327209E+02,  4.8026824889723742E+06, -8.7082339256250307E-10, -2.1329213950593839E-09
   21,3, 40,   15.000, 0.65,    1755.000,  7.9646947822117759E+06,  7.9292306251778174E+06,  7.8936038817779645E+06,  7.8578113123960821E+06,  1.0010677018608317E+02,  4.8026822132672304E+06, -2.9866952314105966E-10, -2.4315909286087845E-09
   21,3, 40,   15.000, 0.65,    1770.000,  7.9646945170279294E+06,  7.9292301326030046E+06,  7.8936032347820653E+06,  7.8578106086314702E+06,  1.0010719035475448E+02,  4.8026819439166663E+06,  9.9898766342532141E-11, -2.3316886199609144E-09
   21,3, 40,   15.000, 0.65,    1785.000,  7.9646942579560336E+06,  7.9292296513811806E+06,  7.8936026026984649E+06,  7.8578099210876832E+06,  1.0010760083777983E+02,  4.8026816807741998E+06,  2.6405615471958299E-09,  3.0887292723491555E-10
   21,3, 40,   15.000, 0.65,    1800.000,  7.9646940048552370E+06,  7.9292291812506439E+06,  7.8936019851833722E+06,  7.8578092493907735E+06,  1.0010800185839211E+02,  4.8026814236967154E+06, -2.0588401886123542E-09, -1.7499672821941203E-09
   22,3, 40,   60.000, 0.65,       0.000,  7.9647703722856510E+06,  7.9293842236631857E+06,  7.8938394491982115E+06,  7.8581338963495167E+06,  1.0000000000000000E+02,  4.8027768277280563E+06,  0.0000000000000000E+00,  0.0000000000000000E+00
   22,3, 40,   60.000, 0.65,      60.000,  7.9647703709742818E+06,  7.9293842087768447E+06,  7.8938392811157452E+06,  7.8581319938004715E+06,  1.0000000038019449E+02,  4.8027767084431406E+06, -1.7926709006133024E-09, -1.7926709006133024E-09
   22,3, 40,   60.000, 0.65,     120.000,  7.9647703555251313E+06,  7.9293840751452195E+06,  7.8938382511870386E+06,  7.8581257596261334E+06,  1.0000000581872685E+02,  4.8027761789186550E+06, -1.4387068689170057E-09, -3.2313777209580508E-09
   22,3, 40,   60.000, 0.65,     180.000,  7.9647702693275642E+06,  7.9293835080961585E+06,  7.8938352364810482E+06,  7.8581145550758317E+06,  1.0000004276859568E+02,  4.8027749252701811E+06,  4.3641534830385353E-11, -3.1877362971499679E-09
   22,3, 40,   60.000, 0.65,     240.000,  7.9647699643875463E+06,  7.9293819699212890E+06,  7.8938293661287036E+06,  7.8580984356624009E+06,  1.0000020188125526E+02,  4.8027727087387582E+06,  1.9198848066892538E-10, -2.9957476499475888E-09
   22,3, 40,   60.000, 0.65,     300.000,  7.9647691887323773E+06,  7.9293789005929865E+06,  7.8938203694855431E+06,  7.8580780574975573E+06,  1.0000069181737814E+02,  4.8027693955439478E+06,  3.6190792029877628E-10, -2.6338398129155394E-09
   22,3, 40,   60.000, 0.65,     360.000,  7.9647676560579389E+06,  7.9293739545354880E+06,  7.8938083996434240E+06,  7.8580546003615195E+06,  1.0000184910235868E+02,  4.8027649789581820E+06,  1.0808348105406651E-09, -1.5530048358414206E-09
   22,3, 40,   60.000, 0.65,     420.000,  7.9647651622101767E+06,  7.9293670680068014E+06,  7.8937939225631738E+06,  7.8580296091714343E+06,  1.0000405443760791E+02,  4.8027595876010405E+06, -2.0743551321089626E-10, -1.7604406821192242E-09
   22,3, 40,   60.000, 0.65,     480.000,  7.9647616578076528E+06,  7.9293584157987451E+06,  7.8937777121127835E+06,  7.8580048440189688E+06,  1.0000758904552613E+02,  4.8027534752699370E+06, -1.3957053845992107E-09, -3.1561455671180738E-09
   22,3, 40,   60.000, 0.65,     540.000,  7.9647572442204906E+06,  7.9293483831691220E+06,  7.8937607668902902E+06,  7.8579820918745380E+06,  1.0001253167474070E+02,  4.8027469933401458E+06,  1.4909034007359878E-09, -1.6652421663820860E-09
   22,3, 40,   60.000, 0.65,     600.000,  7.9647521373778339E+06,  7.9293375387813281E+06,  7.8937442028998323E+06,  7.8579629942123638E+06,  1.0001875042038944E+02,  4.8027405520100323E+06, -5.5347032512642613E-10, -2.2187123249750584E-09
   22,3, 40,   60.000, 0.65,     660.000,  7.9647466357743097E+06,  7.9293265574013954E+06,  7.8937289798184354E+06,  7.8579469791579675E+06,  1.0002594967923338E+02,  4.8027344578063488E+06, -1.8276013480367226E-09, -4.0463135064783273E-09
   22,3, 40,   60.000, 0.65,     720.000,  7.9647410815885793E+06,  7.9293160686637191E+06,  7.8937154283225760E+06,  7.8579325075523918E+06,  1.0003371970335168E+02,  4.8027288178180456E+06,  2.1990871346133645E-09, -1.8472263718649629E-09
   22,3, 40,   60.000, 0.65,     780.000,  7.9647357930934383E+06,  7.9293064605515031E+06,  7.8937032418073881E+06,  7.8579192999707302E+06,  1.0004159300337157E+02,  4.8027236480589453E+06, -2.1796898175274748E-09, -4.0269156897920766E-09
   22,3, 40,   60.000, 0.65,     840.000,  7.9647309787835451E+06,  7.9292977963930620E+06,  7.8936920739384657E+06,  7.8579072020666357E+06,  1.0004913463012896E+02,  4.8027189377625920E+06,  8.4222084861806934E-10, -3.1846951742409146E-09
   22,3, 40,   60.000, 0.65,     900.000,  7.9647266887361454E+06,  7.9292899545183741E+06,  7.8936818319803802E+06,  7.8578961067176955E+06,  1.0005605100044204E+02,  4.8027146555788405E+06, -1.4116064983582532E-09, -4.5963020056660753E-09
   22,3, 40,   60.000, 0.65,     960.000,  7.9647228535115477E+06,  7.9292828201539274E+06,  7.8936724804887567E+06,  7.8578859480404053E+06,  1.0006225113157183E+02,  4.8027107604439827E+06,  1.5601813174725976E-09, -3.0361206881934777E-09
   22,3, 40,   60.000, 0.65,    1020.000,  7.9647193783004079E+06,  7.9292763282031864E+06,  7.8936639462796086E+06,  7.8578766616793023E+06,  1.0006780583790885E+02,  4.8027072121454254E+06,  1.2575471219911094E-09, -1.7785737327358220E-09
   22,3, 40,   60.000, 0.65,    1080.000,  7.9647162039278727E+06,  7.9292704183184803E+06,  7.8936561636858629E+06,  7.8578681897685379E+06,  1.0007283599457202E+02,  4.8027039766718084E+06, -1.3745307947399255E-09, -3.1531044442090206E-09
   22,3, 40,   60.000, 0.65,    1140.000,  7.9647133029463198E+06,  7.9292650282558734E+06,  7.8936490713187493E+06,  7.8578604682308640E+06,  1.0007742685601502E+02,  4.8027010258750785E+06, -4.8331133539747384E-10, -3.6364156130730407E-09
   22,3, 40,   60.000, 0.65,    1200.000,  7.9647106552848350E+06,  7.9292601090728464E+06,  7.8936426064339867E+06,  7.8578534334906181E+06,  1.0008162042542649E+02,  4.8026983350356473E+06,  8.0267145707857424E-10, -2.8337439061942860E-09
   22,3, 40,   60.000, 0.65,    1260.000,  7.9647082399494713E+06,  7.9292556217371197E+06,  7.8936367127116779E+06,  7.8578470227420926E+06,  1.0008544605096604E+02,  4.8026958814605679E+06, -9.6127888982167065E-10, -3.7950229625494103E-09
   22,3, 40,   60.000, 0.65,    1320.000,  7.9647060370307500E+06,  7.9292515299322484E+06,  7.8936313393102121E+06,  7.8578411787246186E+06,  1.0008893525222283E+02,  4.8026936443024762E+06,  1.2841352980963450E-09, -2.5108874979196116E-09
   22,3, 40,   60.000, 0.65,    1380.000,  7.9647040283779809E+06,  7.9292477994314171E+06,  7.8936264400398871E+06,  7.8578358500826452E+06,  1.0009211799473360E+02,  4.8026916045445669E+06, -5.4291157680630420E-10, -3.0537989914591890E-09
   22,3, 40,   60.000, 0.65,    1440.000,  7.9647021971362112E+06,  7.9292443984098369E+06,  7.8936219730810151E+06,  7.8578309912225259E+06,  1.0009502025605499E+02,  4.8026897448124420E+06, -5.0479802282676900E-10, -3.5585969726525946E-09
   22,3, 40,   60.000, 0.65,    1500.000,  7.9647005277031567E+06,  7.9292412975899810E+06,  7.8936179002082627E+06,  7.8578265609098515E+06,  1.0009766601917227E+02,  4.8026880492125675E+06,  6.4520114251287453E-10, -2.9133957468729932E-09
   22,3, 40,   60.000, 0.65,    1560.000,  7.9646990057068178E+06,  7.9292384704066673E+06,  7.8936141866459213E+06,  7.8578225214872360E+06,  1.0010007797569615E+02,  4.8026865032400209E+06, -1.3300649887026950E-09, -4.2434606939423247E-09
   22,3, 40,   60.000, 0.65,    1620.000,  7.9646976180150406E+06,  7.9292358926963573E+06,  7.8936108007372450E+06,  7.8578188384826425E+06,  1.0010227693209511E+02,  4.8026850936778635E+06,  1.2045689723461095E-09, -3.0388918048629421E-09
   22,3, 40,   60.000, 0.65,    1680.000,  7.9646963527352065E+06,  7.9292335424155062E+06,  7.8936077135901265E+06,  7.8578154804411083E+06,  1.0010428177447707E+02,  4.8026838084826441E+06,  2.0663862149161716E-09, -9.7250563158013392E-10
   22,3, 40,   60.000, 0.65,    1740.000,  7.9646951990721216E+06,  7.9292313994889921E+06,  7.8936048988375915E+06,  7.8578124186954368E+06,  1.0010610970360896E+02,  4.8026826366783464E+06, -2.4835884876450720E-09, -3.4560940775918425E-09
   22,3, 40,   60.000, 0.65,    1800.000,  7.9646941471844884E+06,  7.9292294456228828E+06,  7.8936023324311674E+06,  7.8578096271019084E+06,  1.0010777635270233E+02,  4.8026815682598790E+06,  1.4034782225280651E-09, -2.0526158550637774E-09
   23,3, 40,   15.000, 1.00,       0.000,  7.9647703722856510E+06,  7.9293842236631857E+06,  7.8938394491982115E+06,  7.8581338963495167E+06,  1.0000000000000000E+02,  4.8027768277280563E+06,  0.0000000000000000E+00,  0.0000000000000000E+00
   23,3, 40,   15.000, 1.00,      15.000,  7.9647703722856380E+06,  7.9293842236606348E+06,  7.8938394486975661E+06,  7.8581337977971453E+06,  1.0000000000000034E+02,  4.8027768248380544E+06, -2.3623556444363203E-09, -2.3623556444363203E-09
   23,3, 40,   15.000, 1.00,      30.000,  7.9647703722854201E+06,  7.9293842236294858E+06,  7.8938394448452638E+06,  7.8581334846738828E+06,  1.0000000000000576E+02,  4.8027768132958738E+06,  5.2551740736817010E-11, -2.3098039036995033E-09
   23,3, 40,   15.000, 1.00,      45.000,  7.9647703722835816E+06,  7.9293842234369479E+06,  7.8938394296501568E+06,  7.8581329305211091E+06,  1.0000000000006355E+02,  4.8027767873926722E+06, -2.9879885232730885E-09, -5.2977924269725918E-09
   23,3, 40,   15.000, 1.00,      60.000,  7.9647703722731620E+06,  7.9293842226313530E+06,  7.8938393882161388E+06,  7.8581321175094564E+06,  1.0000000000047859E+02,  4.8027767415081644E+06,  1.0860645716093131E-09, -4.2117278553632786E-09
   23,3, 40,   15.000, 1.00,      75.000,  7.9647703722283999E+06,  7.9293842200571373E+06,  7.8938392995396126E+06,  7.8581310290374449E+06,  1.0000000000269979E+02,  4.8027766701452686E+06,  1.8826398218152463E-09, -2.3290880335480324E-09
   23,3, 40,   15.000, 1.00,      90.000,  7.9647703720728206E+06,  7.9293842133374037E+06,  7.8938391394453868E+06,  7.8581296510012997E+06,  1.0000000001228834E+02,  4.8027765679640668E+06, -2.5524826696710079E-09, -4.8815707032190403E-09
   23,3, 40,   15.000, 1.00,     105.000,  7.9647703716165246E+06,  7.9293841983685130E+06,  7.8938388839281509E+06,  7.8581279721315121E+06,  1.0000000004704727E+02,  4.8027764298149301E+06,  3.5315963486937108E-09, -1.3499743545253295E-09
   23,3, 40,   15.000, 1.00,     120.000,  7.9647703704534834E+06,  7.9293841690178830E+06,  7.8938385114482595E+06,  7.8581259839402540E+06,  1.0000000015592852E+02,  4.8027762507707002E+06, -1.0641514336384716E-09, -2.4141257881638012E-09
   23,3, 40,   15.000, 1.00,     135.000,  7.9647703678199695E+06,  7.9293841171613066E+06,  7.8938380038057575E+06,  7.8581236806611223E+06,  1.0000000045699622E+02,  4.8027760261581484E+06,  5.6536464398959652E-10, -1.8487611441742047E-09
   23,3, 40,   15.000, 1.00,     150.000,  7.9647703624308780E+06,  7.9293840330679640E+06,  7.8938373460177463E+06,  7.8581210592006370E+06,  1.0000000120406150E+02,  4.8027757515888149E+06, -1.8158203829443664E-09, -3.6645815271185711E-09
   23,3, 40,   15.000, 1.00,     165.000,  7.9647703523252876E+06,  7.9293839060161198E+06,  7.8938365258041183E+06,  7.8581181190865384E+06,  1.0000000288965300E+02,  4.8027754229897065E+06,  1.5123049479370820E-09, -2.1522765791814891E-09
   23,3, 40,   15.000, 1.00,     180.000,  7.9647703347587641E+06,  7.9293837249648497E+06,  7.8938355330855967E+06,  7.8581148624090534E+06,  1.0000000638555571E+02,  4.8027750366341630E+06, -8.6886586814216571E-10, -3.0211424473236548E-09
   23,3, 40,   15.000, 1.00,     195.000,  7.9647703061733879E+06,  7.9293834791305047E+06,  7.8938343596424945E+06,  7.8581112937542656E+06,  1.0000001311153990E+02,  4.8027745891732406E+06,  6.7686301008507144E-11, -2.9534561463151476E-09
   23,3, 40,   15.000, 1.00,     210.000,  7.9647702622590857E+06,  7.9293831583885802E+06,  7.8938329989285767E+06,  7.8581074201289257E+06,  1.0000002521091668E+02,  4.8027740776674980E+06,  1.8667378753889352E-10, -2.7667823587762541E-09
   23,3, 40,   15.000, 1.00,     225.000,  7.9647701980984267E+06,  7.9293827534966124E+06,  7.8938314459847910E+06,  7.8581032508761184E+06,  1.0000004570245423E+02,  4.8027734996187519E+06, -7.5736750204669079E-10, -3.5241498608229449E-09
   23,3, 40,   15.000, 1.00,     240.000,  7.9647701083695143E+06,  7.9293822561812941E+06,  7.8938296974026235E+06,  7.8580987975814659E+06,  1.0000007857600336E+02,  4.8027728530008253E+06,  1.0657856819307199E-09, -2.4583641788922250E-09
   23,3, 40,   15.000, 1.00,     255.000,  7.9647699875734234E+06,  7.9293816591469627E+06,  7.8938277513060123E+06,  7.8580940739697283E+06,  1.0000012880584686E+02,  4.8027721362879407E+06, -9.2271079665806610E-10, -3.3810749755502911E-09
   23,3, 40,   15.000, 1.00,     270.000,  7.9647698302545166E+06,  7.9293809560532784E+06,  7.8938256073363954E+06,  7.8580890957918465E+06,  1.0000020227007704E+02,  4.8027713484793035E+06,  7.3437433911749395E-10, -2.6467006364327972E-09
   23,3, 40,   15.000, 1.00,     285.000,  7.9647696311908355E+06,  7.9293801414916106E+06,  7.8938232666343749E+06,  7.8580838807026604E+06,  1.0000030558191068E+02,  4.8027704891184326E+06, -1.8102355170412920E-09, -4.4569361534740892E-09
   23,3, 40,   15.000, 1.00,     300.000,  7.9647693855431527E+06,  7.9293792109728223E+06,  7.8938207318156594E+06,  7.8580784481296493E+06,  1.0000044585476650E+02,  4.8027695583062563E+06,  2.1855726117792074E-09, -2.2713635416948819E-09
   23,3, 40,   15.000, 1.00,     315.000,  7.9647690889611198E+06,  7.9293781609281572E+06,  7.8938180069405688E+06,  7.8580728191332081E+06,  1.0000063043268948E+02,  4.8027685567073431E+06, -1.3198899750932469E-09, -3.5912535167881288E-09
   23,3, 40,   15.000, 1.00,     330.000,  7.9647687376514375E+06,  7.9293769887196030E+06,  7.8938150974770170E+06,  7.8580670162590826E+06,  1.0000086661948241E+02,  4.8027674855493261E+06,  1.7073205071937991E-09, -1.8839330095943296E-09
   23,3, 40,   15.000, 1.00,     345.000,  7.9647683284158558E+06,  7.9293756926546805E+06,  7.8938120102570914E+06,  7.8580610633837162E+06,  1.0000116143452627E+02,  4.8027663466158146E+06, -7.2995476330106612E-10, -2.6138877728953958E-09
   23,3, 40,   15.000, 1.00,     360.000,  7.9647678586670849E+06,  7.9293742720010253E+06,  7.8938087534273984E+06,  7.8580549855533531E+06,  1.0000152141341897E+02,  4.8027651422335822E+06, -1.4482992582998122E-09, -4.0621870311952080E-09
   23,3, 40,   15.000, 1.00,     375.000,  7.9647673264295738E+06,  7.9293727269971715E+06,  7.8938053363933377E+06,  7.8580488088178327E+06,  1.0000195246061612E+02,  4.8027638752547754E+06,  1.7844570265879156E-09, -2.2777300046072924E-09
   23,3, 40,   15.000, 1.00,     390.000,  7.9647667303305315E+06,  7.9293710588570451E+06,  7.8938017697574310E+06,  7.8580425600600680E+06,  1.0000245975198638E+02,  4.8027625490349606E+06, -1.1193606042070314E-09, -3.3970906088143238E-09
   23,3, 40,   15.000, 1.00,     405.000,  7.9647660695851156E+06,  7.9293692697665840E+06,  7.8937980652517928E+06,  7.8580362668222329E+06,  1.0000304767918145E+02,  4.8027611674077446E+06,  6.9566397087328369E-10, -2.7014266379410401E-09
   23,3, 40,   15.000, 1.00,     420.000,  7.9647653439784506E+06,  7.9293673628716748E+06,  7.8937942356647644E+06,  7.8580299571296861E+06,  1.0000371982515095E+02,  4.8027597346564457E+06, -2.1222206214588368E-09, -4.8236472593998769E-09
   23,3, 40,   15.000, 1.00,     435.000,  7.9647645538462196E+06,  7.9293653422572184E+06,  7.8937902947617704E+06,  7.8580236593136406E+06,  1.0000447896036316E+02,  4.8027582554833069E+06,  1.1245191444686498E-09, -3.6991281149312272E-09
   23,3, 40,   15.000, 1.00,     450.000,  7.9647637000548048E+06,  7.9293632129176427E+06,  7.8937862572004311E+06,  7.8580174018335193E+06,  1.0000532705123480E+02,  4.8027567349764705E+06,  2.3663346837565769E-09, -1.3327934311746503E-09
   23,3, 40,   15.000, 1.00,     465.000,  7.9647627839813717E+06,  7.9293609807195412E+06,  7.8937821384400874E+06,  7.8580112130998904E+06,  1.0000626527484869E+02,  4.8027551785749998E+06, -6.5631411416688934E-10, -1.9891075453415397E-09
   23,3, 40,   15.000, 1.00,     480.000,  7.9647618074938888E+06,  7.9293586523573436E+06,  7.8937779546459755E+06,  7.8580051212987928E+06,  1.0000729403643601E+02,  4.8027535920321131E+06, -9.9537089681689395E-10, -2.9844784421584336E-09
   23,3, 40,   15.000, 1.00,     495.000,  7.9647607729308046E+06,  7.9293562353030080E+06,  7.8937737225884404E+06,  7.8579991542182229E+06,  1.0000841298803842E+02,  4.8027519813767821E+06,  2.4529640541004483E-09, -5.3151438805798534E-10
   23,3, 40,   15.000, 1.00,     510.000,  7.9647596830799673E+06,  7.9293537377507193E+06,  7.8937694595377119E+06,  7.8579933390774755E+06,  1.0000962104796545E+02,  4.8027503528738823E+06, -2.8359750103845727E-09, -3.3674893984425580E-09
   23,3, 40,   15.000, 1.00,     525.000,  7.9647585411563907E+06,  7.9293511685574474E+06,  7.8937651831549024E+06,  7.8579877023600694E+06,  1.0001091642133666E+02,  4.8027487129831389E+06, -1.7400196838934789E-09, -5.1075090823360370E-09
   23,3, 40,   15.000, 1.00,     540.000,  7.9647573507785108E+06,  7.9293485371801164E+06,  7.8937609113799818E+06,  7.8579822696509399E+06,  1.0001229662226513E+02,  4.8027470683169896E+06,  7.6893513778486522E-10, -4.3385739445511717E-09
   23,3, 40,   15.000, 1.00,     555.000,  7.9647561159427054E+06,  7.9293458536099587E+06,  7.8937566623175619E+06,  7.8579770654786751E+06,  1.0001375849820765E+02,  4.8027454255976621E+06, -2.1418600226752460E-10, -4.5527599468186963E-09
   23,3, 40,   15.000, 1.00,     570.000,  7.9647548409959590E+06,  7.9293431283045448E+06,  7.8937524541213503E+06,  7.8579721131635671E+06,  1.0001529825691524E+02,  4.8027437916136999E+06,  3.3415403777325992E-09, -1.2112195690860972E-09
   23,3, 40,   15.000, 1.00,     585.000,  7.9647535306066629E+06,  7.9293403721178481E+06,  7.8937483048781268E+06,  7.8579674346723342E+06,  1.0001691149624918E+02,  4.8027421731761415E+06, -1.7754473446984775E-09, -2.9866669137845747E-09
   23,3, 40,   15.000, 1.00,     600.000,  7.9647521897336403E+06,  7.9293375962286852E+06,  7.8937442324920921E+06,  7.8579630504804039E+06,  1.0001859323696353E+02,  4.8027405770746944E+06, -1.4614300880566589E-09, -4.4480970018412336E-09
   23,3, 40,   15.000, 1.00,     615.000,  7.9647508235935140E+06,  7.9293348120652921E+06,  7.8937402540699961E+06,  7.8579588808763642E+06,  1.0002033795846181E+02,  4.8027390071440740E+06,  2.5813591264522984E-09, -1.8667378753889352E-09
   23,3, 40,   15.000, 1.00,     630.000,  7.9647494376264689E+06,  7.9293320312105119E+06,  7.8937363839598093E+06,  7.8579548269281862E+06,  1.0002213963741940E+02,  4.8027374642386334E+06, -1.8450236893841065E-09, -3.7117615647730418E-09
   23,3, 40,   15.000, 1.00,     645.000,  7.9647480374598773E+06,  7.9293292652440611E+06,  7.8937326308522290E+06,  7.8579508774168864E+06,  1.0002399178914916E+02,  4.8027359491154710E+06,  3.4393110581731889E-10, -3.3678304589557229E-09
   23,3, 40,   15.000, 1.00,     660.000,  7.9647466288676234E+06,  7.9293265254556946E+06,  7.8937289959094562E+06,  7.8579470278101461E+06,  1.0002588751163100E+02,  4.8027344624281460E+06,  5.9387161854829174E-10, -2.7739588404074311E-09
   23,3, 40,   15.000, 1.00,     675.000,  7.9647452177197021E+06,  7.9293238223856706E+06,  7.8937254734585108E+06,  7.8579432727731802E+06,  1.0002781953247508E+02,  4.8027330047211330E+06, -1.2970247098564869E-10, -2.9036613113930798E-09
   23,3, 40,   15.000, 1.00,     690.000,  7.9647438099125819E+06,  7.9293211652333131E+06,  7.8937220538265193E+06,  7.8579396073638797E+06,  1.0002978025994150E+02,  4.8027315764250318E+06, -4.0211034502135590E-10, -3.3057716564144357E-09
   23,3, 40,   15.000, 1.00,     705.000,  7.9647424112684522E+06,  7.9293185612783441E+06,  7.8937187265871037E+06,  7.8579360273081129E+06,  1.0003176184083381E+02,  4.8027301778526437E+06, -6.1223204284033272E-10, -3.9180036992547684E-09
   23,3, 40,   15.000, 1.00,     720.000,  7.9647410273943795E+06,  7.9293160155063681E+06,  7.8937154827680308E+06,  7.8579325288993744E+06,  1.0003375623057988E+02,  4.8027288091961024E+06,  8.0916606748360209E-11, -3.8370870925064082E-09
   23,3, 40,   15.000, 1.00,     735.000,  7.9647396635027165E+06,  7.9293135305751469E+06,  7.8937123156445688E+06,  7.8579291089045666E+06,  1.0003575528347058E+02,  4.8027274705253551E+06,  5.8669513691711472E-10, -3.2503919555892935E-09
   23,3, 40,   15.000, 1.00,     750.000,  7.9647383242096975E+06,  7.9293111071302881E+06,  7.8937092205435690E+06,  7.8579257644955572E+06,  1.0003775087235041E+02,  4.8027261617884412E+06,  9.0628304860729259E-10, -2.3441089069820009E-09
   23,3, 40,   15.000, 1.00,     765.000,  7.9647370133437552E+06,  7.9293087443539631E+06,  7.8937061942632357E+06,  7.8579224931917042E+06,  1.0003973504512544E+02,  4.8027248828141168E+06, -1.3463932191370986E-09, -3.6905021261190996E-09
   23,3, 40,   15.000, 1.00,     780.000,  7.9647357338012001E+06,  7.9293064405726297E+06,  7.8937032345126262E+06,  7.8579192928095153E+06,  1.0004170021900882E+02,  4.8027236333174007E+06, -1.2068994692526758E-09, -4.8974015953717753E-09
   23,3, 40,   15.000, 1.00,     795.000,  7.9647344874804281E+06,  7.9293041937730284E+06,  7.8937003395196442E+06,  7.8579161614185404E+06,  1.0004363940282828E+02,  4.8027224129084432E+06,  1.2427392448444152E-10, -4.7731276708873338E-09
   23,3, 40,   15.000, 1.00,     810.000,  7.9647332753084451E+06,  7.9293020019475734E+06,  7.8936975078022787E+06,  7.8579130973026538E+06,  1.0004554642579640E+02,  4.8027212211048324E+06,  2.1703101538150804E-09, -2.6028175170722534E-09
   23,3, 40,   15.000, 1.00,     825.000,  7.9647320973520754E+06,  7.9292998632650608E+06,  7.8936947380482061E+06,  7.8579100989259277E+06,  1.0004741614200545E+02,  4.8027200573469615E+06, -9.8678754056891194E-10, -3.5896050576411653E-09
   23,3, 40,   15.000, 1.00,     840.000,  7.9647309529887587E+06,  7.9292977761101238E+06,  7.8936920290527940E+06,  7.8579071649024319E+06,  1.0004924457776082E+02,  4.8027189210156258E+06, -2.0536958800221328E-09, -5.6433009376632981E-09
   23,3, 40,   15.000, 1.00,     855.000,  7.9647298411036441E+06,  7.9292957390488097E+06,  7.8936893796846028E+06,  7.8579042939694384E+06,  1.0005102899553100E+02,  4.8027178114505615E+06,  2.7239934752287809E-09, -2.9193074624345172E-09
   23,3, 40,   15.000, 1.00,     870.000,  7.9647287602815246E+06,  7.9292937507682750E+06,  7.8936867888630973E+06,  7.8579014849635987E+06,  1.0005276786251153E+02,  4.8027167279684972E+06, -1.9796857486653607E-09, -4.8989932110998780E-09
   23,3, 40,   15.000, 1.00,     885.000,  7.9647277089710571E+06,  7.9292918100203406E+06,  7.8936842555420762E+06,  7.8578987367997514E+06,  1.0005446072943667E+02,  4.8027156698794402E+06,  1.4663612546428340E-09, -3.4326319564570440E-09
   23,3, 40,   15.000, 1.00,     900.000,  7.9647266856099954E+06,  7.9292899155817823E+06,  7.8936817786964746E+06,  7.8578960484521128E+06,  1.0005610804111228E+02,  4.8027146365000559E+06, -1.0007283890445251E-09, -4.4333603455015691E-09
   23,3, 40,   15.000, 1.00,     915.000,  7.9647256887100395E+06,  7.9292880662332326E+06,  7.8936793573117536E+06,  7.8578934189376468E+06,  1.0005771090991625E+02,  4.8027136271637054E+06,  7.7052675351296784E-10, -3.6628335919886013E-09
   23,3, 40,   15.000, 1.00,     930.000,  7.9647247169063427E+06,  7.9292862607532339E+06,  7.8936769903756576E+06,  7.8578908473014841E+06,  1.0005927088530390E+02,  4.8027126412269864E+06,  1.4485692645394010E-09, -2.2142643274492002E-09
   23,3, 40,   15.000, 1.00,     945.000,  7.9647237689795820E+06,  7.9292844979224801E+06,  7.8936746768722888E+06,  7.8578883326043310E+06,  1.0006078974698532E+02,  4.8027116780731892E+06, -1.9816326357613434E-09, -4.1958969632105436E-09
   23,3, 40,   15.000, 1.00,     960.000,  7.9647228438587645E+06,  7.9292827765337061E+06,  7.8936724157784125E+06,  7.8578858739118269E+06,  1.0006226933964273E+02,  4.8027107371132858E+06,  1.9475550061542890E-09, -2.2483419570562546E-09
   23,3, 40,   15.000, 1.00,     975.000,  7.9647219406117843E+06,  7.9292810954036536E+06,  7.8936702060618941E+06,  7.8578834702858608E+06,  1.0006371145614010E+02,  4.8027098177851271E+06, -8.2279427715548081E-10, -3.0711362342117354E-09
   23,3, 40,   15.000, 1.00,     990.000,  7.9647210584291769E+06,  7.9292794533846285E+06,  7.8936680466820393E+06,  7.8578811207778724E+06,  1.0006511776696348E+02,  4.8027089195516314E+06, -1.0490452950762119E-10, -3.1760407637193566E-09
   23,3, 40,   15.000, 1.00,    1005.000,  7.9647201966050137E+06,  7.9292778493740214E+06,  7.8936659365915535E+06,  7.8578788244241429E+06,  1.0006648978763586E+02,  4.8027080418984443E+06, -1.6787140566520975E-09, -4.8547548203714541E-09
   23,3, 40,   15.000, 1.00,    1020.000,  7.9647193545176378E+06,  7.9292762823208952E+06,  7.8936638747397102E+06,  7.8578765802430762E+06,  1.0006782887331315E+02,  4.8027071843315447E+06,  6.8280314735602587E-10, -4.1719516730154282E-09
   23,3, 40,   15.000, 1.00,    1035.000,  7.9647185316119799E+06,  7.9292747512293411E+06,  7.8936618600763045E+06,  7.8578743872343814E+06,  1.0006913623003102E+02,  4.8027063463749960E+06,  8.6625107087456854E-10, -3.3057006021408597E-09
   23,3, 40,   15.000, 1.00,    1050.000,  7.9647177273844155E+06,  7.9292732551587671E+06,  7.8936598915559445E+06,  7.8578722443800364E+06,  1.0007041293403108E+02,  4.8027055275690062E+06, -2.7557689463719726E-10, -3.5812774967780570E-09
   23,3, 40,   15.000, 1.00,    1065.000,  7.9647169413705310E+06,  7.9292717932216087E+06,  7.8936579681422496E+06,  7.8578701506468002E+06,  1.0007165995317027E+02,  4.8027047274683043E+06,  5.8489035836828407E-10, -2.9963871384097729E-09
   23,3, 40,   15.000, 1.00,    1080.000,  7.9647161731357491E+06,  7.9292703645791532E+06,  7.8936560888116481E+06,  7.8578681049899934E+06,  1.0007287816688452E+02,  4.8027039456408070E+06, -5.6385829338978510E-10, -3.5602454317995580E-09
   23,3, 40,   15.000, 1.00,    1095.000,  7.9647154222684465E+06,  7.9292689684362058E+06,  7.8936542525565177E+06,  7.8578661063581845E+06,  1.0007406838308584E+02,  4.8027031816665540E+06,  6.2409810652752640E-10, -2.9361473252720316E-09
   23,3, 40,   15.000, 1.00,    1110.000,  7.9647146883750986E+06,  7.9292676040353170E+06,  7.8936524583875751E+06,  7.8578641536984043E+06,  1.0007523135161959E+02,  4.8027024351368267E+06, -1.5367760397566599E-09, -4.4729233650286915E-09
   23,3, 40,   15.000, 1.00,    1125.000,  7.9647139710769253E+06,  7.9292662706511039E+06,  7.8936507053355053E+06,  7.8578622459614957E+06,  1.0007636777463453E+02,  4.8027017056534467E+06,  4.9958259751292644E-10, -3.9733407675157650E-09
   23,3, 40,   15.000, 1.00,    1140.000,  7.9647132700075852E+06,  7.9292649675850896E+06,  7.8936489924518960E+06,  7.8578603821072495E+06,  1.0007747831444797E+02,  4.8027009928281652E+06,  1.7348895653412910E-09, -2.2384512021744740E-09
   23,3, 40,   15.000, 1.00,    1155.000,  7.9647125848115459E+06,  7.9292636941612791E+06,  7.8936473188096257E+06,  7.8578585611090250E+06,  1.0007856359955247E+02,  4.8027002962821592E+06,  6.9655925472034141E-10, -1.5418919474541326E-09
   23,3, 40,   15.000, 1.00,    1170.000,  7.9647119151428724E+06,  7.9292624497225843E+06,  7.8936456835028511E+06,  7.8578567819576534E+06,  1.0007962422929683E+02,  4.8026996156455968E+06, -1.8594050743558910E-09, -3.4012970218100236E-09
   23,3, 40,   15.000, 1.00,    1185.000,  7.9647112606642637E+06,  7.9292612336280569E+06,  7.8936440856467420E+06,  7.8578550436644983E+06,  1.0008066077764273E+02,  4.8026989505572608E+06, -6.2446758875012165E-10, -4.0257646105601452E-09
   23,3, 40,   15.000, 1.00,    1200.000,  7.9647106210462404E+06,  7.9292600452508675E+06,  7.8936425243770806E+06,  7.8578533452636376E+06,  1.0008167379627149E+02,  4.8026983006642051E+06,  2.5771385026018834E-10, -3.7680507602999569E-09
   23,3, 40,   15.000, 1.00,    1215.000,  7.9647099959664429E+06,  7.9292588839769010E+06,  7.8936409988498231E+06,  7.8578516858132202E+06,  1.0008266381722534E+02,  4.8026976656214651E+06,  1.5878498516030959E-09, -2.1802009086968610E-09
   23,3, 40,   15.000, 1.00,    1230.000,  7.9647093851090223E+06,  7.9292577492038365E+06,  7.8936395082406672E+06,  7.8578500643960843E+06,  1.0008363135518492E+02,  4.8026970450917929E+06,  9.5255359155999031E-11, -2.0849455495408620E-09
   23,3, 40,   15.000, 1.00,    1245.000,  7.9647087881641267E+06,  7.9292566403406002E+06,  7.8936380517446408E+06,  7.8578484801197872E+06,  1.0008457690945026E+02,  4.8026964387454353E+06,  6.3225513713405235E-10, -1.4526904124068096E-09
   23,3, 40,   15.000, 1.00,    1260.000,  7.9647082048274865E+06,  7.9292555568070663E+06,  7.8936366285757227E+06,  7.8578469321161788E+06,  1.0008550096564910E+02,  4.8026958462599190E+06, -1.0686420637284755E-09, -2.5213324761352851E-09
   23,3, 40,   15.000, 1.00,    1275.000,  7.9647076348000951E+06,  7.9292544980339427E+06,  7.8936352379664760E+06,  7.8578454195406800E+06,  1.0008640399721132E+02,  4.8026952673198767E+06, -4.6436809952865588E-10, -2.9857005756639410E-09
   23,3, 40,   15.000, 1.00,    1290.000,  7.9647070777879907E+06,  7.9292534634627514E+06,  7.8936338791676862E+06,  7.8578439415713754E+06,  1.0008728646659749E+02,  4.8026947016168749E+06, -7.6700246154359775E-10, -3.7527030372075387E-09
   23,3, 40,   15.000, 1.00,    1305.000,  7.9647065335021289E+06,  7.9292524525458645E+06,  7.8936325514479727E+06,  7.8578424974080306E+06,  1.0008814882632220E+02,  4.8026941488492703E+06,  5.7758597904467024E-10, -3.1751170581628685E-09
   23,3, 40,   15.000, 1.00,    1320.000,  7.9647060016583251E+06,  7.9292514647465609E+06,  7.8936312540933955E+06,  7.8578410862711063E+06,  1.0008899151976291E+02,  4.8026936087220646E+06, -2.1061339339212282E-09, -5.2812509920840967E-09
   23,3, 40,   15.000, 1.00,    1335.000,  7.9647054819772663E+06,  7.9292504995390652E+06,  7.8936299864070266E+06,  7.8578397074008193E+06,  1.0008981498178706E+02,  4.8026930809467928E+06,  1.3984475799588836E-09, -3.8828034121252131E-09
   23,3, 40,   15.000, 1.00,    1350.000,  7.9647049741845652E+06,  7.9292495564085739E+06,  7.8936287477085125E+06,  7.8578383600562699E+06,  1.0009061963920475E+02,  4.8026925652413797E+06, -1.2562537676785723E-09, -5.1390571798037854E-09
   23,3, 40,   15.000, 1.00,    1365.000,  7.9647044780108389E+06,  7.9292486348512406E+06,  7.8936275373336188E+06,  7.8578370435146596E+06,  1.0009140591107514E+02,  4.8026920613300474E+06,  1.6455743434562464E-09, -3.4934828363475390E-09
   23,3, 40,   15.000, 1.00,    1380.000,  7.9647039931918057E+06,  7.9292477343741255E+06,  7.8936263546337774E+06,  7.8578357570705814E+06,  1.0009217420889361E+02,  4.8026915689431811E+06,  2.3494806100643473E-10, -3.2585347753411043E-09
   23,3, 40,   15.000, 1.00,    1395.000,  7.9647035194683783E+06,  7.9292468544951202E+06,  7.8936251989756338E+06,  7.8578345000353958E+06,  1.0009292493667890E+02,  4.8026910878172303E+06, -9.9676356057898374E-10, -4.2552983359200880E-09
   23,3, 40,   15.000, 1.00,    1410.000,  7.9647030565867443E+06,  7.9292459947428275E+06,  7.8936240697406111E+06,  7.8578332717366619E+06,  1.0009365849098451E+02,  4.8026906176945940E+06, -1.0634977343215724E-09, -5.3187960702416603E-09
   23,3, 40,   15.000, 1.00,    1425.000,  7.9647026042984249E+06,  7.9292451546564260E+06,  7.8936229663244952E+06,  7.8578320715176249E+06,  1.0009437526087372E+02,  4.8026901583235087E+06,  1.6155325965883094E-09, -3.7032634736533510E-09
   23,3, 40,   15.000, 1.00,    1440.000,  7.9647021623603152E+06,  7.9292443337855069E+06,  7.8936218881370295E+06,  7.8578308987367526E+06,  1.0009507562785512E+02,  4.8026897094579265E+06, -6.2016169977141544E-11, -3.7652796436304925E-09
   23,3, 40,   15.000, 1.00,    1455.000,  7.9647017305346904E+06,  7.9292435316898972E+06,  7.8936208346015429E+06,  7.8578297527673040E+06,  1.0009575996581961E+02,  4.8026892708574142E+06,  4.8439119382237550E-10, -3.2808884498081170E-09
   23,3, 40,   15.000, 1.00,    1470.000,  7.9647013085891884E+06,  7.9292427479394712E+06,  7.8936198051545909E+06,  7.8578286329969252E+06,  1.0009642864097597E+02,  4.8026888422870301E+06,  1.2007319583062781E-09, -2.0801564915018389E-09
   23,3, 40,   15.000, 1.00,    1485.000,  7.9647008962967666E+06,  7.9292419821139527E+06,  7.8936187992456220E+06,  7.8578275388272749E+06,  1.0009708201181554E+02,  4.8026884235172058E+06, -1.5517542806264828E-09, -3.6319107721283217E-09
   23,3, 40,   15.000, 1.00,    1500.000,  7.9647004934356362E+06,  7.9292412338027162E+06,  7.8936178163366579E+06,  7.8578264696736690E+06,  1.0009772042909216E+02,  4.8026880143236415E+06, -5.8881255426967982E-10, -4.2207233263980015E-09
   23,3, 40,   15.000, 1.00,    1515.000,  7.9647000997891771E+06,  7.9292405026045768E+06,  7.8936168559019910E+06,  7.8578254249647399E+06,  1.0009834423583516E+02,  4.8026876144871786E+06, -4.4974513002671301E-10, -4.6704684564247145E-09
   23,3, 40,   15.000, 1.00,    1530.000,  7.9646997151458403E+06,  7.9292397881275900E+06,  7.8936159174279002E+06,  7.8578244041421153E+06,  1.0009895376739564E+02,  4.8026872237936910E+06,  1.4658780855825171E-09, -3.2045903708421974E-09
   23,3, 40,   15.000, 1.00,    1545.000,  7.9646993392990427E+06,  7.9292390899888454E+06,  7.8936150004123682E+06,  7.8578234066601126E+06,  1.0009954935151355E+02,  4.8026868420339637E+06, -7.6894934863958042E-11, -3.2814853057061555E-09
   23,3, 40,   15.000, 1.00,    1560.000,  7.9646989720470449E+06,  7.9292384078142606E+06,  7.8936141043648161E+06,  7.8578224319854407E+06,  1.0010013130841826E+02,  4.8026864690035889E+06, -1.0317791065972415E-09, -4.3132644123033970E-09
   23,3, 40,   15.000, 1.00,    1575.000,  7.9646986131928368E+06,  7.9292377412383789E+06,  7.8936132288058493E+06,  7.8578214795969203E+06,  1.0010069995094292E+02,  4.8026861045028539E+06,  9.0105345407209825E-10, -3.4122109582312987E-09
   23,3, 40,   15.000, 1.00,    1590.000,  7.9646982625440182E+06,  7.9292370899041723E+06,  7.8936123732669977E+06,  7.8578205489852065E+06,  1.0010125558466565E+02,  4.8026857483366225E+06, -1.4307346418718225E-09, -4.8429456001031213E-09
   23,3, 40,   15.000, 1.00,    1605.000,  7.9646979199126791E+06,  7.9292364534628401E+06,  7.8936115372904781E+06,  7.8578196396525260E+06,  1.0010179850805426E+02,  4.8026854003142454E+06,  2.0676509393524611E-09, -2.7752946607506601E-09
   23,3, 40,   15.000, 1.00,    1620.000,  7.9646975851152800E+06,  7.9292358315736139E+06,  7.8936107204289520E+06,  7.8578187511124192E+06,  1.0010232901262140E+02,  4.8026850602494348E+06,  9.0096818894380704E-11, -2.6851978418562794E-09
   23,3, 40,   15.000, 1.00,    1635.000,  7.9646972579725413E+06,  7.9292352239035731E+06,  7.8936099222452920E+06,  7.8578178828894943E+06,  1.0010284738308927E+02,  4.8026847279601805E+06, -6.3188565491145710E-10, -3.3170834967677365E-09
   23,3, 40,   15.000, 1.00,    1650.000,  7.9646969383093351E+06,  7.9292346301274505E+06,  7.8936091423123544E+06,  7.8578170345191807E+06,  1.0010335389755087E+02,  4.8026844032686455E+06,  1.7631975879339734E-09, -1.5538859088337631E-09
   23,3, 40,   15.000, 1.00,    1665.000,  7.9646966259545749E+06,  7.9292340499274554E+06,  7.8936083802127521E+06,  7.8578162055474930E+06,  1.0010384882763474E+02,  4.8026840860010572E+06, -2.8607729518626002E-09, -4.4146588606963633E-09
   23,3, 40,   15.000, 1.00,    1680.000,  7.9646963207411170E+06,  7.9292334829930943E+06,  7.8936076355386376E+06,  7.8578153955307947E+06,  1.0010433243866117E+02,  4.8026837759876372E+06,  1.3386625141720288E-10, -4.2807926092791604E-09
   23,3, 40,   15.000, 1.00,    1695.000,  7.9646960225056624E+06,  7.9292329290209953E+06,  7.8936069078914868E+06,  7.8578146040355768E+06,  1.0010480498980318E+02,  4.8026834730624864E+06,  2.1107524617036688E-09, -2.1700401475754916E-09
   23,3, 40,   15.000, 1.00,    1710.000,  7.9646957310886607E+06,  7.9292323877147427E+06,  7.8936061968818866E+06,  7.8578138306382252E+06,  1.0010526673423968E+02,  4.8026831770634996E+06, -4.0560621528129559E-10, -2.5756463628567872E-09
   23,3, 40,   15.000, 1.00,    1725.000,  7.9646954463342214E+06,  7.9292318587847101E+06,  7.8936055021293322E+06,  7.8578130749248071E+06,  1.0010571791930268E+02,  4.8026828878322877E+06, -1.4185133068167488E-09, -3.9941596696735360E-09
   23,3, 40,   15.000, 1.00,    1740.000,  7.9646951680900250E+06,  7.9292313419479029E+06,  7.8936048232620200E+06,  7.8578123364908528E+06,  1.0010615878662449E+02,  4.8026826052140882E+06,  1.1575309599720640E-09, -2.8366287097014720E-09
   23,3, 40,   15.000, 1.00,    1755.000,  7.9646948962072367E+06,  7.9292308369278060E+06,  7.8936041599166542E+06,  7.8578116149411434E+06,  1.0010658957227319E+02,  4.8026823290576711E+06, -1.1920775477847201E-09, -4.0287062574861920E-09
   23,3, 40,   15.000, 1.00,    1770.000,  7.9646946305404278E+06,  7.9292303434542250E+06,  7.8936035117382491E+06,  7.8578109098895025E+06,  1.0010701050688928E+02,  4.8026820592152746E+06,  1.7050183487299364E-10, -3.8582044226131984E-09
   23,3, 40,   15.000, 1.00,    1785.000,  7.9646943709474932E+06,  7.9292298612631494E+06,  7.8936028783799410E+06,  7.8578102209585886E+06,  1.0010742181581857E+02,  4.8026817955425140E+06,  2.0337012074378435E-09, -1.8245032151753549E-09
   23,3, 40,   15.000, 1.00,    1800.000,  7.9646941172895767E+06,  7.9292293900966020E+06,  7.8936022595028039E+06,  7.8578095477796979E+06,  1.0010782371923735E+02,  4.8026815378982984E+06, -4.1588776866774424E-09, -5.9833809018527973E-09
   24,3, 40,   60.000, 1.00,       0.000,  7.9647703722856510E+06,  7.9293842236631857E+06,  7.8938394491982115E+06,  7.8581338963495167E+06,  1.0000000000000000E+02,  4.8027768277280563E+06,  0.0000000000000000E+00,  0.0000000000000000E+00
   24,3, 40,   60.000, 1.00,      60.000,  7.9647703618526477E+06,  7.9293841611301750E+06,  7.8938390841076840E+06,  7.8581317617108859E+06,  1.0000000533901476E+02,  4.8027766445103297E+06, -3.6407641346158925E-09, -3.6407641346158925E-09
   24,3, 40,   60.000, 1.00,     120.000,  7.9647702900259653E+06,  7.9293838045772035E+06,  7.8938374594375417E+06,  7.8581249445038531E+06,  1.0000004766571749E+02,  4.8027759311840031E+06,  1.4728698261023965E-09, -2.1678943085134961E-09
   24,3, 40,   60.000, 1.00,     180.000,  7.9647700361997932E+06,  7.9293827474655705E+06,  7.8938336306777010E+06,  7.8581129664856419E+06,  1.0000021868677933E+02,  4.8027743984999051E+06, -8.5441342889680527E-10, -3.0223077374103013E-09
   24,3, 40,   60.000, 1.00,     240.000,  7.9647694138472341E+06,  7.9293805239440193E+06,  7.8938269783077491E+06,  7.8580960141157378E+06,  1.0000069270986522E+02,  4.8027718488762248E+06, -1.1206111594219692E-09, -4.1429188968322705E-09
   24,3, 40,   60.000, 1.00,     300.000,  7.9647682122361250E+06,  7.9293767500011958E+06,  7.8938173044226039E+06,  7.8580748687587054E+06,  1.0000171384137494E+02,  4.8027682017067093E+06,  2.0132802092120983E-09, -2.1296386876201723E-09
   24,3, 40,   60.000, 1.00,     360.000,  7.9647662535111969E+06,  7.9293712190237194E+06,  7.8938048110647993E+06,  7.8580508074635230E+06,  1.0000354671445925E+02,  4.8027635056958478E+06, -1.9423396224738099E-10, -2.3238726498675533E-09
   24,3, 40,   60.000, 1.00,     420.000,  7.9647634398157289E+06,  7.9293639423774341E+06,  7.8937900487656081E+06,  7.8580254624549514E+06,  1.0000641138856533E+02,  4.8027579361844650E+06, -6.6359007178107277E-10, -2.9874627216486260E-09
   24,3, 40,   60.000, 1.00,     480.000,  7.9647597784949364E+06,  7.9293551500792028E+06,  7.8937738477305844E+06,  7.8580006516490160E+06,  1.0001042686131541E+02,  4.8027517779824156E+06,  6.5944050220423378E-10, -2.3280222194443922E-09
   24,3, 40,   60.000, 1.00,     540.000,  7.9647553856607005E+06,  7.9293452645261437E+06,  7.8937572297403608E+06,  7.8579781944628889E+06,  1.0001557767444683E+02,  4.8027453961809454E+06, -8.8556362243252806E-10, -3.2135858418769203E-09
   24,3, 40,   60.000, 1.00,     600.000,  7.9647504733378803E+06,  7.9293348546949551E+06,  7.8937413040453289E+06,  7.8579597293308424E+06,  1.0002170640210377E+02,  4.8027391985650705E+06, -1.1576730685192160E-09, -4.3712589103961363E-09
   24,3, 40,   60.000, 1.00,     660.000,  7.9647453151105624E+06,  7.9293245138832871E+06,  7.8937267904559327E+06,  7.8579444144554548E+06,  1.0002853339004061E+02,  4.8027334105684748E+06,  1.8381456357019488E-09, -2.5331132746941876E-09
   24,3, 40,   60.000, 1.00,     720.000,  7.9647401852722485E+06,  7.9293146855753865E+06,  7.8937137456103554E+06,  7.8579305197175993E+06,  1.0003570810240279E+02,  4.8027280530546186E+06, -3.1036506698001176E-10, -2.8434783416741993E-09
   24,3, 40,   60.000, 1.00,     780.000,  7.9647352955837781E+06,  7.9293055881270748E+06,  7.8937019458752945E+06,  7.8579178275510520E+06,  1.0004288354254344E+02,  4.8027231260671718E+06,  5.4927795645198785E-10, -2.2942003852222115E-09
   24,3, 40,   60.000, 1.00,     840.000,  7.9647307647170974E+06,  7.9292972665169630E+06,  7.8936911887255646E+06,  7.8579061993124783E+06,  1.0004978470053415E+02,  4.8027186131492024E+06, -1.4246666069084313E-09, -3.7188669921306428E-09
   24,3, 40,   60.000, 1.00,     900.000,  7.9647266286891596E+06,  7.9292896810476622E+06,  7.8936813458208684E+06,  7.8578955341770099E+06,  1.0005624219441748E+02,  4.8027144876808682E+06,  7.6818196248495951E-10, -2.9506850296456832E-09
   24,3, 40,   60.000, 1.00,     960.000,  7.9647228726061126E+06,  7.9292827671120148E+06,  7.8936723319988353E+06,  7.8578857532533435E+06,  1.0006218552807972E+02,  4.8027107188125532E+06,  1.8297896531294100E-10, -2.7677060643327422E-09
   24,3, 40,   60.000, 1.00,    1020.000,  7.9647194608193301E+06,  7.9292764600649048E+06,  7.8936640795472283E+06,  7.8578767889919719E+06,  1.0006761255119891E+02,  4.8027072755656270E+06,  1.8846435523300897E-09, -8.8306251200265251E-10
   24,3, 40,   60.000, 1.00,    1080.000,  7.9647163551607961E+06,  7.9292707017170368E+06,  7.8936565276697455E+06,  7.8578685795571627E+06,  1.0007255624038461E+02,  4.8027041289400468E+06, -3.3429614632041194E-09, -4.2260239752067719E-09
   24,3, 40,   60.000, 1.00,    1140.000,  7.9647135221827179E+06,  7.9292654407852404E+06,  7.8936496195168300E+06,  7.8578610664240383E+06,  1.0007706104384162E+02,  4.8027012526026787E+06,  1.4612737686547916E-09, -2.7647502065519802E-09
   24,3, 40,   60.000, 1.00,    1200.000,  7.9647109342278130E+06,  7.9292606320614982E+06,  7.8936433017343478E+06,  7.8578541937977076E+06,  1.0008117066317335E+02,  4.8026986228424674E+06, -1.7348043002129998E-09, -4.4995545067649800E-09
   24,3, 40,   60.000, 1.00,    1260.000,  7.9647085682854773E+06,  7.9292562354495740E+06,  7.8936375245910361E+06,  7.8578479088374060E+06,  1.0008492381108766E+02,  4.8026962182711335E+06,  8.4014573076274246E-10, -3.6594087760022376E-09
   24,3, 40,   60.000, 1.00,    1320.000,  7.9647064046186898E+06,  7.9292522150824470E+06,  7.8936322420885619E+06,  7.8578421620531706E+06,  1.0008835388710973E+02,  4.8026940195043609E+06,  7.8074435805319808E-10, -2.8786644179490395E-09
   24,3, 40,   60.000, 1.00,    1380.000,  7.9647044257777762E+06,  7.9292485385946091E+06,  7.8936274119259724E+06,  7.8578369075710885E+06,  1.0009148992368362E+02,  4.8026920088997809E+06, -9.5047880677157082E-10, -3.8291432247206103E-09
   24,3, 40,   60.000, 1.00,    1440.000,  7.9647026160166329E+06,  7.9292451765751429E+06,  7.8936229953394588E+06,  7.8578321031878339E+06,  1.0009435760453981E+02,  4.8026901703560539E+06,  5.4882320910110138E-10, -3.2803200156195089E-09
   24,3, 40,   60.000, 1.00,    1500.000,  7.9647009609732702E+06,  7.9292421021791371E+06,  7.8936189568707179E+06,  7.8578277102506552E+06,  1.0009698001141254E+02,  4.8026884891567389E+06,  2.4351720639970154E-10, -3.0368028092198074E-09
   24,3, 40,   60.000, 1.00,    1560.000,  7.9646994474913655E+06,  7.9292392908506272E+06,  7.8936152641088497E+06,  7.8578236934336182E+06,  1.0009937810309856E+02,  4.8026869518429246E+06, -1.8849277694243938E-10, -3.2252955861622468E-09
   24,3, 40,   60.000, 1.00,    1620.000,  7.9646980635071471E+06,  7.9292367201121589E+06,  7.8936118874334190E+06,  7.8578200204721373E+06,  1.0010157101528368E+02,  4.8026855461038435E+06,  1.8869172890845221E-09, -1.3383782970777247E-09
   24,3, 40,   60.000, 1.00,    1680.000,  7.9646967979631899E+06,  7.9292343693901878E+06,  7.8936087997722086E+06,  7.8578166618953627E+06,  1.0010357625924337E+02,  4.8026842606793968E+06, -1.2892087397631258E-09, -2.6275870368408505E-09
   24,3, 40,   60.000, 1.00,    1740.000,  7.9646956407324178E+06,  7.9292322198596774E+06,  7.8936059763785303E+06,  7.8578135907756602E+06,  1.0010540986892532E+02,  4.8026830852715308E+06, -1.5352839000115637E-09, -4.1628709368524142E-09
   24,3, 40,   60.000, 1.00,    1800.000,  7.9646945825464344E+06,  7.9292302543007899E+06,  7.8936033946285546E+06,  7.8578107825013585E+06,  1.0010708652291183E+02,  4.8026820104629062E+06,  7.1725025918567553E-10, -3.4456206776667386E-09
